
Fatbin elf code:
================
arch = sm_89
code version = [1,8]
host = linux
compile_size = 64bit

	code for sm_89
	.target	sm_89


Fatbin elf code:
================
arch = sm_89
code version = [1,8]
host = linux
compile_size = 64bit

	code for sm_89
	.target	sm_89

		Function : _Z14bounded_kernelILi2ELb1EEvPKilS1_iPi
	.headerflags	@"EF_CUDA_SM89 EF_CUDA_VIRTUAL_SM(EF_CUDA_SM89)"
        /*0000*/                   IMAD.MOV.U32 R1, RZ, RZ, c[0x0][0x28] ;              /* 0x00000a00ff017624 */
                                                                                        /* 0x000fe400078e00ff */
        /*0010*/                   S2R R0, SR_TID.X ;                                   /* 0x0000000000007919 */
                                                                                        /* 0x000e220000002100 */
        /*0020*/                   ULDC.64 UR4, c[0x0][0x118] ;                         /* 0x0000460000047ab9 */
                                                                                        /* 0x000fe20000000a00 */
        /*0030*/                   ISETP.NE.AND P1, PT, R0.reuse, RZ, PT ;              /* 0x000000ff0000720c */
                                                                                        /* 0x041fe40003f25270 */
        /*0040*/                   ISETP.GE.AND P0, PT, R0, c[0x0][0x178], PT ;         /* 0x00005e0000007a0c */
                                                                                        /* 0x000fd60003f06270 */
        /*0050*/              @!P1 STS [RZ], RZ ;                                       /* 0x000000ffff009388 */
                                                                                        /* 0x000fe80000000800 */
        /*0060*/                   BAR.SYNC.DEFER_BLOCKING 0x0 ;                        /* 0x0000000000007b1d */
                                                                                        /* 0x000fec0000010000 */
        /*0070*/               @P0 BRA 0xa70 ;                                          /* 0x000009f000000947 */
                                                                                        /* 0x000fea0003800000 */
        /*0080*/                   IMAD.MOV.U32 R3, RZ, RZ, c[0x0][0x168] ;             /* 0x00005a00ff037624 */
                                                                                        /* 0x000fe400078e00ff */
        /*0090*/                   IMAD.MOV.U32 R4, RZ, RZ, 0x2 ;                       /* 0x00000002ff047424 */
                                                                                        /* 0x000fca00078e00ff */
        /*00a0*/                   SHF.L.U64.HI R4, R3.reuse, R4, c[0x0][0x16c] ;       /* 0x00005b0003047619 */
                                                                                        /* 0x040fe20000010204 */
        /*00b0*/                   IMAD.SHL.U32 R3, R3, 0x4, RZ ;                       /* 0x0000000403037824 */
                                                                                        /* 0x000fc600078e00ff */
        /*00c0*/                   SHF.R.S32.HI R5, RZ, 0x2, R4.reuse ;                 /* 0x00000002ff057819 */
                                                                                        /* 0x100fe40000011404 */
        /*00d0*/                   SHF.R.S64 R2, R3.reuse, 0x2, R4 ;                    /* 0x0000000203027819 */
                                                                                        /* 0x040fe40000001004 */
        /*00e0*/                   IADD3 R3, P2, R3, c[0x0][0x160], RZ ;                /* 0x0000580003037a10 */
                                                                                        /* 0x000fe40007f5e0ff */
        /*00f0*/                   ISETP.GT.U32.AND P0, PT, R2, 0x7fffffff, PT ;        /* 0x7fffffff0200780c */
                                                                                        /* 0x000fe40003f04070 */
        /*0100*/                   IADD3.X R4, R4, c[0x0][0x164], RZ, P2, !PT ;         /* 0x0000590004047a10 */
                                                                                        /* 0x000fe400017fe4ff */
        /*0110*/                   ISETP.GT.U32.AND.EX P0, PT, R5, RZ, PT, P0 ;         /* 0x000000ff0500720c */
                                                                                        /* 0x000fda0003f04100 */
        /*0120*/               @P0 BRA 0x660 ;                                          /* 0x0000053000000947 */
                                                                                        /* 0x000fea0003800000 */
        /*0130*/                   ISETP.NE.AND P0, PT, R2, RZ, PT ;                    /* 0x000000ff0200720c */
                                                                                        /* 0x000fda0003f05270 */
        /*0140*/              @!P0 BRA 0x4f0 ;                                          /* 0x000003a000008947 */
                                                                                        /* 0x000fea0003800000 */
        /*0150*/                   IMAD.MOV.U32 R20, RZ, RZ, 0x4 ;                      /* 0x00000004ff147424 */
                                                                                        /* 0x000fc800078e00ff */
        /*0160*/                   IMAD.WIDE R6, R0, R20, c[0x0][0x170] ;               /* 0x00005c0000067625 */
                                                                                        /* 0x000fca00078e0214 */
        /*0170*/                   LDG.E R23, [R6.64] ;                                 /* 0x0000000406177981 */
                                                                                        /* 0x000162000c1e1900 */
        /*0180*/                   YIELD ;                                              /* 0x0000000000007946 */
                                                                                        /* 0x000fe20003800000 */
        /*0190*/                   BSSY B0, 0x3a0 ;                                     /* 0x0000020000007945 */
                                                                                        /* 0x000fe20003800000 */
        /*01a0*/                   IMAD.MOV.U32 R5, RZ, RZ, R2 ;                        /* 0x000000ffff057224 */
                                                                                        /* 0x000fe400078e0002 */
        /*01b0*/                   IMAD.MOV.U32 R21, RZ, RZ, c[0x0][0x160] ;            /* 0x00005800ff157624 */
                                                                                        /* 0x000fe400078e00ff */
        /*01c0*/                   IMAD.MOV.U32 R18, RZ, RZ, c[0x0][0x164] ;            /* 0x00005900ff127624 */
                                                                                        /* 0x000fe400078e00ff */
        /*01d0*/                   IMAD.MOV.U32 R17, RZ, RZ, c[0x0][0x160] ;            /* 0x00005800ff117624 */
                                                                                        /* 0x000fe400078e00ff */
        /*01e0*/                   IMAD.MOV.U32 R19, RZ, RZ, c[0x0][0x164] ;            /* 0x00005900ff137624 */
                                                                                        /* 0x000fc400078e00ff */
        /*01f0*/                   IMAD.MOV.U32 R15, RZ, RZ, c[0x0][0x160] ;            /* 0x00005800ff0f7624 */
                                                                                        /* 0x000fe400078e00ff */
        /*0200*/                   IMAD.MOV.U32 R16, RZ, RZ, c[0x0][0x164] ;            /* 0x00005900ff107624 */
                                                                                        /* 0x001fe400078e00ff */
        /*0210*/                   SHF.R.U32.HI R11, RZ, 0x1, R5 ;                      /* 0x00000001ff0b7819 */
                                                                                        /* 0x000fe20000011605 */
        /*0220*/                   IMAD.MOV.U32 R6, RZ, RZ, R21 ;                       /* 0x000000ffff067224 */
                                                                                        /* 0x000fe400078e0015 */
        /*0230*/                   IMAD.MOV.U32 R7, RZ, RZ, R18 ;                       /* 0x000000ffff077224 */
                                                                                        /* 0x000fc800078e0012 */
        /*0240*/                   IMAD.WIDE.U32 R8, R11, 0x4, R6 ;                     /* 0x000000040b087825 */
                                                                                        /* 0x000fca00078e0006 */
        /*0250*/                   LDG.E R6, [R8.64] ;                                  /* 0x0000000408067981 */
                                                                                        /* 0x000ea2000c1e1900 */
        /*0260*/                   LOP3.LUT R10, RZ, R11, RZ, 0x33, !PT ;               /* 0x0000000bff0a7212 */
                                                                                        /* 0x000fe400078e33ff */
        /*0270*/                   IADD3 R12, P4, R8, 0x4, RZ ;                         /* 0x00000004080c7810 */
                                                                                        /* 0x000fe40007f9e0ff */
        /*0280*/                   ISETP.GE.AND P0, PT, R6, R23, PT ;                   /* 0x000000170600720c */
                                                                                        /* 0x024fe20003f06270 */
        /*0290*/                   IMAD.WIDE.U32 R6, R11, R20, c[0x2][0x0] ;            /* 0x008000000b067625 */
                                                                                        /* 0x000fc600078e0014 */
        /*02a0*/                   SEL R21, R12, R21, !P0 ;                             /* 0x000000150c157207 */
                                                                                        /* 0x000fe40004000000 */
        /*02b0*/                   IADD3 R14, P2, R6.reuse, R17, RZ ;                   /* 0x00000011060e7210 */
                                                                                        /* 0x040fe40007f5e0ff */
        /*02c0*/                   IADD3 R13, P3, R6, R15, RZ ;                         /* 0x0000000f060d7210 */
                                                                                        /* 0x000fe20007f7e0ff */
        /*02d0*/                   IMAD.X R6, RZ, RZ, R9, P4 ;                          /* 0x000000ffff067224 */
                                                                                        /* 0x000fe200020e0609 */
        /*02e0*/                   SEL R17, R14, R17, !P0 ;                             /* 0x000000110e117207 */
                                                                                        /* 0x000fe40004000000 */
        /*02f0*/                   SEL R15, R13, R15, !P0 ;                             /* 0x0000000f0d0f7207 */
                                                                                        /* 0x000fe20004000000 */
        /*0300*/              @!P0 IMAD.IADD R11, R10, 0x1, R5 ;                        /* 0x000000010a0b8824 */
                                                                                        /* 0x000fe200078e0205 */
        /*0310*/                   SEL R18, R6, R18, !P0 ;                              /* 0x0000001206127207 */
                                                                                        /* 0x000fe20004000000 */
        /*0320*/                   IMAD.X R5, R7, 0x1, R19, P2 ;                        /* 0x0000000107057824 */
                                                                                        /* 0x000fc400010e0613 */
        /*0330*/                   IMAD.X R7, R7, 0x1, R16, P3 ;                        /* 0x0000000107077824 */
                                                                                        /* 0x000fe200018e0610 */
        /*0340*/                   ISETP.NE.AND P2, PT, R11, RZ, PT ;                   /* 0x000000ff0b00720c */
                                                                                        /* 0x000fe40003f45270 */
        /*0350*/                   SEL R19, R5, R19, !P0 ;                              /* 0x0000001305137207 */
                                                                                        /* 0x000fe20004000000 */
        /*0360*/                   IMAD.MOV.U32 R5, RZ, RZ, R11 ;                       /* 0x000000ffff057224 */
                                                                                        /* 0x000fe200078e000b */
        /*0370*/                   SEL R16, R7, R16, !P0 ;                              /* 0x0000001007107207 */
                                                                                        /* 0x000fd20004000000 */
        /*0380*/               @P2 BRA 0x210 ;                                          /* 0xfffffe8000002947 */
                                                                                        /* 0x000fea000383ffff */
        /*0390*/                   BSYNC B0 ;                                           /* 0x0000000000007941 */
                                                                                        /* 0x000fea0003800000 */
        /*03a0*/                   ISETP.NE.U32.AND P0, PT, R17, R3, PT ;               /* 0x000000031100720c */
                                                                                        /* 0x000fe20003f05070 */
        /*03b0*/                   BSSY B0, 0x450 ;                                     /* 0x0000009000007945 */
                                                                                        /* 0x000fe20003800000 */
        /*03c0*/                   PRMT R5, RZ, 0x7610, R5 ;                            /* 0x00007610ff057816 */
                                                                                        /* 0x000fe40000000005 */
        /*03d0*/                   ISETP.NE.AND.EX P0, PT, R19, R4, PT, P0 ;            /* 0x000000041300720c */
                                                                                        /* 0x000fda0003f05300 */
        /*03e0*/              @!P0 BRA 0x440 ;                                          /* 0x0000005000008947 */
                                                                                        /* 0x000fea0003800000 */
        /*03f0*/                   IMAD.MOV.U32 R6, RZ, RZ, R15 ;                       /* 0x000000ffff067224 */
                                                                                        /* 0x000fe400078e000f */
        /*0400*/                   IMAD.MOV.U32 R7, RZ, RZ, R16 ;                       /* 0x000000ffff077224 */
                                                                                        /* 0x000fca00078e0010 */
        /*0410*/                   LDG.E R6, [R6.64] ;                                  /* 0x0000000406067981 */
                                                                                        /* 0x000ea4000c1e1900 */
        /*0420*/                   ISETP.GE.AND P0, PT, R23, R6, PT ;                   /* 0x000000061700720c */
                                                                                        /* 0x004fc80003f06270 */
        /*0430*/                   SEL R5, RZ, 0x1, !P0 ;                               /* 0x00000001ff057807 */
                                                                                        /* 0x000fc80004000000 */
        /*0440*/                   BSYNC B0 ;                                           /* 0x0000000000007941 */
                                                                                        /* 0x000fea0003800000 */
        /*0450*/                   PRMT R5, R5, 0x9910, RZ ;                            /* 0x0000991005057816 */
                                                                                        /* 0x000fe200000000ff */
        /*0460*/                   BSSY B0, 0x4b0 ;                                     /* 0x0000004000007945 */
                                                                                        /* 0x000fe60003800000 */
        /*0470*/                   ISETP.NE.AND P0, PT, R5, RZ, PT ;                    /* 0x000000ff0500720c */
                                                                                        /* 0x000fda0003f05270 */
        /*0480*/              @!P0 BRA 0x4a0 ;                                          /* 0x0000001000008947 */
                                                                                        /* 0x000fea0003800000 */
        /*0490*/                   ATOMS.POPC.INC.32 RZ, [URZ] ;                        /* 0x00000000ffff7f8c */
                                                                                        /* 0x000fe4000d00003f */
        /*04a0*/                   BSYNC B0 ;                                           /* 0x0000000000007941 */
                                                                                        /* 0x000fea0003800000 */
        /*04b0*/                   IADD3 R0, R0, c[0x0][0x0], RZ ;                      /* 0x0000000000007a10 */
                                                                                        /* 0x000fc80007ffe0ff */
        /*04c0*/                   ISETP.GE.AND P0, PT, R0, c[0x0][0x178], PT ;         /* 0x00005e0000007a0c */
                                                                                        /* 0x000fda0003f06270 */
        /*04d0*/              @!P0 BRA 0x150 ;                                          /* 0xfffffc7000008947 */
                                                                                        /* 0x000fea000383ffff */
        /*04e0*/                   BRA 0xa70 ;                                          /* 0x0000058000007947 */
                                                                                        /* 0x000fea0003800000 */
        /*04f0*/                   ISETP.NE.U32.AND P0, PT, R3, c[0x0][0x160], PT ;     /* 0x0000580003007a0c */
                                                                                        /* 0x000fc80003f05070 */
        /*0500*/                   ISETP.NE.AND.EX P0, PT, R4, c[0x0][0x164], PT, P0 ;  /* 0x0000590004007a0c */
                                                                                        /* 0x000fd60003f05300 */
        /*0510*/                   YIELD ;                                              /* 0x0000000000007946 */
                                                                                        /* 0x000fe20003800000 */
        /*0520*/                   PRMT R6, RZ, 0x7610, R6 ;                            /* 0x00007610ff067816 */
                                                                                        /* 0x000fe20000000006 */
        /*0530*/              @!P0 BRA 0x5c0 ;                                          /* 0x0000008000008947 */
                                                                                        /* 0x000fea0003800000 */
        /*0540*/                   IMAD.MOV.U32 R3, RZ, RZ, 0x4 ;                       /* 0x00000004ff037424 */
                                                                                        /* 0x000fe400078e00ff */
        /*0550*/                   IMAD.MOV.U32 R5, RZ, RZ, c[0x0][0x164] ;             /* 0x00005900ff057624 */
                                                                                        /* 0x000fe400078e00ff */
        /*0560*/                   IMAD.WIDE R2, R0, R3, c[0x0][0x170] ;                /* 0x00005c0000027625 */
                                                                                        /* 0x000fc800078e0203 */
        /*0570*/                   IMAD.MOV.U32 R4, RZ, RZ, c[0x0][0x160] ;             /* 0x00005800ff047624 */
                                                                                        /* 0x000fe400078e00ff */
        /*0580*/                   LDG.E R2, [R2.64] ;                                  /* 0x0000000402027981 */
                                                                                        /* 0x000ea8000c1e1900 */
        /*0590*/                   LDG.E R5, [R4.64] ;                                  /* 0x0000000404057981 */
                                                                                        /* 0x000ea4000c1e1900 */
        /*05a0*/                   ISETP.GE.AND P2, PT, R2, R5, PT ;                    /* 0x000000050200720c */
                                                                                        /* 0x004fc80003f46270 */
        /*05b0*/                   SEL R6, RZ, 0x1, !P2 ;                               /* 0x00000001ff067807 */
                                                                                        /* 0x000fc80005000000 */
        /*05c0*/                   PRMT R2, R6, 0x9910, RZ ;                            /* 0x0000991006027816 */
                                                                                        /* 0x000fe200000000ff */
        /*05d0*/                   BSSY B0, 0x620 ;                                     /* 0x0000004000007945 */
                                                                                        /* 0x000fe60003800000 */
        /*05e0*/                   ISETP.NE.AND P2, PT, R2, RZ, PT ;                    /* 0x000000ff0200720c */
                                                                                        /* 0x000fda0003f45270 */
        /*05f0*/              @!P2 BRA 0x610 ;                                          /* 0x000000100000a947 */
                                                                                        /* 0x000fea0003800000 */
        /*0600*/                   ATOMS.POPC.INC.32 RZ, [URZ] ;                        /* 0x00000000ffff7f8c */
                                                                                        /* 0x000fe4000d00003f */
        /*0610*/                   BSYNC B0 ;                                           /* 0x0000000000007941 */
                                                                                        /* 0x000fea0003800000 */
        /*0620*/                   IADD3 R0, R0, c[0x0][0x0], RZ ;                      /* 0x0000000000007a10 */
                                                                                        /* 0x000fc80007ffe0ff */
        /*0630*/                   ISETP.GE.AND P2, PT, R0, c[0x0][0x178], PT ;         /* 0x00005e0000007a0c */
                                                                                        /* 0x000fda0003f46270 */
        /*0640*/              @!P2 BRA 0x510 ;                                          /* 0xfffffec00000a947 */
                                                                                        /* 0x000fea000383ffff */
        /*0650*/                   BRA 0xa70 ;                                          /* 0x0000041000007947 */
                                                                                        /* 0x000fea0003800000 */
        /*0660*/                   IMAD.MOV.U32 R7, RZ, RZ, 0x4 ;                       /* 0x00000004ff077424 */
                                                                                        /* 0x000fc800078e00ff */
        /*0670*/                   IMAD.WIDE R6, R0, R7, c[0x0][0x170] ;                /* 0x00005c0000067625 */
                                                                                        /* 0x000fca00078e0207 */
        /*0680*/                   LDG.E R25, [R6.64] ;                                 /* 0x0000000406197981 */
                                                                                        /* 0x000162000c1e1900 */
        /*0690*/                   YIELD ;                                              /* 0x0000000000007946 */
                                                                                        /* 0x000fe20003800000 */
        /*06a0*/                   BSSY B0, 0x930 ;                                     /* 0x0000028000007945 */
                                                                                        /* 0x000fe20003800000 */
        /*06b0*/                   IMAD.MOV.U32 R22, RZ, RZ, R2 ;                       /* 0x000000ffff167224 */
                                                                                        /* 0x000fe400078e0002 */
        /*06c0*/                   IMAD.MOV.U32 R23, RZ, RZ, R5 ;                       /* 0x000000ffff177224 */
                                                                                        /* 0x000fe400078e0005 */
        /*06d0*/                   IMAD.MOV.U32 R21, RZ, RZ, c[0x0][0x160] ;            /* 0x00005800ff157624 */
                                                                                        /* 0x000fe400078e00ff */
        /*06e0*/                   IMAD.MOV.U32 R20, RZ, RZ, c[0x0][0x164] ;            /* 0x00005900ff147624 */
                                                                                        /* 0x000fe400078e00ff */
        /*06f0*/                   IMAD.MOV.U32 R18, RZ, RZ, c[0x0][0x160] ;            /* 0x00005800ff127624 */
                                                                                        /* 0x000fc400078e00ff */
        /*0700*/                   IMAD.MOV.U32 R19, RZ, RZ, c[0x0][0x164] ;            /* 0x00005900ff137624 */
                                                                                        /* 0x000fe400078e00ff */
        /*0710*/                   IMAD.MOV.U32 R17, RZ, RZ, c[0x0][0x160] ;            /* 0x00005800ff117624 */
                                                                                        /* 0x000fe400078e00ff */
        /*0720*/                   IMAD.MOV.U32 R16, RZ, RZ, c[0x0][0x164] ;            /* 0x00005900ff107624 */
                                                                                        /* 0x001fe400078e00ff */
        /*0730*/                   SHF.R.U64 R14, R22, 0x1, R23.reuse ;                 /* 0x00000001160e7819 */
                                                                                        /* 0x100fe40000001217 */
        /*0740*/                   SHF.R.U32.HI R15, RZ, 0x1, R23 ;                     /* 0x00000001ff0f7819 */
                                                                                        /* 0x000fc60000011617 */
        /*0750*/                   IMAD.SHL.U32 R12, R14.reuse, 0x4, RZ ;               /* 0x000000040e0c7824 */
                                                                                        /* 0x040fe200078e00ff */
        /*0760*/                   SHF.L.U64.HI R13, R14, 0x2, R15 ;                    /* 0x000000020e0d7819 */
                                                                                        /* 0x000fc8000001020f */
        /*0770*/                   IADD3 R6, P0, R21, R12, RZ ;                         /* 0x0000000c15067210 */
                                                                                        /* 0x000fca0007f1e0ff */
        /*0780*/                   IMAD.X R7, R20, 0x1, R13, P0 ;                       /* 0x0000000114077824 */
                                                                                        /* 0x000fca00000e060d */
        /*0790*/                   LDG.E R8, [R6.64] ;                                  /* 0x0000000406087981 */
                                                                                        /* 0x000ea2000c1e1900 */
        /*07a0*/                   LOP3.LUT R9, RZ, R14, RZ, 0x33, !PT ;                /* 0x0000000eff097212 */
                                                                                        /* 0x000fe400078e33ff */
        /*07b0*/                   LOP3.LUT R10, RZ, R15, RZ, 0x33, !PT ;               /* 0x0000000fff0a7212 */
                                                                                        /* 0x000fe400078e33ff */
        /*07c0*/                   IADD3 R9, P4, R22, R9, RZ ;                          /* 0x0000000916097210 */
                                                                                        /* 0x000fe40007f9e0ff */
        /*07d0*/                   IADD3 R12, P0, R12, 0x4, RZ ;                        /* 0x000000040c0c7810 */
                                                                                        /* 0x000fc80007f1e0ff */
        /*07e0*/                   IADD3 R11, P3, R18, R12, RZ ;                        /* 0x0000000c120b7210 */
                                                                                        /* 0x000fe40007f7e0ff */
        /*07f0*/                   ISETP.GE.AND P2, PT, R8, R25, PT ;                   /* 0x000000190800720c */
                                                                                        /* 0x024fe20003f46270 */
        /*0800*/                   IMAD.X R8, R23, 0x1, R10, P4 ;                       /* 0x0000000117087824 */
                                                                                        /* 0x000fc600020e060a */
        /*0810*/                   SEL R22, R9, R14, !P2 ;                              /* 0x0000000e09167207 */
                                                                                        /* 0x000fe20005000000 */
        /*0820*/                   IMAD.X R9, RZ, RZ, R13, P0 ;                         /* 0x000000ffff097224 */
                                                                                        /* 0x000fe200000e060d */
        /*0830*/                   SEL R23, R8, R15, !P2 ;                              /* 0x0000000f08177207 */
                                                                                        /* 0x000fe40005000000 */
        /*0840*/                   ISETP.NE.U32.AND P0, PT, R22, RZ, PT ;               /* 0x000000ff1600720c */
                                                                                        /* 0x000fe20003f05070 */
        /*0850*/                   IMAD.X R10, R19, 0x1, R9.reuse, P3 ;                 /* 0x00000001130a7824 */
                                                                                        /* 0x100fe200018e0609 */
        /*0860*/                   IADD3 R8, P4, R17, R12, RZ ;                         /* 0x0000000c11087210 */
                                                                                        /* 0x000fe40007f9e0ff */
        /*0870*/                   ISETP.NE.AND.EX P0, PT, R23, RZ, PT, P0 ;            /* 0x000000ff1700720c */
                                                                                        /* 0x000fe40003f05300 */
        /*0880*/                   IADD3 R6, P3, R6, 0x4, RZ ;                          /* 0x0000000406067810 */
                                                                                        /* 0x000fe20007f7e0ff */
        /*0890*/                   IMAD.X R9, R16, 0x1, R9, P4 ;                        /* 0x0000000110097824 */
                                                                                        /* 0x000fe200020e0609 */
        /*08a0*/                   SEL R18, R11, R18, !P2 ;                             /* 0x000000120b127207 */
                                                                                        /* 0x000fc40005000000 */
        /*08b0*/                   SEL R19, R10, R19, !P2 ;                             /* 0x000000130a137207 */
                                                                                        /* 0x000fe20005000000 */
        /*08c0*/                   IMAD.X R7, RZ, RZ, R7, P3 ;                          /* 0x000000ffff077224 */
                                                                                        /* 0x000fe200018e0607 */
        /*08d0*/                   SEL R17, R8, R17, !P2 ;                              /* 0x0000001108117207 */
                                                                                        /* 0x000fe40005000000 */
        /*08e0*/                   SEL R16, R9, R16, !P2 ;                              /* 0x0000001009107207 */
                                                                                        /* 0x000fe40005000000 */
        /*08f0*/                   SEL R21, R6, R21, !P2 ;                              /* 0x0000001506157207 */
                                                                                        /* 0x000fe40005000000 */
        /*0900*/                   SEL R20, R7, R20, !P2 ;                              /* 0x0000001407147207 */
                                                                                        /* 0x000fe20005000000 */
        /*0910*/               @P0 BRA 0x730 ;                                          /* 0xfffffe1000000947 */
                                                                                        /* 0x000fea000383ffff */
        /*0920*/                   BSYNC B0 ;                                           /* 0x0000000000007941 */
                                                                                        /* 0x000fea0003800000 */
        /*0930*/                   ISETP.NE.U32.AND P0, PT, R18, R3, PT ;               /* 0x000000031200720c */
                                                                                        /* 0x000fe20003f05070 */
        /*0940*/                   BSSY B0, 0x9e0 ;                                     /* 0x0000009000007945 */
                                                                                        /* 0x000fe20003800000 */
        /*0950*/                   PRMT R8, RZ, 0x7610, R8 ;                            /* 0x00007610ff087816 */
                                                                                        /* 0x000fc40000000008 */
        /*0960*/                   ISETP.NE.AND.EX P0, PT, R19, R4, PT, P0 ;            /* 0x000000041300720c */
                                                                                        /* 0x000fda0003f05300 */
        /*0970*/              @!P0 BRA 0x9d0 ;                                          /* 0x0000005000008947 */
                                                                                        /* 0x000fea0003800000 */
        /*0980*/                   IMAD.MOV.U32 R6, RZ, RZ, R17 ;                       /* 0x000000ffff067224 */
                                                                                        /* 0x000fe400078e0011 */
        /*0990*/                   IMAD.MOV.U32 R7, RZ, RZ, R16 ;                       /* 0x000000ffff077224 */
                                                                                        /* 0x000fca00078e0010 */
        /*09a0*/                   LDG.E R6, [R6.64] ;                                  /* 0x0000000406067981 */
                                                                                        /* 0x000ea4000c1e1900 */
        /*09b0*/                   ISETP.GE.AND P0, PT, R25, R6, PT ;                   /* 0x000000061900720c */
                                                                                        /* 0x004fc80003f06270 */
        /*09c0*/                   SEL R8, RZ, 0x1, !P0 ;                               /* 0x00000001ff087807 */
                                                                                        /* 0x000fc80004000000 */
        /*09d0*/                   BSYNC B0 ;                                           /* 0x0000000000007941 */
                                                                                        /* 0x000fea0003800000 */
        /*09e0*/                   PRMT R6, R8, 0x9910, RZ ;                            /* 0x0000991008067816 */
                                                                                        /* 0x000fe200000000ff */
        /*09f0*/                   BSSY B0, 0xa40 ;                                     /* 0x0000004000007945 */
                                                                                        /* 0x000fe60003800000 */
        /*0a00*/                   ISETP.NE.AND P0, PT, R6, RZ, PT ;                    /* 0x000000ff0600720c */
                                                                                        /* 0x000fda0003f05270 */
        /*0a10*/              @!P0 BRA 0xa30 ;                                          /* 0x0000001000008947 */
                                                                                        /* 0x000fea0003800000 */
        /*0a20*/                   ATOMS.POPC.INC.32 RZ, [URZ] ;                        /* 0x00000000ffff7f8c */
                                                                                        /* 0x000fe4000d00003f */
        /*0a30*/                   BSYNC B0 ;                                           /* 0x0000000000007941 */
                                                                                        /* 0x000fea0003800000 */
        /*0a40*/                   IADD3 R0, R0, c[0x0][0x0], RZ ;                      /* 0x0000000000007a10 */
                                                                                        /* 0x000fc80007ffe0ff */
        /*0a50*/                   ISETP.GE.AND P0, PT, R0, c[0x0][0x178], PT ;         /* 0x00005e0000007a0c */
                                                                                        /* 0x000fda0003f06270 */
        /*0a60*/              @!P0 BRA 0x660 ;                                          /* 0xfffffbf000008947 */
                                                                                        /* 0x000fea000383ffff */
        /*0a70*/                   WARPSYNC 0xffffffff ;                                /* 0xffffffff00007948 */
                                                                                        /* 0x000fe20003800000 */
        /*0a80*/                   BAR.SYNC.DEFER_BLOCKING 0x0 ;                        /* 0x0000000000007b1d */
                                                                                        /* 0x000fec0000010000 */
        /*0a90*/               @P1 EXIT ;                                               /* 0x000000000000194d */
                                                                                        /* 0x000fea0003800000 */
        /*0aa0*/                   LDS R5, [RZ] ;                                       /* 0x00000000ff057984 */
                                                                                        /* 0x000e220000000800 */
        /*0ab0*/                   IMAD.MOV.U32 R3, RZ, RZ, 0x4 ;                       /* 0x00000004ff037424 */
                                                                                        /* 0x000fc600078e00ff */
        /*0ac0*/                   S2R R2, SR_CTAID.X ;                                 /* 0x0000000000027919 */
                                                                                        /* 0x000e640000002500 */
        /*0ad0*/                   IMAD.WIDE.U32 R2, R2, R3, c[0x0][0x180] ;            /* 0x0000600002027625 */
                                                                                        /* 0x002fca00078e0003 */
        /*0ae0*/                   STG.E [R2.64], R5 ;                                  /* 0x0000000502007986 */
                                                                                        /* 0x001fe2000c101904 */
        /*0af0*/                   EXIT ;                                               /* 0x000000000000794d */
                                                                                        /* 0x000fea0003800000 */
        /*0b00*/                   BRA 0xb00;                                           /* 0xfffffff000007947 */
                                                                                        /* 0x000fc0000383ffff */
        /*0b10*/                   NOP;                                                 /* 0x0000000000007918 */
                                                                                        /* 0x000fc00000000000 */
        /*0b20*/                   NOP;                                                 /* 0x0000000000007918 */
                                                                                        /* 0x000fc00000000000 */
        /*0b30*/                   NOP;                                                 /* 0x0000000000007918 */
                                                                                        /* 0x000fc00000000000 */
        /*0b40*/                   NOP;                                                 /* 0x0000000000007918 */
                                                                                        /* 0x000fc00000000000 */
        /*0b50*/                   NOP;                                                 /* 0x0000000000007918 */
                                                                                        /* 0x000fc00000000000 */
        /*0b60*/                   NOP;                                                 /* 0x0000000000007918 */
                                                                                        /* 0x000fc00000000000 */
        /*0b70*/                   NOP;                                                 /* 0x0000000000007918 */
                                                                                        /* 0x000fc00000000000 */
        /*0b80*/                   NOP;                                                 /* 0x0000000000007918 */
                                                                                        /* 0x000fc00000000000 */
        /*0b90*/                   NOP;                                                 /* 0x0000000000007918 */
                                                                                        /* 0x000fc00000000000 */
        /*0ba0*/                   NOP;                                                 /* 0x0000000000007918 */
                                                                                        /* 0x000fc00000000000 */
        /*0bb0*/                   NOP;                                                 /* 0x0000000000007918 */
                                                                                        /* 0x000fc00000000000 */
        /*0bc0*/                   NOP;                                                 /* 0x0000000000007918 */
                                                                                        /* 0x000fc00000000000 */
        /*0bd0*/                   NOP;                                                 /* 0x0000000000007918 */
                                                                                        /* 0x000fc00000000000 */
        /*0be0*/                   NOP;                                                 /* 0x0000000000007918 */
                                                                                        /* 0x000fc00000000000 */
        /*0bf0*/                   NOP;                                                 /* 0x0000000000007918 */
                                                                                        /* 0x000fc00000000000 */
		..........


		Function : _Z14bounded_kernelILi1ELb1EEvPKilS1_iPi
	.headerflags	@"EF_CUDA_SM89 EF_CUDA_VIRTUAL_SM(EF_CUDA_SM89)"
        /*0000*/                   IMAD.MOV.U32 R1, RZ, RZ, c[0x0][0x28] ;              /* 0x00000a00ff017624 */
                                                                                        /* 0x000fe400078e00ff */
        /*0010*/                   S2R R0, SR_TID.X ;                                   /* 0x0000000000007919 */
                                                                                        /* 0x000e220000002100 */
        /*0020*/                   ULDC.64 UR4, c[0x0][0x118] ;                         /* 0x0000460000047ab9 */
                                                                                        /* 0x000fe20000000a00 */
        /*0030*/                   ISETP.NE.AND P1, PT, R0.reuse, RZ, PT ;              /* 0x000000ff0000720c */
                                                                                        /* 0x041fe40003f25270 */
        /*0040*/                   ISETP.GE.AND P0, PT, R0, c[0x0][0x178], PT ;         /* 0x00005e0000007a0c */
                                                                                        /* 0x000fd60003f06270 */
        /*0050*/              @!P1 STS [RZ], RZ ;                                       /* 0x000000ffff009388 */
                                                                                        /* 0x000fe80000000800 */
        /*0060*/                   BAR.SYNC.DEFER_BLOCKING 0x0 ;                        /* 0x0000000000007b1d */
                                                                                        /* 0x000fec0000010000 */
        /*0070*/               @P0 BRA 0x6b0 ;                                          /* 0x0000063000000947 */
                                                                                        /* 0x000fea0003800000 */
        /*0080*/                   ISETP.NE.U32.AND P0, PT, RZ, c[0x0][0x168], PT ;     /* 0x00005a00ff007a0c */
                                                                                        /* 0x000fe20003f05070 */
        /*0090*/                   IMAD.MOV.U32 R4, RZ, RZ, c[0x0][0x168] ;             /* 0x00005a00ff047624 */
                                                                                        /* 0x000fc400078e00ff */
        /*00a0*/                   IMAD.MOV.U32 R3, RZ, RZ, 0x2 ;                       /* 0x00000002ff037424 */
                                                                                        /* 0x000fe200078e00ff */
        /*00b0*/                   ISETP.NE.AND.EX P0, PT, RZ, c[0x0][0x16c], PT, P0 ;  /* 0x00005b00ff007a0c */
                                                                                        /* 0x000fe20003f05300 */
        /*00c0*/                   IMAD.SHL.U32 R5, R4, 0x4, RZ ;                       /* 0x0000000404057824 */
                                                                                        /* 0x000fc600078e00ff */
        /*00d0*/                   SHF.L.U64.HI R4, R4, R3, c[0x0][0x16c] ;             /* 0x00005b0004047619 */
                                                                                        /* 0x000fe40000010203 */
        /*00e0*/                   IADD3 R7, P2, R5, c[0x0][0x160], RZ ;                /* 0x0000580005077a10 */
                                                                                        /* 0x000fc80007f5e0ff */
        /*00f0*/                   IADD3.X R6, R4, c[0x0][0x164], RZ, P2, !PT ;         /* 0x0000590004067a10 */
                                                                                        /* 0x000fc600017fe4ff */
        /*0100*/              @!P0 BRA 0x550 ;                                          /* 0x0000044000008947 */
                                                                                        /* 0x000fea0003800000 */
        /*0110*/                   SHF.R.S64 R5, R5, 0x2, R4.reuse ;                    /* 0x0000000205057819 */
                                                                                        /* 0x100fe40000001004 */
        /*0120*/                   SHF.R.S32.HI R4, RZ, 0x2, R4 ;                       /* 0x00000002ff047819 */
                                                                                        /* 0x000fe40000011404 */
        /*0130*/                   IMAD.MOV.U32 R3, RZ, RZ, 0x4 ;                       /* 0x00000004ff037424 */
                                                                                        /* 0x000fc800078e00ff */
        /*0140*/                   IMAD.WIDE R2, R0, R3, c[0x0][0x170] ;                /* 0x00005c0000027625 */
                                                                                        /* 0x000fca00078e0203 */
        /*0150*/                   LDG.E R25, [R2.64] ;                                 /* 0x0000000402197981 */
                                                                                        /* 0x000162000c1e1900 */
        /*0160*/                   YIELD ;                                              /* 0x0000000000007946 */
                                                                                        /* 0x000fe20003800000 */
        /*0170*/                   BSSY B0, 0x400 ;                                     /* 0x0000028000007945 */
                                                                                        /* 0x000fe20003800000 */
        /*0180*/                   IMAD.MOV.U32 R22, RZ, RZ, R5 ;                       /* 0x000000ffff167224 */
                                                                                        /* 0x000fe400078e0005 */
        /*0190*/                   IMAD.MOV.U32 R23, RZ, RZ, R4 ;                       /* 0x000000ffff177224 */
                                                                                        /* 0x000fe400078e0004 */
        /*01a0*/                   IMAD.MOV.U32 R21, RZ, RZ, c[0x0][0x160] ;            /* 0x00005800ff157624 */
                                                                                        /* 0x000fe400078e00ff */
        /*01b0*/                   IMAD.MOV.U32 R20, RZ, RZ, c[0x0][0x164] ;            /* 0x00005900ff147624 */
                                                                                        /* 0x000fe400078e00ff */
        /*01c0*/                   IMAD.MOV.U32 R18, RZ, RZ, c[0x0][0x160] ;            /* 0x00005800ff127624 */
                                                                                        /* 0x000fc400078e00ff */
        /*01d0*/                   IMAD.MOV.U32 R19, RZ, RZ, c[0x0][0x164] ;            /* 0x00005900ff137624 */
                                                                                        /* 0x000fe400078e00ff */
        /*01e0*/                   IMAD.MOV.U32 R17, RZ, RZ, c[0x0][0x160] ;            /* 0x00005800ff117624 */
                                                                                        /* 0x000fe400078e00ff */
        /*01f0*/                   IMAD.MOV.U32 R16, RZ, RZ, c[0x0][0x164] ;            /* 0x00005900ff107624 */
                                                                                        /* 0x001fe400078e00ff */
        /*0200*/                   SHF.R.U64 R14, R22, 0x1, R23.reuse ;                 /* 0x00000001160e7819 */
                                                                                        /* 0x100fe40000001217 */
        /*0210*/                   SHF.R.U32.HI R15, RZ, 0x1, R23 ;                     /* 0x00000001ff0f7819 */
                                                                                        /* 0x000fc60000011617 */
        /*0220*/                   IMAD.SHL.U32 R12, R14.reuse, 0x4, RZ ;               /* 0x000000040e0c7824 */
                                                                                        /* 0x040fe200078e00ff */
        /*0230*/                   SHF.L.U64.HI R13, R14, 0x2, R15 ;                    /* 0x000000020e0d7819 */
                                                                                        /* 0x000fc8000001020f */
        /*0240*/                   IADD3 R2, P0, R21, R12, RZ ;                         /* 0x0000000c15027210 */
                                                                                        /* 0x000fca0007f1e0ff */
        /*0250*/                   IMAD.X R3, R20, 0x1, R13, P0 ;                       /* 0x0000000114037824 */
                                                                                        /* 0x000fca00000e060d */
        /*0260*/                   LDG.E R8, [R2.64] ;                                  /* 0x0000000402087981 */
                                                                                        /* 0x000ea2000c1e1900 */
        /*0270*/                   LOP3.LUT R9, RZ, R14, RZ, 0x33, !PT ;                /* 0x0000000eff097212 */
                                                                                        /* 0x000fe400078e33ff */
        /*0280*/                   LOP3.LUT R10, RZ, R15, RZ, 0x33, !PT ;               /* 0x0000000fff0a7212 */
                                                                                        /* 0x000fe400078e33ff */
        /*0290*/                   IADD3 R9, P4, R22, R9, RZ ;                          /* 0x0000000916097210 */
                                                                                        /* 0x000fe40007f9e0ff */
        /*02a0*/                   IADD3 R12, P0, R12, 0x4, RZ ;                        /* 0x000000040c0c7810 */
                                                                                        /* 0x000fc80007f1e0ff */
        /*02b0*/                   IADD3 R11, P3, R18, R12, RZ ;                        /* 0x0000000c120b7210 */
                                                                                        /* 0x000fe40007f7e0ff */
        /*02c0*/                   ISETP.GE.AND P2, PT, R8, R25, PT ;                   /* 0x000000190800720c */
                                                                                        /* 0x024fe20003f46270 */
        /*02d0*/                   IMAD.X R8, R23, 0x1, R10, P4 ;                       /* 0x0000000117087824 */
                                                                                        /* 0x000fc600020e060a */
        /*02e0*/                   SEL R22, R9, R14, !P2 ;                              /* 0x0000000e09167207 */
                                                                                        /* 0x000fe20005000000 */
        /*02f0*/                   IMAD.X R9, RZ, RZ, R13, P0 ;                         /* 0x000000ffff097224 */
                                                                                        /* 0x000fe200000e060d */
        /*0300*/                   SEL R23, R8, R15, !P2 ;                              /* 0x0000000f08177207 */
                                                                                        /* 0x000fe40005000000 */
        /*0310*/                   ISETP.NE.U32.AND P0, PT, R22, RZ, PT ;               /* 0x000000ff1600720c */
                                                                                        /* 0x000fe20003f05070 */
        /*0320*/                   IMAD.X R10, R19, 0x1, R9.reuse, P3 ;                 /* 0x00000001130a7824 */
                                                                                        /* 0x100fe200018e0609 */
        /*0330*/                   IADD3 R8, P4, R17, R12, RZ ;                         /* 0x0000000c11087210 */
                                                                                        /* 0x000fe40007f9e0ff */
        /*0340*/                   ISETP.NE.AND.EX P0, PT, R23, RZ, PT, P0 ;            /* 0x000000ff1700720c */
                                                                                        /* 0x000fe40003f05300 */
        /*0350*/                   IADD3 R2, P3, R2, 0x4, RZ ;                          /* 0x0000000402027810 */
                                                                                        /* 0x000fe20007f7e0ff */
        /*0360*/                   IMAD.X R9, R16, 0x1, R9, P4 ;                        /* 0x0000000110097824 */
                                                                                        /* 0x000fe200020e0609 */
        /*0370*/                   SEL R18, R11, R18, !P2 ;                             /* 0x000000120b127207 */
                                                                                        /* 0x000fc40005000000 */
        /*0380*/                   SEL R19, R10, R19, !P2 ;                             /* 0x000000130a137207 */
                                                                                        /* 0x000fe20005000000 */
        /*0390*/                   IMAD.X R3, RZ, RZ, R3, P3 ;                          /* 0x000000ffff037224 */
                                                                                        /* 0x000fe200018e0603 */
        /*03a0*/                   SEL R17, R8, R17, !P2 ;                              /* 0x0000001108117207 */
                                                                                        /* 0x000fe40005000000 */
        /*03b0*/                   SEL R16, R9, R16, !P2 ;                              /* 0x0000001009107207 */
                                                                                        /* 0x000fe40005000000 */
        /*03c0*/                   SEL R21, R2, R21, !P2 ;                              /* 0x0000001502157207 */
                                                                                        /* 0x000fe40005000000 */
        /*03d0*/                   SEL R20, R3, R20, !P2 ;                              /* 0x0000001403147207 */
                                                                                        /* 0x000fe20005000000 */
        /*03e0*/               @P0 BRA 0x200 ;                                          /* 0xfffffe1000000947 */
                                                                                        /* 0x000fea000383ffff */
        /*03f0*/                   BSYNC B0 ;                                           /* 0x0000000000007941 */
                                                                                        /* 0x000fea0003800000 */
        /*0400*/                   ISETP.NE.U32.AND P0, PT, R18, R7, PT ;               /* 0x000000071200720c */
                                                                                        /* 0x000fe20003f05070 */
        /*0410*/                   BSSY B0, 0x4b0 ;                                     /* 0x0000009000007945 */
                                                                                        /* 0x000fe20003800000 */
        /*0420*/                   PRMT R8, RZ, 0x7610, R8 ;                            /* 0x00007610ff087816 */
                                                                                        /* 0x000fc40000000008 */
        /*0430*/                   ISETP.NE.AND.EX P0, PT, R19, R6, PT, P0 ;            /* 0x000000061300720c */
                                                                                        /* 0x000fda0003f05300 */
        /*0440*/              @!P0 BRA 0x4a0 ;                                          /* 0x0000005000008947 */
                                                                                        /* 0x000fea0003800000 */
        /*0450*/                   IMAD.MOV.U32 R2, RZ, RZ, R17 ;                       /* 0x000000ffff027224 */
                                                                                        /* 0x000fe400078e0011 */
        /*0460*/                   IMAD.MOV.U32 R3, RZ, RZ, R16 ;                       /* 0x000000ffff037224 */
                                                                                        /* 0x000fca00078e0010 */
        /*0470*/                   LDG.E R2, [R2.64] ;                                  /* 0x0000000402027981 */
                                                                                        /* 0x000ea4000c1e1900 */
        /*0480*/                   ISETP.GE.AND P0, PT, R25, R2, PT ;                   /* 0x000000021900720c */
                                                                                        /* 0x004fc80003f06270 */
        /*0490*/                   SEL R8, RZ, 0x1, !P0 ;                               /* 0x00000001ff087807 */
                                                                                        /* 0x000fc80004000000 */
        /*04a0*/                   BSYNC B0 ;                                           /* 0x0000000000007941 */
                                                                                        /* 0x000fea0003800000 */
        /*04b0*/                   PRMT R2, R8, 0x9910, RZ ;                            /* 0x0000991008027816 */
                                                                                        /* 0x000fe200000000ff */
        /*04c0*/                   BSSY B0, 0x510 ;                                     /* 0x0000004000007945 */
                                                                                        /* 0x000fe60003800000 */
        /*04d0*/                   ISETP.NE.AND P0, PT, R2, RZ, PT ;                    /* 0x000000ff0200720c */
                                                                                        /* 0x000fda0003f05270 */
        /*04e0*/              @!P0 BRA 0x500 ;                                          /* 0x0000001000008947 */
                                                                                        /* 0x000fea0003800000 */
        /*04f0*/                   ATOMS.POPC.INC.32 RZ, [URZ] ;                        /* 0x00000000ffff7f8c */
                                                                                        /* 0x000fe4000d00003f */
        /*0500*/                   BSYNC B0 ;                                           /* 0x0000000000007941 */
                                                                                        /* 0x000fea0003800000 */
        /*0510*/                   IADD3 R0, R0, c[0x0][0x0], RZ ;                      /* 0x0000000000007a10 */
                                                                                        /* 0x000fc80007ffe0ff */
        /*0520*/                   ISETP.GE.AND P0, PT, R0, c[0x0][0x178], PT ;         /* 0x00005e0000007a0c */
                                                                                        /* 0x000fda0003f06270 */
        /*0530*/              @!P0 BRA 0x130 ;                                          /* 0xfffffbf000008947 */
                                                                                        /* 0x000fea000383ffff */
        /*0540*/                   BRA 0x6b0 ;                                          /* 0x0000016000007947 */
                                                                                        /* 0x000fea0003800000 */
        /*0550*/                   ISETP.NE.U32.AND P0, PT, R7, c[0x0][0x160], PT ;     /* 0x0000580007007a0c */
                                                                                        /* 0x000fc80003f05070 */
        /*0560*/                   ISETP.NE.AND.EX P0, PT, R6, c[0x0][0x164], PT, P0 ;  /* 0x0000590006007a0c */
                                                                                        /* 0x000fd60003f05300 */
        /*0570*/                   YIELD ;                                              /* 0x0000000000007946 */
                                                                                        /* 0x000fe20003800000 */
        /*0580*/                   PRMT R6, RZ, 0x7610, R6 ;                            /* 0x00007610ff067816 */
                                                                                        /* 0x000fe20000000006 */
        /*0590*/              @!P0 BRA 0x620 ;                                          /* 0x0000008000008947 */
                                                                                        /* 0x000fea0003800000 */
        /*05a0*/                   IMAD.MOV.U32 R3, RZ, RZ, 0x4 ;                       /* 0x00000004ff037424 */
                                                                                        /* 0x000fe400078e00ff */
        /*05b0*/                   IMAD.MOV.U32 R5, RZ, RZ, c[0x0][0x164] ;             /* 0x00005900ff057624 */
                                                                                        /* 0x000fe400078e00ff */
        /*05c0*/                   IMAD.WIDE R2, R0, R3, c[0x0][0x170] ;                /* 0x00005c0000027625 */
                                                                                        /* 0x000fc800078e0203 */
        /*05d0*/                   IMAD.MOV.U32 R4, RZ, RZ, c[0x0][0x160] ;             /* 0x00005800ff047624 */
                                                                                        /* 0x000fe400078e00ff */
        /*05e0*/                   LDG.E R2, [R2.64] ;                                  /* 0x0000000402027981 */
                                                                                        /* 0x000ea8000c1e1900 */
        /*05f0*/                   LDG.E R5, [R4.64] ;                                  /* 0x0000000404057981 */
                                                                                        /* 0x000ea4000c1e1900 */
        /*0600*/                   ISETP.GE.AND P2, PT, R2, R5, PT ;                    /* 0x000000050200720c */
                                                                                        /* 0x004fc80003f46270 */
        /*0610*/                   SEL R6, RZ, 0x1, !P2 ;                               /* 0x00000001ff067807 */
                                                                                        /* 0x000fc80005000000 */
        /*0620*/                   PRMT R2, R6, 0x9910, RZ ;                            /* 0x0000991006027816 */
                                                                                        /* 0x000fe200000000ff */
        /*0630*/                   BSSY B0, 0x680 ;                                     /* 0x0000004000007945 */
                                                                                        /* 0x000fe60003800000 */
        /*0640*/                   ISETP.NE.AND P2, PT, R2, RZ, PT ;                    /* 0x000000ff0200720c */
                                                                                        /* 0x000fda0003f45270 */
        /*0650*/              @!P2 BRA 0x670 ;                                          /* 0x000000100000a947 */
                                                                                        /* 0x000fea0003800000 */
        /*0660*/                   ATOMS.POPC.INC.32 RZ, [URZ] ;                        /* 0x00000000ffff7f8c */
                                                                                        /* 0x000fe4000d00003f */
        /*0670*/                   BSYNC B0 ;                                           /* 0x0000000000007941 */
                                                                                        /* 0x000fea0003800000 */
        /*0680*/                   IADD3 R0, R0, c[0x0][0x0], RZ ;                      /* 0x0000000000007a10 */
                                                                                        /* 0x000fc80007ffe0ff */
        /*0690*/                   ISETP.GE.AND P2, PT, R0, c[0x0][0x178], PT ;         /* 0x00005e0000007a0c */
                                                                                        /* 0x000fda0003f46270 */
        /*06a0*/              @!P2 BRA 0x570 ;                                          /* 0xfffffec00000a947 */
                                                                                        /* 0x000fea000383ffff */
        /*06b0*/                   WARPSYNC 0xffffffff ;                                /* 0xffffffff00007948 */
                                                                                        /* 0x000fe20003800000 */
        /*06c0*/                   BAR.SYNC.DEFER_BLOCKING 0x0 ;                        /* 0x0000000000007b1d */
                                                                                        /* 0x000fec0000010000 */
        /*06d0*/               @P1 EXIT ;                                               /* 0x000000000000194d */
                                                                                        /* 0x000fea0003800000 */
        /*06e0*/                   LDS R5, [RZ] ;                                       /* 0x00000000ff057984 */
                                                                                        /* 0x000e220000000800 */
        /*06f0*/                   IMAD.MOV.U32 R3, RZ, RZ, 0x4 ;                       /* 0x00000004ff037424 */
                                                                                        /* 0x000fc600078e00ff */
        /*0700*/                   S2R R2, SR_CTAID.X ;                                 /* 0x0000000000027919 */
                                                                                        /* 0x000e640000002500 */
        /*0710*/                   IMAD.WIDE.U32 R2, R2, R3, c[0x0][0x180] ;            /* 0x0000600002027625 */
                                                                                        /* 0x002fca00078e0003 */
        /*0720*/                   STG.E [R2.64], R5 ;                                  /* 0x0000000502007986 */
                                                                                        /* 0x001fe2000c101904 */
        /*0730*/                   EXIT ;                                               /* 0x000000000000794d */
                                                                                        /* 0x000fea0003800000 */
        /*0740*/                   BRA 0x740;                                           /* 0xfffffff000007947 */
                                                                                        /* 0x000fc0000383ffff */
        /*0750*/                   NOP;                                                 /* 0x0000000000007918 */
                                                                                        /* 0x000fc00000000000 */
        /*0760*/                   NOP;                                                 /* 0x0000000000007918 */
                                                                                        /* 0x000fc00000000000 */
        /*0770*/                   NOP;                                                 /* 0x0000000000007918 */
                                                                                        /* 0x000fc00000000000 */
        /*0780*/                   NOP;                                                 /* 0x0000000000007918 */
                                                                                        /* 0x000fc00000000000 */
        /*0790*/                   NOP;                                                 /* 0x0000000000007918 */
                                                                                        /* 0x000fc00000000000 */
        /*07a0*/                   NOP;                                                 /* 0x0000000000007918 */
                                                                                        /* 0x000fc00000000000 */
        /*07b0*/                   NOP;                                                 /* 0x0000000000007918 */
                                                                                        /* 0x000fc00000000000 */
        /*07c0*/                   NOP;                                                 /* 0x0000000000007918 */
                                                                                        /* 0x000fc00000000000 */
        /*07d0*/                   NOP;                                                 /* 0x0000000000007918 */
                                                                                        /* 0x000fc00000000000 */
        /*07e0*/                   NOP;                                                 /* 0x0000000000007918 */
                                                                                        /* 0x000fc00000000000 */
        /*07f0*/                   NOP;                                                 /* 0x0000000000007918 */
                                                                                        /* 0x000fc00000000000 */
		..........


		Function : _Z14bounded_kernelILi0ELb1EEvPKilS1_iPi
	.headerflags	@"EF_CUDA_SM89 EF_CUDA_VIRTUAL_SM(EF_CUDA_SM89)"
        /*0000*/                   IMAD.MOV.U32 R1, RZ, RZ, c[0x0][0x28] ;              /* 0x00000a00ff017624 */
                                                                                        /* 0x000fe400078e00ff */
        /*0010*/                   S2R R0, SR_TID.X ;                                   /* 0x0000000000007919 */
                                                                                        /* 0x000e220000002100 */
        /*0020*/                   ULDC.64 UR4, c[0x0][0x118] ;                         /* 0x0000460000047ab9 */
                                                                                        /* 0x000fe20000000a00 */
        /*0030*/                   ISETP.NE.AND P1, PT, R0.reuse, RZ, PT ;              /* 0x000000ff0000720c */
                                                                                        /* 0x041fe40003f25270 */
        /*0040*/                   ISETP.GE.AND P0, PT, R0, c[0x0][0x178], PT ;         /* 0x00005e0000007a0c */
                                                                                        /* 0x000fd60003f06270 */
        /*0050*/              @!P1 STS [RZ], RZ ;                                       /* 0x000000ffff009388 */
                                                                                        /* 0x000fe80000000800 */
        /*0060*/                   BAR.SYNC.DEFER_BLOCKING 0x0 ;                        /* 0x0000000000007b1d */
                                                                                        /* 0x000fec0000010000 */
        /*0070*/               @P0 BRA 0x6b0 ;                                          /* 0x0000063000000947 */
                                                                                        /* 0x000fea0003800000 */
        /*0080*/                   ISETP.NE.U32.AND P0, PT, RZ, c[0x0][0x168], PT ;     /* 0x00005a00ff007a0c */
                                                                                        /* 0x000fe20003f05070 */
        /*0090*/                   IMAD.MOV.U32 R4, RZ, RZ, c[0x0][0x168] ;             /* 0x00005a00ff047624 */
                                                                                        /* 0x000fc400078e00ff */
        /*00a0*/                   IMAD.MOV.U32 R3, RZ, RZ, 0x2 ;                       /* 0x00000002ff037424 */
                                                                                        /* 0x000fe200078e00ff */
        /*00b0*/                   ISETP.NE.AND.EX P0, PT, RZ, c[0x0][0x16c], PT, P0 ;  /* 0x00005b00ff007a0c */
                                                                                        /* 0x000fe20003f05300 */
        /*00c0*/                   IMAD.SHL.U32 R5, R4, 0x4, RZ ;                       /* 0x0000000404057824 */
                                                                                        /* 0x000fc600078e00ff */
        /*00d0*/                   SHF.L.U64.HI R4, R4, R3, c[0x0][0x16c] ;             /* 0x00005b0004047619 */
                                                                                        /* 0x000fe40000010203 */
        /*00e0*/                   IADD3 R7, P2, R5, c[0x0][0x160], RZ ;                /* 0x0000580005077a10 */
                                                                                        /* 0x000fc80007f5e0ff */
        /*00f0*/                   IADD3.X R6, R4, c[0x0][0x164], RZ, P2, !PT ;         /* 0x0000590004067a10 */
                                                                                        /* 0x000fc600017fe4ff */
        /*0100*/              @!P0 BRA 0x550 ;                                          /* 0x0000044000008947 */
                                                                                        /* 0x000fea0003800000 */
        /*0110*/                   SHF.R.S64 R5, R5, 0x2, R4.reuse ;                    /* 0x0000000205057819 */
                                                                                        /* 0x100fe40000001004 */
        /*0120*/                   SHF.R.S32.HI R4, RZ, 0x2, R4 ;                       /* 0x00000002ff047819 */
                                                                                        /* 0x000fe40000011404 */
        /*0130*/                   IMAD.MOV.U32 R3, RZ, RZ, 0x4 ;                       /* 0x00000004ff037424 */
                                                                                        /* 0x000fc800078e00ff */
        /*0140*/                   IMAD.WIDE R2, R0, R3, c[0x0][0x170] ;                /* 0x00005c0000027625 */
                                                                                        /* 0x000fca00078e0203 */
        /*0150*/                   LDG.E R25, [R2.64] ;                                 /* 0x0000000402197981 */
                                                                                        /* 0x000162000c1e1900 */
        /*0160*/                   YIELD ;                                              /* 0x0000000000007946 */
                                                                                        /* 0x000fe20003800000 */
        /*0170*/                   BSSY B0, 0x400 ;                                     /* 0x0000028000007945 */
                                                                                        /* 0x000fe20003800000 */
        /*0180*/                   IMAD.MOV.U32 R22, RZ, RZ, R5 ;                       /* 0x000000ffff167224 */
                                                                                        /* 0x000fe400078e0005 */
        /*0190*/                   IMAD.MOV.U32 R23, RZ, RZ, R4 ;                       /* 0x000000ffff177224 */
                                                                                        /* 0x000fe400078e0004 */
        /*01a0*/                   IMAD.MOV.U32 R21, RZ, RZ, c[0x0][0x160] ;            /* 0x00005800ff157624 */
                                                                                        /* 0x000fe400078e00ff */
        /*01b0*/                   IMAD.MOV.U32 R20, RZ, RZ, c[0x0][0x164] ;            /* 0x00005900ff147624 */
                                                                                        /* 0x000fe400078e00ff */
        /*01c0*/                   IMAD.MOV.U32 R18, RZ, RZ, c[0x0][0x160] ;            /* 0x00005800ff127624 */
                                                                                        /* 0x000fc400078e00ff */
        /*01d0*/                   IMAD.MOV.U32 R19, RZ, RZ, c[0x0][0x164] ;            /* 0x00005900ff137624 */
                                                                                        /* 0x000fe400078e00ff */
        /*01e0*/                   IMAD.MOV.U32 R17, RZ, RZ, c[0x0][0x160] ;            /* 0x00005800ff117624 */
                                                                                        /* 0x000fe400078e00ff */
        /*01f0*/                   IMAD.MOV.U32 R16, RZ, RZ, c[0x0][0x164] ;            /* 0x00005900ff107624 */
                                                                                        /* 0x001fe400078e00ff */
        /*0200*/                   SHF.R.U64 R14, R22, 0x1, R23.reuse ;                 /* 0x00000001160e7819 */
                                                                                        /* 0x100fe40000001217 */
        /*0210*/                   SHF.R.U32.HI R15, RZ, 0x1, R23 ;                     /* 0x00000001ff0f7819 */
                                                                                        /* 0x000fc60000011617 */
        /*0220*/                   IMAD.SHL.U32 R12, R14.reuse, 0x4, RZ ;               /* 0x000000040e0c7824 */
                                                                                        /* 0x040fe200078e00ff */
        /*0230*/                   SHF.L.U64.HI R13, R14, 0x2, R15 ;                    /* 0x000000020e0d7819 */
                                                                                        /* 0x000fc8000001020f */
        /*0240*/                   IADD3 R2, P0, R21, R12, RZ ;                         /* 0x0000000c15027210 */
                                                                                        /* 0x000fca0007f1e0ff */
        /*0250*/                   IMAD.X R3, R20, 0x1, R13, P0 ;                       /* 0x0000000114037824 */
                                                                                        /* 0x000fca00000e060d */
        /*0260*/                   LDG.E R8, [R2.64] ;                                  /* 0x0000000402087981 */
                                                                                        /* 0x000ea2000c1e1900 */
        /*0270*/                   LOP3.LUT R9, RZ, R14, RZ, 0x33, !PT ;                /* 0x0000000eff097212 */
                                                                                        /* 0x000fe400078e33ff */
        /*0280*/                   LOP3.LUT R10, RZ, R15, RZ, 0x33, !PT ;               /* 0x0000000fff0a7212 */
                                                                                        /* 0x000fe400078e33ff */
        /*0290*/                   IADD3 R9, P4, R22, R9, RZ ;                          /* 0x0000000916097210 */
                                                                                        /* 0x000fe40007f9e0ff */
        /*02a0*/                   IADD3 R12, P0, R12, 0x4, RZ ;                        /* 0x000000040c0c7810 */
                                                                                        /* 0x000fc80007f1e0ff */
        /*02b0*/                   IADD3 R11, P3, R18, R12, RZ ;                        /* 0x0000000c120b7210 */
                                                                                        /* 0x000fe40007f7e0ff */
        /*02c0*/                   ISETP.GE.AND P2, PT, R8, R25, PT ;                   /* 0x000000190800720c */
                                                                                        /* 0x024fe20003f46270 */
        /*02d0*/                   IMAD.X R8, R23, 0x1, R10, P4 ;                       /* 0x0000000117087824 */
                                                                                        /* 0x000fc600020e060a */
        /*02e0*/                   SEL R22, R9, R14, !P2 ;                              /* 0x0000000e09167207 */
                                                                                        /* 0x000fe20005000000 */
        /*02f0*/                   IMAD.X R9, RZ, RZ, R13, P0 ;                         /* 0x000000ffff097224 */
                                                                                        /* 0x000fe200000e060d */
        /*0300*/                   SEL R23, R8, R15, !P2 ;                              /* 0x0000000f08177207 */
                                                                                        /* 0x000fe40005000000 */
        /*0310*/                   ISETP.NE.U32.AND P0, PT, R22, RZ, PT ;               /* 0x000000ff1600720c */
                                                                                        /* 0x000fe20003f05070 */
        /*0320*/                   IMAD.X R10, R19, 0x1, R9.reuse, P3 ;                 /* 0x00000001130a7824 */
                                                                                        /* 0x100fe200018e0609 */
        /*0330*/                   IADD3 R8, P4, R17, R12, RZ ;                         /* 0x0000000c11087210 */
                                                                                        /* 0x000fe40007f9e0ff */
        /*0340*/                   ISETP.NE.AND.EX P0, PT, R23, RZ, PT, P0 ;            /* 0x000000ff1700720c */
                                                                                        /* 0x000fe40003f05300 */
        /*0350*/                   IADD3 R2, P3, R2, 0x4, RZ ;                          /* 0x0000000402027810 */
                                                                                        /* 0x000fe20007f7e0ff */
        /*0360*/                   IMAD.X R9, R16, 0x1, R9, P4 ;                        /* 0x0000000110097824 */
                                                                                        /* 0x000fe200020e0609 */
        /*0370*/                   SEL R18, R11, R18, !P2 ;                             /* 0x000000120b127207 */
                                                                                        /* 0x000fc40005000000 */
        /*0380*/                   SEL R19, R10, R19, !P2 ;                             /* 0x000000130a137207 */
                                                                                        /* 0x000fe20005000000 */
        /*0390*/                   IMAD.X R3, RZ, RZ, R3, P3 ;                          /* 0x000000ffff037224 */
                                                                                        /* 0x000fe200018e0603 */
        /*03a0*/                   SEL R17, R8, R17, !P2 ;                              /* 0x0000001108117207 */
                                                                                        /* 0x000fe40005000000 */
        /*03b0*/                   SEL R16, R9, R16, !P2 ;                              /* 0x0000001009107207 */
                                                                                        /* 0x000fe40005000000 */
        /*03c0*/                   SEL R21, R2, R21, !P2 ;                              /* 0x0000001502157207 */
                                                                                        /* 0x000fe40005000000 */
        /*03d0*/                   SEL R20, R3, R20, !P2 ;                              /* 0x0000001403147207 */
                                                                                        /* 0x000fe20005000000 */
        /*03e0*/               @P0 BRA 0x200 ;                                          /* 0xfffffe1000000947 */
                                                                                        /* 0x000fea000383ffff */
        /*03f0*/                   BSYNC B0 ;                                           /* 0x0000000000007941 */
                                                                                        /* 0x000fea0003800000 */
        /*0400*/                   ISETP.NE.U32.AND P0, PT, R18, R7, PT ;               /* 0x000000071200720c */
                                                                                        /* 0x000fe20003f05070 */
        /*0410*/                   BSSY B0, 0x4b0 ;                                     /* 0x0000009000007945 */
                                                                                        /* 0x000fe20003800000 */
        /*0420*/                   PRMT R8, RZ, 0x7610, R8 ;                            /* 0x00007610ff087816 */
                                                                                        /* 0x000fc40000000008 */
        /*0430*/                   ISETP.NE.AND.EX P0, PT, R19, R6, PT, P0 ;            /* 0x000000061300720c */
                                                                                        /* 0x000fda0003f05300 */
        /*0440*/              @!P0 BRA 0x4a0 ;                                          /* 0x0000005000008947 */
                                                                                        /* 0x000fea0003800000 */
        /*0450*/                   IMAD.MOV.U32 R2, RZ, RZ, R17 ;                       /* 0x000000ffff027224 */
                                                                                        /* 0x000fe400078e0011 */
        /*0460*/                   IMAD.MOV.U32 R3, RZ, RZ, R16 ;                       /* 0x000000ffff037224 */
                                                                                        /* 0x000fca00078e0010 */
        /*0470*/                   LDG.E R2, [R2.64] ;                                  /* 0x0000000402027981 */
                                                                                        /* 0x000ea4000c1e1900 */
        /*0480*/                   ISETP.GE.AND P0, PT, R25, R2, PT ;                   /* 0x000000021900720c */
                                                                                        /* 0x004fc80003f06270 */
        /*0490*/                   SEL R8, RZ, 0x1, !P0 ;                               /* 0x00000001ff087807 */
                                                                                        /* 0x000fc80004000000 */
        /*04a0*/                   BSYNC B0 ;                                           /* 0x0000000000007941 */
                                                                                        /* 0x000fea0003800000 */
        /*04b0*/                   PRMT R2, R8, 0x9910, RZ ;                            /* 0x0000991008027816 */
                                                                                        /* 0x000fe200000000ff */
        /*04c0*/                   BSSY B0, 0x510 ;                                     /* 0x0000004000007945 */
                                                                                        /* 0x000fe60003800000 */
        /*04d0*/                   ISETP.NE.AND P0, PT, R2, RZ, PT ;                    /* 0x000000ff0200720c */
                                                                                        /* 0x000fda0003f05270 */
        /*04e0*/              @!P0 BRA 0x500 ;                                          /* 0x0000001000008947 */
                                                                                        /* 0x000fea0003800000 */
        /*04f0*/                   ATOMS.POPC.INC.32 RZ, [URZ] ;                        /* 0x00000000ffff7f8c */
                                                                                        /* 0x000fe4000d00003f */
        /*0500*/                   BSYNC B0 ;                                           /* 0x0000000000007941 */
                                                                                        /* 0x000fea0003800000 */
        /*0510*/                   IADD3 R0, R0, c[0x0][0x0], RZ ;                      /* 0x0000000000007a10 */
                                                                                        /* 0x000fc80007ffe0ff */
        /*0520*/                   ISETP.GE.AND P0, PT, R0, c[0x0][0x178], PT ;         /* 0x00005e0000007a0c */
                                                                                        /* 0x000fda0003f06270 */
        /*0530*/              @!P0 BRA 0x130 ;                                          /* 0xfffffbf000008947 */
                                                                                        /* 0x000fea000383ffff */
        /*0540*/                   BRA 0x6b0 ;                                          /* 0x0000016000007947 */
                                                                                        /* 0x000fea0003800000 */
        /*0550*/                   ISETP.NE.U32.AND P0, PT, R7, c[0x0][0x160], PT ;     /* 0x0000580007007a0c */
                                                                                        /* 0x000fc80003f05070 */
        /*0560*/                   ISETP.NE.AND.EX P0, PT, R6, c[0x0][0x164], PT, P0 ;  /* 0x0000590006007a0c */
                                                                                        /* 0x000fd60003f05300 */
        /*0570*/                   YIELD ;                                              /* 0x0000000000007946 */
                                                                                        /* 0x000fe20003800000 */
        /*0580*/                   PRMT R6, RZ, 0x7610, R6 ;                            /* 0x00007610ff067816 */
                                                                                        /* 0x000fe20000000006 */
        /*0590*/              @!P0 BRA 0x620 ;                                          /* 0x0000008000008947 */
                                                                                        /* 0x000fea0003800000 */
        /*05a0*/                   IMAD.MOV.U32 R3, RZ, RZ, 0x4 ;                       /* 0x00000004ff037424 */
                                                                                        /* 0x000fe400078e00ff */
        /*05b0*/                   IMAD.MOV.U32 R5, RZ, RZ, c[0x0][0x164] ;             /* 0x00005900ff057624 */
                                                                                        /* 0x000fe400078e00ff */
        /*05c0*/                   IMAD.WIDE R2, R0, R3, c[0x0][0x170] ;                /* 0x00005c0000027625 */
                                                                                        /* 0x000fc800078e0203 */
        /*05d0*/                   IMAD.MOV.U32 R4, RZ, RZ, c[0x0][0x160] ;             /* 0x00005800ff047624 */
                                                                                        /* 0x000fe400078e00ff */
        /*05e0*/                   LDG.E R2, [R2.64] ;                                  /* 0x0000000402027981 */
                                                                                        /* 0x000ea8000c1e1900 */
        /*05f0*/                   LDG.E R5, [R4.64] ;                                  /* 0x0000000404057981 */
                                                                                        /* 0x000ea4000c1e1900 */
        /*0600*/                   ISETP.GE.AND P2, PT, R2, R5, PT ;                    /* 0x000000050200720c */
                                                                                        /* 0x004fc80003f46270 */
        /*0610*/                   SEL R6, RZ, 0x1, !P2 ;                               /* 0x00000001ff067807 */
                                                                                        /* 0x000fc80005000000 */
        /*0620*/                   PRMT R2, R6, 0x9910, RZ ;                            /* 0x0000991006027816 */
                                                                                        /* 0x000fe200000000ff */
        /*0630*/                   BSSY B0, 0x680 ;                                     /* 0x0000004000007945 */
                                                                                        /* 0x000fe60003800000 */
        /*0640*/                   ISETP.NE.AND P2, PT, R2, RZ, PT ;                    /* 0x000000ff0200720c */
                                                                                        /* 0x000fda0003f45270 */
        /*0650*/              @!P2 BRA 0x670 ;                                          /* 0x000000100000a947 */
                                                                                        /* 0x000fea0003800000 */
        /*0660*/                   ATOMS.POPC.INC.32 RZ, [URZ] ;                        /* 0x00000000ffff7f8c */
                                                                                        /* 0x000fe4000d00003f */
        /*0670*/                   BSYNC B0 ;                                           /* 0x0000000000007941 */
                                                                                        /* 0x000fea0003800000 */
        /*0680*/                   IADD3 R0, R0, c[0x0][0x0], RZ ;                      /* 0x0000000000007a10 */
                                                                                        /* 0x000fc80007ffe0ff */
        /*0690*/                   ISETP.GE.AND P2, PT, R0, c[0x0][0x178], PT ;         /* 0x00005e0000007a0c */
                                                                                        /* 0x000fda0003f46270 */
        /*06a0*/              @!P2 BRA 0x570 ;                                          /* 0xfffffec00000a947 */
                                                                                        /* 0x000fea000383ffff */
        /*06b0*/                   WARPSYNC 0xffffffff ;                                /* 0xffffffff00007948 */
                                                                                        /* 0x000fe20003800000 */
        /*06c0*/                   BAR.SYNC.DEFER_BLOCKING 0x0 ;                        /* 0x0000000000007b1d */
                                                                                        /* 0x000fec0000010000 */
        /*06d0*/               @P1 EXIT ;                                               /* 0x000000000000194d */
                                                                                        /* 0x000fea0003800000 */
        /*06e0*/                   LDS R5, [RZ] ;                                       /* 0x00000000ff057984 */
                                                                                        /* 0x000e220000000800 */
        /*06f0*/                   IMAD.MOV.U32 R3, RZ, RZ, 0x4 ;                       /* 0x00000004ff037424 */
                                                                                        /* 0x000fc600078e00ff */
        /*0700*/                   S2R R2, SR_CTAID.X ;                                 /* 0x0000000000027919 */
                                                                                        /* 0x000e640000002500 */
        /*0710*/                   IMAD.WIDE.U32 R2, R2, R3, c[0x0][0x180] ;            /* 0x0000600002027625 */
                                                                                        /* 0x002fca00078e0003 */
        /*0720*/                   STG.E [R2.64], R5 ;                                  /* 0x0000000502007986 */
                                                                                        /* 0x001fe2000c101904 */
        /*0730*/                   EXIT ;                                               /* 0x000000000000794d */
                                                                                        /* 0x000fea0003800000 */
        /*0740*/                   BRA 0x740;                                           /* 0xfffffff000007947 */
                                                                                        /* 0x000fc0000383ffff */
        /*0750*/                   NOP;                                                 /* 0x0000000000007918 */
                                                                                        /* 0x000fc00000000000 */
        /*0760*/                   NOP;                                                 /* 0x0000000000007918 */
                                                                                        /* 0x000fc00000000000 */
        /*0770*/                   NOP;                                                 /* 0x0000000000007918 */
                                                                                        /* 0x000fc00000000000 */
        /*0780*/                   NOP;                                                 /* 0x0000000000007918 */
                                                                                        /* 0x000fc00000000000 */
        /*0790*/                   NOP;                                                 /* 0x0000000000007918 */
                                                                                        /* 0x000fc00000000000 */
        /*07a0*/                   NOP;                                                 /* 0x0000000000007918 */
                                                                                        /* 0x000fc00000000000 */
        /*07b0*/                   NOP;                                                 /* 0x0000000000007918 */
                                                                                        /* 0x000fc00000000000 */
        /*07c0*/                   NOP;                                                 /* 0x0000000000007918 */
                                                                                        /* 0x000fc00000000000 */
        /*07d0*/                   NOP;                                                 /* 0x0000000000007918 */
                                                                                        /* 0x000fc00000000000 */
        /*07e0*/                   NOP;                                                 /* 0x0000000000007918 */
                                                                                        /* 0x000fc00000000000 */
        /*07f0*/                   NOP;                                                 /* 0x0000000000007918 */
                                                                                        /* 0x000fc00000000000 */
		..........


		Function : _Z14bounded_kernelILi2ELb0EEvPKilS1_iPi
	.headerflags	@"EF_CUDA_SM89 EF_CUDA_VIRTUAL_SM(EF_CUDA_SM89)"
        /*0000*/                   IMAD.MOV.U32 R1, RZ, RZ, c[0x0][0x28] ;              /* 0x00000a00ff017624 */
                                                                                        /* 0x000fe400078e00ff */
        /*0010*/                   S2R R0, SR_CTAID.X ;                                 /* 0x0000000000007919 */
                                                                                        /* 0x000e280000002500 */
        /*0020*/                   S2R R3, SR_TID.X ;                                   /* 0x0000000000037919 */
                                                                                        /* 0x000e240000002100 */
        /*0030*/                   IMAD R0, R0, c[0x0][0x0], R3 ;                       /* 0x0000000000007a24 */
                                                                                        /* 0x001fca00078e0203 */
        /*0040*/                   ISETP.GE.AND P0, PT, R0, c[0x0][0x178], PT ;         /* 0x00005e0000007a0c */
                                                                                        /* 0x000fda0003f06270 */
        /*0050*/               @P0 EXIT ;                                               /* 0x000000000000094d */
                                                                                        /* 0x000fea0003800000 */
        /*0060*/                   IMAD.MOV.U32 R11, RZ, RZ, 0x4 ;                      /* 0x00000004ff0b7424 */
                                                                                        /* 0x000fe200078e00ff */
        /*0070*/                   ULDC.64 UR4, c[0x0][0x118] ;                         /* 0x0000460000047ab9 */
                                                                                        /* 0x000fc60000000a00 */
        /*0080*/                   IMAD.WIDE R4, R0, R11, c[0x0][0x170] ;               /* 0x00005c0000047625 */
                                                                                        /* 0x000fca00078e020b */
        /*0090*/                   LDG.E R2, [R4.64] ;                                  /* 0x0000000404027981 */
                                                                                        /* 0x000162000c1e1900 */
        /*00a0*/                   IMAD.MOV.U32 R9, RZ, RZ, c[0x0][0x168] ;             /* 0x00005a00ff097624 */
                                                                                        /* 0x000fe200078e00ff */
        /*00b0*/                   BSSY B0, 0x720 ;                                     /* 0x0000066000007945 */
                                                                                        /* 0x000fe20003800000 */
        /*00c0*/                   IMAD.MOV.U32 R8, RZ, RZ, 0x2 ;                       /* 0x00000002ff087424 */
                                                                                        /* 0x000fe200078e00ff */
        /*00d0*/                   SHF.R.S32.HI R3, RZ, 0x1f, R0 ;                      /* 0x0000001fff037819 */
                                                                                        /* 0x000fc80000011400 */
        /*00e0*/                   SHF.L.U64.HI R8, R9.reuse, R8, c[0x0][0x16c] ;       /* 0x00005b0009087619 */
                                                                                        /* 0x040fe20000010208 */
        /*00f0*/                   IMAD.SHL.U32 R9, R9, 0x4, RZ ;                       /* 0x0000000409097824 */
                                                                                        /* 0x000fc600078e00ff */
        /*0100*/                   SHF.R.S32.HI R23, RZ, 0x2, R8.reuse ;                /* 0x00000002ff177819 */
                                                                                        /* 0x100fe40000011408 */
        /*0110*/                   SHF.R.S64 R6, R9, 0x2, R8 ;                          /* 0x0000000209067819 */
                                                                                        /* 0x000fc80000001008 */
        /*0120*/                   ISETP.GT.U32.AND P0, PT, R6, 0x7fffffff, PT ;        /* 0x7fffffff0600780c */
                                                                                        /* 0x000fc80003f04070 */
        /*0130*/                   ISETP.GT.U32.AND.EX P0, PT, R23, RZ, PT, P0 ;        /* 0x000000ff1700720c */
                                                                                        /* 0x000fda0003f04100 */
        /*0140*/               @P0 BRA 0x4c0 ;                                          /* 0x0000037000000947 */
                                                                                        /* 0x000fea0003800000 */
        /*0150*/                   ISETP.NE.AND P0, PT, R6, RZ, PT ;                    /* 0x000000ff0600720c */
                                                                                        /* 0x001fe20003f05270 */
        /*0160*/                   IMAD.MOV.U32 R15, RZ, RZ, c[0x0][0x160] ;            /* 0x00005800ff0f7624 */
                                                                                        /* 0x000fe400078e00ff */
        /*0170*/                   IMAD.MOV.U32 R13, RZ, RZ, c[0x0][0x164] ;            /* 0x00005900ff0d7624 */
                                                                                        /* 0x000fe400078e00ff */
        /*0180*/                   IMAD.MOV.U32 R16, RZ, RZ, c[0x0][0x160] ;            /* 0x00005800ff107624 */
                                                                                        /* 0x000fe400078e00ff */
        /*0190*/                   IMAD.MOV.U32 R17, RZ, RZ, c[0x0][0x164] ;            /* 0x00005900ff117624 */
                                                                                        /* 0x000fcc00078e00ff */
        /*01a0*/              @!P0 BRA 0x710 ;                                          /* 0x0000056000008947 */
                                                                                        /* 0x000fea0003800000 */
        /*01b0*/                   SHF.R.U32.HI R10, RZ, 0x1, R6 ;                      /* 0x00000001ff0a7819 */
                                                                                        /* 0x000fca0000011606 */
        /*01c0*/                   IMAD.WIDE.U32 R4, R10, R11, c[0x0][0x160] ;          /* 0x000058000a047625 */
                                                                                        /* 0x000fca00078e000b */
        /*01d0*/                   LDG.E R7, [R4.64] ;                                  /* 0x0000000404077981 */
                                                                                        /* 0x000ea2000c1e1900 */
        /*01e0*/                   IMAD.WIDE.U32 R12, R10, R11, c[0x2][0x0] ;           /* 0x008000000a0c7625 */
                                                                                        /* 0x000fe200078e000b */
        /*01f0*/                   BSSY B1, 0x4b0 ;                                     /* 0x000002b000017945 */
                                                                                        /* 0x000fe80003800000 */
        /*0200*/                   IADD3 R15, P1, R12, c[0x0][0x160], RZ ;              /* 0x000058000c0f7a10 */
                                                                                        /* 0x000fe40007f3e0ff */
        /*0210*/                   IADD3 R12, P2, R4, 0x4, RZ ;                         /* 0x00000004040c7810 */
                                                                                        /* 0x000fe40007f5e0ff */
        /*0220*/                   IADD3.X R13, R13, c[0x0][0x164], RZ, P1, !PT ;       /* 0x000059000d0d7a10 */
                                                                                        /* 0x000fc40000ffe4ff */
        /*0230*/                   ISETP.GE.AND P0, PT, R7, R2, PT ;                    /* 0x000000020700720c */
                                                                                        /* 0x024fe40003f06270 */
        /*0240*/                   LOP3.LUT R7, RZ, R10, RZ, 0x33, !PT ;                /* 0x0000000aff077212 */
                                                                                        /* 0x000fe400078e33ff */
        /*0250*/                   SEL R15, R15, c[0x0][0x160], !P0 ;                   /* 0x000058000f0f7a07 */
                                                                                        /* 0x000fe40004000000 */
        /*0260*/                   SEL R13, R13, c[0x0][0x164], !P0 ;                   /* 0x000059000d0d7a07 */
                                                                                        /* 0x000fe40004000000 */
        /*0270*/                   SEL R4, R12, c[0x0][0x160], !P0 ;                    /* 0x000058000c047a07 */
                                                                                        /* 0x000fe20004000000 */
        /*0280*/                   IMAD.MOV.U32 R16, RZ, RZ, R15 ;                      /* 0x000000ffff107224 */
                                                                                        /* 0x000fe400078e000f */
        /*0290*/                   IMAD.MOV.U32 R17, RZ, RZ, R13 ;                      /* 0x000000ffff117224 */
                                                                                        /* 0x000fc400078e000d */
        /*02a0*/              @!P0 IMAD.IADD R10, R6, 0x1, R7 ;                         /* 0x00000001060a8824 */
                                                                                        /* 0x000fe400078e0207 */
        /*02b0*/                   IMAD.X R6, RZ, RZ, R5, P2 ;                          /* 0x000000ffff067224 */
                                                                                        /* 0x000fc600010e0605 */
        /*02c0*/                   ISETP.NE.AND P1, PT, R10, RZ, PT ;                   /* 0x000000ff0a00720c */
                                                                                        /* 0x000fe40003f25270 */
        /*02d0*/                   SEL R5, R6, c[0x0][0x164], !P0 ;                     /* 0x0000590006057a07 */
                                                                                        /* 0x000fd60004000000 */
        /*02e0*/              @!P1 BRA 0x4a0 ;                                          /* 0x000001b000009947 */
                                                                                        /* 0x000fea0003800000 */
        /*02f0*/                   IMAD.MOV.U32 R23, RZ, RZ, R4 ;                       /* 0x000000ffff177224 */
                                                                                        /* 0x000fe400078e0004 */
        /*0300*/                   IMAD.MOV.U32 R22, RZ, RZ, R5 ;                       /* 0x000000ffff167224 */
                                                                                        /* 0x000fe400078e0005 */
        /*0310*/                   IMAD.MOV.U32 R19, RZ, RZ, R10 ;                      /* 0x000000ffff137224 */
                                                                                        /* 0x000fca00078e000a */
        /*0320*/                   SHF.R.U32.HI R10, RZ, 0x1, R19 ;                     /* 0x00000001ff0a7819 */
                                                                                        /* 0x000fe20000011613 */
        /*0330*/                   IMAD.MOV.U32 R4, RZ, RZ, R23 ;                       /* 0x000000ffff047224 */
                                                                                        /* 0x000fe400078e0017 */
        /*0340*/                   IMAD.MOV.U32 R5, RZ, RZ, R22 ;                       /* 0x000000ffff057224 */
                                                                                        /* 0x000fc800078e0016 */
        /*0350*/                   IMAD.WIDE.U32 R4, R10, 0x4, R4 ;                     /* 0x000000040a047825 */
                                                                                        /* 0x000fca00078e0004 */
        /*0360*/                   LDG.E R7, [R4.64] ;                                  /* 0x0000000404077981 */
                                                                                        /* 0x000ea2000c1e1900 */
        /*0370*/                   LOP3.LUT R12, RZ, R10, RZ, 0x33, !PT ;               /* 0x0000000aff0c7212 */
                                                                                        /* 0x000fe400078e33ff */
        /*0380*/                   IADD3 R14, P3, R4, 0x4, RZ ;                         /* 0x00000004040e7810 */
                                                                                        /* 0x000fe40007f7e0ff */
        /*0390*/                   ISETP.GE.AND P0, PT, R7, R2, PT ;                    /* 0x000000020700720c */
                                                                                        /* 0x004fe20003f06270 */
        /*03a0*/                   IMAD.WIDE.U32 R6, R10, R11, c[0x2][0x0] ;            /* 0x008000000a067625 */
                                                                                        /* 0x000fc600078e000b */
        /*03b0*/                   SEL R23, R14, R23, !P0 ;                             /* 0x000000170e177207 */
                                                                                        /* 0x000fe40004000000 */
        /*03c0*/                   IADD3 R18, P1, R6.reuse, R15.reuse, RZ ;             /* 0x0000000f06127210 */
                                                                                        /* 0x0c0fe40007f3e0ff */
        /*03d0*/                   IADD3 R21, P2, R6, R16.reuse, RZ ;                   /* 0x0000001006157210 */
                                                                                        /* 0x080fe20007f5e0ff */
        /*03e0*/                   IMAD.X R6, RZ, RZ, R5, P3 ;                          /* 0x000000ffff067224 */
                                                                                        /* 0x000fe200018e0605 */
        /*03f0*/                   SEL R15, R18, R15, !P0 ;                             /* 0x0000000f120f7207 */
                                                                                        /* 0x000fe20004000000 */
        /*0400*/                   IMAD.X R20, R7, 0x1, R13, P1 ;                       /* 0x0000000107147824 */
                                                                                        /* 0x000fe200008e060d */
        /*0410*/                   SEL R16, R21, R16, !P0 ;                             /* 0x0000001015107207 */
                                                                                        /* 0x000fe20004000000 */
        /*0420*/              @!P0 IMAD.IADD R10, R12, 0x1, R19 ;                       /* 0x000000010c0a8824 */
                                                                                        /* 0x000fe200078e0213 */
        /*0430*/                   SEL R22, R6, R22, !P0 ;                              /* 0x0000001606167207 */
                                                                                        /* 0x000fe20004000000 */
        /*0440*/                   IMAD.X R12, R7, 0x1, R17, P2 ;                       /* 0x00000001070c7824 */
                                                                                        /* 0x000fe200010e0611 */
        /*0450*/                   SEL R13, R20, R13, !P0 ;                             /* 0x0000000d140d7207 */
                                                                                        /* 0x000fe20004000000 */
        /*0460*/                   IMAD.MOV.U32 R19, RZ, RZ, R10 ;                      /* 0x000000ffff137224 */
                                                                                        /* 0x000fe200078e000a */
        /*0470*/                   ISETP.NE.AND P1, PT, R10, RZ, PT ;                   /* 0x000000ff0a00720c */
                                                                                        /* 0x000fc40003f25270 */
        /*0480*/                   SEL R17, R12, R17, !P0 ;                             /* 0x000000110c117207 */
                                                                                        /* 0x000fd60004000000 */
        /*0490*/               @P1 BRA 0x320 ;                                          /* 0xfffffe8000001947 */
                                                                                        /* 0x000fea000383ffff */
        /*04a0*/                   BSYNC B1 ;                                           /* 0x0000000000017941 */
                                                                                        /* 0x000fea0003800000 */
        /*04b0*/                   BRA 0x710 ;                                          /* 0x0000025000007947 */
                                                                                        /* 0x000fea0003800000 */
        /*04c0*/                   IMAD.MOV.U32 R21, RZ, RZ, c[0x0][0x160] ;            /* 0x00005800ff157624 */
                                                                                        /* 0x001fe400078e00ff */
        /*04d0*/                   IMAD.MOV.U32 R22, RZ, RZ, c[0x0][0x164] ;            /* 0x00005900ff167624 */
                                                                                        /* 0x000fe400078e00ff */
        /*04e0*/                   IMAD.MOV.U32 R15, RZ, RZ, c[0x0][0x160] ;            /* 0x00005800ff0f7624 */
                                                                                        /* 0x000fe400078e00ff */
        /*04f0*/                   IMAD.MOV.U32 R13, RZ, RZ, c[0x0][0x164] ;            /* 0x00005900ff0d7624 */
                                                                                        /* 0x000fe400078e00ff */
        /*0500*/                   IMAD.MOV.U32 R16, RZ, RZ, c[0x0][0x160] ;            /* 0x00005800ff107624 */
                                                                                        /* 0x000fe400078e00ff */
        /*0510*/                   IMAD.MOV.U32 R17, RZ, RZ, c[0x0][0x164] ;            /* 0x00005900ff117624 */
                                                                                        /* 0x000fc400078e00ff */
        /*0520*/                   SHF.R.U64 R19, R6, 0x1, R23.reuse ;                  /* 0x0000000106137819 */
                                                                                        /* 0x100fe40000001217 */
        /*0530*/                   SHF.R.U32.HI R20, RZ, 0x1, R23 ;                     /* 0x00000001ff147819 */
                                                                                        /* 0x000fc60000011617 */
        /*0540*/                   IMAD.SHL.U32 R14, R19.reuse, 0x4, RZ ;               /* 0x00000004130e7824 */
                                                                                        /* 0x040fe200078e00ff */
        /*0550*/                   SHF.L.U64.HI R18, R19, 0x2, R20 ;                    /* 0x0000000213127819 */
                                                                                        /* 0x000fc80000010214 */
        /*0560*/                   IADD3 R4, P0, R21, R14, RZ ;                         /* 0x0000000e15047210 */
                                                                                        /* 0x000fca0007f1e0ff */
        /*0570*/                   IMAD.X R5, R22, 0x1, R18, P0 ;                       /* 0x0000000116057824 */
                                                                                        /* 0x000fca00000e0612 */
        /*0580*/                   LDG.E R7, [R4.64] ;                                  /* 0x0000000404077981 */
                                                                                        /* 0x000ea2000c1e1900 */
        /*0590*/                   LOP3.LUT R11, RZ, R19, RZ, 0x33, !PT ;               /* 0x00000013ff0b7212 */
                                                                                        /* 0x000fe400078e33ff */
        /*05a0*/                   LOP3.LUT R10, RZ, R20, RZ, 0x33, !PT ;               /* 0x00000014ff0a7212 */
                                                                                        /* 0x000fe400078e33ff */
        /*05b0*/                   IADD3 R6, P3, R6, R11, RZ ;                          /* 0x0000000b06067210 */
                                                                                        /* 0x000fe40007f7e0ff */
        /*05c0*/                   IADD3 R14, P0, R14, 0x4, RZ ;                        /* 0x000000040e0e7810 */
                                                                                        /* 0x000fc80007f1e0ff */
        /*05d0*/                   IADD3 R12, P2, R15, R14, RZ ;                        /* 0x0000000e0f0c7210 */
                                                                                        /* 0x000fe40007f5e0ff */
        /*05e0*/                   ISETP.GE.AND P1, PT, R7, R2, PT ;                    /* 0x000000020700720c */
                                                                                        /* 0x024fe20003f26270 */
        /*05f0*/                   IMAD.X R7, R23, 0x1, R10, P3 ;                       /* 0x0000000117077824 */
                                                                                        /* 0x000fe400018e060a */
        /*0600*/                   IMAD.X R10, RZ, RZ, R18, P0 ;                        /* 0x000000ffff0a7224 */
                                                                                        /* 0x000fe200000e0612 */
        /*0610*/                   SEL R6, R6, R19, !P1 ;                               /* 0x0000001306067207 */
                                                                                        /* 0x000fe40004800000 */
        /*0620*/                   SEL R23, R7, R20, !P1 ;                              /* 0x0000001407177207 */
                                                                                        /* 0x000fe40004800000 */
        /*0630*/                   ISETP.NE.U32.AND P0, PT, R6, RZ, PT ;                /* 0x000000ff0600720c */
                                                                                        /* 0x000fc40003f05070 */
        /*0640*/                   SEL R15, R12, R15, !P1 ;                             /* 0x0000000f0c0f7207 */
                                                                                        /* 0x000fe20004800000 */
        /*0650*/                   IMAD.X R12, R13, 0x1, R10.reuse, P2 ;                /* 0x000000010d0c7824 */
                                                                                        /* 0x100fe200010e060a */
        /*0660*/                   ISETP.NE.AND.EX P0, PT, R23, RZ, PT, P0 ;            /* 0x000000ff1700720c */
                                                                                        /* 0x000fe40003f05300 */
        /*0670*/                   IADD3 R7, P3, R16, R14, RZ ;                         /* 0x0000000e10077210 */
                                                                                        /* 0x000fe40007f7e0ff */
        /*0680*/                   IADD3 R4, P2, R4, 0x4, RZ ;                          /* 0x0000000404047810 */
                                                                                        /* 0x000fe40007f5e0ff */
        /*0690*/                   SEL R13, R12, R13, !P1 ;                             /* 0x0000000d0c0d7207 */
                                                                                        /* 0x000fe20004800000 */
        /*06a0*/                   IMAD.X R10, R17, 0x1, R10, P3 ;                      /* 0x00000001110a7824 */
                                                                                        /* 0x000fe200018e060a */
        /*06b0*/                   SEL R16, R7, R16, !P1 ;                              /* 0x0000001007107207 */
                                                                                        /* 0x000fe20004800000 */
        /*06c0*/                   IMAD.X R5, RZ, RZ, R5, P2 ;                          /* 0x000000ffff057224 */
                                                                                        /* 0x000fe200010e0605 */
        /*06d0*/                   SEL R21, R4, R21, !P1 ;                              /* 0x0000001504157207 */
                                                                                        /* 0x000fc40004800000 */
        /*06e0*/                   SEL R17, R10, R17, !P1 ;                             /* 0x000000110a117207 */
                                                                                        /* 0x000fe40004800000 */
        /*06f0*/                   SEL R22, R5, R22, !P1 ;                              /* 0x0000001605167207 */
                                                                                        /* 0x000fe20004800000 */
        /*0700*/               @P0 BRA 0x520 ;                                          /* 0xfffffe1000000947 */
                                                                                        /* 0x000fea000383ffff */
        /*0710*/                   BSYNC B0 ;                                           /* 0x0000000000007941 */
                                                                                        /* 0x000fea0003800000 */
        /*0720*/                   IADD3 R4, P1, R9, c[0x0][0x160], RZ ;                /* 0x0000580009047a10 */
                                                                                        /* 0x000fc80007f3e0ff */
        /*0730*/                   ISETP.NE.U32.AND P0, PT, R15, R4, PT ;               /* 0x000000040f00720c */
                                                                                        /* 0x000fe40003f05070 */
        /*0740*/                   IADD3.X R8, R8, c[0x0][0x164], RZ, P1, !PT ;         /* 0x0000590008087a10 */
                                                                                        /* 0x000fc80000ffe4ff */
        /*0750*/                   ISETP.NE.AND.EX P0, PT, R13, R8, PT, P0 ;            /* 0x000000080d00720c */
                                                                                        /* 0x000fda0003f05300 */
        /*0760*/               @P0 LDG.E R17, [R16.64] ;                                /* 0x0000000410110981 */
                                                                                        /* 0x000ea2000c1e1900 */
        /*0770*/                   LEA R4, P2, R0, c[0x0][0x180], 0x2 ;                 /* 0x0000600000047a11 */
                                                                                        /* 0x000fe200078410ff */
        /*0780*/                   IMAD.MOV.U32 R7, RZ, RZ, RZ ;                        /* 0x000000ffff077224 */
                                                                                        /* 0x000fc600078e00ff */
        /*0790*/                   LEA.HI.X R5, R0, c[0x0][0x184], R3, 0x2, P2 ;        /* 0x0000610000057a11 */
                                                                                        /* 0x000fe400010f1403 */
        /*07a0*/               @P0 ISETP.GE.AND P1, PT, R2, R17, PT ;                   /* 0x000000110200020c */
                                                                                        /* 0x024fc80003f26270 */
        /*07b0*/               @P0 SEL R7, RZ, 0x1, !P1 ;                               /* 0x00000001ff070807 */
                                                                                        /* 0x000fca0004800000 */
        /*07c0*/                   STG.E [R4.64], R7 ;                                  /* 0x0000000704007986 */
                                                                                        /* 0x000fe2000c101904 */
        /*07d0*/                   EXIT ;                                               /* 0x000000000000794d */
                                                                                        /* 0x000fea0003800000 */
        /*07e0*/                   BRA 0x7e0;                                           /* 0xfffffff000007947 */
                                                                                        /* 0x000fc0000383ffff */
        /*07f0*/                   NOP;                                                 /* 0x0000000000007918 */
                                                                                        /* 0x000fc00000000000 */
        /*0800*/                   NOP;                                                 /* 0x0000000000007918 */
                                                                                        /* 0x000fc00000000000 */
        /*0810*/                   NOP;                                                 /* 0x0000000000007918 */
                                                                                        /* 0x000fc00000000000 */
        /*0820*/                   NOP;                                                 /* 0x0000000000007918 */
                                                                                        /* 0x000fc00000000000 */
        /*0830*/                   NOP;                                                 /* 0x0000000000007918 */
                                                                                        /* 0x000fc00000000000 */
        /*0840*/                   NOP;                                                 /* 0x0000000000007918 */
                                                                                        /* 0x000fc00000000000 */
        /*0850*/                   NOP;                                                 /* 0x0000000000007918 */
                                                                                        /* 0x000fc00000000000 */
        /*0860*/                   NOP;                                                 /* 0x0000000000007918 */
                                                                                        /* 0x000fc00000000000 */
        /*0870*/                   NOP;                                                 /* 0x0000000000007918 */
                                                                                        /* 0x000fc00000000000 */
		..........


		Function : _Z14bounded_kernelILi1ELb0EEvPKilS1_iPi
	.headerflags	@"EF_CUDA_SM89 EF_CUDA_VIRTUAL_SM(EF_CUDA_SM89)"
        /*0000*/                   IMAD.MOV.U32 R1, RZ, RZ, c[0x0][0x28] ;              /* 0x00000a00ff017624 */
                                                                                        /* 0x000fe400078e00ff */
        /*0010*/                   S2R R0, SR_CTAID.X ;                                 /* 0x0000000000007919 */
                                                                                        /* 0x000e280000002500 */
        /*0020*/                   S2R R3, SR_TID.X ;                                   /* 0x0000000000037919 */
                                                                                        /* 0x000e240000002100 */
        /*0030*/                   IMAD R0, R0, c[0x0][0x0], R3 ;                       /* 0x0000000000007a24 */
                                                                                        /* 0x001fca00078e0203 */
        /*0040*/                   ISETP.GE.AND P0, PT, R0, c[0x0][0x178], PT ;         /* 0x00005e0000007a0c */
                                                                                        /* 0x000fda0003f06270 */
        /*0050*/               @P0 EXIT ;                                               /* 0x000000000000094d */
                                                                                        /* 0x000fea0003800000 */
        /*0060*/                   IMAD.MOV.U32 R3, RZ, RZ, 0x4 ;                       /* 0x00000004ff037424 */
                                                                                        /* 0x000fe200078e00ff */
        /*0070*/                   ULDC.64 UR8, c[0x0][0x118] ;                         /* 0x0000460000087ab9 */
                                                                                        /* 0x000fe20000000a00 */
        /*0080*/                   ISETP.NE.U32.AND P0, PT, RZ, c[0x0][0x168], PT ;     /* 0x00005a00ff007a0c */
                                                                                        /* 0x000fe20003f05070 */
        /*0090*/                   IMAD.MOV.U32 R17, RZ, RZ, c[0x0][0x160] ;            /* 0x00005800ff117624 */
                                                                                        /* 0x000fe400078e00ff */
        /*00a0*/                   IMAD.WIDE R4, R0, R3, c[0x0][0x170] ;                /* 0x00005c0000047625 */
                                                                                        /* 0x000fe200078e0203 */
        /*00b0*/                   ISETP.NE.AND.EX P0, PT, RZ, c[0x0][0x16c], PT, P0 ;  /* 0x00005b00ff007a0c */
                                                                                        /* 0x000fca0003f05300 */
        /*00c0*/                   LDG.E R4, [R4.64] ;                                  /* 0x0000000804047981 */
                                                                                        /* 0x000162000c1e1900 */
        /*00d0*/                   IMAD.MOV.U32 R20, RZ, RZ, c[0x0][0x164] ;            /* 0x00005900ff147624 */
                                                                                        /* 0x000fe400078e00ff */
        /*00e0*/                   IMAD.MOV.U32 R18, RZ, RZ, c[0x0][0x160] ;            /* 0x00005800ff127624 */
                                                                                        /* 0x000fe400078e00ff */
        /*00f0*/                   IMAD.MOV.U32 R19, RZ, RZ, c[0x0][0x164] ;            /* 0x00005900ff137624 */
                                                                                        /* 0x000fc600078e00ff */
        /*0100*/              @!P0 BRA 0x3d0 ;                                          /* 0x000002c000008947 */
                                                                                        /* 0x000fea0003800000 */
        /*0110*/                   IMAD R5, R3.reuse, c[0x0][0x16c], RZ ;               /* 0x00005b0003057a24 */
                                                                                        /* 0x041fe200078e02ff */
        /*0120*/                   BSSY B0, 0x3d0 ;                                     /* 0x000002a000007945 */
                                                                                        /* 0x000fe20003800000 */
        /*0130*/                   IMAD.WIDE.U32 R2, R3, c[0x0][0x168], RZ ;            /* 0x00005a0003027a25 */
                                                                                        /* 0x000fc800078e00ff */
        /*0140*/                   IMAD.IADD R3, R3, 0x1, R5 ;                          /* 0x0000000103037824 */
                                                                                        /* 0x000fe400078e0205 */
        /*0150*/                   IMAD.MOV.U32 R13, RZ, RZ, c[0x0][0x160] ;            /* 0x00005800ff0d7624 */
                                                                                        /* 0x000fe400078e00ff */
        /*0160*/                   IMAD.MOV.U32 R14, RZ, RZ, c[0x0][0x164] ;            /* 0x00005900ff0e7624 */
                                                                                        /* 0x000fe200078e00ff */
        /*0170*/                   SHF.R.S64 R15, R2, 0x2, R3.reuse ;                   /* 0x00000002020f7819 */
                                                                                        /* 0x100fe20000001003 */
        /*0180*/                   IMAD.MOV.U32 R17, RZ, RZ, c[0x0][0x160] ;            /* 0x00005800ff117624 */
                                                                                        /* 0x000fe200078e00ff */
        /*0190*/                   SHF.R.S32.HI R16, RZ, 0x2, R3 ;                      /* 0x00000002ff107819 */
                                                                                        /* 0x000fe20000011403 */
        /*01a0*/                   IMAD.MOV.U32 R20, RZ, RZ, c[0x0][0x164] ;            /* 0x00005900ff147624 */
                                                                                        /* 0x000fe400078e00ff */
        /*01b0*/                   IMAD.MOV.U32 R18, RZ, RZ, c[0x0][0x160] ;            /* 0x00005800ff127624 */
                                                                                        /* 0x000fc400078e00ff */
        /*01c0*/                   IMAD.MOV.U32 R19, RZ, RZ, c[0x0][0x164] ;            /* 0x00005900ff137624 */
                                                                                        /* 0x000fe400078e00ff */
        /*01d0*/                   SHF.R.U64 R11, R15, 0x1, R16.reuse ;                 /* 0x000000010f0b7819 */
                                                                                        /* 0x100fe40000001210 */
        /*01e0*/                   SHF.R.U32.HI R12, RZ, 0x1, R16 ;                     /* 0x00000001ff0c7819 */
                                                                                        /* 0x000fc60000011610 */
        /*01f0*/                   IMAD.SHL.U32 R9, R11.reuse, 0x4, RZ ;                /* 0x000000040b097824 */
                                                                                        /* 0x040fe200078e00ff */
        /*0200*/                   SHF.L.U64.HI R10, R11, 0x2, R12 ;                    /* 0x000000020b0a7819 */
                                                                                        /* 0x000fc8000001020c */
        /*0210*/                   IADD3 R2, P0, R13, R9, RZ ;                          /* 0x000000090d027210 */
                                                                                        /* 0x000fca0007f1e0ff */
        /*0220*/                   IMAD.X R3, R14, 0x1, R10, P0 ;                       /* 0x000000010e037824 */
                                                                                        /* 0x000fca00000e060a */
        /*0230*/                   LDG.E R5, [R2.64] ;                                  /* 0x0000000802057981 */
                                                                                        /* 0x000ea2000c1e1900 */
        /*0240*/                   LOP3.LUT R6, RZ, R11, RZ, 0x33, !PT ;                /* 0x0000000bff067212 */
                                                                                        /* 0x000fe400078e33ff */
        /*0250*/                   LOP3.LUT R7, RZ, R12, RZ, 0x33, !PT ;                /* 0x0000000cff077212 */
                                                                                        /* 0x000fe400078e33ff */
        /*0260*/                   IADD3 R6, P3, R15, R6, RZ ;                          /* 0x000000060f067210 */
                                                                                        /* 0x000fe40007f7e0ff */
        /*0270*/                   IADD3 R9, P0, R9, 0x4, RZ ;                          /* 0x0000000409097810 */
                                                                                        /* 0x000fc80007f1e0ff */
        /*0280*/                   IADD3 R8, P2, R17, R9, RZ ;                          /* 0x0000000911087210 */
                                                                                        /* 0x000fe40007f5e0ff */
        /*0290*/                   ISETP.GE.AND P1, PT, R5, R4, PT ;                    /* 0x000000040500720c */
                                                                                        /* 0x024fe20003f26270 */
        /*02a0*/                   IMAD.X R5, R16, 0x1, R7, P3 ;                        /* 0x0000000110057824 */
                                                                                        /* 0x000fc600018e0607 */
        /*02b0*/                   SEL R15, R6, R11, !P1 ;                              /* 0x0000000b060f7207 */
                                                                                        /* 0x000fe20004800000 */
        /*02c0*/                   IMAD.X R6, RZ, RZ, R10, P0 ;                         /* 0x000000ffff067224 */
                                                                                        /* 0x000fe200000e060a */
        /*02d0*/                   SEL R16, R5, R12, !P1 ;                              /* 0x0000000c05107207 */
                                                                                        /* 0x000fe40004800000 */
        /*02e0*/                   ISETP.NE.U32.AND P0, PT, R15, RZ, PT ;               /* 0x000000ff0f00720c */
                                                                                        /* 0x000fe20003f05070 */
        /*02f0*/                   IMAD.X R7, R20, 0x1, R6.reuse, P2 ;                  /* 0x0000000114077824 */
                                                                                        /* 0x100fe200010e0606 */
        /*0300*/                   IADD3 R5, P3, R18, R9, RZ ;                          /* 0x0000000912057210 */
                                                                                        /* 0x000fe40007f7e0ff */
        /*0310*/                   ISETP.NE.AND.EX P0, PT, R16, RZ, PT, P0 ;            /* 0x000000ff1000720c */
                                                                                        /* 0x000fe40003f05300 */
        /*0320*/                   IADD3 R2, P2, R2, 0x4, RZ ;                          /* 0x0000000402027810 */
                                                                                        /* 0x000fe20007f5e0ff */
        /*0330*/                   IMAD.X R6, R19, 0x1, R6, P3 ;                        /* 0x0000000113067824 */
                                                                                        /* 0x000fe200018e0606 */
        /*0340*/                   SEL R17, R8, R17, !P1 ;                              /* 0x0000001108117207 */
                                                                                        /* 0x000fc40004800000 */
        /*0350*/                   SEL R20, R7, R20, !P1 ;                              /* 0x0000001407147207 */
                                                                                        /* 0x000fe20004800000 */
        /*0360*/                   IMAD.X R3, RZ, RZ, R3, P2 ;                          /* 0x000000ffff037224 */
                                                                                        /* 0x000fe200010e0603 */
        /*0370*/                   SEL R18, R5, R18, !P1 ;                              /* 0x0000001205127207 */
                                                                                        /* 0x000fe40004800000 */
        /*0380*/                   SEL R19, R6, R19, !P1 ;                              /* 0x0000001306137207 */
                                                                                        /* 0x000fe40004800000 */
        /*0390*/                   SEL R13, R2, R13, !P1 ;                              /* 0x0000000d020d7207 */
                                                                                        /* 0x000fe40004800000 */
        /*03a0*/                   SEL R14, R3, R14, !P1 ;                              /* 0x0000000e030e7207 */
                                                                                        /* 0x000fe20004800000 */
        /*03b0*/               @P0 BRA 0x1d0 ;                                          /* 0xfffffe1000000947 */
                                                                                        /* 0x000fea000383ffff */
        /*03c0*/                   BSYNC B0 ;                                           /* 0x0000000000007941 */
                                                                                        /* 0x000fea0003800000 */
        /*03d0*/                   ULDC.64 UR6, c[0x0][0x168] ;                         /* 0x00005a0000067ab9 */
                                                                                        /* 0x000fe20000000a00 */
        /*03e0*/                   IMAD.MOV.U32 R3, RZ, RZ, R19 ;                       /* 0x000000ffff037224 */
                                                                                        /* 0x000fe200078e0013 */
        /*03f0*/                   ULDC.64 UR4, c[0x0][0x160] ;                         /* 0x0000580000047ab9 */
                                                                                        /* 0x000fe20000000a00 */
        /*0400*/                   IMAD.MOV.U32 R2, RZ, RZ, R18 ;                       /* 0x000000ffff027224 */
                                                                                        /* 0x000fe200078e0012 */
        /*0410*/                   ULEA UR4, UP0, UR6, UR4, 0x2 ;                       /* 0x0000000406047291 */
                                                                                        /* 0x000fc8000f80103f */
        /*0420*/                   ULEA.HI.X UR5, UR6, UR5, UR7, 0x2, UP0 ;             /* 0x0000000506057291 */
                                                                                        /* 0x000fe400080f1407 */
        /*0430*/                   ISETP.NE.U32.AND P0, PT, R17, UR4, PT ;              /* 0x0000000411007c0c */
                                                                                        /* 0x000fc8000bf05070 */
        /*0440*/                   ISETP.NE.AND.EX P0, PT, R20, UR5, PT, P0 ;           /* 0x0000000514007c0c */
                                                                                        /* 0x000fda000bf05300 */
        /*0450*/               @P0 LDG.E R3, [R2.64] ;                                  /* 0x0000000802030981 */
                                                                                        /* 0x000ea2000c1e1900 */
        /*0460*/                   SHF.R.S32.HI R7, RZ, 0x1f, R0 ;                      /* 0x0000001fff077819 */
                                                                                        /* 0x000fe20000011400 */
        /*0470*/                   IMAD.MOV.U32 R5, RZ, RZ, RZ ;                        /* 0x000000ffff057224 */
                                                                                        /* 0x001fe200078e00ff */
        /*0480*/                   LEA R6, P2, R0, c[0x0][0x180], 0x2 ;                 /* 0x0000600000067a11 */
                                                                                        /* 0x000fc800078410ff */
        /*0490*/                   LEA.HI.X R7, R0, c[0x0][0x184], R7, 0x2, P2 ;        /* 0x0000610000077a11 */
                                                                                        /* 0x000fe400010f1407 */
        /*04a0*/               @P0 ISETP.GE.AND P1, PT, R4, R3, PT ;                    /* 0x000000030400020c */
                                                                                        /* 0x024fc80003f26270 */
        /*04b0*/               @P0 SEL R5, RZ, 0x1, !P1 ;                               /* 0x00000001ff050807 */
                                                                                        /* 0x000fca0004800000 */
        /*04c0*/                   STG.E [R6.64], R5 ;                                  /* 0x0000000506007986 */
                                                                                        /* 0x000fe2000c101908 */
        /*04d0*/                   EXIT ;                                               /* 0x000000000000794d */
                                                                                        /* 0x000fea0003800000 */
        /*04e0*/                   BRA 0x4e0;                                           /* 0xfffffff000007947 */
                                                                                        /* 0x000fc0000383ffff */
        /*04f0*/                   NOP;                                                 /* 0x0000000000007918 */
                                                                                        /* 0x000fc00000000000 */
        /*0500*/                   NOP;                                                 /* 0x0000000000007918 */
                                                                                        /* 0x000fc00000000000 */
        /*0510*/                   NOP;                                                 /* 0x0000000000007918 */
                                                                                        /* 0x000fc00000000000 */
        /*0520*/                   NOP;                                                 /* 0x0000000000007918 */
                                                                                        /* 0x000fc00000000000 */
        /*0530*/                   NOP;                                                 /* 0x0000000000007918 */
                                                                                        /* 0x000fc00000000000 */
        /*0540*/                   NOP;                                                 /* 0x0000000000007918 */
                                                                                        /* 0x000fc00000000000 */
        /*0550*/                   NOP;                                                 /* 0x0000000000007918 */
                                                                                        /* 0x000fc00000000000 */
        /*0560*/                   NOP;                                                 /* 0x0000000000007918 */
                                                                                        /* 0x000fc00000000000 */
        /*0570*/                   NOP;                                                 /* 0x0000000000007918 */
                                                                                        /* 0x000fc00000000000 */
		..........


		Function : _Z14bounded_kernelILi0ELb0EEvPKilS1_iPi
	.headerflags	@"EF_CUDA_SM89 EF_CUDA_VIRTUAL_SM(EF_CUDA_SM89)"
        /*0000*/                   IMAD.MOV.U32 R1, RZ, RZ, c[0x0][0x28] ;              /* 0x00000a00ff017624 */
                                                                                        /* 0x000fe400078e00ff */
        /*0010*/                   S2R R0, SR_CTAID.X ;                                 /* 0x0000000000007919 */
                                                                                        /* 0x000e280000002500 */
        /*0020*/                   S2R R3, SR_TID.X ;                                   /* 0x0000000000037919 */
                                                                                        /* 0x000e240000002100 */
        /*0030*/                   IMAD R0, R0, c[0x0][0x0], R3 ;                       /* 0x0000000000007a24 */
                                                                                        /* 0x001fca00078e0203 */
        /*0040*/                   ISETP.GE.AND P0, PT, R0, c[0x0][0x178], PT ;         /* 0x00005e0000007a0c */
                                                                                        /* 0x000fda0003f06270 */
        /*0050*/               @P0 EXIT ;                                               /* 0x000000000000094d */
                                                                                        /* 0x000fea0003800000 */
        /*0060*/                   IMAD.MOV.U32 R3, RZ, RZ, 0x4 ;                       /* 0x00000004ff037424 */
                                                                                        /* 0x000fe200078e00ff */
        /*0070*/                   ULDC.64 UR8, c[0x0][0x118] ;                         /* 0x0000460000087ab9 */
                                                                                        /* 0x000fe20000000a00 */
        /*0080*/                   ISETP.NE.U32.AND P0, PT, RZ, c[0x0][0x168], PT ;     /* 0x00005a00ff007a0c */
                                                                                        /* 0x000fe20003f05070 */
        /*0090*/                   IMAD.MOV.U32 R17, RZ, RZ, c[0x0][0x160] ;            /* 0x00005800ff117624 */
                                                                                        /* 0x000fe400078e00ff */
        /*00a0*/                   IMAD.WIDE R4, R0, R3, c[0x0][0x170] ;                /* 0x00005c0000047625 */
                                                                                        /* 0x000fe200078e0203 */
        /*00b0*/                   ISETP.NE.AND.EX P0, PT, RZ, c[0x0][0x16c], PT, P0 ;  /* 0x00005b00ff007a0c */
                                                                                        /* 0x000fca0003f05300 */
        /*00c0*/                   LDG.E R4, [R4.64] ;                                  /* 0x0000000804047981 */
                                                                                        /* 0x000162000c1e1900 */
        /*00d0*/                   IMAD.MOV.U32 R20, RZ, RZ, c[0x0][0x164] ;            /* 0x00005900ff147624 */
                                                                                        /* 0x000fe400078e00ff */
        /*00e0*/                   IMAD.MOV.U32 R18, RZ, RZ, c[0x0][0x160] ;            /* 0x00005800ff127624 */
                                                                                        /* 0x000fe400078e00ff */
        /*00f0*/                   IMAD.MOV.U32 R19, RZ, RZ, c[0x0][0x164] ;            /* 0x00005900ff137624 */
                                                                                        /* 0x000fc600078e00ff */
        /*0100*/              @!P0 BRA 0x3d0 ;                                          /* 0x000002c000008947 */
                                                                                        /* 0x000fea0003800000 */
        /*0110*/                   IMAD R5, R3.reuse, c[0x0][0x16c], RZ ;               /* 0x00005b0003057a24 */
                                                                                        /* 0x041fe200078e02ff */
        /*0120*/                   BSSY B0, 0x3d0 ;                                     /* 0x000002a000007945 */
                                                                                        /* 0x000fe20003800000 */
        /*0130*/                   IMAD.WIDE.U32 R2, R3, c[0x0][0x168], RZ ;            /* 0x00005a0003027a25 */
                                                                                        /* 0x000fc800078e00ff */
        /*0140*/                   IMAD.IADD R3, R3, 0x1, R5 ;                          /* 0x0000000103037824 */
                                                                                        /* 0x000fe400078e0205 */
        /*0150*/                   IMAD.MOV.U32 R13, RZ, RZ, c[0x0][0x160] ;            /* 0x00005800ff0d7624 */
                                                                                        /* 0x000fe400078e00ff */
        /*0160*/                   IMAD.MOV.U32 R14, RZ, RZ, c[0x0][0x164] ;            /* 0x00005900ff0e7624 */
                                                                                        /* 0x000fe200078e00ff */
        /*0170*/                   SHF.R.S64 R15, R2, 0x2, R3.reuse ;                   /* 0x00000002020f7819 */
                                                                                        /* 0x100fe20000001003 */
        /*0180*/                   IMAD.MOV.U32 R17, RZ, RZ, c[0x0][0x160] ;            /* 0x00005800ff117624 */
                                                                                        /* 0x000fe200078e00ff */
        /*0190*/                   SHF.R.S32.HI R16, RZ, 0x2, R3 ;                      /* 0x00000002ff107819 */
                                                                                        /* 0x000fe20000011403 */
        /*01a0*/                   IMAD.MOV.U32 R20, RZ, RZ, c[0x0][0x164] ;            /* 0x00005900ff147624 */
                                                                                        /* 0x000fe400078e00ff */
        /*01b0*/                   IMAD.MOV.U32 R18, RZ, RZ, c[0x0][0x160] ;            /* 0x00005800ff127624 */
                                                                                        /* 0x000fc400078e00ff */
        /*01c0*/                   IMAD.MOV.U32 R19, RZ, RZ, c[0x0][0x164] ;            /* 0x00005900ff137624 */
                                                                                        /* 0x000fe400078e00ff */
        /*01d0*/                   SHF.R.U64 R11, R15, 0x1, R16.reuse ;                 /* 0x000000010f0b7819 */
                                                                                        /* 0x100fe40000001210 */
        /*01e0*/                   SHF.R.U32.HI R12, RZ, 0x1, R16 ;                     /* 0x00000001ff0c7819 */
                                                                                        /* 0x000fc60000011610 */
        /*01f0*/                   IMAD.SHL.U32 R9, R11.reuse, 0x4, RZ ;                /* 0x000000040b097824 */
                                                                                        /* 0x040fe200078e00ff */
        /*0200*/                   SHF.L.U64.HI R10, R11, 0x2, R12 ;                    /* 0x000000020b0a7819 */
                                                                                        /* 0x000fc8000001020c */
        /*0210*/                   IADD3 R2, P0, R13, R9, RZ ;                          /* 0x000000090d027210 */
                                                                                        /* 0x000fca0007f1e0ff */
        /*0220*/                   IMAD.X R3, R14, 0x1, R10, P0 ;                       /* 0x000000010e037824 */
                                                                                        /* 0x000fca00000e060a */
        /*0230*/                   LDG.E R5, [R2.64] ;                                  /* 0x0000000802057981 */
                                                                                        /* 0x000ea2000c1e1900 */
        /*0240*/                   LOP3.LUT R6, RZ, R11, RZ, 0x33, !PT ;                /* 0x0000000bff067212 */
                                                                                        /* 0x000fe400078e33ff */
        /*0250*/                   LOP3.LUT R7, RZ, R12, RZ, 0x33, !PT ;                /* 0x0000000cff077212 */
                                                                                        /* 0x000fe400078e33ff */
        /*0260*/                   IADD3 R6, P3, R15, R6, RZ ;                          /* 0x000000060f067210 */
                                                                                        /* 0x000fe40007f7e0ff */
        /*0270*/                   IADD3 R9, P0, R9, 0x4, RZ ;                          /* 0x0000000409097810 */
                                                                                        /* 0x000fc80007f1e0ff */
        /*0280*/                   IADD3 R8, P2, R17, R9, RZ ;                          /* 0x0000000911087210 */
                                                                                        /* 0x000fe40007f5e0ff */
        /*0290*/                   ISETP.GE.AND P1, PT, R5, R4, PT ;                    /* 0x000000040500720c */
                                                                                        /* 0x024fe20003f26270 */
        /*02a0*/                   IMAD.X R5, R16, 0x1, R7, P3 ;                        /* 0x0000000110057824 */
                                                                                        /* 0x000fc600018e0607 */
        /*02b0*/                   SEL R15, R6, R11, !P1 ;                              /* 0x0000000b060f7207 */
                                                                                        /* 0x000fe20004800000 */
        /*02c0*/                   IMAD.X R6, RZ, RZ, R10, P0 ;                         /* 0x000000ffff067224 */
                                                                                        /* 0x000fe200000e060a */
        /*02d0*/                   SEL R16, R5, R12, !P1 ;                              /* 0x0000000c05107207 */
                                                                                        /* 0x000fe40004800000 */
        /*02e0*/                   ISETP.NE.U32.AND P0, PT, R15, RZ, PT ;               /* 0x000000ff0f00720c */
                                                                                        /* 0x000fe20003f05070 */
        /*02f0*/                   IMAD.X R7, R20, 0x1, R6.reuse, P2 ;                  /* 0x0000000114077824 */
                                                                                        /* 0x100fe200010e0606 */
        /*0300*/                   IADD3 R5, P3, R18, R9, RZ ;                          /* 0x0000000912057210 */
                                                                                        /* 0x000fe40007f7e0ff */
        /*0310*/                   ISETP.NE.AND.EX P0, PT, R16, RZ, PT, P0 ;            /* 0x000000ff1000720c */
                                                                                        /* 0x000fe40003f05300 */
        /*0320*/                   IADD3 R2, P2, R2, 0x4, RZ ;                          /* 0x0000000402027810 */
                                                                                        /* 0x000fe20007f5e0ff */
        /*0330*/                   IMAD.X R6, R19, 0x1, R6, P3 ;                        /* 0x0000000113067824 */
                                                                                        /* 0x000fe200018e0606 */
        /*0340*/                   SEL R17, R8, R17, !P1 ;                              /* 0x0000001108117207 */
                                                                                        /* 0x000fc40004800000 */
        /*0350*/                   SEL R20, R7, R20, !P1 ;                              /* 0x0000001407147207 */
                                                                                        /* 0x000fe20004800000 */
        /*0360*/                   IMAD.X R3, RZ, RZ, R3, P2 ;                          /* 0x000000ffff037224 */
                                                                                        /* 0x000fe200010e0603 */
        /*0370*/                   SEL R18, R5, R18, !P1 ;                              /* 0x0000001205127207 */
                                                                                        /* 0x000fe40004800000 */
        /*0380*/                   SEL R19, R6, R19, !P1 ;                              /* 0x0000001306137207 */
                                                                                        /* 0x000fe40004800000 */
        /*0390*/                   SEL R13, R2, R13, !P1 ;                              /* 0x0000000d020d7207 */
                                                                                        /* 0x000fe40004800000 */
        /*03a0*/                   SEL R14, R3, R14, !P1 ;                              /* 0x0000000e030e7207 */
                                                                                        /* 0x000fe20004800000 */
        /*03b0*/               @P0 BRA 0x1d0 ;                                          /* 0xfffffe1000000947 */
                                                                                        /* 0x000fea000383ffff */
        /*03c0*/                   BSYNC B0 ;                                           /* 0x0000000000007941 */
                                                                                        /* 0x000fea0003800000 */
        /*03d0*/                   ULDC.64 UR6, c[0x0][0x168] ;                         /* 0x00005a0000067ab9 */
                                                                                        /* 0x000fe20000000a00 */
        /*03e0*/                   IMAD.MOV.U32 R3, RZ, RZ, R19 ;                       /* 0x000000ffff037224 */
                                                                                        /* 0x000fe200078e0013 */
        /*03f0*/                   ULDC.64 UR4, c[0x0][0x160] ;                         /* 0x0000580000047ab9 */
                                                                                        /* 0x000fe20000000a00 */
        /*0400*/                   IMAD.MOV.U32 R2, RZ, RZ, R18 ;                       /* 0x000000ffff027224 */
                                                                                        /* 0x000fe200078e0012 */
        /*0410*/                   ULEA UR4, UP0, UR6, UR4, 0x2 ;                       /* 0x0000000406047291 */
                                                                                        /* 0x000fc8000f80103f */
        /*0420*/                   ULEA.HI.X UR5, UR6, UR5, UR7, 0x2, UP0 ;             /* 0x0000000506057291 */
                                                                                        /* 0x000fe400080f1407 */
        /*0430*/                   ISETP.NE.U32.AND P0, PT, R17, UR4, PT ;              /* 0x0000000411007c0c */
                                                                                        /* 0x000fc8000bf05070 */
        /*0440*/                   ISETP.NE.AND.EX P0, PT, R20, UR5, PT, P0 ;           /* 0x0000000514007c0c */
                                                                                        /* 0x000fda000bf05300 */
        /*0450*/               @P0 LDG.E R3, [R2.64] ;                                  /* 0x0000000802030981 */
                                                                                        /* 0x000ea2000c1e1900 */
        /*0460*/                   SHF.R.S32.HI R7, RZ, 0x1f, R0 ;                      /* 0x0000001fff077819 */
                                                                                        /* 0x000fe20000011400 */
        /*0470*/                   IMAD.MOV.U32 R5, RZ, RZ, RZ ;                        /* 0x000000ffff057224 */
                                                                                        /* 0x001fe200078e00ff */
        /*0480*/                   LEA R6, P2, R0, c[0x0][0x180], 0x2 ;                 /* 0x0000600000067a11 */
                                                                                        /* 0x000fc800078410ff */
        /*0490*/                   LEA.HI.X R7, R0, c[0x0][0x184], R7, 0x2, P2 ;        /* 0x0000610000077a11 */
                                                                                        /* 0x000fe400010f1407 */
        /*04a0*/               @P0 ISETP.GE.AND P1, PT, R4, R3, PT ;                    /* 0x000000030400020c */
                                                                                        /* 0x024fc80003f26270 */
        /*04b0*/               @P0 SEL R5, RZ, 0x1, !P1 ;                               /* 0x00000001ff050807 */
                                                                                        /* 0x000fca0004800000 */
        /*04c0*/                   STG.E [R6.64], R5 ;                                  /* 0x0000000506007986 */
                                                                                        /* 0x000fe2000c101908 */
        /*04d0*/                   EXIT ;                                               /* 0x000000000000794d */
                                                                                        /* 0x000fea0003800000 */
        /*04e0*/                   BRA 0x4e0;                                           /* 0xfffffff000007947 */
                                                                                        /* 0x000fc0000383ffff */
        /*04f0*/                   NOP;                                                 /* 0x0000000000007918 */
                                                                                        /* 0x000fc00000000000 */
        /*0500*/                   NOP;                                                 /* 0x0000000000007918 */
                                                                                        /* 0x000fc00000000000 */
        /*0510*/                   NOP;                                                 /* 0x0000000000007918 */
                                                                                        /* 0x000fc00000000000 */
        /*0520*/                   NOP;                                                 /* 0x0000000000007918 */
                                                                                        /* 0x000fc00000000000 */
        /*0530*/                   NOP;                                                 /* 0x0000000000007918 */
                                                                                        /* 0x000fc00000000000 */
        /*0540*/                   NOP;                                                 /* 0x0000000000007918 */
                                                                                        /* 0x000fc00000000000 */
        /*0550*/                   NOP;                                                 /* 0x0000000000007918 */
                                                                                        /* 0x000fc00000000000 */
        /*0560*/                   NOP;                                                 /* 0x0000000000007918 */
                                                                                        /* 0x000fc00000000000 */
        /*0570*/                   NOP;                                                 /* 0x0000000000007918 */
                                                                                        /* 0x000fc00000000000 */
		..........



Fatbin ptx code:
================
arch = sm_89
code version = [9,3]
host = linux
compile_size = 64bit
compressed
ptxasOptions = -v  
