
Fatbin ptx code:
================
arch = sm_89
code version = [9,3]
host = linux
compile_size = 64bit
compressed
ptxasOptions = 

Fatbin elf code:
================
arch = sm_89
code version = [1,8]
host = linux
compile_size = 64bit

	code for sm_89
	.target	sm_89

		Function : _ZN11tail_vector3cub6detail6reduce28DeviceReduceSingleTileKernelINS2_26policy_selector_from_typesIijN4cuda3std3__44plusIvEELNS5_9execution3__411determinism15__determinism_tE1EEEPiSF_iS9_iiNS7_8identityEEEvT0_T1_T2_T3_T4_T6_
	.headerflags	@"EF_CUDA_SM89 EF_CUDA_VIRTUAL_SM(EF_CUDA_SM89)"
        /*0000*/                   IMAD.MOV.U32 R1, RZ, RZ, c[0x0][0x28] ;                   /* 0x00000a00ff017624 */
                                                                                             /* 0x000fe400078e00ff */
        /*0010*/                   ISETP.NE.AND P0, PT, RZ, c[0x0][0x170], PT ;              /* 0x00005c00ff007a0c */
                                                                                             /* 0x000fe20003f05270 */
        /*0020*/                   ULDC.64 UR4, c[0x0][0x118] ;                              /* 0x0000460000047ab9 */
                                                                                             /* 0x000fd80000000a00 */
        /*0030*/              @!P0 BRA 0x3be0 ;                                              /* 0x00003ba000008947 */
                                                                                             /* 0x000fea0003800000 */
        /*0040*/                   S2R R0, SR_TID.X ;                                        /* 0x0000000000007919 */
                                                                                             /* 0x000e220000002100 */
        /*0050*/                   IMAD.MOV.U32 R2, RZ, RZ, c[0x0][0x160] ;                  /* 0x00005800ff027624 */
                                                                                             /* 0x000fe200078e00ff */
        /*0060*/                   BSSY B0, 0x3b70 ;                                         /* 0x00003b0000007945 */
                                                                                             /* 0x000fe80003800000 */
        /*0070*/                   LOP3.LUT P0, RZ, R2, 0xf, RZ, 0xc0, !PT ;                 /* 0x0000000f02ff7812 */
                                                                                             /* 0x000fda000780c0ff */
        /*0080*/              @!P0 BRA 0x1990 ;                                              /* 0x0000190000008947 */
                                                                                             /* 0x000fea0003800000 */
        /*0090*/                   IMAD.MOV.U32 R3, RZ, RZ, c[0x0][0x170] ;                  /* 0x00005c00ff037624 */
                                                                                             /* 0x000fca00078e00ff */
        /*00a0*/                   ISETP.GE.AND P0, PT, R3, 0x1000, PT ;                     /* 0x000010000300780c */
                                                                                             /* 0x000fda0003f06270 */
        /*00b0*/              @!P0 BRA 0xf70 ;                                               /* 0x00000eb000008947 */
                                                                                             /* 0x000fea0003800000 */
        /*00c0*/                   IMAD.MOV.U32 R5, RZ, RZ, 0x4 ;                            /* 0x00000004ff057424 */
                                                                                             /* 0x000fc800078e00ff */
        /*00d0*/                   IMAD.WIDE R4, R0, R5, c[0x0][0x160] ;                     /* 0x0000580000047625 */
                                                                                             /* 0x001fca00078e0205 */
        /*00e0*/                   LDG.E.CONSTANT R2, [R4.64] ;                              /* 0x0000000404027981 */
                                                                                             /* 0x000ea8000c1e9900 */
        /*00f0*/                   LDG.E.CONSTANT R7, [R4.64+0x400] ;                        /* 0x0004000404077981 */
                                                                                             /* 0x000ea8000c1e9900 */
        /*0100*/                   LDG.E.CONSTANT R6, [R4.64+0x800] ;                        /* 0x0008000404067981 */
                                                                                             /* 0x000ea8000c1e9900 */
        /*0110*/                   LDG.E.CONSTANT R8, [R4.64+0xc00] ;                        /* 0x000c000404087981 */
                                                                                             /* 0x000ee8000c1e9900 */
        /*0120*/                   LDG.E.CONSTANT R9, [R4.64+0x1000] ;                       /* 0x0010000404097981 */
                                                                                             /* 0x000ee8000c1e9900 */
        /*0130*/                   LDG.E.CONSTANT R10, [R4.64+0x1400] ;                      /* 0x00140004040a7981 */
                                                                                             /* 0x000f28000c1e9900 */
        /*0140*/                   LDG.E.CONSTANT R11, [R4.64+0x1800] ;                      /* 0x00180004040b7981 */
                                                                                             /* 0x000f28000c1e9900 */
        /*0150*/                   LDG.E.CONSTANT R12, [R4.64+0x1c00] ;                      /* 0x001c0004040c7981 */
                                                                                             /* 0x000f68000c1e9900 */
        /*0160*/                   LDG.E.CONSTANT R13, [R4.64+0x2000] ;                      /* 0x00200004040d7981 */
                                                                                             /* 0x000f68000c1e9900 */
        /*0170*/                   LDG.E.CONSTANT R14, [R4.64+0x2400] ;                      /* 0x00240004040e7981 */
                                                                                             /* 0x000f68000c1e9900 */
        /*0180*/                   LDG.E.CONSTANT R15, [R4.64+0x2800] ;                      /* 0x00280004040f7981 */
                                                                                             /* 0x000f68000c1e9900 */
        /*0190*/                   LDG.E.CONSTANT R16, [R4.64+0x2c00] ;                      /* 0x002c000404107981 */
                                                                                             /* 0x000f68000c1e9900 */
        /*01a0*/                   LDG.E.CONSTANT R17, [R4.64+0x3000] ;                      /* 0x0030000404117981 */
                                                                                             /* 0x000f68000c1e9900 */
        /*01b0*/                   LDG.E.CONSTANT R18, [R4.64+0x3400] ;                      /* 0x0034000404127981 */
                                                                                             /* 0x000f68000c1e9900 */
        /*01c0*/                   LDG.E.CONSTANT R19, [R4.64+0x3800] ;                      /* 0x0038000404137981 */
                                                                                             /* 0x000f68000c1e9900 */
        /*01d0*/                   LDG.E.CONSTANT R20, [R4.64+0x3c00] ;                      /* 0x003c000404147981 */
                                                                                             /* 0x000f62000c1e9900 */
        /*01e0*/                   ISETP.GE.AND P0, PT, R3, 0x2000, PT ;                     /* 0x000020000300780c */
                                                                                             /* 0x000fc40003f06270 */
        /*01f0*/                   IADD3 R2, R6, R7, R2 ;                                    /* 0x0000000706027210 */
                                                                                             /* 0x004fc80007ffe002 */
        /*0200*/                   IADD3 R2, R9, R8, R2 ;                                    /* 0x0000000809027210 */
                                                                                             /* 0x008fe20007ffe002 */
        /*0210*/                   IMAD.MOV.U32 R9, RZ, RZ, 0x1000 ;                         /* 0x00001000ff097424 */
                                                                                             /* 0x000fc600078e00ff */
        /*0220*/                   IADD3 R2, R11, R10, R2 ;                                  /* 0x0000000a0b027210 */
                                                                                             /* 0x010fc80007ffe002 */
        /*0230*/                   IADD3 R2, R13, R12, R2 ;                                  /* 0x0000000c0d027210 */
                                                                                             /* 0x020fc80007ffe002 */
        /*0240*/                   IADD3 R2, R15, R14, R2 ;                                  /* 0x0000000e0f027210 */
                                                                                             /* 0x000fc80007ffe002 */
        /*0250*/                   IADD3 R2, R17, R16, R2 ;                                  /* 0x0000001011027210 */
                                                                                             /* 0x000fc80007ffe002 */
        /*0260*/                   IADD3 R19, R19, R18, R2 ;                                 /* 0x0000001213137210 */
                                                                                             /* 0x000fca0007ffe002 */
        /*0270*/                   IMAD.IADD R2, R20, 0x1, R19 ;                             /* 0x0000000114027824 */
                                                                                             /* 0x000fe200078e0213 */
        /*0280*/              @!P0 BRA 0x4d0 ;                                               /* 0x0000024000008947 */
                                                                                             /* 0x000fea0003800000 */
        /*0290*/                   IADD3 R3, R3, -0x1000, RZ ;                               /* 0xfffff00003037810 */
                                                                                             /* 0x000fe20007ffe0ff */
        /*02a0*/                   IMAD.MOV.U32 R9, RZ, RZ, 0x1000 ;                         /* 0x00001000ff097424 */
                                                                                             /* 0x000fc800078e00ff */
        /*02b0*/                   IMAD.MOV.U32 R6, RZ, RZ, R3 ;                             /* 0x000000ffff067224 */
                                                                                             /* 0x000fe400078e0003 */
        /*02c0*/                   LDG.E.CONSTANT R7, [R4.64+0x4000] ;                       /* 0x0040000404077981 */
                                                                                             /* 0x000ea8000c1e9900 */
        /*02d0*/                   LDG.E.CONSTANT R8, [R4.64+0x4400] ;                       /* 0x0044000404087981 */
                                                                                             /* 0x000ea8000c1e9900 */
        /*02e0*/                   LDG.E.CONSTANT R10, [R4.64+0x4800] ;                      /* 0x00480004040a7981 */
                                                                                             /* 0x0000e8000c1e9900 */
        /*02f0*/                   LDG.E.CONSTANT R11, [R4.64+0x4c00] ;                      /* 0x004c0004040b7981 */
                                                                                             /* 0x0000e8000c1e9900 */
        /*0300*/                   LDG.E.CONSTANT R12, [R4.64+0x5000] ;                      /* 0x00500004040c7981 */
                                                                                             /* 0x000128000c1e9900 */
        /*0310*/                   LDG.E.CONSTANT R13, [R4.64+0x5400] ;                      /* 0x00540004040d7981 */
                                                                                             /* 0x000128000c1e9900 */
        /*0320*/                   LDG.E.CONSTANT R14, [R4.64+0x5800] ;                      /* 0x00580004040e7981 */
                                                                                             /* 0x000168000c1e9900 */
        /*0330*/                   LDG.E.CONSTANT R15, [R4.64+0x5c00] ;                      /* 0x005c0004040f7981 */
                                                                                             /* 0x000168000c1e9900 */
        /*0340*/                   LDG.E.CONSTANT R16, [R4.64+0x6000] ;                      /* 0x0060000404107981 */
                                                                                             /* 0x000168000c1e9900 */
        /*0350*/                   LDG.E.CONSTANT R17, [R4.64+0x6400] ;                      /* 0x0064000404117981 */
                                                                                             /* 0x000168000c1e9900 */
        /*0360*/                   LDG.E.CONSTANT R18, [R4.64+0x6800] ;                      /* 0x0068000404127981 */
                                                                                             /* 0x000168000c1e9900 */
        /*0370*/                   LDG.E.CONSTANT R19, [R4.64+0x6c00] ;                      /* 0x006c000404137981 */
                                                                                             /* 0x000168000c1e9900 */
        /*0380*/                   LDG.E.CONSTANT R20, [R4.64+0x7000] ;                      /* 0x0070000404147981 */
                                                                                             /* 0x000168000c1e9900 */
        /*0390*/                   LDG.E.CONSTANT R21, [R4.64+0x7400] ;                      /* 0x0074000404157981 */
                                                                                             /* 0x000168000c1e9900 */
        /*03a0*/                   LDG.E.CONSTANT R22, [R4.64+0x7800] ;                      /* 0x0078000404167981 */
                                                                                             /* 0x000168000c1e9900 */
        /*03b0*/                   LDG.E.CONSTANT R23, [R4.64+0x7c00] ;                      /* 0x007c000404177981 */
                                                                                             /* 0x000162000c1e9900 */
        /*03c0*/                   ISETP.GE.AND P0, PT, R6, 0x1000, PT ;                     /* 0x000010000600780c */
                                                                                             /* 0x000fc40003f06270 */
        /*03d0*/                   IADD3 R7, R8, R7, R2 ;                                    /* 0x0000000708077210 */
                                                                                             /* 0x004fe40007ffe002 */
        /*03e0*/                   IADD3 R8, P1, R4, 0x4000, RZ ;                            /* 0x0000400004087810 */
                                                                                             /* 0x000fca0007f3e0ff */
        /*03f0*/                   IMAD.X R5, RZ, RZ, R5, P1 ;                               /* 0x000000ffff057224 */
                                                                                             /* 0x001fe200008e0605 */
        /*0400*/                   IADD3 R7, R11, R10, R7 ;                                  /* 0x0000000a0b077210 */
                                                                                             /* 0x008fc80007ffe007 */
        /*0410*/                   IADD3 R7, R13, R12, R7 ;                                  /* 0x0000000c0d077210 */
                                                                                             /* 0x010fc80007ffe007 */
        /*0420*/                   IADD3 R7, R15, R14, R7 ;                                  /* 0x0000000e0f077210 */
                                                                                             /* 0x020fc80007ffe007 */
        /*0430*/                   IADD3 R7, R17, R16, R7 ;                                  /* 0x0000001011077210 */
                                                                                             /* 0x000fc80007ffe007 */
        /*0440*/                   IADD3 R7, R19, R18, R7 ;                                  /* 0x0000001213077210 */
                                                                                             /* 0x000fc80007ffe007 */
        /*0450*/                   IADD3 R7, R21, R20, R7 ;                                  /* 0x0000001415077210 */
                                                                                             /* 0x000fc80007ffe007 */
        /*0460*/                   IADD3 R2, R23, R22, R7 ;                                  /* 0x0000001617027210 */
                                                                                             /* 0x000fe20007ffe007 */
        /*0470*/              @!P0 BRA 0xe40 ;                                               /* 0x000009c000008947 */
                                                                                             /* 0x000fea0003800000 */
        /*0480*/                   IADD3 R9, R9, 0x1000, RZ ;                                /* 0x0000100009097810 */
                                                                                             /* 0x000fe20007ffe0ff */
        /*0490*/                   IMAD.MOV.U32 R4, RZ, RZ, R8 ;                             /* 0x000000ffff047224 */
                                                                                             /* 0x000fe200078e0008 */
        /*04a0*/                   IADD3 R6, R6, -0x1000, RZ ;                               /* 0xfffff00006067810 */
                                                                                             /* 0x000fe40007ffe0ff */
        /*04b0*/                   ISETP.GT.AND P0, PT, R9, R3, PT ;                         /* 0x000000030900720c */
                                                                                             /* 0x000fda0003f04270 */
        /*04c0*/              @!P0 BRA 0x2c0 ;                                               /* 0xfffffdf000008947 */
                                                                                             /* 0x000fea000383ffff */
        /*04d0*/                   ISETP.GE.AND P0, PT, R9, c[0x0][0x170], PT ;              /* 0x00005c0009007a0c */
                                                                                             /* 0x000fda0003f06270 */
        /*04e0*/               @P0 BRA 0xe40 ;                                               /* 0x0000095000000947 */
                                                                                             /* 0x000fea0003800000 */
        /*04f0*/                   IADD3 R3, -R9, c[0x0][0x170], RZ ;                        /* 0x00005c0009037a10 */
                                                                                             /* 0x000fe20007ffe1ff */
        /*0500*/                   BSSY B1, 0xe40 ;                                          /* 0x0000093000017945 */
                                                                                             /* 0x000fe60003800000 */
        /*0510*/                   ISETP.GE.AND P0, PT, R0, R3, PT ;                         /* 0x000000030000720c */
                                                                                             /* 0x000fda0003f06270 */
        /*0520*/               @P0 BRA 0xe30 ;                                               /* 0x0000090000000947 */
                                                                                             /* 0x000fea0003800000 */
        /*0530*/                   LOP3.LUT R4, RZ, R0, RZ, 0x33, !PT ;                      /* 0x00000000ff047212 */
                                                                                             /* 0x000fe200078e33ff */
        /*0540*/                   BSSY B2, 0x6b0 ;                                          /* 0x0000016000027945 */
                                                                                             /* 0x000fe60003800000 */
        /*0550*/                   IADD3 R5, -R9, c[0x0][0x170], R4 ;                        /* 0x00005c0009057a10 */
                                                                                             /* 0x000fc80007ffe104 */
        /*0560*/                   LEA.HI R4, R5.reuse, 0x1, RZ, 0x18 ;                      /* 0x0000000105047811 */
                                                                                             /* 0x040fe400078fc0ff */
        /*0570*/                   ISETP.GE.U32.AND P1, PT, R5, 0x300, PT ;                  /* 0x000003000500780c */
                                                                                             /* 0x000fe40003f26070 */
        /*0580*/                   LOP3.LUT P0, R6, R4, 0x3, RZ, 0xc0, !PT ;                 /* 0x0000000304067812 */
                                                                                             /* 0x000fe2000780c0ff */
        /*0590*/                   IMAD.MOV.U32 R4, RZ, RZ, R0 ;                             /* 0x000000ffff047224 */
                                                                                             /* 0x000fd800078e0000 */
        /*05a0*/              @!P0 BRA 0x6a0 ;                                               /* 0x000000f000008947 */
                                                                                             /* 0x000fea0003800000 */
        /*05b0*/                   IMAD.IADD R4, R0, 0x1, R9 ;                               /* 0x0000000100047824 */
                                                                                             /* 0x000fe400078e0209 */
        /*05c0*/                   IMAD.MOV.U32 R5, RZ, RZ, 0x4 ;                            /* 0x00000004ff057424 */
                                                                                             /* 0x000fe400078e00ff */
        /*05d0*/                   IMAD.MOV.U32 R8, RZ, RZ, R6 ;                             /* 0x000000ffff087224 */
                                                                                             /* 0x000fe400078e0006 */
        /*05e0*/                   IMAD.WIDE R4, R4, R5, c[0x0][0x160] ;                     /* 0x0000580004047625 */
                                                                                             /* 0x000fc800078e0205 */
        /*05f0*/                   IMAD.MOV.U32 R6, RZ, RZ, R4 ;                             /* 0x000000ffff067224 */
                                                                                             /* 0x000fe400078e0004 */
        /*0600*/                   IMAD.MOV.U32 R7, RZ, RZ, R5 ;                             /* 0x000000ffff077224 */
                                                                                             /* 0x000fe400078e0005 */
        /*0610*/                   IMAD.MOV.U32 R4, RZ, RZ, R0 ;                             /* 0x000000ffff047224 */
                                                                                             /* 0x000fc600078e0000 */
        /*0620*/                   LDG.E.CONSTANT R5, [R6.64] ;                              /* 0x0000000406057981 */
                                                                                             /* 0x0000a2000c1e9900 */
        /*0630*/                   IADD3 R8, R8, -0x1, RZ ;                                  /* 0xffffffff08087810 */
                                                                                             /* 0x000fe40007ffe0ff */
        /*0640*/                   IADD3 R4, R4, 0x100, RZ ;                                 /* 0x0000010004047810 */
                                                                                             /* 0x000fe40007ffe0ff */
        /*0650*/                   ISETP.NE.AND P0, PT, R8, RZ, PT ;                         /* 0x000000ff0800720c */
                                                                                             /* 0x000fe40003f05270 */
        /*0660*/                   IADD3 R6, P2, R6, 0x400, RZ ;                             /* 0x0000040006067810 */
                                                                                             /* 0x001fca0007f5e0ff */
        /*0670*/                   IMAD.X R7, RZ, RZ, R7, P2 ;                               /* 0x000000ffff077224 */
                                                                                             /* 0x000fe400010e0607 */
        /*0680*/                   IMAD.IADD R2, R5, 0x1, R2 ;                               /* 0x0000000105027824 */
                                                                                             /* 0x004fc800078e0202 */
        /*0690*/               @P0 BRA 0x620 ;                                               /* 0xffffff8000000947 */
                                                                                             /* 0x000fea000383ffff */
        /*06a0*/                   BSYNC B2 ;                                                /* 0x0000000000027941 */
                                                                                             /* 0x000fea0003800000 */
        /*06b0*/              @!P1 BRA 0xe30 ;                                               /* 0x0000077000009947 */
                                                                                             /* 0x000fea0003800000 */
        /*06c0*/                   IMAD.IADD R5, R3, 0x1, -R4 ;                              /* 0x0000000103057824 */
                                                                                             /* 0x000fe200078e0a04 */
        /*06d0*/                   BSSY B2, 0xb00 ;                                          /* 0x0000042000027945 */
                                                                                             /* 0x000fe20003800000 */
        /*06e0*/                   IMAD.IADD R9, R4, 0x1, R9 ;                               /* 0x0000000104097824 */
                                                                                             /* 0x000fe200078e0209 */
        /*06f0*/                   PLOP3.LUT P0, PT, PT, PT, PT, 0x80, 0x0 ;                 /* 0x000000000000781c */
                                                                                             /* 0x000fe20003f0f070 */
        /*0700*/                   IMAD.MOV.U32 R12, RZ, RZ, 0x4 ;                           /* 0x00000004ff0c7424 */
                                                                                             /* 0x000fe200078e00ff */
        /*0710*/                   ISETP.GT.AND P1, PT, R5, 0xc00, PT ;                      /* 0x00000c000500780c */
                                                                                             /* 0x000fe40003f24270 */
        /*0720*/                   IADD3 R6, R9.reuse, 0x300, RZ ;                           /* 0x0000030009067810 */
                                                                                             /* 0x040fe20007ffe0ff */
        /*0730*/                   IMAD.WIDE R10, R9.reuse, R12, c[0x0][0x160] ;             /* 0x00005800090a7625 */
                                                                                             /* 0x040fe200078e020c */
        /*0740*/                   IADD3 R8, R9.reuse, 0x200, RZ ;                           /* 0x0000020009087810 */
                                                                                             /* 0x040fe40007ffe0ff */
        /*0750*/                   IADD3 R5, R9, 0x100, RZ ;                                 /* 0x0000010009057810 */
                                                                                             /* 0x000fe20007ffe0ff */
        /*0760*/                   IMAD.MOV.U32 R21, RZ, RZ, R10 ;                           /* 0x000000ffff157224 */
                                                                                             /* 0x000fc400078e000a */
        /*0770*/                   IMAD.MOV.U32 R22, RZ, RZ, R11 ;                           /* 0x000000ffff167224 */
                                                                                             /* 0x000fe400078e000b */
        /*0780*/                   IMAD.WIDE R6, R6, R12, c[0x0][0x160] ;                    /* 0x0000580006067625 */
                                                                                             /* 0x000fc800078e020c */
        /*0790*/                   IMAD.WIDE R8, R8, R12, c[0x0][0x160] ;                    /* 0x0000580008087625 */
                                                                                             /* 0x000fc800078e020c */
        /*07a0*/                   IMAD.WIDE R10, R5, R12, c[0x0][0x160] ;                   /* 0x00005800050a7625 */
                                                                                             /* 0x000fc800078e020c */
        /*07b0*/                   IMAD.MOV.U32 R30, RZ, RZ, R6 ;                            /* 0x000000ffff1e7224 */
                                                                                             /* 0x000fe400078e0006 */
        /*07c0*/                   IMAD.MOV.U32 R31, RZ, RZ, R7 ;                            /* 0x000000ffff1f7224 */
                                                                                             /* 0x000fe400078e0007 */
        /*07d0*/                   IMAD.MOV.U32 R29, RZ, RZ, R8 ;                            /* 0x000000ffff1d7224 */
                                                                                             /* 0x000fe400078e0008 */
        /*07e0*/                   IMAD.MOV.U32 R26, RZ, RZ, R9 ;                            /* 0x000000ffff1a7224 */
                                                                                             /* 0x000fe400078e0009 */
        /*07f0*/                   IMAD.MOV.U32 R23, RZ, RZ, R10 ;                           /* 0x000000ffff177224 */
                                                                                             /* 0x000fe400078e000a */
        /*0800*/                   IMAD.MOV.U32 R24, RZ, RZ, R11 ;                           /* 0x000000ffff187224 */
                                                                                             /* 0x000fe200078e000b */
        /*0810*/              @!P1 BRA 0xaf0 ;                                               /* 0x000002d000009947 */
                                                                                             /* 0x000fea0003800000 */
        /*0820*/                   PLOP3.LUT P0, PT, PT, PT, PT, 0x8, 0x0 ;                  /* 0x000000000000781c */
                                                                                             /* 0x000fe40003f0e170 */
        /*0830*/                   IADD3 R33, R3, -0xc00, RZ ;                               /* 0xfffff40003217810 */
                                                                                             /* 0x000fc40007ffe0ff */
        /*0840*/                   IMAD.MOV.U32 R6, RZ, RZ, R23 ;                            /* 0x000000ffff067224 */
                                                                                             /* 0x000fe400078e0017 */
        /*0850*/                   IMAD.MOV.U32 R7, RZ, RZ, R24 ;                            /* 0x000000ffff077224 */
                                                                                             /* 0x000fc400078e0018 */
        /*0860*/                   IMAD.MOV.U32 R8, RZ, RZ, R21 ;                            /* 0x000000ffff087224 */
                                                                                             /* 0x000fe400078e0015 */
        /*0870*/                   IMAD.MOV.U32 R9, RZ, RZ, R22 ;                            /* 0x000000ffff097224 */
                                                                                             /* 0x000fe200078e0016 */
        /*0880*/                   LDG.E.CONSTANT R14, [R6.64] ;                             /* 0x00000004060e7981 */
                                                                                             /* 0x000ea2000c1e9900 */
        /*0890*/                   IMAD.MOV.U32 R10, RZ, RZ, R30 ;                           /* 0x000000ffff0a7224 */
                                                                                             /* 0x000fe400078e001e */
        /*08a0*/                   IMAD.MOV.U32 R11, RZ, RZ, R31 ;                           /* 0x000000ffff0b7224 */
                                                                                             /* 0x000fe200078e001f */
        /*08b0*/                   LDG.E.CONSTANT R5, [R8.64] ;                              /* 0x0000000408057981 */
                                                                                             /* 0x000ea2000c1e9900 */
        /*08c0*/                   IMAD.MOV.U32 R12, RZ, RZ, R29 ;                           /* 0x000000ffff0c7224 */
                                                                                             /* 0x000fe400078e001d */
        /*08d0*/                   IMAD.MOV.U32 R13, RZ, RZ, R26 ;                           /* 0x000000ffff0d7224 */
                                                                                             /* 0x000fe200078e001a */
        /*08e0*/                   LDG.E.CONSTANT R15, [R10.64] ;                            /* 0x000000040a0f7981 */
                                                                                             /* 0x000ee8000c1e9900 */
        /*08f0*/                   LDG.E.CONSTANT R16, [R12.64] ;                            /* 0x000000040c107981 */
                                                                                             /* 0x000ee8000c1e9900 */
        /*0900*/                   LDG.E.CONSTANT R18, [R8.64+0x1000] ;                      /* 0x0010000408127981 */
                                                                                             /* 0x000f28000c1e9900 */
        /*0910*/                   LDG.E.CONSTANT R17, [R6.64+0x1000] ;                      /* 0x0010000406117981 */
                                                                                             /* 0x000f28000c1e9900 */
        /*0920*/                   LDG.E.CONSTANT R20, [R12.64+0x1000] ;                     /* 0x001000040c147981 */
                                                                                             /* 0x000f68000c1e9900 */
        /*0930*/                   LDG.E.CONSTANT R19, [R10.64+0x1000] ;                     /* 0x001000040a137981 */
                                                                                             /* 0x000f68000c1e9900 */
        /*0940*/                   LDG.E.CONSTANT R22, [R8.64+0x2000] ;                      /* 0x0020000408167981 */
                                                                                             /* 0x000f68000c1e9900 */
        /*0950*/                   LDG.E.CONSTANT R21, [R6.64+0x2000] ;                      /* 0x0020000406157981 */
                                                                                             /* 0x000f68000c1e9900 */
        /*0960*/                   LDG.E.CONSTANT R24, [R12.64+0x2000] ;                     /* 0x002000040c187981 */
                                                                                             /* 0x000f68000c1e9900 */
        /*0970*/                   LDG.E.CONSTANT R23, [R10.64+0x2000] ;                     /* 0x002000040a177981 */
                                                                                             /* 0x000f68000c1e9900 */
        /*0980*/                   LDG.E.CONSTANT R26, [R8.64+0x3000] ;                      /* 0x00300004081a7981 */
                                                                                             /* 0x000f68000c1e9900 */
        /*0990*/                   LDG.E.CONSTANT R25, [R6.64+0x3000] ;                      /* 0x0030000406197981 */
                                                                                             /* 0x000f68000c1e9900 */
        /*09a0*/                   LDG.E.CONSTANT R28, [R12.64+0x3000] ;                     /* 0x003000040c1c7981 */
                                                                                             /* 0x000f68000c1e9900 */
        /*09b0*/                   LDG.E.CONSTANT R27, [R10.64+0x3000] ;                     /* 0x003000040a1b7981 */
                                                                                             /* 0x000f62000c1e9900 */
        /*09c0*/                   IADD3 R4, R4, 0x1000, RZ ;                                /* 0x0000100004047810 */
                                                                                             /* 0x000fc80007ffe0ff */
        /*09d0*/                   ISETP.GE.AND P1, PT, R4, R33, PT ;                        /* 0x000000210400720c */
                                                                                             /* 0x000fe40003f26270 */
        /*09e0*/                   IADD3 R30, P2, R10, 0x4000, RZ ;                          /* 0x000040000a1e7810 */
                                                                                             /* 0x000fe40007f5e0ff */
        /*09f0*/                   IADD3 R29, P3, R12, 0x4000, RZ ;                          /* 0x000040000c1d7810 */
                                                                                             /* 0x000fc60007f7e0ff */
        /*0a00*/                   IMAD.X R31, RZ, RZ, R11, P2 ;                             /* 0x000000ffff1f7224 */
                                                                                             /* 0x000fe200010e060b */
        /*0a10*/                   IADD3 R5, R14, R5, R2 ;                                   /* 0x000000050e057210 */
                                                                                             /* 0x004fc80007ffe002 */
        /*0a20*/                   IADD3 R5, R15, R16, R5 ;                                  /* 0x000000100f057210 */
                                                                                             /* 0x008fc80007ffe005 */
        /*0a30*/                   IADD3 R5, R17, R18, R5 ;                                  /* 0x0000001211057210 */
                                                                                             /* 0x010fc80007ffe005 */
        /*0a40*/                   IADD3 R5, R19, R20, R5 ;                                  /* 0x0000001413057210 */
                                                                                             /* 0x020fc80007ffe005 */
        /*0a50*/                   IADD3 R5, R21, R22, R5 ;                                  /* 0x0000001615057210 */
                                                                                             /* 0x000fe40007ffe005 */
        /*0a60*/                   IADD3 R21, P5, R8, 0x4000, RZ ;                           /* 0x0000400008157810 */
                                                                                             /* 0x000fe40007fbe0ff */
        /*0a70*/                   IADD3 R5, R23, R24, R5 ;                                  /* 0x0000001817057210 */
                                                                                             /* 0x000fe40007ffe005 */
        /*0a80*/                   IADD3 R23, P4, R6, 0x4000, RZ ;                           /* 0x0000400006177810 */
                                                                                             /* 0x000fe20007f9e0ff */
        /*0a90*/                   IMAD.X R22, RZ, RZ, R9, P5 ;                              /* 0x000000ffff167224 */
                                                                                             /* 0x000fe200028e0609 */
        /*0aa0*/                   IADD3 R5, R25, R26, R5 ;                                  /* 0x0000001a19057210 */
                                                                                             /* 0x000fe20007ffe005 */
        /*0ab0*/                   IMAD.X R26, RZ, RZ, R13, P3 ;                             /* 0x000000ffff1a7224 */
                                                                                             /* 0x000fe400018e060d */
        /*0ac0*/                   IMAD.X R24, RZ, RZ, R7, P4 ;                              /* 0x000000ffff187224 */
                                                                                             /* 0x000fe200020e0607 */
        /*0ad0*/                   IADD3 R2, R27, R28, R5 ;                                  /* 0x0000001c1b027210 */
                                                                                             /* 0x000fe20007ffe005 */
        /*0ae0*/              @!P1 BRA 0x840 ;                                               /* 0xfffffd5000009947 */
                                                                                             /* 0x000fea000383ffff */
        /*0af0*/                   BSYNC B2 ;                                                /* 0x0000000000027941 */
                                                                                             /* 0x000fea0003800000 */
        /*0b00*/                   IMAD.IADD R5, R3, 0x1, -R4 ;                              /* 0x0000000103057824 */
                                                                                             /* 0x000fe200078e0a04 */
        /*0b10*/                   BSSY B2, 0xd30 ;                                          /* 0x0000021000027945 */
                                                                                             /* 0x000fe80003800000 */
        /*0b20*/                   ISETP.GT.AND P1, PT, R5, 0x400, PT ;                      /* 0x000004000500780c */
                                                                                             /* 0x000fda0003f24270 */
        /*0b30*/              @!P1 BRA 0xd20 ;                                               /* 0x000001e000009947 */
                                                                                             /* 0x000fea0003800000 */
        /*0b40*/                   IMAD.MOV.U32 R6, RZ, RZ, R21 ;                            /* 0x000000ffff067224 */
                                                                                             /* 0x000fe400078e0015 */
        /*0b50*/                   IMAD.MOV.U32 R7, RZ, RZ, R22 ;                            /* 0x000000ffff077224 */
                                                                                             /* 0x000fe400078e0016 */
        /*0b60*/                   IMAD.MOV.U32 R8, RZ, RZ, R23 ;                            /* 0x000000ffff087224 */
                                                                                             /* 0x000fe400078e0017 */
        /*0b70*/                   IMAD.MOV.U32 R9, RZ, RZ, R24 ;                            /* 0x000000ffff097224 */
                                                                                             /* 0x000fe200078e0018 */
        /*0b80*/                   LDG.E.CONSTANT R5, [R6.64] ;                              /* 0x0000000406057981 */
                                                                                             /* 0x000ea2000c1e9900 */
        /*0b90*/                   IMAD.MOV.U32 R10, RZ, RZ, R29 ;                           /* 0x000000ffff0a7224 */
                                                                                             /* 0x000fe400078e001d */
        /*0ba0*/                   IMAD.MOV.U32 R11, RZ, RZ, R26 ;                           /* 0x000000ffff0b7224 */
                                                                                             /* 0x000fe200078e001a */
        /*0bb0*/                   LDG.E.CONSTANT R14, [R8.64] ;                             /* 0x00000004080e7981 */
                                                                                             /* 0x000ea2000c1e9900 */
        /*0bc0*/                   IMAD.MOV.U32 R12, RZ, RZ, R30 ;                           /* 0x000000ffff0c7224 */
                                                                                             /* 0x000fc400078e001e */
        /*0bd0*/                   IMAD.MOV.U32 R13, RZ, RZ, R31 ;                           /* 0x000000ffff0d7224 */
                                                                                             /* 0x000fe200078e001f */
        /*0be0*/                   LDG.E.CONSTANT R16, [R10.64] ;                            /* 0x000000040a107981 */
                                                                                             /* 0x000ee8000c1e9900 */
        /*0bf0*/                   LDG.E.CONSTANT R15, [R12.64] ;                            /* 0x000000040c0f7981 */
                                                                                             /* 0x000ee8000c1e9900 */
        /*0c00*/                   LDG.E.CONSTANT R18, [R6.64+0x1000] ;                      /* 0x0010000406127981 */
                                                                                             /* 0x000f28000c1e9900 */
        /*0c10*/                   LDG.E.CONSTANT R17, [R8.64+0x1000] ;                      /* 0x0010000408117981 */
                                                                                             /* 0x000f28000c1e9900 */
        /*0c20*/                   LDG.E.CONSTANT R20, [R10.64+0x1000] ;                     /* 0x001000040a147981 */
                                                                                             /* 0x000f68000c1e9900 */
        /*0c30*/                   LDG.E.CONSTANT R19, [R12.64+0x1000] ;                     /* 0x001000040c137981 */
                                                                                             /* 0x000f62000c1e9900 */
        /*0c40*/                   IADD3 R30, P1, R30, 0x2000, RZ ;                          /* 0x000020001e1e7810 */
                                                                                             /* 0x000fc40007f3e0ff */
        /*0c50*/                   IADD3 R29, P2, R29, 0x2000, RZ ;                          /* 0x000020001d1d7810 */
                                                                                             /* 0x000fe40007f5e0ff */
        /*0c60*/                   IADD3 R23, P3, R23, 0x2000, RZ ;                          /* 0x0000200017177810 */
                                                                                             /* 0x000fe20007f7e0ff */
        /*0c70*/                   IMAD.X R31, RZ, RZ, R31, P1 ;                             /* 0x000000ffff1f7224 */
                                                                                             /* 0x000fe200008e061f */
        /*0c80*/                   IADD3 R21, P4, R21, 0x2000, RZ ;                          /* 0x0000200015157810 */
                                                                                             /* 0x000fe20007f9e0ff */
        /*0c90*/                   IMAD.X R26, RZ, RZ, R26, P2 ;                             /* 0x000000ffff1a7224 */
                                                                                             /* 0x000fe200010e061a */
        /*0ca0*/                   PLOP3.LUT P0, PT, PT, PT, PT, 0x8, 0x0 ;                  /* 0x000000000000781c */
                                                                                             /* 0x000fe20003f0e170 */
        /*0cb0*/                   IMAD.X R24, RZ, RZ, R24, P3 ;                             /* 0x000000ffff187224 */
                                                                                             /* 0x000fe200018e0618 */
        /*0cc0*/                   IADD3 R4, R4, 0x800, RZ ;                                 /* 0x0000080004047810 */
                                                                                             /* 0x000fe20007ffe0ff */
        /*0cd0*/                   IMAD.X R22, RZ, RZ, R22, P4 ;                             /* 0x000000ffff167224 */
                                                                                             /* 0x000fe200020e0616 */
        /*0ce0*/                   IADD3 R5, R14, R5, R2 ;                                   /* 0x000000050e057210 */
                                                                                             /* 0x004fc80007ffe002 */
        /*0cf0*/                   IADD3 R5, R15, R16, R5 ;                                  /* 0x000000100f057210 */
                                                                                             /* 0x008fc80007ffe005 */
        /*0d00*/                   IADD3 R5, R17, R18, R5 ;                                  /* 0x0000001211057210 */
                                                                                             /* 0x010fc80007ffe005 */
        /*0d10*/                   IADD3 R2, R19, R20, R5 ;                                  /* 0x0000001413027210 */
                                                                                             /* 0x020fe40007ffe005 */
        /*0d20*/                   BSYNC B2 ;                                                /* 0x0000000000027941 */
                                                                                             /* 0x000fea0003800000 */
        /*0d30*/                   ISETP.LT.OR P0, PT, R4, R3, P0 ;                          /* 0x000000030400720c */
                                                                                             /* 0x000fe20000701670 */
        /*0d40*/                   IMAD.MOV.U32 R4, RZ, RZ, R30 ;                            /* 0x000000ffff047224 */
                                                                                             /* 0x000fe400078e001e */
        /*0d50*/                   IMAD.MOV.U32 R5, RZ, RZ, R31 ;                            /* 0x000000ffff057224 */
                                                                                             /* 0x000fe400078e001f */
        /*0d60*/                   IMAD.MOV.U32 R6, RZ, RZ, R29 ;                            /* 0x000000ffff067224 */
                                                                                             /* 0x000fe400078e001d */
        /*0d70*/                   IMAD.MOV.U32 R7, RZ, RZ, R26 ;                            /* 0x000000ffff077224 */
                                                                                             /* 0x000fe400078e001a */
        /*0d80*/                   IMAD.MOV.U32 R8, RZ, RZ, R23 ;                            /* 0x000000ffff087224 */
                                                                                             /* 0x000fe400078e0017 */
        /*0d90*/                   IMAD.MOV.U32 R9, RZ, RZ, R24 ;                            /* 0x000000ffff097224 */
                                                                                             /* 0x000fc400078e0018 */
        /*0da0*/                   IMAD.MOV.U32 R10, RZ, RZ, R21 ;                           /* 0x000000ffff0a7224 */
                                                                                             /* 0x000fe400078e0015 */
        /*0db0*/                   IMAD.MOV.U32 R11, RZ, RZ, R22 ;                           /* 0x000000ffff0b7224 */
                                                                                             /* 0x000fe200078e0016 */
        /*0dc0*/              @!P0 BRA 0xe30 ;                                               /* 0x0000006000008947 */
                                                                                             /* 0x000fea0003800000 */
        /*0dd0*/                   LDG.E.CONSTANT R11, [R10.64] ;                            /* 0x000000040a0b7981 */
                                                                                             /* 0x000ea8000c1e9900 */
        /*0de0*/                   LDG.E.CONSTANT R8, [R8.64] ;                              /* 0x0000000408087981 */
                                                                                             /* 0x000ea8000c1e9900 */
        /*0df0*/                   LDG.E.CONSTANT R7, [R6.64] ;                              /* 0x0000000406077981 */
                                                                                             /* 0x000ee8000c1e9900 */
        /*0e00*/                   LDG.E.CONSTANT R4, [R4.64] ;                              /* 0x0000000404047981 */
                                                                                             /* 0x000ee2000c1e9900 */
        /*0e10*/                   IADD3 R2, R8, R11, R2 ;                                   /* 0x0000000b08027210 */
                                                                                             /* 0x004fc80007ffe002 */
        /*0e20*/                   IADD3 R2, R4, R7, R2 ;                                    /* 0x0000000704027210 */
                                                                                             /* 0x008fe40007ffe002 */
        /*0e30*/                   BSYNC B1 ;                                                /* 0x0000000000017941 */
                                                                                             /* 0x000fea0003800000 */
        /*0e40*/                   S2R R3, SR_LANEID ;                                       /* 0x0000000000037919 */
                                                                                             /* 0x000e220000000000 */
        /*0e50*/                   REDUX.SUM.S32 UR6, R2 ;                                   /* 0x00000000020673c4 */
                                                                                             /* 0x000e62000000c200 */
        /*0e60*/                   ISETP.NE.AND P0, PT, R3, RZ, PT ;                         /* 0x000000ff0300720c */
                                                                                             /* 0x001fe20003f05270 */
        /*0e70*/                   IMAD.U32 R5, RZ, RZ, UR6 ;                                /* 0x00000006ff057e24 */
                                                                                             /* 0x002fd8000f8e00ff */
        /*0e80*/              @!P0 SHF.R.S32.HI R3, RZ, 0x1f, R0 ;                           /* 0x0000001fff038819 */
                                                                                             /* 0x000fc80000011400 */
        /*0e90*/              @!P0 LEA.HI R3, R3, R0, RZ, 0x5 ;                              /* 0x0000000003038211 */
                                                                                             /* 0x000fc800078f28ff */
        /*0ea0*/              @!P0 SHF.R.S32.HI R4, RZ, 0x5, R3 ;                            /* 0x00000005ff048819 */
                                                                                             /* 0x000fca0000011403 */
        /*0eb0*/              @!P0 STS [R4.X4+0x8], R5 ;                                     /* 0x0000080504008388 */
                                                                                             /* 0x0001e80000004800 */
        /*0ec0*/                   BAR.SYNC.DEFER_BLOCKING 0x0 ;                             /* 0x0000000000007b1d */
                                                                                             /* 0x000fe20000010000 */
        /*0ed0*/                   ISETP.NE.AND P0, PT, R0, RZ, PT ;                         /* 0x000000ff0000720c */
                                                                                             /* 0x000fda0003f05270 */
        /*0ee0*/               @P0 BRA 0x3b60 ;                                              /* 0x00002c7000000947 */
                                                                                             /* 0x000fea0003800000 */
        /*0ef0*/                   LDS R0, [0xc] ;                                           /* 0x00000c00ff007984 */
                                                                                             /* 0x001fe80000000800 */
        /*0f00*/                   LDS.128 R8, [0x10] ;                                      /* 0x00001000ff087984 */
                                                                                             /* 0x000e280000000c00 */
        /*0f10*/                   LDS.64 R2, [0x20] ;                                       /* 0x00002000ff027984 */
                                                                                             /* 0x000e620000000a00 */
        /*0f20*/                   IADD3 R0, R8, R0, R5 ;                                    /* 0x0000000008007210 */
                                                                                             /* 0x001fc80007ffe005 */
        /*0f30*/                   IADD3 R0, R10, R9, R0 ;                                   /* 0x000000090a007210 */
                                                                                             /* 0x000fc80007ffe000 */
        /*0f40*/                   IADD3 R0, R2, R11, R0 ;                                   /* 0x0000000b02007210 */
                                                                                             /* 0x002fca0007ffe000 */
        /*0f50*/                   IMAD.IADD R5, R0, 0x1, R3 ;                               /* 0x0000000100057824 */
                                                                                             /* 0x000fe200078e0203 */
        /*0f60*/                   BRA 0x3b60 ;                                              /* 0x00002bf000007947 */
                                                                                             /* 0x000fea0003800000 */
        /*0f70*/                   ISETP.GE.AND P0, PT, R0, c[0x0][0x170], PT ;              /* 0x00005c0000007a0c */
                                                                                             /* 0x001fe20003f06270 */
        /*0f80*/                   BSSY B1, 0x1010 ;                                         /* 0x0000008000017945 */
                                                                                             /* 0x000fe20003800000 */
        /*0f90*/                   IMAD.MOV.U32 R2, RZ, RZ, RZ ;                             /* 0x000000ffff027224 */
                                                                                             /* 0x000fe400078e00ff */
        /*0fa0*/                   IMAD.MOV.U32 R6, RZ, RZ, R0 ;                             /* 0x000000ffff067224 */
                                                                                             /* 0x000fd200078e0000 */
        /*0fb0*/               @P0 BRA 0x1000 ;                                              /* 0x0000004000000947 */
                                                                                             /* 0x000fea0003800000 */
        /*0fc0*/                   IMAD.MOV.U32 R5, RZ, RZ, 0x4 ;                            /* 0x00000004ff057424 */
                                                                                             /* 0x000fc800078e00ff */
        /*0fd0*/                   IMAD.WIDE R4, R0, R5, c[0x0][0x160] ;                     /* 0x0000580000047625 */
                                                                                             /* 0x000fca00078e0205 */
        /*0fe0*/                   LDG.E.CONSTANT R2, [R4.64] ;                              /* 0x0000000404027981 */
                                                                                             /* 0x000162000c1e9900 */
        /*0ff0*/                   IADD3 R6, R0, 0x100, RZ ;                                 /* 0x0000010000067810 */
                                                                                             /* 0x000fc60007ffe0ff */
        /*1000*/                   BSYNC B1 ;                                                /* 0x0000000000017941 */
                                                                                             /* 0x000fea0003800000 */
        /*1010*/                   ISETP.GE.AND P0, PT, R6, c[0x0][0x170], PT ;              /* 0x00005c0006007a0c */
                                                                                             /* 0x000fe20003f06270 */
        /*1020*/                   BSSY B1, 0x1610 ;                                         /* 0x000005e000017945 */
                                                                                             /* 0x000fd80003800000 */
        /*1030*/               @P0 BRA 0x1600 ;                                              /* 0x000005c000000947 */
                                                                                             /* 0x000fea0003800000 */
        /*1040*/                   LOP3.LUT R4, RZ, R6, RZ, 0x33, !PT ;                      /* 0x00000006ff047212 */
                                                                                             /* 0x001fe200078e33ff */
        /*1050*/                   BSSY B2, 0x1180 ;                                         /* 0x0000012000027945 */
                                                                                             /* 0x000fe60003800000 */
        /*1060*/                   IADD3 R5, R4, c[0x0][0x170], RZ ;                         /* 0x00005c0004057a10 */
                                                                                             /* 0x000fc80007ffe0ff */
        /*1070*/                   LEA.HI R4, R5.reuse, 0x1, RZ, 0x18 ;                      /* 0x0000000105047811 */
                                                                                             /* 0x040fe400078fc0ff */
        /*1080*/                   ISETP.GE.U32.AND P1, PT, R5, 0x300, PT ;                  /* 0x000003000500780c */
                                                                                             /* 0x000fe40003f26070 */
        /*1090*/                   LOP3.LUT P0, R7, R4, 0x3, RZ, 0xc0, !PT ;                 /* 0x0000000304077812 */
                                                                                             /* 0x000fda000780c0ff */
        /*10a0*/              @!P0 BRA 0x1170 ;                                              /* 0x000000c000008947 */
                                                                                             /* 0x000fea0003800000 */
        /*10b0*/                   IMAD.MOV.U32 R5, RZ, RZ, 0x4 ;                            /* 0x00000004ff057424 */
                                                                                             /* 0x000fc800078e00ff */
        /*10c0*/                   IMAD.WIDE R4, R6, R5, c[0x0][0x160] ;                     /* 0x0000580006047625 */
                                                                                             /* 0x000fc800078e0205 */
        /*10d0*/                   IMAD.MOV.U32 R9, RZ, RZ, R5 ;                             /* 0x000000ffff097224 */
                                                                                             /* 0x000fc800078e0005 */
        /*10e0*/                   IMAD.MOV.U32 R5, RZ, RZ, R9 ;                             /* 0x000000ffff057224 */
                                                                                             /* 0x000fcc00078e0009 */
        /*10f0*/                   LDG.E.CONSTANT R5, [R4.64] ;                              /* 0x0000000404057981 */
                                                                                             /* 0x0000a2000c1e9900 */
        /*1100*/                   IADD3 R7, R7, -0x1, RZ ;                                  /* 0xffffffff07077810 */
                                                                                             /* 0x000fe40007ffe0ff */
        /*1110*/                   IADD3 R6, R6, 0x100, RZ ;                                 /* 0x0000010006067810 */
                                                                                             /* 0x000fe40007ffe0ff */
        /*1120*/                   ISETP.NE.AND P0, PT, R7, RZ, PT ;                         /* 0x000000ff0700720c */
                                                                                             /* 0x000fe40003f05270 */
        /*1130*/                   IADD3 R4, P2, R4, 0x400, RZ ;                             /* 0x0000040004047810 */
                                                                                             /* 0x001fca0007f5e0ff */
        /*1140*/                   IMAD.X R9, RZ, RZ, R9, P2 ;                               /* 0x000000ffff097224 */
                                                                                             /* 0x000fe400010e0609 */
        /*1150*/                   IMAD.IADD R2, R5, 0x1, R2 ;                               /* 0x0000000105027824 */
                                                                                             /* 0x024fc800078e0202 */
        /*1160*/               @P0 BRA 0x10e0 ;                                              /* 0xffffff7000000947 */
                                                                                             /* 0x000fea000383ffff */
        /*1170*/                   BSYNC B2 ;                                                /* 0x0000000000027941 */
                                                                                             /* 0x000fea0003800000 */
        /*1180*/              @!P1 BRA 0x1600 ;                                              /* 0x0000047000009947 */
                                                                                             /* 0x000fea0003800000 */
        /*1190*/                   IADD3 R4, -R6, c[0x0][0x170], RZ ;                        /* 0x00005c0006047a10 */
                                                                                             /* 0x000fe20007ffe1ff */
        /*11a0*/                   IMAD.MOV.U32 R5, RZ, RZ, 0x4 ;                            /* 0x00000004ff057424 */
                                                                                             /* 0x000fe200078e00ff */
        /*11b0*/                   BSSY B2, 0x1410 ;                                         /* 0x0000025000027945 */
                                                                                             /* 0x000fe20003800000 */
        /*11c0*/                   PLOP3.LUT P0, PT, PT, PT, PT, 0x80, 0x0 ;                 /* 0x000000000000781c */
                                                                                             /* 0x000fe40003f0f070 */
        /*11d0*/                   ISETP.GT.AND P1, PT, R4, 0xc00, PT ;                      /* 0x00000c000400780c */
                                                                                             /* 0x000fe20003f24270 */
        /*11e0*/                   IMAD.WIDE R4, R6, R5, c[0x0][0x160] ;                     /* 0x0000580006047625 */
                                                                                             /* 0x000fd800078e0205 */
        /*11f0*/              @!P1 BRA 0x1400 ;                                              /* 0x0000020000009947 */
                                                                                             /* 0x000fea0003800000 */
        /*1200*/                   PLOP3.LUT P0, PT, PT, PT, PT, 0x8, 0x0 ;                  /* 0x000000000000781c */
                                                                                             /* 0x000fe40003f0e170 */
        /*1210*/                   IADD3 R23, R3, -0xc00, RZ ;                               /* 0xfffff40003177810 */
                                                                                             /* 0x000fe40007ffe0ff */
        /*1220*/                   LDG.E.CONSTANT R7, [R4.64] ;                              /* 0x0000000404077981 */
                                                                                             /* 0x000ea8000c1e9900 */
        /*1230*/                   LDG.E.CONSTANT R8, [R4.64+0x400] ;                        /* 0x0004000404087981 */
                                                                                             /* 0x000ea8000c1e9900 */
        /*1240*/                   LDG.E.CONSTANT R10, [R4.64+0x800] ;                       /* 0x00080004040a7981 */
                                                                                             /* 0x0000e8000c1e9900 */
        /*1250*/                   LDG.E.CONSTANT R9, [R4.64+0xc00] ;                        /* 0x000c000404097981 */
                                                                                             /* 0x0000e8000c1e9900 */
        /*1260*/                   LDG.E.CONSTANT R12, [R4.64+0x1000] ;                      /* 0x00100004040c7981 */
                                                                                             /* 0x000128000c1e9900 */
        /*1270*/                   LDG.E.CONSTANT R11, [R4.64+0x1400] ;                      /* 0x00140004040b7981 */
                                                                                             /* 0x000128000c1e9900 */
        /*1280*/                   LDG.E.CONSTANT R14, [R4.64+0x1800] ;                      /* 0x00180004040e7981 */
                                                                                             /* 0x000128000c1e9900 */
        /*1290*/                   LDG.E.CONSTANT R13, [R4.64+0x1c00] ;                      /* 0x001c0004040d7981 */
                                                                                             /* 0x000128000c1e9900 */
        /*12a0*/                   LDG.E.CONSTANT R16, [R4.64+0x2000] ;                      /* 0x0020000404107981 */
                                                                                             /* 0x000128000c1e9900 */
        /*12b0*/                   LDG.E.CONSTANT R15, [R4.64+0x2400] ;                      /* 0x00240004040f7981 */
                                                                                             /* 0x000128000c1e9900 */
        /*12c0*/                   LDG.E.CONSTANT R18, [R4.64+0x2800] ;                      /* 0x0028000404127981 */
                                                                                             /* 0x000128000c1e9900 */
        /*12d0*/                   LDG.E.CONSTANT R17, [R4.64+0x2c00] ;                      /* 0x002c000404117981 */
                                                                                             /* 0x000128000c1e9900 */
        /*12e0*/                   LDG.E.CONSTANT R20, [R4.64+0x3000] ;                      /* 0x0030000404147981 */
                                                                                             /* 0x000128000c1e9900 */
        /*12f0*/                   LDG.E.CONSTANT R19, [R4.64+0x3400] ;                      /* 0x0034000404137981 */
                                                                                             /* 0x000128000c1e9900 */
        /*1300*/                   LDG.E.CONSTANT R22, [R4.64+0x3800] ;                      /* 0x0038000404167981 */
                                                                                             /* 0x000128000c1e9900 */
        /*1310*/                   LDG.E.CONSTANT R21, [R4.64+0x3c00] ;                      /* 0x003c000404157981 */
                                                                                             /* 0x000122000c1e9900 */
        /*1320*/                   IADD3 R6, R6, 0x1000, RZ ;                                /* 0x0000100006067810 */
                                                                                             /* 0x000fc80007ffe0ff */
        /*1330*/                   ISETP.GE.AND P1, PT, R6, R23, PT ;                        /* 0x000000170600720c */
                                                                                             /* 0x000fe40003f26270 */
        /*1340*/                   IADD3 R7, R8, R7, R2 ;                                    /* 0x0000000708077210 */
                                                                                             /* 0x024fe40007ffe002 */
        /*1350*/                   IADD3 R8, P2, R4, 0x4000, RZ ;                            /* 0x0000400004087810 */
                                                                                             /* 0x000fca0007f5e0ff */
        /*1360*/                   IMAD.X R5, RZ, RZ, R5, P2 ;                               /* 0x000000ffff057224 */
                                                                                             /* 0x001fe200010e0605 */
        /*1370*/                   IADD3 R7, R9, R10, R7 ;                                   /* 0x0000000a09077210 */
                                                                                             /* 0x008fe20007ffe007 */
        /*1380*/                   IMAD.MOV.U32 R4, RZ, RZ, R8 ;                             /* 0x000000ffff047224 */
                                                                                             /* 0x000fc600078e0008 */
        /*1390*/                   IADD3 R7, R11, R12, R7 ;                                  /* 0x0000000c0b077210 */
                                                                                             /* 0x010fc80007ffe007 */
        /*13a0*/                   IADD3 R7, R13, R14, R7 ;                                  /* 0x0000000e0d077210 */
                                                                                             /* 0x000fc80007ffe007 */
        /*13b0*/                   IADD3 R7, R15, R16, R7 ;                                  /* 0x000000100f077210 */
                                                                                             /* 0x000fc80007ffe007 */
        /*13c0*/                   IADD3 R7, R17, R18, R7 ;                                  /* 0x0000001211077210 */
                                                                                             /* 0x000fc80007ffe007 */
        /*13d0*/                   IADD3 R7, R19, R20, R7 ;                                  /* 0x0000001413077210 */
                                                                                             /* 0x000fc80007ffe007 */
        /*13e0*/                   IADD3 R2, R21, R22, R7 ;                                  /* 0x0000001615027210 */
                                                                                             /* 0x000fe20007ffe007 */
        /*13f0*/              @!P1 BRA 0x1220 ;                                              /* 0xfffffe2000009947 */
                                                                                             /* 0x000fea000383ffff */
        /*1400*/                   BSYNC B2 ;                                                /* 0x0000000000027941 */
                                                                                             /* 0x000fea0003800000 */
        /*1410*/                   IADD3 R7, -R6, c[0x0][0x170], RZ ;                        /* 0x00005c0006077a10 */
                                                                                             /* 0x000fe20007ffe1ff */
        /*1420*/                   BSSY B2, 0x1580 ;                                         /* 0x0000015000027945 */
                                                                                             /* 0x000fe60003800000 */
        /*1430*/                   ISETP.GT.AND P1, PT, R7, 0x400, PT ;                      /* 0x000004000700780c */
                                                                                             /* 0x000fda0003f24270 */
        /*1440*/              @!P1 BRA 0x1570 ;                                              /* 0x0000012000009947 */
                                                                                             /* 0x000fea0003800000 */
        /*1450*/                   LDG.E.CONSTANT R7, [R4.64] ;                              /* 0x0000000404077981 */
                                                                                             /* 0x000ea8000c1e9900 */
        /*1460*/                   LDG.E.CONSTANT R8, [R4.64+0x400] ;                        /* 0x0004000404087981 */
                                                                                             /* 0x000ea8000c1e9900 */
        /*1470*/                   LDG.E.CONSTANT R10, [R4.64+0x800] ;                       /* 0x00080004040a7981 */
                                                                                             /* 0x0000e8000c1e9900 */
        /*1480*/                   LDG.E.CONSTANT R9, [R4.64+0xc00] ;                        /* 0x000c000404097981 */
                                                                                             /* 0x0000e8000c1e9900 */
        /*1490*/                   LDG.E.CONSTANT R12, [R4.64+0x1000] ;                      /* 0x00100004040c7981 */
                                                                                             /* 0x000128000c1e9900 */
        /*14a0*/                   LDG.E.CONSTANT R11, [R4.64+0x1400] ;                      /* 0x00140004040b7981 */
                                                                                             /* 0x000128000c1e9900 */
        /*14b0*/                   LDG.E.CONSTANT R14, [R4.64+0x1800] ;                      /* 0x00180004040e7981 */
                                                                                             /* 0x000128000c1e9900 */
        /*14c0*/                   LDG.E.CONSTANT R13, [R4.64+0x1c00] ;                      /* 0x001c0004040d7981 */
                                                                                             /* 0x000122000c1e9900 */
        /*14d0*/                   PLOP3.LUT P0, PT, PT, PT, PT, 0x8, 0x0 ;                  /* 0x000000000000781c */
                                                                                             /* 0x000fc40003f0e170 */
        /*14e0*/                   IADD3 R6, R6, 0x800, RZ ;                                 /* 0x0000080006067810 */
                                                                                             /* 0x000fe40007ffe0ff */
        /*14f0*/                   IADD3 R7, R8, R7, R2 ;                                    /* 0x0000000708077210 */
                                                                                             /* 0x024fe40007ffe002 */
        /*1500*/                   IADD3 R8, P1, R4, 0x2000, RZ ;                            /* 0x0000200004087810 */
                                                                                             /* 0x000fca0007f3e0ff */
        /*1510*/                   IMAD.MOV.U32 R4, RZ, RZ, R8 ;                             /* 0x000000ffff047224 */
                                                                                             /* 0x001fe200078e0008 */
        /*1520*/                   IADD3 R7, R9, R10, R7 ;                                   /* 0x0000000a09077210 */
                                                                                             /* 0x008fe20007ffe007 */
        /*1530*/                   IMAD.X R9, RZ, RZ, R5, P1 ;                               /* 0x000000ffff097224 */
                                                                                             /* 0x000fc800008e0605 */
        /*1540*/                   IMAD.MOV.U32 R5, RZ, RZ, R9 ;                             /* 0x000000ffff057224 */
                                                                                             /* 0x000fe200078e0009 */
        /*1550*/                   IADD3 R7, R11, R12, R7 ;                                  /* 0x0000000c0b077210 */
                                                                                             /* 0x010fc80007ffe007 */
        /*1560*/                   IADD3 R2, R13, R14, R7 ;                                  /* 0x0000000e0d027210 */
                                                                                             /* 0x000fe40007ffe007 */
        /*1570*/                   BSYNC B2 ;                                                /* 0x0000000000027941 */
                                                                                             /* 0x000fea0003800000 */
        /*1580*/                   ISETP.LT.OR P0, PT, R6, c[0x0][0x170], P0 ;               /* 0x00005c0006007a0c */
                                                                                             /* 0x000fda0000701670 */
        /*1590*/              @!P0 BRA 0x1600 ;                                              /* 0x0000006000008947 */
                                                                                             /* 0x000fea0003800000 */
        /*15a0*/                   LDG.E.CONSTANT R7, [R4.64] ;                              /* 0x0000000404077981 */
                                                                                             /* 0x000ea8000c1e9900 */
        /*15b0*/                   LDG.E.CONSTANT R6, [R4.64+0x400] ;                        /* 0x0004000404067981 */
                                                                                             /* 0x000ea8000c1e9900 */
        /*15c0*/                   LDG.E.CONSTANT R9, [R4.64+0x800] ;                        /* 0x0008000404097981 */
                                                                                             /* 0x000ee8000c1e9900 */
        /*15d0*/                   LDG.E.CONSTANT R8, [R4.64+0xc00] ;                        /* 0x000c000404087981 */
                                                                                             /* 0x000ee2000c1e9900 */
        /*15e0*/                   IADD3 R2, R6, R7, R2 ;                                    /* 0x0000000706027210 */
                                                                                             /* 0x024fc80007ffe002 */
        /*15f0*/                   IADD3 R2, R8, R9, R2 ;                                    /* 0x0000000908027210 */
                                                                                             /* 0x008fe40007ffe002 */
        /*1600*/                   BSYNC B1 ;                                                /* 0x0000000000017941 */
                                                                                             /* 0x000fea0003800000 */
        /*1610*/                   S2R R5, SR_LANEID ;                                       /* 0x0000000000057919 */
                                                                                             /* 0x001e220000000000 */
        /*1620*/                   ISETP.GT.AND P0, PT, R3, 0xff, PT ;                       /* 0x000000ff0300780c */
                                                                                             /* 0x000fe40003f04270 */
        /*1630*/                   SHF.R.S32.HI R7, RZ, 0x1f, R0 ;                           /* 0x0000001fff077819 */
                                                                                             /* 0x000fc80000011400 */
        /*1640*/                   LEA.HI R7, R7, R0, RZ, 0x5 ;                              /* 0x0000000007077211 */
                                                                                             /* 0x000fc800078f28ff */
        /*1650*/                   SHF.R.S32.HI R6, RZ, 0x5, R7 ;                            /* 0x00000005ff067819 */
                                                                                             /* 0x000fc60000011407 */
        /*1660*/               @P0 BRA 0x18a0 ;                                              /* 0x0000023000000947 */
                                                                                             /* 0x000fea0003800000 */
        /*1670*/                   LEA R7, R6.reuse, 0x20, 0x5 ;                             /* 0x0000002006077811 */
                                                                                             /* 0x040fe200078e28ff */
        /*1680*/                   IMAD R4, R6, -0x20, R3 ;                                  /* 0xffffffe006047824 */
                                                                                             /* 0x000fc600078e0203 */
        /*1690*/                   ISETP.GT.AND P0, PT, R7, c[0x0][0x170], PT ;              /* 0x00005c0007007a0c */
                                                                                             /* 0x000fc80003f04270 */
        /*16a0*/                   SEL R4, R4, 0x20, P0 ;                                    /* 0x0000002004047807 */
                                                                                             /* 0x000fc80000000000 */
        /*16b0*/                   ISETP.GE.AND P0, PT, R5, R4, PT ;                         /* 0x000000040500720c */
                                                                                             /* 0x001fc80003f06270 */
        /*16c0*/                   SEL R2, R2, RZ, !P0 ;                                     /* 0x000000ff02027207 */
                                                                                             /* 0x020fe40004000000 */
        /*16d0*/                   ISETP.NE.AND P0, PT, R5, RZ, PT ;                         /* 0x000000ff0500720c */
                                                                                             /* 0x000fe40003f05270 */
        /*16e0*/                   REDUX.SUM.S32 UR6, R2 ;                                   /* 0x00000000020673c4 */
                                                                                             /* 0x000e24000000c200 */
        /*16f0*/                   IMAD.U32 R5, RZ, RZ, UR6 ;                                /* 0x00000006ff057e24 */
                                                                                             /* 0x001fd2000f8e00ff */
        /*1700*/              @!P0 STS [R6.X4+0x8], R5 ;                                     /* 0x0000080506008388 */
                                                                                             /* 0x0001e80000004800 */
        /*1710*/                   BAR.SYNC.DEFER_BLOCKING 0x0 ;                             /* 0x0000000000007b1d */
                                                                                             /* 0x000fe20000010000 */
        /*1720*/                   ISETP.NE.AND P0, PT, R0, RZ, PT ;                         /* 0x000000ff0000720c */
                                                                                             /* 0x000fda0003f05270 */
        /*1730*/               @P0 BRA 0x3b60 ;                                              /* 0x0000242000000947 */
                                                                                             /* 0x000fea0003800000 */
        /*1740*/                   LDS R0, [0xc] ;                                           /* 0x00000c00ff007984 */
                                                                                             /* 0x001e220000000800 */
        /*1750*/                   ISETP.GT.AND P1, PT, R3.reuse, 0x20, PT ;                 /* 0x000000200300780c */
                                                                                             /* 0x040fe40003f24270 */
        /*1760*/                   ISETP.GT.AND P2, PT, R3.reuse, 0x40, PT ;                 /* 0x000000400300780c */
                                                                                             /* 0x040fe20003f44270 */
        /*1770*/                   LDS.128 R8, [0x10] ;                                      /* 0x00001000ff087984 */
                                                                                             /* 0x000e620000000c00 */
        /*1780*/                   ISETP.GT.AND P3, PT, R3, 0xa0, PT ;                       /* 0x000000a00300780c */
                                                                                             /* 0x000fc60003f64270 */
        /*1790*/                   LDS.64 R6, [0x20] ;                                       /* 0x00002000ff067984 */
                                                                                             /* 0x000ea20000000a00 */
        /*17a0*/                   SEL R0, R0, RZ, P1 ;                                      /* 0x000000ff00007207 */
                                                                                             /* 0x001fe40000800000 */
        /*17b0*/                   ISETP.GT.AND P1, PT, R3.reuse, 0x60, PT ;                 /* 0x000000600300780c */
                                                                                             /* 0x040fe40003f24270 */
        /*17c0*/                   SEL R8, R8, RZ, P2 ;                                      /* 0x000000ff08087207 */
                                                                                             /* 0x002fe40001000000 */
        /*17d0*/                   ISETP.GT.AND P2, PT, R3, 0x80, PT ;                       /* 0x000000800300780c */
                                                                                             /* 0x000fe40003f44270 */
        /*17e0*/                   SEL R9, R9, RZ, P1 ;                                      /* 0x000000ff09097207 */
                                                                                             /* 0x000fe40000800000 */
        /*17f0*/                   IADD3 R0, R8, R5, R0 ;                                    /* 0x0000000508007210 */
                                                                                             /* 0x000fc40007ffe000 */
        /*1800*/                   SEL R10, R10, RZ, P2 ;                                    /* 0x000000ff0a0a7207 */
                                                                                             /* 0x000fe40001000000 */
        /*1810*/                   ISETP.GT.AND P1, PT, R3.reuse, 0xc0, PT ;                 /* 0x000000c00300780c */
                                                                                             /* 0x040fe40003f24270 */
        /*1820*/                   ISETP.GT.AND P2, PT, R3, 0xe0, PT ;                       /* 0x000000e00300780c */
                                                                                             /* 0x000fe40003f44270 */
        /*1830*/                   SEL R11, R11, RZ, P3 ;                                    /* 0x000000ff0b0b7207 */
                                                                                             /* 0x000fe40001800000 */
        /*1840*/                   IADD3 R0, R10, R0, R9 ;                                   /* 0x000000000a007210 */
                                                                                             /* 0x000fe40007ffe009 */
        /*1850*/                   SEL R6, R6, RZ, P1 ;                                      /* 0x000000ff06067207 */
                                                                                             /* 0x004fc40000800000 */
        /*1860*/                   SEL R7, R7, RZ, P2 ;                                      /* 0x000000ff07077207 */
                                                                                             /* 0x000fe40001000000 */
        /*1870*/                   IADD3 R0, R6, R0, R11 ;                                   /* 0x0000000006007210 */
                                                                                             /* 0x000fca0007ffe00b */
        /*1880*/                   IMAD.IADD R5, R0, 0x1, R7 ;                               /* 0x0000000100057824 */
                                                                                             /* 0x000fe200078e0207 */
        /*1890*/                   BRA 0x3b60 ;                                              /* 0x000022c000007947 */
                                                                                             /* 0x000fea0003800000 */
        /*18a0*/                   REDUX.SUM.S32 UR6, R2 ;                                   /* 0x00000000020673c4 */
                                                                                             /* 0x020e62000000c200 */
        /*18b0*/                   ISETP.NE.AND P0, PT, R5, RZ, PT ;                         /* 0x000000ff0500720c */
                                                                                             /* 0x001fe20003f05270 */
        /*18c0*/                   IMAD.U32 R5, RZ, RZ, UR6 ;                                /* 0x00000006ff057e24 */
                                                                                             /* 0x002fd8000f8e00ff */
        /*18d0*/              @!P0 STS [R6.X4+0x8], R5 ;                                     /* 0x0000080506008388 */
                                                                                             /* 0x0001e80000004800 */
        /*18e0*/                   BAR.SYNC.DEFER_BLOCKING 0x0 ;                             /* 0x0000000000007b1d */
                                                                                             /* 0x000fe20000010000 */
        /*18f0*/                   ISETP.NE.AND P0, PT, R0, RZ, PT ;                         /* 0x000000ff0000720c */
                                                                                             /* 0x000fda0003f05270 */
        /*1900*/               @P0 BRA 0x3b60 ;                                              /* 0x0000225000000947 */
                                                                                             /* 0x000fea0003800000 */
        /*1910*/                   LDS R0, [0xc] ;                                           /* 0x00000c00ff007984 */
                                                                                             /* 0x001fe80000000800 */
        /*1920*/                   LDS.128 R8, [0x10] ;                                      /* 0x00001000ff087984 */
                                                                                             /* 0x000e280000000c00 */
        /*1930*/                   LDS.64 R2, [0x20] ;                                       /* 0x00002000ff027984 */
                                                                                             /* 0x000e620000000a00 */
        /*1940*/                   IADD3 R0, R8, R0, R5 ;                                    /* 0x0000000008007210 */
                                                                                             /* 0x001fc80007ffe005 */
        /*1950*/                   IADD3 R0, R10, R9, R0 ;                                   /* 0x000000090a007210 */
                                                                                             /* 0x000fc80007ffe000 */
        /*1960*/                   IADD3 R0, R2, R11, R0 ;                                   /* 0x0000000b02007210 */
                                                                                             /* 0x002fca0007ffe000 */
        /*1970*/                   IMAD.IADD R5, R0, 0x1, R3 ;                               /* 0x0000000100057824 */
                                                                                             /* 0x000fe200078e0203 */
        /*1980*/                   BRA 0x3b60 ;                                              /* 0x000021d000007947 */
                                                                                             /* 0x000fea0003800000 */
        /*1990*/                   IMAD.MOV.U32 R68, RZ, RZ, c[0x0][0x170] ;                 /* 0x00005c00ff447624 */
                                                                                             /* 0x000fca00078e00ff */
        /*19a0*/                   ISETP.GE.AND P0, PT, R68, 0x1000, PT ;                    /* 0x000010004400780c */
                                                                                             /* 0x000fda0003f06270 */
        /*19b0*/              @!P0 BRA 0x2710 ;                                              /* 0x00000d5000008947 */
                                                                                             /* 0x000fea0003800000 */
        /*19c0*/                   IMAD.SHL.U32 R4, R0, 0x4, RZ ;                            /* 0x0000000400047824 */
                                                                                             /* 0x001fe400078e00ff */
        /*19d0*/                   IMAD.MOV.U32 R5, RZ, RZ, 0x4 ;                            /* 0x00000004ff057424 */
                                                                                             /* 0x000fc800078e00ff */
        /*19e0*/                   IMAD.WIDE.U32 R4, R4, R5, c[0x0][0x160] ;                 /* 0x0000580004047625 */
                                                                                             /* 0x000fca00078e0005 */
        /*19f0*/                   LDG.E.128.CONSTANT R8, [R4.64] ;                          /* 0x0000000404087981 */
                                                                                             /* 0x000ea8000c1e9d00 */
        /*1a00*/                   LDG.E.128.CONSTANT R12, [R4.64+0x1000] ;                  /* 0x00100004040c7981 */
                                                                                             /* 0x000ee8000c1e9d00 */
        /*1a10*/                   LDG.E.128.CONSTANT R16, [R4.64+0x2000] ;                  /* 0x0020000404107981 */
                                                                                             /* 0x000f28000c1e9d00 */
        /*1a20*/                   LDG.E.128.CONSTANT R20, [R4.64+0x3000] ;                  /* 0x0030000404147981 */
                                                                                             /* 0x000f62000c1e9d00 */
        /*1a30*/                   ISETP.GE.AND P0, PT, R68, 0x2000, PT ;                    /* 0x000020004400780c */
                                                                                             /* 0x000fe20003f06270 */
        /*1a40*/                   IMAD.MOV.U32 R25, RZ, RZ, 0x1000 ;                        /* 0x00001000ff197424 */
                                                                                             /* 0x000fe200078e00ff */
        /*1a50*/                   IADD3 R9, R10, R9, R8 ;                                   /* 0x000000090a097210 */
                                                                                             /* 0x004fc80007ffe008 */
        /*1a60*/                   IADD3 R9, R12, R11, R9 ;                                  /* 0x0000000b0c097210 */
                                                                                             /* 0x008fc80007ffe009 */
        /*1a70*/                   IADD3 R9, R14, R13, R9 ;                                  /* 0x0000000d0e097210 */
                                                                                             /* 0x000fc80007ffe009 */
        /*1a80*/                   IADD3 R9, R16, R15, R9 ;                                  /* 0x0000000f10097210 */
                                                                                             /* 0x010fc80007ffe009 */
        /*1a90*/                   IADD3 R9, R18, R17, R9 ;                                  /* 0x0000001112097210 */
                                                                                             /* 0x000fc80007ffe009 */
        /*1aa0*/                   IADD3 R9, R20, R19, R9 ;                                  /* 0x0000001314097210 */
                                                                                             /* 0x020fc80007ffe009 */
        /*1ab0*/                   IADD3 R9, R22, R21, R9 ;                                  /* 0x0000001516097210 */
                                                                                             /* 0x000fca0007ffe009 */
        /*1ac0*/                   IMAD.IADD R3, R23, 0x1, R9 ;                              /* 0x0000000117037824 */
                                                                                             /* 0x000fe200078e0209 */
        /*1ad0*/              @!P0 BRA 0x1c80 ;                                              /* 0x000001a000008947 */
                                                                                             /* 0x000fea0003800000 */
        /*1ae0*/                   IADD3 R68, R68, -0x1000, RZ ;                             /* 0xfffff00044447810 */
                                                                                             /* 0x000fe20007ffe0ff */
        /*1af0*/                   IMAD.MOV.U32 R20, RZ, RZ, R4 ;                            /* 0x000000ffff147224 */
                                                                                             /* 0x000fe400078e0004 */
        /*1b00*/                   IMAD.MOV.U32 R21, RZ, RZ, R5 ;                            /* 0x000000ffff157224 */
                                                                                             /* 0x000fe400078e0005 */
        /*1b10*/                   IMAD.MOV.U32 R25, RZ, RZ, 0x1000 ;                        /* 0x00001000ff197424 */
                                                                                             /* 0x000fe400078e00ff */
        /*1b20*/                   IMAD.MOV.U32 R2, RZ, RZ, R68 ;                            /* 0x000000ffff027224 */
                                                                                             /* 0x000fe400078e0044 */
        /*1b30*/                   LDG.E.128.CONSTANT R8, [R20.64+0x4000] ;                  /* 0x0040000414087981 */
                                                                                             /* 0x000ea8000c1e9d00 */
        /*1b40*/                   LDG.E.128.CONSTANT R12, [R20.64+0x5000] ;                 /* 0x00500004140c7981 */
                                                                                             /* 0x0000e8000c1e9d00 */
        /*1b50*/                   LDG.E.128.CONSTANT R16, [R20.64+0x6000] ;                 /* 0x0060000414107981 */
                                                                                             /* 0x000128000c1e9d00 */
        /*1b60*/                   LDG.E.128.CONSTANT R4, [R20.64+0x7000] ;                  /* 0x0070000414047981 */
                                                                                             /* 0x000162000c1e9d00 */
        /*1b70*/                   ISETP.GE.AND P0, PT, R2, 0x1000, PT ;                     /* 0x000010000200780c */
                                                                                             /* 0x000fc40003f06270 */
        /*1b80*/                   IADD3 R3, R9, R8, R3 ;                                    /* 0x0000000809037210 */
                                                                                             /* 0x004fe40007ffe003 */
        /*1b90*/                   IADD3 R8, P1, R20, 0x4000, RZ ;                           /* 0x0000400014087810 */
                                                                                             /* 0x000fe40007f3e0ff */
        /*1ba0*/                   IADD3 R3, R11, R10, R3 ;                                  /* 0x0000000a0b037210 */
                                                                                             /* 0x000fc60007ffe003 */
        /*1bb0*/                   IMAD.X R21, RZ, RZ, R21, P1 ;                             /* 0x000000ffff157224 */
                                                                                             /* 0x001fe200008e0615 */
        /*1bc0*/                   IADD3 R3, R13, R12, R3 ;                                  /* 0x0000000c0d037210 */
                                                                                             /* 0x008fc80007ffe003 */
        /*1bd0*/                   IADD3 R3, R15, R14, R3 ;                                  /* 0x0000000e0f037210 */
                                                                                             /* 0x000fc80007ffe003 */
        /*1be0*/                   IADD3 R3, R17, R16, R3 ;                                  /* 0x0000001011037210 */
                                                                                             /* 0x010fc80007ffe003 */
        /*1bf0*/                   IADD3 R3, R19, R18, R3 ;                                  /* 0x0000001213037210 */
                                                                                             /* 0x000fc80007ffe003 */
        /*1c00*/                   IADD3 R3, R5, R4, R3 ;                                    /* 0x0000000405037210 */
                                                                                             /* 0x020fc80007ffe003 */
        /*1c10*/                   IADD3 R3, R7, R6, R3 ;                                    /* 0x0000000607037210 */
                                                                                             /* 0x000fe20007ffe003 */
        /*1c20*/              @!P0 BRA 0x25e0 ;                                              /* 0x000009b000008947 */
                                                                                             /* 0x000fea0003800000 */
        /*1c30*/                   IADD3 R25, R25, 0x1000, RZ ;                              /* 0x0000100019197810 */
                                                                                             /* 0x000fe20007ffe0ff */
        /*1c40*/                   IMAD.MOV.U32 R20, RZ, RZ, R8 ;                            /* 0x000000ffff147224 */
                                                                                             /* 0x000fe200078e0008 */
        /*1c50*/                   IADD3 R2, R2, -0x1000, RZ ;                               /* 0xfffff00002027810 */
                                                                                             /* 0x000fe40007ffe0ff */
        /*1c60*/                   ISETP.GT.AND P0, PT, R25, R68, PT ;                       /* 0x000000441900720c */
                                                                                             /* 0x000fda0003f04270 */
        /*1c70*/              @!P0 BRA 0x1b30 ;                                              /* 0xfffffeb000008947 */
                                                                                             /* 0x000fea000383ffff */
        /*1c80*/                   ISETP.GE.AND P0, PT, R25, c[0x0][0x170], PT ;             /* 0x00005c0019007a0c */
                                                                                             /* 0x000fda0003f06270 */
        /*1c90*/               @P0 BRA 0x25e0 ;                                              /* 0x0000094000000947 */
                                                                                             /* 0x000fea0003800000 */
        /*1ca0*/                   IADD3 R5, -R25, c[0x0][0x170], RZ ;                       /* 0x00005c0019057a10 */
                                                                                             /* 0x000fe20007ffe1ff */
        /*1cb0*/                   BSSY B1, 0x25e0 ;                                         /* 0x0000092000017945 */
                                                                                             /* 0x000fe60003800000 */
        /*1cc0*/                   ISETP.GE.AND P0, PT, R0, R5, PT ;                         /* 0x000000050000720c */
                                                                                             /* 0x000fda0003f06270 */
        /*1cd0*/               @P0 BRA 0x25d0 ;                                              /* 0x000008f000000947 */
                                                                                             /* 0x000fea0003800000 */
        /*1ce0*/                   LOP3.LUT R6, RZ, R0, RZ, 0x33, !PT ;                      /* 0x00000000ff067212 */
                                                                                             /* 0x000fe200078e33ff */
        /*1cf0*/                   BSSY B2, 0x1e50 ;                                         /* 0x0000015000027945 */
                                                                                             /* 0x000fe60003800000 */
        /*1d00*/                   IADD3 R6, -R25, c[0x0][0x170], R6 ;                       /* 0x00005c0019067a10 */
                                                                                             /* 0x000fc80007ffe106 */
        /*1d10*/                   LEA.HI R2, R6.reuse, 0x1, RZ, 0x18 ;                      /* 0x0000000106027811 */
                                                                                             /* 0x040fe400078fc0ff */
        /*1d20*/                   ISETP.GE.U32.AND P1, PT, R6, 0x300, PT ;                  /* 0x000003000600780c */
                                                                                             /* 0x000fe40003f26070 */
        /*1d30*/                   LOP3.LUT P0, R4, R2, 0x3, RZ, 0xc0, !PT ;                 /* 0x0000000302047812 */
                                                                                             /* 0x000fe2000780c0ff */
        /*1d40*/                   IMAD.MOV.U32 R2, RZ, RZ, R0 ;                             /* 0x000000ffff027224 */
                                                                                             /* 0x000fd800078e0000 */
        /*1d50*/              @!P0 BRA 0x1e40 ;                                              /* 0x000000e000008947 */
                                                                                             /* 0x000fea0003800000 */
        /*1d60*/                   IMAD.IADD R6, R0, 0x1, R25 ;                              /* 0x0000000100067824 */
                                                                                             /* 0x000fe400078e0219 */
        /*1d70*/                   IMAD.MOV.U32 R7, RZ, RZ, 0x4 ;                            /* 0x00000004ff077424 */
                                                                                             /* 0x000fe400078e00ff */
        /*1d80*/                   IMAD.MOV.U32 R2, RZ, RZ, R0 ;                             /* 0x000000ffff027224 */
                                                                                             /* 0x000fe400078e0000 */
        /*1d90*/                   IMAD.WIDE R6, R6, R7, c[0x0][0x160] ;                     /* 0x0000580006067625 */
                                                                                             /* 0x000fc800078e0207 */
        /*1da0*/                   IMAD.MOV.U32 R8, RZ, RZ, R6 ;                             /* 0x000000ffff087224 */
                                                                                             /* 0x000fc800078e0006 */
        /*1db0*/                   IMAD.MOV.U32 R6, RZ, RZ, R8 ;                             /* 0x000000ffff067224 */
                                                                                             /* 0x000fcc00078e0008 */
        /*1dc0*/                   LDG.E.CONSTANT R6, [R6.64] ;                              /* 0x0000000406067981 */
                                                                                             /* 0x0000a2000c1e9900 */
        /*1dd0*/                   IADD3 R4, R4, -0x1, RZ ;                                  /* 0xffffffff04047810 */
                                                                                             /* 0x000fe40007ffe0ff */
        /*1de0*/                   IADD3 R8, P2, R8, 0x400, RZ ;                             /* 0x0000040008087810 */
                                                                                             /* 0x000fe40007f5e0ff */
        /*1df0*/                   ISETP.NE.AND P0, PT, R4, RZ, PT ;                         /* 0x000000ff0400720c */
                                                                                             /* 0x000fe40003f05270 */
        /*1e00*/                   IADD3 R2, R2, 0x100, RZ ;                                 /* 0x0000010002027810 */
                                                                                             /* 0x000fe20007ffe0ff */
        /*1e10*/                   IMAD.X R7, RZ, RZ, R7, P2 ;                               /* 0x000000ffff077224 */
                                                                                             /* 0x001fe400010e0607 */
        /*1e20*/                   IMAD.IADD R3, R6, 0x1, R3 ;                               /* 0x0000000106037824 */
                                                                                             /* 0x004fd000078e0203 */
        /*1e30*/               @P0 BRA 0x1db0 ;                                              /* 0xffffff7000000947 */
                                                                                             /* 0x000fea000383ffff */
        /*1e40*/                   BSYNC B2 ;                                                /* 0x0000000000027941 */
                                                                                             /* 0x000fea0003800000 */
        /*1e50*/              @!P1 BRA 0x25d0 ;                                              /* 0x0000077000009947 */
                                                                                             /* 0x000fea0003800000 */
        /*1e60*/                   IMAD.IADD R7, R5, 0x1, -R2 ;                              /* 0x0000000105077824 */
                                                                                             /* 0x000fe200078e0a02 */
        /*1e70*/                   BSSY B2, 0x22a0 ;                                         /* 0x0000042000027945 */
                                                                                             /* 0x000fe20003800000 */
        /*1e80*/                   IMAD.IADD R25, R2, 0x1, R25 ;                             /* 0x0000000102197824 */
                                                                                             /* 0x000fe200078e0219 */
        /*1e90*/                   PLOP3.LUT P0, PT, PT, PT, PT, 0x80, 0x0 ;                 /* 0x000000000000781c */
                                                                                             /* 0x000fe20003f0f070 */
        /*1ea0*/                   IMAD.MOV.U32 R4, RZ, RZ, 0x4 ;                            /* 0x00000004ff047424 */
                                                                                             /* 0x000fe200078e00ff */
        /*1eb0*/                   ISETP.GT.AND P1, PT, R7, 0xc00, PT ;                      /* 0x00000c000700780c */
                                                                                             /* 0x000fe40003f24270 */
        /*1ec0*/                   IADD3 R6, R25.reuse, 0x300, RZ ;                          /* 0x0000030019067810 */
                                                                                             /* 0x040fe20007ffe0ff */
        /*1ed0*/                   IMAD.WIDE R10, R25.reuse, R4, c[0x0][0x160] ;             /* 0x00005800190a7625 */
                                                                                             /* 0x040fe200078e0204 */
        /*1ee0*/                   IADD3 R8, R25.reuse, 0x200, RZ ;                          /* 0x0000020019087810 */
                                                                                             /* 0x040fe40007ffe0ff */
        /*1ef0*/                   IADD3 R25, R25, 0x100, RZ ;                               /* 0x0000010019197810 */
                                                                                             /* 0x000fe20007ffe0ff */
        /*1f00*/                   IMAD.MOV.U32 R21, RZ, RZ, R10 ;                           /* 0x000000ffff157224 */
                                                                                             /* 0x000fc400078e000a */
        /*1f10*/                   IMAD.MOV.U32 R22, RZ, RZ, R11 ;                           /* 0x000000ffff167224 */
                                                                                             /* 0x000fe400078e000b */
        /*1f20*/                   IMAD.WIDE R6, R6, R4, c[0x0][0x160] ;                     /* 0x0000580006067625 */
                                                                                             /* 0x000fc800078e0204 */
        /*1f30*/                   IMAD.WIDE R8, R8, R4, c[0x0][0x160] ;                     /* 0x0000580008087625 */
                                                                                             /* 0x000fc800078e0204 */
        /*1f40*/                   IMAD.WIDE R10, R25, R4, c[0x0][0x160] ;                   /* 0x00005800190a7625 */
                                                                                             /* 0x000fc800078e0204 */
        /*1f50*/                   IMAD.MOV.U32 R30, RZ, RZ, R6 ;                            /* 0x000000ffff1e7224 */
                                                                                             /* 0x000fe400078e0006 */
        /*1f60*/                   IMAD.MOV.U32 R31, RZ, RZ, R7 ;                            /* 0x000000ffff1f7224 */
                                                                                             /* 0x000fe400078e0007 */
        /*1f70*/                   IMAD.MOV.U32 R29, RZ, RZ, R8 ;                            /* 0x000000ffff1d7224 */
                                                                                             /* 0x000fe400078e0008 */
        /*1f80*/                   IMAD.MOV.U32 R26, RZ, RZ, R9 ;                            /* 0x000000ffff1a7224 */
                                                                                             /* 0x000fe400078e0009 */
        /*1f90*/                   IMAD.MOV.U32 R23, RZ, RZ, R10 ;                           /* 0x000000ffff177224 */
                                                                                             /* 0x000fe400078e000a */
        /*1fa0*/                   IMAD.MOV.U32 R24, RZ, RZ, R11 ;                           /* 0x000000ffff187224 */
                                                                                             /* 0x000fe200078e000b */
        /*1fb0*/              @!P1 BRA 0x2290 ;                                              /* 0x000002d000009947 */
                                                                                             /* 0x000fea0003800000 */
        /*1fc0*/                   PLOP3.LUT P0, PT, PT, PT, PT, 0x8, 0x0 ;                  /* 0x000000000000781c */
                                                                                             /* 0x000fe40003f0e170 */
        /*1fd0*/                   IADD3 R33, R5, -0xc00, RZ ;                               /* 0xfffff40005217810 */
                                                                                             /* 0x000fc40007ffe0ff */
        /*1fe0*/                   IMAD.MOV.U32 R6, RZ, RZ, R23 ;                            /* 0x000000ffff067224 */
                                                                                             /* 0x000fe400078e0017 */
        /*1ff0*/                   IMAD.MOV.U32 R7, RZ, RZ, R24 ;                            /* 0x000000ffff077224 */
                                                                                             /* 0x000fc400078e0018 */
        /*2000*/                   IMAD.MOV.U32 R8, RZ, RZ, R21 ;                            /* 0x000000ffff087224 */
                                                                                             /* 0x000fe400078e0015 */
        /*2010*/                   IMAD.MOV.U32 R9, RZ, RZ, R22 ;                            /* 0x000000ffff097224 */
                                                                                             /* 0x000fe200078e0016 */
        /*2020*/                   LDG.E.CONSTANT R14, [R6.64] ;                             /* 0x00000004060e7981 */
                                                                                             /* 0x000ea2000c1e9900 */
        /*2030*/                   IMAD.MOV.U32 R10, RZ, RZ, R30 ;                           /* 0x000000ffff0a7224 */
                                                                                             /* 0x000fe400078e001e */
        /*2040*/                   IMAD.MOV.U32 R11, RZ, RZ, R31 ;                           /* 0x000000ffff0b7224 */
                                                                                             /* 0x000fe200078e001f */
        /*2050*/                   LDG.E.CONSTANT R4, [R8.64] ;                              /* 0x0000000408047981 */
                                                                                             /* 0x000ea2000c1e9900 */
        /*2060*/                   IMAD.MOV.U32 R12, RZ, RZ, R29 ;                           /* 0x000000ffff0c7224 */
                                                                                             /* 0x000fe400078e001d */
        /*2070*/                   IMAD.MOV.U32 R13, RZ, RZ, R26 ;                           /* 0x000000ffff0d7224 */
                                                                                             /* 0x000fe200078e001a */
        /*2080*/                   LDG.E.CONSTANT R16, [R10.64] ;                            /* 0x000000040a107981 */
                                                                                             /* 0x000ee8000c1e9900 */
        /*2090*/                   LDG.E.CONSTANT R15, [R12.64] ;                            /* 0x000000040c0f7981 */
                                                                                             /* 0x000ee8000c1e9900 */
        /*20a0*/                   LDG.E.CONSTANT R17, [R8.64+0x1000] ;                      /* 0x0010000408117981 */
                                                                                             /* 0x000f28000c1e9900 */
        /*20b0*/                   LDG.E.CONSTANT R18, [R6.64+0x1000] ;                      /* 0x0010000406127981 */
                                                                                             /* 0x000f28000c1e9900 */
        /*20c0*/                   LDG.E.CONSTANT R19, [R12.64+0x1000] ;                     /* 0x001000040c137981 */
                                                                                             /* 0x000f68000c1e9900 */
        /*20d0*/                   LDG.E.CONSTANT R20, [R10.64+0x1000] ;                     /* 0x001000040a147981 */
                                                                                             /* 0x000f68000c1e9900 */
        /*20e0*/                   LDG.E.CONSTANT R21, [R8.64+0x2000] ;                      /* 0x0020000408157981 */
                                                                                             /* 0x000f68000c1e9900 */
        /*20f0*/                   LDG.E.CONSTANT R22, [R6.64+0x2000] ;                      /* 0x0020000406167981 */
                                                                                             /* 0x000f68000c1e9900 */
        /*2100*/                   LDG.E.CONSTANT R23, [R12.64+0x2000] ;                     /* 0x002000040c177981 */
                                                                                             /* 0x000f68000c1e9900 */
        /*2110*/                   LDG.E.CONSTANT R24, [R10.64+0x2000] ;                     /* 0x002000040a187981 */
                                                                                             /* 0x000f68000c1e9900 */
        /*2120*/                   LDG.E.CONSTANT R25, [R8.64+0x3000] ;                      /* 0x0030000408197981 */
                                                                                             /* 0x000f68000c1e9900 */
        /*2130*/                   LDG.E.CONSTANT R26, [R6.64+0x3000] ;                      /* 0x00300004061a7981 */
                                                                                             /* 0x000f68000c1e9900 */
        /*2140*/                   LDG.E.CONSTANT R27, [R12.64+0x3000] ;                     /* 0x003000040c1b7981 */
                                                                                             /* 0x000f68000c1e9900 */
        /*2150*/                   LDG.E.CONSTANT R28, [R10.64+0x3000] ;                     /* 0x003000040a1c7981 */
                                                                                             /* 0x000f62000c1e9900 */
        /*2160*/                   IADD3 R2, R2, 0x1000, RZ ;                                /* 0x0000100002027810 */
                                                                                             /* 0x000fc80007ffe0ff */
        /*2170*/                   ISETP.GE.AND P1, PT, R2, R33, PT ;                        /* 0x000000210200720c */
                                                                                             /* 0x000fe40003f26270 */
        /*2180*/                   IADD3 R30, P2, R10, 0x4000, RZ ;                          /* 0x000040000a1e7810 */
                                                                                             /* 0x000fe40007f5e0ff */
        /*2190*/                   IADD3 R29, P3, R12, 0x4000, RZ ;                          /* 0x000040000c1d7810 */
                                                                                             /* 0x000fc60007f7e0ff */
        /*21a0*/                   IMAD.X R31, RZ, RZ, R11, P2 ;                             /* 0x000000ffff1f7224 */
                                                                                             /* 0x000fe200010e060b */
        /*21b0*/                   IADD3 R4, R14, R4, R3 ;                                   /* 0x000000040e047210 */
                                                                                             /* 0x004fc80007ffe003 */
        /*21c0*/                   IADD3 R4, R16, R15, R4 ;                                  /* 0x0000000f10047210 */
                                                                                             /* 0x008fc80007ffe004 */
        /*21d0*/                   IADD3 R4, R18, R17, R4 ;                                  /* 0x0000001112047210 */
                                                                                             /* 0x010fc80007ffe004 */
        /*21e0*/                   IADD3 R4, R20, R19, R4 ;                                  /* 0x0000001314047210 */
                                                                                             /* 0x020fc80007ffe004 */
        /*21f0*/                   IADD3 R4, R22, R21, R4 ;                                  /* 0x0000001516047210 */
                                                                                             /* 0x000fe40007ffe004 */
        /*2200*/                   IADD3 R21, P5, R8, 0x4000, RZ ;                           /* 0x0000400008157810 */
                                                                                             /* 0x000fe40007fbe0ff */
        /*2210*/                   IADD3 R4, R24, R23, R4 ;                                  /* 0x0000001718047210 */
                                                                                             /* 0x000fe40007ffe004 */
        /*2220*/                   IADD3 R23, P4, R6, 0x4000, RZ ;                           /* 0x0000400006177810 */
                                                                                             /* 0x000fe20007f9e0ff */
        /*2230*/                   IMAD.X R22, RZ, RZ, R9, P5 ;                              /* 0x000000ffff167224 */
                                                                                             /* 0x000fe200028e0609 */
        /*2240*/                   IADD3 R4, R26, R25, R4 ;                                  /* 0x000000191a047210 */
                                                                                             /* 0x000fe20007ffe004 */
        /*2250*/                   IMAD.X R26, RZ, RZ, R13, P3 ;                             /* 0x000000ffff1a7224 */
                                                                                             /* 0x000fe400018e060d */
        /*2260*/                   IMAD.X R24, RZ, RZ, R7, P4 ;                              /* 0x000000ffff187224 */
                                                                                             /* 0x000fe200020e0607 */
        /*2270*/                   IADD3 R3, R28, R27, R4 ;                                  /* 0x0000001b1c037210 */
                                                                                             /* 0x000fe20007ffe004 */
        /*2280*/              @!P1 BRA 0x1fe0 ;                                              /* 0xfffffd5000009947 */
                                                                                             /* 0x000fea000383ffff */
        /*2290*/                   BSYNC B2 ;                                                /* 0x0000000000027941 */
                                                                                             /* 0x000fea0003800000 */
        /*22a0*/                   IMAD.IADD R4, R5, 0x1, -R2 ;                              /* 0x0000000105047824 */
                                                                                             /* 0x000fe200078e0a02 */
        /*22b0*/                   BSSY B2, 0x24d0 ;                                         /* 0x0000021000027945 */
                                                                                             /* 0x000fe80003800000 */
        /*22c0*/                   ISETP.GT.AND P1, PT, R4, 0x400, PT ;                      /* 0x000004000400780c */
                                                                                             /* 0x000fda0003f24270 */
        /*22d0*/              @!P1 BRA 0x24c0 ;                                              /* 0x000001e000009947 */
                                                                                             /* 0x000fea0003800000 */
        /*22e0*/                   IMAD.MOV.U32 R6, RZ, RZ, R21 ;                            /* 0x000000ffff067224 */
                                                                                             /* 0x000fe400078e0015 */
        /*22f0*/                   IMAD.MOV.U32 R7, RZ, RZ, R22 ;                            /* 0x000000ffff077224 */
                                                                                             /* 0x000fe400078e0016 */
        /*2300*/                   IMAD.MOV.U32 R8, RZ, RZ, R23 ;                            /* 0x000000ffff087224 */
                                                                                             /* 0x000fe400078e0017 */
        /*2310*/                   IMAD.MOV.U32 R9, RZ, RZ, R24 ;                            /* 0x000000ffff097224 */
                                                                                             /* 0x000fe200078e0018 */
        /*2320*/                   LDG.E.CONSTANT R4, [R6.64] ;                              /* 0x0000000406047981 */
                                                                                             /* 0x000ea2000c1e9900 */
        /*2330*/                   IMAD.MOV.U32 R10, RZ, RZ, R29 ;                           /* 0x000000ffff0a7224 */
                                                                                             /* 0x000fe400078e001d */
        /*2340*/                   IMAD.MOV.U32 R11, RZ, RZ, R26 ;                           /* 0x000000ffff0b7224 */
                                                                                             /* 0x000fe200078e001a */
        /*2350*/                   LDG.E.CONSTANT R14, [R8.64] ;                             /* 0x00000004080e7981 */
                                                                                             /* 0x000ea2000c1e9900 */
        /*2360*/                   IMAD.MOV.U32 R12, RZ, RZ, R30 ;                           /* 0x000000ffff0c7224 */
                                                                                             /* 0x000fc400078e001e */
        /*2370*/                   IMAD.MOV.U32 R13, RZ, RZ, R31 ;                           /* 0x000000ffff0d7224 */
                                                                                             /* 0x000fe200078e001f */
        /*2380*/                   LDG.E.CONSTANT R15, [R10.64] ;                            /* 0x000000040a0f7981 */
                                                                                             /* 0x000ee8000c1e9900 */
        /*2390*/                   LDG.E.CONSTANT R16, [R12.64] ;                            /* 0x000000040c107981 */
                                                                                             /* 0x000ee8000c1e9900 */
        /*23a0*/                   LDG.E.CONSTANT R17, [R6.64+0x1000] ;                      /* 0x0010000406117981 */
                                                                                             /* 0x000f28000c1e9900 */
        /*23b0*/                   LDG.E.CONSTANT R18, [R8.64+0x1000] ;                      /* 0x0010000408127981 */
                                                                                             /* 0x000f28000c1e9900 */
        /*23c0*/                   LDG.E.CONSTANT R19, [R10.64+0x1000] ;                     /* 0x001000040a137981 */
                                                                                             /* 0x000f68000c1e9900 */
        /*23d0*/                   LDG.E.CONSTANT R20, [R12.64+0x1000] ;                     /* 0x001000040c147981 */
                                                                                             /* 0x000f62000c1e9900 */
        /*23e0*/                   IADD3 R30, P1, R30, 0x2000, RZ ;                          /* 0x000020001e1e7810 */
                                                                                             /* 0x000fc40007f3e0ff */
        /*23f0*/                   IADD3 R29, P2, R29, 0x2000, RZ ;                          /* 0x000020001d1d7810 */
                                                                                             /* 0x000fe40007f5e0ff */
        /*2400*/                   IADD3 R23, P3, R23, 0x2000, RZ ;                          /* 0x0000200017177810 */
                                                                                             /* 0x000fe20007f7e0ff */
        /*2410*/                   IMAD.X R31, RZ, RZ, R31, P1 ;                             /* 0x000000ffff1f7224 */
                                                                                             /* 0x000fe200008e061f */
        /*2420*/                   IADD3 R21, P4, R21, 0x2000, RZ ;                          /* 0x0000200015157810 */
                                                                                             /* 0x000fe20007f9e0ff */
        /*2430*/                   IMAD.X R26, RZ, RZ, R26, P2 ;                             /* 0x000000ffff1a7224 */
                                                                                             /* 0x000fe200010e061a */
        /*2440*/                   PLOP3.LUT P0, PT, PT, PT, PT, 0x8, 0x0 ;                  /* 0x000000000000781c */
                                                                                             /* 0x000fe20003f0e170 */
        /*2450*/                   IMAD.X R24, RZ, RZ, R24, P3 ;                             /* 0x000000ffff187224 */
                                                                                             /* 0x000fe200018e0618 */
        /*2460*/                   IADD3 R2, R2, 0x800, RZ ;                                 /* 0x0000080002027810 */
                                                                                             /* 0x000fe20007ffe0ff */
        /*2470*/                   IMAD.X R22, RZ, RZ, R22, P4 ;                             /* 0x000000ffff167224 */
                                                                                             /* 0x000fe200020e0616 */
        /*2480*/                   IADD3 R4, R14, R4, R3 ;                                   /* 0x000000040e047210 */
                                                                                             /* 0x004fc80007ffe003 */
        /*2490*/                   IADD3 R4, R16, R15, R4 ;                                  /* 0x0000000f10047210 */
                                                                                             /* 0x008fc80007ffe004 */
        /*24a0*/                   IADD3 R4, R18, R17, R4 ;                                  /* 0x0000001112047210 */
                                                                                             /* 0x010fc80007ffe004 */
        /*24b0*/                   IADD3 R3, R20, R19, R4 ;                                  /* 0x0000001314037210 */
                                                                                             /* 0x020fe40007ffe004 */
        /*24c0*/                   BSYNC B2 ;                                                /* 0x0000000000027941 */
                                                                                             /* 0x000fea0003800000 */
        /*24d0*/                   ISETP.LT.OR P0, PT, R2, R5, P0 ;                          /* 0x000000050200720c */
                                                                                             /* 0x000fe20000701670 */
        /*24e0*/                   IMAD.MOV.U32 R4, RZ, RZ, R30 ;                            /* 0x000000ffff047224 */
                                                                                             /* 0x000fe400078e001e */
        /*24f0*/                   IMAD.MOV.U32 R5, RZ, RZ, R31 ;                            /* 0x000000ffff057224 */
                                                                                             /* 0x000fe400078e001f */
        /*2500*/                   IMAD.MOV.U32 R6, RZ, RZ, R29 ;                            /* 0x000000ffff067224 */
                                                                                             /* 0x000fe400078e001d */
        /*2510*/                   IMAD.MOV.U32 R7, RZ, RZ, R26 ;                            /* 0x000000ffff077224 */
                                                                                             /* 0x000fe400078e001a */
        /*2520*/                   IMAD.MOV.U32 R8, RZ, RZ, R23 ;                            /* 0x000000ffff087224 */
                                                                                             /* 0x000fe400078e0017 */
        /*2530*/                   IMAD.MOV.U32 R9, RZ, RZ, R24 ;                            /* 0x000000ffff097224 */
                                                                                             /* 0x000fc400078e0018 */
        /*2540*/                   IMAD.MOV.U32 R10, RZ, RZ, R21 ;                           /* 0x000000ffff0a7224 */
                                                                                             /* 0x000fe400078e0015 */
        /*2550*/                   IMAD.MOV.U32 R11, RZ, RZ, R22 ;                           /* 0x000000ffff0b7224 */
                                                                                             /* 0x000fe200078e0016 */
        /*2560*/              @!P0 BRA 0x25d0 ;                                              /* 0x0000006000008947 */
                                                                                             /* 0x000fea0003800000 */
        /*2570*/                   LDG.E.CONSTANT R10, [R10.64] ;                            /* 0x000000040a0a7981 */
                                                                                             /* 0x000ea8000c1e9900 */
        /*2580*/                   LDG.E.CONSTANT R8, [R8.64] ;                              /* 0x0000000408087981 */
                                                                                             /* 0x000ea8000c1e9900 */
        /*2590*/                   LDG.E.CONSTANT R6, [R6.64] ;                              /* 0x0000000406067981 */
                                                                                             /* 0x000ee8000c1e9900 */
        /*25a0*/                   LDG.E.CONSTANT R4, [R4.64] ;                              /* 0x0000000404047981 */
                                                                                             /* 0x000ee2000c1e9900 */
        /*25b0*/                   IADD3 R3, R8, R10, R3 ;                                   /* 0x0000000a08037210 */
                                                                                             /* 0x004fc80007ffe003 */
        /*25c0*/                   IADD3 R3, R4, R6, R3 ;                                    /* 0x0000000604037210 */
                                                                                             /* 0x008fe40007ffe003 */
        /*25d0*/                   BSYNC B1 ;                                                /* 0x0000000000017941 */
                                                                                             /* 0x000fea0003800000 */
        /*25e0*/                   S2R R2, SR_LANEID ;                                       /* 0x0000000000027919 */
                                                                                             /* 0x000e220000000000 */
        /*25f0*/                   REDUX.SUM.S32 UR6, R3 ;                                   /* 0x00000000030673c4 */
                                                                                             /* 0x000e62000000c200 */
        /*2600*/                   ISETP.NE.AND P0, PT, R2, RZ, PT ;                         /* 0x000000ff0200720c */
                                                                                             /* 0x001fda0003f05270 */
        /*2610*/              @!P0 SHF.R.S32.HI R5, RZ, 0x1f, R0 ;                           /* 0x0000001fff058819 */
                                                                                             /* 0x000fc80000011400 */
        /*2620*/              @!P0 LEA.HI R2, R5, R0, RZ, 0x5 ;                              /* 0x0000000005028211 */
                                                                                             /* 0x000fe200078f28ff */
        /*2630*/                   IMAD.U32 R5, RZ, RZ, UR6 ;                                /* 0x00000006ff057e24 */
                                                                                             /* 0x002fc6000f8e00ff */
        /*2640*/              @!P0 SHF.R.S32.HI R2, RZ, 0x5, R2 ;                            /* 0x00000005ff028819 */
                                                                                             /* 0x000fca0000011402 */
        /*2650*/              @!P0 STS [R2.X4+0x8], R5 ;                                     /* 0x0000080502008388 */
                                                                                             /* 0x0001e80000004800 */
        /*2660*/                   BAR.SYNC.DEFER_BLOCKING 0x0 ;                             /* 0x0000000000007b1d */
                                                                                             /* 0x000fe20000010000 */
        /*2670*/                   ISETP.NE.AND P0, PT, R0, RZ, PT ;                         /* 0x000000ff0000720c */
                                                                                             /* 0x000fda0003f05270 */
        /*2680*/               @P0 BRA 0x3b60 ;                                              /* 0x000014d000000947 */
                                                                                             /* 0x000fea0003800000 */
        /*2690*/                   LDS R0, [0xc] ;                                           /* 0x00000c00ff007984 */
                                                                                             /* 0x001fe80000000800 */
        /*26a0*/                   LDS.128 R8, [0x10] ;                                      /* 0x00001000ff087984 */
                                                                                             /* 0x000e280000000c00 */
        /*26b0*/                   LDS.64 R2, [0x20] ;                                       /* 0x00002000ff027984 */
                                                                                             /* 0x000e620000000a00 */
        /*26c0*/                   IADD3 R0, R8, R0, R5 ;                                    /* 0x0000000008007210 */
                                                                                             /* 0x001fc80007ffe005 */
        /*26d0*/                   IADD3 R0, R10, R9, R0 ;                                   /* 0x000000090a007210 */
                                                                                             /* 0x000fc80007ffe000 */
        /*26e0*/                   IADD3 R0, R2, R11, R0 ;                                   /* 0x0000000b02007210 */
                                                                                             /* 0x002fca0007ffe000 */
        /*26f0*/                   IMAD.IADD R5, R0, 0x1, R3 ;                               /* 0x0000000100057824 */
                                                                                             /* 0x000fe200078e0203 */
        /*2700*/                   BRA 0x3b60 ;                                              /* 0x0000145000007947 */
                                                                                             /* 0x000fea0003800000 */
        /*2710*/                   ISETP.GT.AND P0, PT, R68, 0x3ff, PT ;                     /* 0x000003ff4400780c */
                                                                                             /* 0x000fe20003f04270 */
        /*2720*/                   BSSY B1, 0x3800 ;                                         /* 0x000010d000017945 */
                                                                                             /* 0x000fd80003800000 */
        /*2730*/               @P0 BRA 0x2dd0 ;                                              /* 0x0000069000000947 */
                                                                                             /* 0x000fea0003800000 */
        /*2740*/                   ISETP.GE.AND P0, PT, R0, c[0x0][0x170], PT ;              /* 0x00005c0000007a0c */
                                                                                             /* 0x001fe20003f06270 */
        /*2750*/                   BSSY B2, 0x27e0 ;                                         /* 0x0000008000027945 */
                                                                                             /* 0x000fe20003800000 */
        /*2760*/                   IMAD.MOV.U32 R73, RZ, RZ, RZ ;                            /* 0x000000ffff497224 */
                                                                                             /* 0x000fe400078e00ff */
        /*2770*/                   IMAD.MOV.U32 R4, RZ, RZ, R0 ;                             /* 0x000000ffff047224 */
                                                                                             /* 0x000fd200078e0000 */
        /*2780*/               @P0 BRA 0x27d0 ;                                              /* 0x0000004000000947 */
                                                                                             /* 0x000fea0003800000 */
        /*2790*/                   IMAD.MOV.U32 R3, RZ, RZ, 0x4 ;                            /* 0x00000004ff037424 */
                                                                                             /* 0x000fc800078e00ff */
        /*27a0*/                   IMAD.WIDE R2, R0, R3, c[0x0][0x160] ;                     /* 0x0000580000027625 */
                                                                                             /* 0x000fca00078e0203 */
        /*27b0*/                   LDG.E.CONSTANT R73, [R2.64] ;                             /* 0x0000000402497981 */
                                                                                             /* 0x000162000c1e9900 */
        /*27c0*/                   IADD3 R4, R0, 0x100, RZ ;                                 /* 0x0000010000047810 */
                                                                                             /* 0x000fc60007ffe0ff */
        /*27d0*/                   BSYNC B2 ;                                                /* 0x0000000000027941 */
                                                                                             /* 0x000fea0003800000 */
        /*27e0*/                   ISETP.GE.AND P0, PT, R4, c[0x0][0x170], PT ;              /* 0x00005c0004007a0c */
                                                                                             /* 0x000fda0003f06270 */
        /*27f0*/               @P0 BRA 0x37f0 ;                                              /* 0x00000ff000000947 */
                                                                                             /* 0x000fea0003800000 */
        /*2800*/                   LOP3.LUT R2, RZ, R4, RZ, 0x33, !PT ;                      /* 0x00000004ff027212 */
                                                                                             /* 0x001fe200078e33ff */
        /*2810*/                   BSSY B2, 0x2940 ;                                         /* 0x0000012000027945 */
                                                                                             /* 0x000fe60003800000 */
        /*2820*/                   IADD3 R3, R2, c[0x0][0x170], RZ ;                         /* 0x00005c0002037a10 */
                                                                                             /* 0x000fc80007ffe0ff */
        /*2830*/                   LEA.HI R2, R3.reuse, 0x1, RZ, 0x18 ;                      /* 0x0000000103027811 */
                                                                                             /* 0x040fe400078fc0ff */
        /*2840*/                   ISETP.GE.U32.AND P1, PT, R3, 0x300, PT ;                  /* 0x000003000300780c */
                                                                                             /* 0x000fe40003f26070 */
        /*2850*/                   LOP3.LUT P0, R5, R2, 0x3, RZ, 0xc0, !PT ;                 /* 0x0000000302057812 */
                                                                                             /* 0x000fda000780c0ff */
        /*2860*/              @!P0 BRA 0x2930 ;                                              /* 0x000000c000008947 */
                                                                                             /* 0x000fea0003800000 */
        /*2870*/                   IMAD.MOV.U32 R3, RZ, RZ, 0x4 ;                            /* 0x00000004ff037424 */
                                                                                             /* 0x000fc800078e00ff */
        /*2880*/                   IMAD.WIDE R2, R4, R3, c[0x0][0x160] ;                     /* 0x0000580004027625 */
                                                                                             /* 0x000fc800078e0203 */
        /*2890*/                   IMAD.MOV.U32 R6, RZ, RZ, R2 ;                             /* 0x000000ffff067224 */
                                                                                             /* 0x000fc800078e0002 */
        /*28a0*/                   IMAD.MOV.U32 R2, RZ, RZ, R6 ;                             /* 0x000000ffff027224 */
                                                                                             /* 0x000fcc00078e0006 */
        /*28b0*/                   LDG.E.CONSTANT R2, [R2.64] ;                              /* 0x0000000402027981 */
                                                                                             /* 0x0000a2000c1e9900 */
        /*28c0*/                   IADD3 R5, R5, -0x1, RZ ;                                  /* 0xffffffff05057810 */
                                                                                             /* 0x000fe40007ffe0ff */
        /*28d0*/                   IADD3 R6, P2, R6, 0x400, RZ ;                             /* 0x0000040006067810 */
                                                                                             /* 0x000fe40007f5e0ff */
        /*28e0*/                   ISETP.NE.AND P0, PT, R5, RZ, PT ;                         /* 0x000000ff0500720c */
                                                                                             /* 0x000fe40003f05270 */
        /*28f0*/                   IADD3 R4, R4, 0x100, RZ ;                                 /* 0x0000010004047810 */
                                                                                             /* 0x000fe20007ffe0ff */
        /*2900*/                   IMAD.X R3, RZ, RZ, R3, P2 ;                               /* 0x000000ffff037224 */
                                                                                             /* 0x001fe400010e0603 */
        /*2910*/                   IMAD.IADD R73, R2, 0x1, R73 ;                             /* 0x0000000102497824 */
                                                                                             /* 0x024fd000078e0249 */
        /*2920*/               @P0 BRA 0x28a0 ;                                              /* 0xffffff7000000947 */
                                                                                             /* 0x000fea000383ffff */
        /*2930*/                   BSYNC B2 ;                                                /* 0x0000000000027941 */
                                                                                             /* 0x000fea0003800000 */
        /*2940*/              @!P1 BRA 0x37f0 ;                                              /* 0x00000ea000009947 */
                                                                                             /* 0x000fea0003800000 */
        /*2950*/                   IADD3 R2, -R4, c[0x0][0x170], RZ ;                        /* 0x00005c0004027a10 */
                                                                                             /* 0x000fe20007ffe1ff */
        /*2960*/                   IMAD.MOV.U32 R3, RZ, RZ, 0x4 ;                            /* 0x00000004ff037424 */
                                                                                             /* 0x000fe200078e00ff */
        /*2970*/                   BSSY B2, 0x2bd0 ;                                         /* 0x0000025000027945 */
                                                                                             /* 0x000fe20003800000 */
        /*2980*/                   PLOP3.LUT P0, PT, PT, PT, PT, 0x80, 0x0 ;                 /* 0x000000000000781c */
                                                                                             /* 0x000fe40003f0f070 */
        /*2990*/                   ISETP.GT.AND P1, PT, R2, 0xc00, PT ;                      /* 0x00000c000200780c */
                                                                                             /* 0x000fe20003f24270 */
        /*29a0*/                   IMAD.WIDE R2, R4, R3, c[0x0][0x160] ;                     /* 0x0000580004027625 */
                                                                                             /* 0x000fd800078e0203 */
        /*29b0*/              @!P1 BRA 0x2bc0 ;                                              /* 0x0000020000009947 */
                                                                                             /* 0x000fea0003800000 */
        /*29c0*/                   PLOP3.LUT P0, PT, PT, PT, PT, 0x8, 0x0 ;                  /* 0x000000000000781c */
                                                                                             /* 0x000fe40003f0e170 */
        /*29d0*/                   IADD3 R21, R68, -0xc00, RZ ;                              /* 0xfffff40044157810 */
                                                                                             /* 0x000fe40007ffe0ff */
        /*29e0*/                   LDG.E.CONSTANT R6, [R2.64] ;                              /* 0x0000000402067981 */
                                                                                             /* 0x000ea8000c1e9900 */
        /*29f0*/                   LDG.E.CONSTANT R5, [R2.64+0x400] ;                        /* 0x0004000402057981 */
                                                                                             /* 0x000ea8000c1e9900 */
        /*2a00*/                   LDG.E.CONSTANT R8, [R2.64+0x800] ;                        /* 0x0008000402087981 */
                                                                                             /* 0x0000e8000c1e9900 */
        /*2a10*/                   LDG.E.CONSTANT R7, [R2.64+0xc00] ;                        /* 0x000c000402077981 */
                                                                                             /* 0x0000e8000c1e9900 */
        /*2a20*/                   LDG.E.CONSTANT R10, [R2.64+0x1000] ;                      /* 0x00100004020a7981 */
                                                                                             /* 0x000128000c1e9900 */
        /*2a30*/                   LDG.E.CONSTANT R9, [R2.64+0x1400] ;                       /* 0x0014000402097981 */
                                                                                             /* 0x000128000c1e9900 */
        /*2a40*/                   LDG.E.CONSTANT R12, [R2.64+0x1800] ;                      /* 0x00180004020c7981 */
                                                                                             /* 0x000128000c1e9900 */
        /*2a50*/                   LDG.E.CONSTANT R11, [R2.64+0x1c00] ;                      /* 0x001c0004020b7981 */
                                                                                             /* 0x000128000c1e9900 */
        /*2a60*/                   LDG.E.CONSTANT R14, [R2.64+0x2000] ;                      /* 0x00200004020e7981 */
                                                                                             /* 0x000128000c1e9900 */
        /*2a70*/                   LDG.E.CONSTANT R13, [R2.64+0x2400] ;                      /* 0x00240004020d7981 */
                                                                                             /* 0x000128000c1e9900 */
        /*2a80*/                   LDG.E.CONSTANT R16, [R2.64+0x2800] ;                      /* 0x0028000402107981 */
                                                                                             /* 0x000128000c1e9900 */
        /*2a90*/                   LDG.E.CONSTANT R15, [R2.64+0x2c00] ;                      /* 0x002c0004020f7981 */
                                                                                             /* 0x000128000c1e9900 */
        /*2aa0*/                   LDG.E.CONSTANT R18, [R2.64+0x3000] ;                      /* 0x0030000402127981 */
                                                                                             /* 0x000128000c1e9900 */
        /*2ab0*/                   LDG.E.CONSTANT R17, [R2.64+0x3400] ;                      /* 0x0034000402117981 */
                                                                                             /* 0x000128000c1e9900 */
        /*2ac0*/                   LDG.E.CONSTANT R20, [R2.64+0x3800] ;                      /* 0x0038000402147981 */
                                                                                             /* 0x000128000c1e9900 */
        /*2ad0*/                   LDG.E.CONSTANT R19, [R2.64+0x3c00] ;                      /* 0x003c000402137981 */
                                                                                             /* 0x000122000c1e9900 */
        /*2ae0*/                   IADD3 R4, R4, 0x1000, RZ ;                                /* 0x0000100004047810 */
                                                                                             /* 0x000fc80007ffe0ff */
        /*2af0*/                   ISETP.GE.AND P1, PT, R4, R21, PT ;                        /* 0x000000150400720c */
                                                                                             /* 0x000fe40003f26270 */
        /*2b00*/                   IADD3 R5, R5, R6, R73 ;                                   /* 0x0000000605057210 */
                                                                                             /* 0x024fe40007ffe049 */
        /*2b10*/                   IADD3 R6, P2, R2, 0x4000, RZ ;                            /* 0x0000400002067810 */
                                                                                             /* 0x000fca0007f5e0ff */
        /*2b20*/                   IMAD.X R3, RZ, RZ, R3, P2 ;                               /* 0x000000ffff037224 */
                                                                                             /* 0x001fe200010e0603 */
        /*2b30*/                   IADD3 R5, R7, R8, R5 ;                                    /* 0x0000000807057210 */
                                                                                             /* 0x008fe20007ffe005 */
        /*2b40*/                   IMAD.MOV.U32 R2, RZ, RZ, R6 ;                             /* 0x000000ffff027224 */
                                                                                             /* 0x000fc600078e0006 */
        /*2b50*/                   IADD3 R5, R9, R10, R5 ;                                   /* 0x0000000a09057210 */
                                                                                             /* 0x010fc80007ffe005 */
        /*2b60*/                   IADD3 R5, R11, R12, R5 ;                                  /* 0x0000000c0b057210 */
                                                                                             /* 0x000fc80007ffe005 */
        /*2b70*/                   IADD3 R5, R13, R14, R5 ;                                  /* 0x0000000e0d057210 */
                                                                                             /* 0x000fc80007ffe005 */
        /*2b80*/                   IADD3 R5, R15, R16, R5 ;                                  /* 0x000000100f057210 */
                                                                                             /* 0x000fc80007ffe005 */
        /*2b90*/                   IADD3 R5, R17, R18, R5 ;                                  /* 0x0000001211057210 */
                                                                                             /* 0x000fc80007ffe005 */
        /*2ba0*/                   IADD3 R73, R19, R20, R5 ;                                 /* 0x0000001413497210 */
                                                                                             /* 0x000fe20007ffe005 */
        /*2bb0*/              @!P1 BRA 0x29e0 ;                                              /* 0xfffffe2000009947 */
                                                                                             /* 0x000fea000383ffff */
        /*2bc0*/                   BSYNC B2 ;                                                /* 0x0000000000027941 */
                                                                                             /* 0x000fea0003800000 */
        /*2bd0*/                   IADD3 R5, -R4, c[0x0][0x170], RZ ;                        /* 0x00005c0004057a10 */
                                                                                             /* 0x000fe20007ffe1ff */
        /*2be0*/                   BSSY B2, 0x2d40 ;                                         /* 0x0000015000027945 */
                                                                                             /* 0x000fe60003800000 */
        /*2bf0*/                   ISETP.GT.AND P1, PT, R5, 0x400, PT ;                      /* 0x000004000500780c */
                                                                                             /* 0x000fda0003f24270 */
        /*2c00*/              @!P1 BRA 0x2d30 ;                                              /* 0x0000012000009947 */
                                                                                             /* 0x000fea0003800000 */
        /*2c10*/                   LDG.E.CONSTANT R6, [R2.64] ;                              /* 0x0000000402067981 */
                                                                                             /* 0x000ea8000c1e9900 */
        /*2c20*/                   LDG.E.CONSTANT R5, [R2.64+0x400] ;                        /* 0x0004000402057981 */
                                                                                             /* 0x000ea8000c1e9900 */
        /*2c30*/                   LDG.E.CONSTANT R8, [R2.64+0x800] ;                        /* 0x0008000402087981 */
                                                                                             /* 0x0000e8000c1e9900 */
        /*2c40*/                   LDG.E.CONSTANT R7, [R2.64+0xc00] ;                        /* 0x000c000402077981 */
                                                                                             /* 0x0000e8000c1e9900 */
        /*2c50*/                   LDG.E.CONSTANT R10, [R2.64+0x1000] ;                      /* 0x00100004020a7981 */
                                                                                             /* 0x000128000c1e9900 */
        /*2c60*/                   LDG.E.CONSTANT R9, [R2.64+0x1400] ;                       /* 0x0014000402097981 */
                                                                                             /* 0x000128000c1e9900 */
        /*2c70*/                   LDG.E.CONSTANT R12, [R2.64+0x1800] ;                      /* 0x00180004020c7981 */
                                                                                             /* 0x000128000c1e9900 */
        /*2c80*/                   LDG.E.CONSTANT R11, [R2.64+0x1c00] ;                      /* 0x001c0004020b7981 */
                                                                                             /* 0x000122000c1e9900 */
        /*2c90*/                   PLOP3.LUT P0, PT, PT, PT, PT, 0x8, 0x0 ;                  /* 0x000000000000781c */
                                                                                             /* 0x000fc40003f0e170 */
        /*2ca0*/                   IADD3 R4, R4, 0x800, RZ ;                                 /* 0x0000080004047810 */
                                                                                             /* 0x000fe40007ffe0ff */
        /*2cb0*/                   IADD3 R5, R5, R6, R73 ;                                   /* 0x0000000605057210 */
                                                                                             /* 0x024fe40007ffe049 */
        /*2cc0*/                   IADD3 R6, P1, R2, 0x2000, RZ ;                            /* 0x0000200002067810 */
                                                                                             /* 0x000fca0007f3e0ff */
        /*2cd0*/                   IMAD.MOV.U32 R2, RZ, RZ, R6 ;                             /* 0x000000ffff027224 */
                                                                                             /* 0x001fe200078e0006 */
        /*2ce0*/                   IADD3 R5, R7, R8, R5 ;                                    /* 0x0000000807057210 */
                                                                                             /* 0x008fe20007ffe005 */
        /*2cf0*/                   IMAD.X R7, RZ, RZ, R3, P1 ;                               /* 0x000000ffff077224 */
                                                                                             /* 0x000fc800008e0603 */
        /*2d00*/                   IMAD.MOV.U32 R3, RZ, RZ, R7 ;                             /* 0x000000ffff037224 */
                                                                                             /* 0x000fe200078e0007 */
        /*2d10*/                   IADD3 R5, R9, R10, R5 ;                                   /* 0x0000000a09057210 */
                                                                                             /* 0x010fc80007ffe005 */
        /*2d20*/                   IADD3 R73, R11, R12, R5 ;                                 /* 0x0000000c0b497210 */
                                                                                             /* 0x000fe40007ffe005 */
        /*2d30*/                   BSYNC B2 ;                                                /* 0x0000000000027941 */
                                                                                             /* 0x000fea0003800000 */
        /*2d40*/                   ISETP.LT.OR P0, PT, R4, c[0x0][0x170], P0 ;               /* 0x00005c0004007a0c */
                                                                                             /* 0x000fda0000701670 */
        /*2d50*/              @!P0 BRA 0x37f0 ;                                              /* 0x00000a9000008947 */
                                                                                             /* 0x000fea0003800000 */
        /*2d60*/                   LDG.E.CONSTANT R4, [R2.64] ;                              /* 0x0000000402047981 */
                                                                                             /* 0x000ea8000c1e9900 */
        /*2d70*/                   LDG.E.CONSTANT R5, [R2.64+0x400] ;                        /* 0x0004000402057981 */
                                                                                             /* 0x000ea8000c1e9900 */
        /*2d80*/                   LDG.E.CONSTANT R7, [R2.64+0x800] ;                        /* 0x0008000402077981 */
                                                                                             /* 0x000ee8000c1e9900 */
        /*2d90*/                   LDG.E.CONSTANT R6, [R2.64+0xc00] ;                        /* 0x000c000402067981 */
                                                                                             /* 0x000ee2000c1e9900 */
        /*2da0*/                   IADD3 R4, R5, R4, R73 ;                                   /* 0x0000000405047210 */
                                                                                             /* 0x024fc80007ffe049 */
        /*2db0*/                   IADD3 R73, R6, R7, R4 ;                                   /* 0x0000000706497210 */
                                                                                             /* 0x008fe20007ffe004 */
        /*2dc0*/                   BRA 0x37f0 ;                                              /* 0x00000a2000007947 */
                                                                                             /* 0x000fea0003800000 */
        /*2dd0*/                   SHF.R.U32.HI R71, RZ, 0x2, R68 ;                          /* 0x00000002ff477819 */
                                                                                             /* 0x000fe20000011644 */
        /*2de0*/                   BSSY B4, 0x3780 ;                                         /* 0x0000099000047945 */
                                                                                             /* 0x000fe20003800000 */
        /*2df0*/                   IMAD.MOV.U32 R73, RZ, RZ, RZ ;                            /* 0x000000ffff497224 */
                                                                                             /* 0x000fe400078e00ff */
        /*2e00*/                   LOP3.LUT R71, R71, 0x3fff, RZ, 0xc0, !PT ;                /* 0x00003fff47477812 */
                                                                                             /* 0x000fc800078ec0ff */
        /*2e10*/                   ISETP.GE.AND P0, PT, R0, R71, PT ;                        /* 0x000000470000720c */
                                                                                             /* 0x001fda0003f06270 */
        /*2e20*/               @P0 BRA 0x3770 ;                                              /* 0x0000094000000947 */
                                                                                             /* 0x000fea0003800000 */
        /*2e30*/                   LOP3.LUT R2, RZ, R0, RZ, 0x33, !PT ;                      /* 0x00000000ff027212 */
                                                                                             /* 0x000fe200078e33ff */
        /*2e40*/                   BSSY B3, 0x36b0 ;                                         /* 0x0000086000037945 */
                                                                                             /* 0x000fe20003800000 */
        /*2e50*/                   IMAD.MOV.U32 R73, RZ, RZ, RZ ;                            /* 0x000000ffff497224 */
                                                                                             /* 0x000fe400078e00ff */
        /*2e60*/                   IMAD.MOV.U32 R69, RZ, RZ, R0 ;                            /* 0x000000ffff457224 */
                                                                                             /* 0x000fe400078e0000 */
        /*2e70*/                   IMAD.IADD R3, R71, 0x1, R2 ;                              /* 0x0000000147037824 */
                                                                                             /* 0x000fca00078e0202 */
        /*2e80*/                   ISETP.GE.U32.AND P0, PT, R3.reuse, 0x300, PT ;            /* 0x000003000300780c */
                                                                                             /* 0x040fe40003f06070 */
        /*2e90*/                   LEA.HI R72, R3, 0x1, RZ, 0x18 ;                           /* 0x0000000103487811 */
                                                                                             /* 0x000fc800078fc0ff */
        /*2ea0*/                   LOP3.LUT R72, R72, 0x3, RZ, 0xc0, !PT ;                   /* 0x0000000348487812 */
                                                                                             /* 0x000fce00078ec0ff */
        /*2eb0*/              @!P0 BRA 0x36a0 ;                                              /* 0x000007e000008947 */
                                                                                             /* 0x000fea0003800000 */
        /*2ec0*/                   LEA.HI R70, R3, -R72, RZ, 0x18 ;                          /* 0x8000004803467211 */
                                                                                             /* 0x000fe200078fc0ff */
        /*2ed0*/                   IMAD.MOV.U32 R3, RZ, RZ, 0x10 ;                           /* 0x00000010ff037424 */
                                                                                             /* 0x000fe200078e00ff */
        /*2ee0*/                   BSSY B2, 0x3570 ;                                         /* 0x0000068000027945 */
                                                                                             /* 0x000fe20003800000 */
        /*2ef0*/                   IMAD.MOV.U32 R73, RZ, RZ, RZ ;                            /* 0x000000ffff497224 */
                                                                                             /* 0x000fe200078e00ff */
        /*2f00*/                   ISETP.GT.AND P0, PT, R70, -0x1, PT ;                      /* 0xffffffff4600780c */
                                                                                             /* 0x000fe20003f04270 */
        /*2f10*/                   IMAD.MOV.U32 R69, RZ, RZ, R0 ;                            /* 0x000000ffff457224 */
                                                                                             /* 0x000fe400078e0000 */
        /*2f20*/                   IMAD.WIDE R2, R0, R3, c[0x0][0x160] ;                     /* 0x0000580000027625 */
                                                                                             /* 0x000fd400078e0203 */
        /*2f30*/              @!P0 BRA 0x3560 ;                                              /* 0x0000062000008947 */
                                                                                             /* 0x000fea0003800000 */
        /*2f40*/                   IADD3 R4, R70, 0x1, RZ ;                                  /* 0x0000000146047810 */
                                                                                             /* 0x000fe20007ffe0ff */
        /*2f50*/                   BSSY B5, 0x3310 ;                                         /* 0x000003b000057945 */
                                                                                             /* 0x000fe20003800000 */
        /*2f60*/                   PLOP3.LUT P0, PT, PT, PT, PT, 0x80, 0x0 ;                 /* 0x000000000000781c */
                                                                                             /* 0x000fe40003f0f070 */
        /*2f70*/                   ISETP.GT.AND P1, PT, R4, 0xc, PT ;                        /* 0x0000000c0400780c */
                                                                                             /* 0x000fda0003f24270 */
        /*2f80*/              @!P1 BRA 0x3300 ;                                              /* 0x0000037000009947 */
                                                                                             /* 0x000fea0003800000 */
        /*2f90*/                   PLOP3.LUT P0, PT, PT, PT, PT, 0x8, 0x0 ;                  /* 0x000000000000781c */
                                                                                             /* 0x000fe40003f0e170 */
        /*2fa0*/                   LDG.E.128.CONSTANT R4, [R2.64] ;                          /* 0x0000000402047981 */
                                                                                             /* 0x0000a8000c1e9d00 */
        /*2fb0*/                   LDG.E.128.CONSTANT R8, [R2.64+0x1000] ;                   /* 0x0010000402087981 */
                                                                                             /* 0x0000e8000c1e9d00 */
        /*2fc0*/                   LDG.E.128.CONSTANT R12, [R2.64+0x2000] ;                  /* 0x00200004020c7981 */
                                                                                             /* 0x000128000c1e9d00 */
        /*2fd0*/                   LDG.E.128.CONSTANT R16, [R2.64+0x3000] ;                  /* 0x0030000402107981 */
                                                                                             /* 0x000168000c1e9d00 */
        /*2fe0*/                   LDG.E.128.CONSTANT R20, [R2.64+0x4000] ;                  /* 0x0040000402147981 */
                                                                                             /* 0x000128000c1e9d00 */
        /*2ff0*/                   LDG.E.128.CONSTANT R24, [R2.64+0x5000] ;                  /* 0x0050000402187981 */
                                                                                             /* 0x000168000c1e9d00 */
        /*3000*/                   LDG.E.128.CONSTANT R28, [R2.64+0x6000] ;                  /* 0x00600004021c7981 */
                                                                                             /* 0x000168000c1e9d00 */
        /*3010*/                   LDG.E.128.CONSTANT R32, [R2.64+0x7000] ;                  /* 0x0070000402207981 */
                                                                                             /* 0x000168000c1e9d00 */
        /*3020*/                   LDG.E.128.CONSTANT R36, [R2.64+0x8000] ;                  /* 0x0080000402247981 */
                                                                                             /* 0x000168000c1e9d00 */
        /*3030*/                   LDG.E.128.CONSTANT R40, [R2.64+0x9000] ;                  /* 0x0090000402287981 */
                                                                                             /* 0x000168000c1e9d00 */
        /*3040*/                   LDG.E.128.CONSTANT R44, [R2.64+0xa000] ;                  /* 0x00a00004022c7981 */
                                                                                             /* 0x000168000c1e9d00 */
        /*3050*/                   LDG.E.128.CONSTANT R48, [R2.64+0xb000] ;                  /* 0x00b0000402307981 */
                                                                                             /* 0x000168000c1e9d00 */
        /*3060*/                   LDG.E.128.CONSTANT R52, [R2.64+0xc000] ;                  /* 0x00c0000402347981 */
                                                                                             /* 0x000168000c1e9d00 */
        /*3070*/                   LDG.E.128.CONSTANT R56, [R2.64+0xd000] ;                  /* 0x00d0000402387981 */
                                                                                             /* 0x000168000c1e9d00 */
        /*3080*/                   LDG.E.128.CONSTANT R60, [R2.64+0xe000] ;                  /* 0x00e00004023c7981 */
                                                                                             /* 0x000168000c1e9d00 */
        /*3090*/                   LDG.E.128.CONSTANT R64, [R2.64+0xf000] ;                  /* 0x00f0000402407981 */
                                                                                             /* 0x000162000c1e9d00 */
        /*30a0*/                   IADD3 R70, R70, -0x10, RZ ;                               /* 0xfffffff046467810 */
                                                                                             /* 0x000fc40007ffe0ff */
        /*30b0*/                   IADD3 R69, R69, 0x1000, RZ ;                              /* 0x0000100045457810 */
                                                                                             /* 0x000fe40007ffe0ff */
        /*30c0*/                   ISETP.GT.AND P1, PT, R70, 0xb, PT ;                       /* 0x0000000b4600780c */
                                                                                             /* 0x000fe40003f24270 */
        /*30d0*/                   IADD3 R2, P2, R2, 0x10000, RZ ;                           /* 0x0001000002027810 */
                                                                                             /* 0x001fca0007f5e0ff */
        /*30e0*/                   IMAD.X R3, RZ, RZ, R3, P2 ;                               /* 0x000000ffff037224 */
                                                                                             /* 0x000fe200010e0603 */
        /*30f0*/                   IADD3 R5, R5, R4, R73 ;                                   /* 0x0000000405057210 */
                                                                                             /* 0x004fc80007ffe049 */
        /*3100*/                   IADD3 R5, R7, R5, R6 ;                                    /* 0x0000000507057210 */
                                                                                             /* 0x000fc80007ffe006 */
        /*3110*/                   IADD3 R5, R9, R8, R5 ;                                    /* 0x0000000809057210 */
                                                                                             /* 0x008fc80007ffe005 */
        /*3120*/                   IADD3 R5, R11, R5, R10 ;                                  /* 0x000000050b057210 */
                                                                                             /* 0x000fc80007ffe00a */
        /*3130*/                   IADD3 R5, R13, R12, R5 ;                                  /* 0x0000000c0d057210 */
                                                                                             /* 0x010fc80007ffe005 */
        /*3140*/                   IADD3 R5, R15, R5, R14 ;                                  /* 0x000000050f057210 */
                                                                                             /* 0x000fc80007ffe00e */
        /*3150*/                   IADD3 R5, R17, R16, R5 ;                                  /* 0x0000001011057210 */
                                                                                             /* 0x020fc80007ffe005 */
        /*3160*/                   IADD3 R5, R19, R5, R18 ;                                  /* 0x0000000513057210 */
                                                                                             /* 0x000fc80007ffe012 */
        /*3170*/                   IADD3 R5, R21, R20, R5 ;                                  /* 0x0000001415057210 */
                                                                                             /* 0x000fc80007ffe005 */
        /*3180*/                   IADD3 R5, R23, R5, R22 ;                                  /* 0x0000000517057210 */
                                                                                             /* 0x000fc80007ffe016 */
        /*3190*/                   IADD3 R5, R25, R24, R5 ;                                  /* 0x0000001819057210 */
                                                                                             /* 0x000fc80007ffe005 */
        /*31a0*/                   IADD3 R5, R27, R5, R26 ;                                  /* 0x000000051b057210 */
                                                                                             /* 0x000fc80007ffe01a */
        /*31b0*/                   IADD3 R5, R29, R28, R5 ;                                  /* 0x0000001c1d057210 */
                                                                                             /* 0x000fc80007ffe005 */
        /*31c0*/                   IADD3 R5, R31, R5, R30 ;                                  /* 0x000000051f057210 */
                                                                                             /* 0x000fc80007ffe01e */
        /*31d0*/                   IADD3 R5, R33, R32, R5 ;                                  /* 0x0000002021057210 */
                                                                                             /* 0x000fc80007ffe005 */
        /*31e0*/                   IADD3 R5, R35, R5, R34 ;                                  /* 0x0000000523057210 */
                                                                                             /* 0x000fc80007ffe022 */
        /*31f0*/                   IADD3 R5, R37, R36, R5 ;                                  /* 0x0000002425057210 */
                                                                                             /* 0x000fc80007ffe005 */
        /*3200*/                   IADD3 R5, R39, R5, R38 ;                                  /* 0x0000000527057210 */
                                                                                             /* 0x000fc80007ffe026 */
        /*3210*/                   IADD3 R5, R41, R40, R5 ;                                  /* 0x0000002829057210 */
                                                                                             /* 0x000fc80007ffe005 */
        /*3220*/                   IADD3 R5, R43, R5, R42 ;                                  /* 0x000000052b057210 */
                                                                                             /* 0x000fc80007ffe02a */
        /*3230*/                   IADD3 R5, R45, R44, R5 ;                                  /* 0x0000002c2d057210 */
                                                                                             /* 0x000fc80007ffe005 */
        /*3240*/                   IADD3 R5, R47, R5, R46 ;                                  /* 0x000000052f057210 */
                                                                                             /* 0x000fc80007ffe02e */
        /*3250*/                   IADD3 R5, R49, R48, R5 ;                                  /* 0x0000003031057210 */
                                                                                             /* 0x000fc80007ffe005 */
        /*3260*/                   IADD3 R5, R51, R5, R50 ;                                  /* 0x0000000533057210 */
                                                                                             /* 0x000fc80007ffe032 */
        /*3270*/                   IADD3 R5, R53, R52, R5 ;                                  /* 0x0000003435057210 */
                                                                                             /* 0x000fc80007ffe005 */
        /*3280*/                   IADD3 R5, R55, R5, R54 ;                                  /* 0x0000000537057210 */
                                                                                             /* 0x000fc80007ffe036 */
        /*3290*/                   IADD3 R5, R57, R56, R5 ;                                  /* 0x0000003839057210 */
                                                                                             /* 0x000fc80007ffe005 */
        /*32a0*/                   IADD3 R5, R59, R5, R58 ;                                  /* 0x000000053b057210 */
                                                                                             /* 0x000fc80007ffe03a */
        /*32b0*/                   IADD3 R5, R61, R60, R5 ;                                  /* 0x0000003c3d057210 */
                                                                                             /* 0x000fc80007ffe005 */
        /*32c0*/                   IADD3 R5, R63, R5, R62 ;                                  /* 0x000000053f057210 */
                                                                                             /* 0x000fc80007ffe03e */
        /*32d0*/                   IADD3 R5, R65, R64, R5 ;                                  /* 0x0000004041057210 */
                                                                                             /* 0x000fc80007ffe005 */
        /*32e0*/                   IADD3 R73, R67, R5, R66 ;                                 /* 0x0000000543497210 */
                                                                                             /* 0x000fe20007ffe042 */
        /*32f0*/               @P1 BRA 0x2fa0 ;                                              /* 0xfffffca000001947 */
                                                                                             /* 0x000fea000383ffff */
        /*3300*/                   BSYNC B5 ;                                                /* 0x0000000000057941 */
                                                                                             /* 0x000fea0003800000 */
        /*3310*/                   IADD3 R4, R70, 0x1, RZ ;                                  /* 0x0000000146047810 */
                                                                                             /* 0x000fe20007ffe0ff */
        /*3320*/                   BSSY B5, 0x3530 ;                                         /* 0x0000020000057945 */
                                                                                             /* 0x000fe60003800000 */
        /*3330*/                   ISETP.GT.AND P1, PT, R4, 0x4, PT ;                        /* 0x000000040400780c */
                                                                                             /* 0x000fda0003f24270 */
        /*3340*/              @!P1 BRA 0x3520 ;                                              /* 0x000001d000009947 */
                                                                                             /* 0x000fea0003800000 */
        /*3350*/                   LDG.E.128.CONSTANT R32, [R2.64] ;                         /* 0x0000000402207981 */
                                                                                             /* 0x0000a8000c1e9d00 */
        /*3360*/                   LDG.E.128.CONSTANT R28, [R2.64+0x1000] ;                  /* 0x00100004021c7981 */
                                                                                             /* 0x0000e8000c1e9d00 */
        /*3370*/                   LDG.E.128.CONSTANT R24, [R2.64+0x2000] ;                  /* 0x0020000402187981 */
                                                                                             /* 0x000128000c1e9d00 */
        /*3380*/                   LDG.E.128.CONSTANT R20, [R2.64+0x3000] ;                  /* 0x0030000402147981 */
                                                                                             /* 0x000168000c1e9d00 */
        /*3390*/                   LDG.E.128.CONSTANT R16, [R2.64+0x4000] ;                  /* 0x0040000402107981 */
                                                                                             /* 0x000128000c1e9d00 */
        /*33a0*/                   LDG.E.128.CONSTANT R12, [R2.64+0x5000] ;                  /* 0x00500004020c7981 */
                                                                                             /* 0x000168000c1e9d00 */
        /*33b0*/                   LDG.E.128.CONSTANT R8, [R2.64+0x6000] ;                   /* 0x0060000402087981 */
                                                                                             /* 0x000168000c1e9d00 */
        /*33c0*/                   LDG.E.128.CONSTANT R4, [R2.64+0x7000] ;                   /* 0x0070000402047981 */
                                                                                             /* 0x000162000c1e9d00 */
        /*33d0*/                   PLOP3.LUT P0, PT, PT, PT, PT, 0x8, 0x0 ;                  /* 0x000000000000781c */
                                                                                             /* 0x000fc40003f0e170 */
        /*33e0*/                   IADD3 R69, R69, 0x800, RZ ;                               /* 0x0000080045457810 */
                                                                                             /* 0x000fe40007ffe0ff */
        /*33f0*/                   IADD3 R70, R70, -0x8, RZ ;                                /* 0xfffffff846467810 */
                                                                                             /* 0x000fe40007ffe0ff */
        /*3400*/                   IADD3 R2, P1, R2, 0x8000, RZ ;                            /* 0x0000800002027810 */
                                                                                             /* 0x001fca0007f3e0ff */
        /*3410*/                   IMAD.X R3, RZ, RZ, R3, P1 ;                               /* 0x000000ffff037224 */
                                                                                             /* 0x000fe200008e0603 */
        /*3420*/                   IADD3 R33, R33, R32, R73 ;                                /* 0x0000002021217210 */
                                                                                             /* 0x004fc80007ffe049 */
        /*3430*/                   IADD3 R33, R35, R33, R34 ;                                /* 0x0000002123217210 */
                                                                                             /* 0x000fc80007ffe022 */
        /*3440*/                   IADD3 R33, R29, R28, R33 ;                                /* 0x0000001c1d217210 */
                                                                                             /* 0x008fc80007ffe021 */
        /*3450*/                   IADD3 R33, R31, R33, R30 ;                                /* 0x000000211f217210 */
                                                                                             /* 0x000fc80007ffe01e */
        /*3460*/                   IADD3 R33, R25, R24, R33 ;                                /* 0x0000001819217210 */
                                                                                             /* 0x010fc80007ffe021 */
        /*3470*/                   IADD3 R33, R27, R33, R26 ;                                /* 0x000000211b217210 */
                                                                                             /* 0x000fc80007ffe01a */
        /*3480*/                   IADD3 R33, R21, R20, R33 ;                                /* 0x0000001415217210 */
                                                                                             /* 0x020fc80007ffe021 */
        /*3490*/                   IADD3 R33, R23, R33, R22 ;                                /* 0x0000002117217210 */
                                                                                             /* 0x000fc80007ffe016 */
        /*34a0*/                   IADD3 R33, R17, R16, R33 ;                                /* 0x0000001011217210 */
                                                                                             /* 0x000fc80007ffe021 */
        /*34b0*/                   IADD3 R33, R19, R33, R18 ;                                /* 0x0000002113217210 */
                                                                                             /* 0x000fc80007ffe012 */
        /*34c0*/                   IADD3 R33, R13, R12, R33 ;                                /* 0x0000000c0d217210 */
                                                                                             /* 0x000fc80007ffe021 */
        /*34d0*/                   IADD3 R33, R15, R33, R14 ;                                /* 0x000000210f217210 */
                                                                                             /* 0x000fc80007ffe00e */
        /*34e0*/                   IADD3 R33, R9, R8, R33 ;                                  /* 0x0000000809217210 */
                                                                                             /* 0x000fc80007ffe021 */
        /*34f0*/                   IADD3 R33, R11, R33, R10 ;                                /* 0x000000210b217210 */
                                                                                             /* 0x000fc80007ffe00a */
        /*3500*/                   IADD3 R33, R5, R4, R33 ;                                  /* 0x0000000405217210 */
                                                                                             /* 0x000fc80007ffe021 */
        /*3510*/                   IADD3 R73, R7, R33, R6 ;                                  /* 0x0000002107497210 */
                                                                                             /* 0x000fe40007ffe006 */
        /*3520*/                   BSYNC B5 ;                                                /* 0x0000000000057941 */
                                                                                             /* 0x000fea0003800000 */
        /*3530*/                   ISETP.NE.OR P0, PT, R70, -0x1, P0 ;                       /* 0xffffffff4600780c */
                                                                                             /* 0x000fda0000705670 */
        /*3540*/              @!P0 BREAK B2 ;                                                /* 0x0000000000028942 */
                                                                                             /* 0x000fe20003800000 */
        /*3550*/              @!P0 BRA 0x36a0 ;                                              /* 0x0000014000008947 */
                                                                                             /* 0x000fea0003800000 */
        /*3560*/                   BSYNC B2 ;                                                /* 0x0000000000027941 */
                                                                                             /* 0x000fea0003800000 */
        /*3570*/                   LDG.E.128.CONSTANT R8, [R2.64] ;                          /* 0x0000000402087981 */
                                                                                             /* 0x000ea8000c1e9d00 */
        /*3580*/                   LDG.E.128.CONSTANT R12, [R2.64+0x1000] ;                  /* 0x00100004020c7981 */
                                                                                             /* 0x0000e8000c1e9d00 */
        /*3590*/                   LDG.E.128.CONSTANT R16, [R2.64+0x2000] ;                  /* 0x0020000402107981 */
                                                                                             /* 0x000128000c1e9d00 */
        /*35a0*/                   LDG.E.128.CONSTANT R4, [R2.64+0x3000] ;                   /* 0x0030000402047981 */
                                                                                             /* 0x000162000c1e9d00 */
        /*35b0*/                   IADD3 R70, R70, -0x4, RZ ;                                /* 0xfffffffc46467810 */
                                                                                             /* 0x000fc40007ffe0ff */
        /*35c0*/                   IADD3 R69, R69, 0x400, RZ ;                               /* 0x0000040045457810 */
                                                                                             /* 0x000fe40007ffe0ff */
        /*35d0*/                   ISETP.NE.AND P0, PT, R70, -0x1, PT ;                      /* 0xffffffff4600780c */
                                                                                             /* 0x000fe40003f05270 */
        /*35e0*/                   IADD3 R9, R9, R8, R73 ;                                   /* 0x0000000809097210 */
                                                                                             /* 0x004fe40007ffe049 */
        /*35f0*/                   IADD3 R8, P1, R2, 0x4000, RZ ;                            /* 0x0000400002087810 */
                                                                                             /* 0x000fe40007f3e0ff */
        /*3600*/                   IADD3 R9, R11, R9, R10 ;                                  /* 0x000000090b097210 */
                                                                                             /* 0x000fc60007ffe00a */
        /*3610*/                   IMAD.X R3, RZ, RZ, R3, P1 ;                               /* 0x000000ffff037224 */
                                                                                             /* 0x001fe200008e0603 */
        /*3620*/                   IADD3 R9, R13, R12, R9 ;                                  /* 0x0000000c0d097210 */
                                                                                             /* 0x008fe20007ffe009 */
        /*3630*/                   IMAD.MOV.U32 R2, RZ, RZ, R8 ;                             /* 0x000000ffff027224 */
                                                                                             /* 0x000fc600078e0008 */
        /*3640*/                   IADD3 R9, R15, R9, R14 ;                                  /* 0x000000090f097210 */
                                                                                             /* 0x000fc80007ffe00e */
        /*3650*/                   IADD3 R9, R17, R16, R9 ;                                  /* 0x0000001011097210 */
                                                                                             /* 0x010fc80007ffe009 */
        /*3660*/                   IADD3 R9, R19, R9, R18 ;                                  /* 0x0000000913097210 */
                                                                                             /* 0x000fc80007ffe012 */
        /*3670*/                   IADD3 R9, R5, R4, R9 ;                                    /* 0x0000000405097210 */
                                                                                             /* 0x020fc80007ffe009 */
        /*3680*/                   IADD3 R73, R7, R9, R6 ;                                   /* 0x0000000907497210 */
                                                                                             /* 0x000fe20007ffe006 */
        /*3690*/               @P0 BRA 0x3570 ;                                              /* 0xfffffed000000947 */
                                                                                             /* 0x000fea000383ffff */
        /*36a0*/                   BSYNC B3 ;                                                /* 0x0000000000037941 */
                                                                                             /* 0x000fea0003800000 */
        /*36b0*/                   ISETP.NE.AND P0, PT, R72, RZ, PT ;                        /* 0x000000ff4800720c */
                                                                                             /* 0x000fda0003f05270 */
        /*36c0*/              @!P0 BRA 0x3770 ;                                              /* 0x000000a000008947 */
                                                                                             /* 0x000fea0003800000 */
        /*36d0*/                   IMAD.MOV.U32 R2, RZ, RZ, 0x10 ;                           /* 0x00000010ff027424 */
                                                                                             /* 0x000fc800078e00ff */
        /*36e0*/                   IMAD.WIDE R2, R69, R2, c[0x0][0x160] ;                    /* 0x0000580045027625 */
                                                                                             /* 0x000fca00078e0202 */
        /*36f0*/                   LDG.E.128.CONSTANT R4, [R2.64] ;                          /* 0x0000000402047981 */
                                                                                             /* 0x0000a2000c1e9d00 */
        /*3700*/                   IADD3 R72, R72, -0x1, RZ ;                                /* 0xffffffff48487810 */
                                                                                             /* 0x000fc80007ffe0ff */
        /*3710*/                   ISETP.NE.AND P0, PT, R72, RZ, PT ;                        /* 0x000000ff4800720c */
                                                                                             /* 0x000fe40003f05270 */
        /*3720*/                   IADD3 R2, P1, R2, 0x1000, RZ ;                            /* 0x0000100002027810 */
                                                                                             /* 0x001fca0007f3e0ff */
        /*3730*/                   IMAD.X R3, RZ, RZ, R3, P1 ;                               /* 0x000000ffff037224 */
                                                                                             /* 0x000fe200008e0603 */
        /*3740*/                   IADD3 R73, R5, R4, R73 ;                                  /* 0x0000000405497210 */
                                                                                             /* 0x004fc80007ffe049 */
        /*3750*/                   IADD3 R73, R7, R73, R6 ;                                  /* 0x0000004907497210 */
                                                                                             /* 0x000fe20007ffe006 */
        /*3760*/               @P0 BRA 0x36f0 ;                                              /* 0xffffff8000000947 */
                                                                                             /* 0x000fea000383ffff */
        /*3770*/                   BSYNC B4 ;                                                /* 0x0000000000047941 */
                                                                                             /* 0x000fea0003800000 */
        /*3780*/                   IMAD R2, R71, 0x4, R0 ;                                   /* 0x0000000447027824 */
                                                                                             /* 0x000fca00078e0200 */
        /*3790*/                   ISETP.GE.AND P0, PT, R2, c[0x0][0x170], PT ;              /* 0x00005c0002007a0c */
                                                                                             /* 0x000fda0003f06270 */
        /*37a0*/               @P0 BRA 0x37f0 ;                                              /* 0x0000004000000947 */
                                                                                             /* 0x000fea0003800000 */
        /*37b0*/                   IMAD.MOV.U32 R3, RZ, RZ, 0x4 ;                            /* 0x00000004ff037424 */
                                                                                             /* 0x000fc800078e00ff */
        /*37c0*/                   IMAD.WIDE R2, R2, R3, c[0x0][0x160] ;                     /* 0x0000580002027625 */
                                                                                             /* 0x000fcc00078e0203 */
        /*37d0*/                   LDG.E.CONSTANT R2, [R2.64] ;                              /* 0x0000000402027981 */
                                                                                             /* 0x000ea4000c1e9900 */
        /*37e0*/                   IMAD.IADD R73, R73, 0x1, R2 ;                             /* 0x0000000149497824 */
                                                                                             /* 0x004fe400078e0202 */
        /*37f0*/                   BSYNC B1 ;                                                /* 0x0000000000017941 */
                                                                                             /* 0x000fea0003800000 */
        /*3800*/                   S2R R2, SR_LANEID ;                                       /* 0x0000000000027919 */
                                                                                             /* 0x001e220000000000 */
        /*3810*/                   ISETP.GT.AND P0, PT, R68, 0xff, PT ;                      /* 0x000000ff4400780c */
                                                                                             /* 0x000fe40003f04270 */
        /*3820*/                   SHF.R.S32.HI R3, RZ, 0x1f, R0 ;                           /* 0x0000001fff037819 */
                                                                                             /* 0x000fc80000011400 */
        /*3830*/                   LEA.HI R3, R3, R0, RZ, 0x5 ;                              /* 0x0000000003037211 */
                                                                                             /* 0x000fc800078f28ff */
        /*3840*/                   SHF.R.S32.HI R4, RZ, 0x5, R3 ;                            /* 0x00000005ff047819 */
                                                                                             /* 0x000fc60000011403 */
        /*3850*/               @P0 BRA 0x3a90 ;                                              /* 0x0000023000000947 */
                                                                                             /* 0x000fea0003800000 */
        /*3860*/                   LEA R5, R4.reuse, 0x20, 0x5 ;                             /* 0x0000002004057811 */
                                                                                             /* 0x040fe200078e28ff */
        /*3870*/                   IMAD R3, R4, -0x20, R68 ;                                 /* 0xffffffe004037824 */
                                                                                             /* 0x000fc600078e0244 */
        /*3880*/                   ISETP.GT.AND P0, PT, R5, c[0x0][0x170], PT ;              /* 0x00005c0005007a0c */
                                                                                             /* 0x000fc80003f04270 */
        /*3890*/                   SEL R3, R3, 0x20, P0 ;                                    /* 0x0000002003037807 */
                                                                                             /* 0x000fc80000000000 */
        /*38a0*/                   ISETP.GE.AND P0, PT, R2, R3, PT ;                         /* 0x000000030200720c */
                                                                                             /* 0x001fc80003f06270 */
        /*38b0*/                   SEL R73, R73, RZ, !P0 ;                                   /* 0x000000ff49497207 */
                                                                                             /* 0x020fe40004000000 */
        /*38c0*/                   ISETP.NE.AND P0, PT, R2, RZ, PT ;                         /* 0x000000ff0200720c */
                                                                                             /* 0x000fe40003f05270 */
        /*38d0*/                   REDUX.SUM.S32 UR6, R73 ;                                  /* 0x00000000490673c4 */
                                                                                             /* 0x000e24000000c200 */
        /*38e0*/                   IMAD.U32 R5, RZ, RZ, UR6 ;                                /* 0x00000006ff057e24 */
                                                                                             /* 0x001fd2000f8e00ff */
        /*38f0*/              @!P0 STS [R4.X4+0x8], R5 ;                                     /* 0x0000080504008388 */
                                                                                             /* 0x0001e80000004800 */
        /*3900*/                   BAR.SYNC.DEFER_BLOCKING 0x0 ;                             /* 0x0000000000007b1d */
                                                                                             /* 0x000fe20000010000 */
        /*3910*/                   ISETP.NE.AND P0, PT, R0, RZ, PT ;                         /* 0x000000ff0000720c */
                                                                                             /* 0x000fda0003f05270 */
        /*3920*/               @P0 BRA 0x3b60 ;                                              /* 0x0000023000000947 */
                                                                                             /* 0x000fea0003800000 */
        /*3930*/                   LDS R0, [0xc] ;                                           /* 0x00000c00ff007984 */
                                                                                             /* 0x001e220000000800 */
        /*3940*/                   ISETP.GT.AND P1, PT, R68.reuse, 0x20, PT ;                /* 0x000000204400780c */
                                                                                             /* 0x040fe40003f24270 */
        /*3950*/                   ISETP.GT.AND P2, PT, R68.reuse, 0x40, PT ;                /* 0x000000404400780c */
                                                                                             /* 0x040fe20003f44270 */
        /*3960*/                   LDS.128 R8, [0x10] ;                                      /* 0x00001000ff087984 */
                                                                                             /* 0x000e620000000c00 */
        /*3970*/                   ISETP.GT.AND P3, PT, R68, 0xa0, PT ;                      /* 0x000000a04400780c */
                                                                                             /* 0x000fc60003f64270 */
        /*3980*/                   LDS.64 R2, [0x20] ;                                       /* 0x00002000ff027984 */
                                                                                             /* 0x000ea20000000a00 */
        /*3990*/                   SEL R0, R0, RZ, P1 ;                                      /* 0x000000ff00007207 */
                                                                                             /* 0x001fe40000800000 */
        /*39a0*/                   ISETP.GT.AND P1, PT, R68, 0x60, PT ;                      /* 0x000000604400780c */
                                                                                             /* 0x000fe40003f24270 */
        /*39b0*/                   SEL R8, R8, RZ, P2 ;                                      /* 0x000000ff08087207 */
                                                                                             /* 0x002fe40001000000 */
        /*39c0*/                   ISETP.GT.AND P2, PT, R68, 0x80, PT ;                      /* 0x000000804400780c */
                                                                                             /* 0x000fe40003f44270 */
        /*39d0*/                   SEL R9, R9, RZ, P1 ;                                      /* 0x000000ff09097207 */
                                                                                             /* 0x000fe40000800000 */
        /*39e0*/                   IADD3 R0, R8, R5, R0 ;                                    /* 0x0000000508007210 */
                                                                                             /* 0x000fc40007ffe000 */
        /*39f0*/                   SEL R10, R10, RZ, P2 ;                                    /* 0x000000ff0a0a7207 */
                                                                                             /* 0x000fe40001000000 */
        /*3a00*/                   ISETP.GT.AND P1, PT, R68.reuse, 0xc0, PT ;                /* 0x000000c04400780c */
                                                                                             /* 0x040fe40003f24270 */
        /*3a10*/                   ISETP.GT.AND P2, PT, R68, 0xe0, PT ;                      /* 0x000000e04400780c */
                                                                                             /* 0x000fe40003f44270 */
        /*3a20*/                   SEL R11, R11, RZ, P3 ;                                    /* 0x000000ff0b0b7207 */
                                                                                             /* 0x000fe40001800000 */
        /*3a30*/                   IADD3 R0, R10, R0, R9 ;                                   /* 0x000000000a007210 */
                                                                                             /* 0x000fe40007ffe009 */
        /*3a40*/                   SEL R2, R2, RZ, P1 ;                                      /* 0x000000ff02027207 */
                                                                                             /* 0x004fc40000800000 */
        /*3a50*/                   SEL R3, R3, RZ, P2 ;                                      /* 0x000000ff03037207 */
                                                                                             /* 0x000fe40001000000 */
        /*3a60*/                   IADD3 R0, R2, R0, R11 ;                                   /* 0x0000000002007210 */
                                                                                             /* 0x000fca0007ffe00b */
        /*3a70*/                   IMAD.IADD R5, R0, 0x1, R3 ;                               /* 0x0000000100057824 */
                                                                                             /* 0x000fe200078e0203 */
        /*3a80*/                   BRA 0x3b60 ;                                              /* 0x000000d000007947 */
                                                                                             /* 0x000fea0003800000 */
        /*3a90*/                   REDUX.SUM.S32 UR6, R73 ;                                  /* 0x00000000490673c4 */
                                                                                             /* 0x020e62000000c200 */
        /*3aa0*/                   ISETP.NE.AND P1, PT, R2, RZ, PT ;                         /* 0x000000ff0200720c */
                                                                                             /* 0x001fe40003f25270 */
        /*3ab0*/                   ISETP.NE.AND P0, PT, R0, RZ, PT ;                         /* 0x000000ff0000720c */
                                                                                             /* 0x000fe20003f05270 */
        /*3ac0*/                   IMAD.U32 R5, RZ, RZ, UR6 ;                                /* 0x00000006ff057e24 */
                                                                                             /* 0x002fd4000f8e00ff */
        /*3ad0*/              @!P1 STS [R4.X4+0x8], R5 ;                                     /* 0x0000080504009388 */
                                                                                             /* 0x000fe80000004800 */
        /*3ae0*/                   BAR.SYNC.DEFER_BLOCKING 0x0 ;                             /* 0x0000000000007b1d */
                                                                                             /* 0x000fec0000010000 */
        /*3af0*/              @!P0 LDS R0, [0xc] ;                                           /* 0x00000c00ff008984 */
                                                                                             /* 0x000fe80000000800 */
        /*3b00*/              @!P0 LDS.128 R8, [0x10] ;                                      /* 0x00001000ff088984 */
                                                                                             /* 0x000e280000000c00 */
        /*3b10*/              @!P0 LDS.64 R2, [0x20] ;                                       /* 0x00002000ff028984 */
                                                                                             /* 0x000e620000000a00 */
        /*3b20*/              @!P0 IADD3 R0, R8, R0, R5 ;                                    /* 0x0000000008008210 */
                                                                                             /* 0x001fc80007ffe005 */
        /*3b30*/              @!P0 IADD3 R0, R10, R9, R0 ;                                   /* 0x000000090a008210 */
                                                                                             /* 0x000fc80007ffe000 */
        /*3b40*/              @!P0 IADD3 R0, R2, R11, R0 ;                                   /* 0x0000000b02008210 */
                                                                                             /* 0x002fca0007ffe000 */
        /*3b50*/              @!P0 IMAD.IADD R5, R0, 0x1, R3 ;                               /* 0x0000000100058824 */
                                                                                             /* 0x000fe400078e0203 */
        /*3b60*/                   BSYNC B0 ;                                                /* 0x0000000000007941 */
                                                                                             /* 0x001fea0003800000 */
        /*3b70*/                   WARPSYNC 0xffffffff ;                                     /* 0xffffffff00007948 */
                                                                                             /* 0x000fe20003800000 */
        /*3b80*/               @P0 EXIT ;                                                    /* 0x000000000000094d */
                                                                                             /* 0x000fea0003800000 */
        /*3b90*/                   IADD3 R5, R5, c[0x0][0x178], RZ ;                         /* 0x00005e0005057a10 */
                                                                                             /* 0x000fe20007ffe0ff */
        /*3ba0*/                   IMAD.MOV.U32 R2, RZ, RZ, c[0x0][0x168] ;                  /* 0x00005a00ff027624 */
                                                                                             /* 0x000fe400078e00ff */
        /*3bb0*/                   IMAD.MOV.U32 R3, RZ, RZ, c[0x0][0x16c] ;                  /* 0x00005b00ff037624 */
                                                                                             /* 0x000fca00078e00ff */
        /*3bc0*/                   STG.E [R2.64], R5 ;                                       /* 0x0000000502007986 */
                                                                                             /* 0x000fe2000c101904 */
        /*3bd0*/                   EXIT ;                                                    /* 0x000000000000794d */
                                                                                             /* 0x000fea0003800000 */
        /*3be0*/                   S2R R0, SR_TID.X ;                                        /* 0x0000000000007919 */
                                                                                             /* 0x000e240000002100 */
        /*3bf0*/                   ISETP.NE.AND P0, PT, R0, RZ, PT ;                         /* 0x000000ff0000720c */
                                                                                             /* 0x001fda0003f05270 */
        /*3c00*/               @P0 EXIT ;                                                    /* 0x000000000000094d */
                                                                                             /* 0x000fea0003800000 */
        /*3c10*/                   IMAD.MOV.U32 R5, RZ, RZ, c[0x0][0x178] ;                  /* 0x00005e00ff057624 */
                                                                                             /* 0x000fe400078e00ff */
        /*3c20*/                   IMAD.MOV.U32 R2, RZ, RZ, c[0x0][0x168] ;                  /* 0x00005a00ff027624 */
                                                                                             /* 0x000fe400078e00ff */
        /*3c30*/                   IMAD.MOV.U32 R3, RZ, RZ, c[0x0][0x16c] ;                  /* 0x00005b00ff037624 */
                                                                                             /* 0x000fca00078e00ff */
        /*3c40*/                   STG.E [R2.64], R5 ;                                       /* 0x0000000502007986 */
                                                                                             /* 0x000fe2000c101904 */
        /*3c50*/                   EXIT ;                                                    /* 0x000000000000794d */
                                                                                             /* 0x000fea0003800000 */
        /*3c60*/                   BRA 0x3c60;                                               /* 0xfffffff000007947 */
                                                                                             /* 0x000fc0000383ffff */
        /*3c70*/                   NOP;                                                      /* 0x0000000000007918 */
                                                                                             /* 0x000fc00000000000 */
        /*3c80*/                   NOP;                                                      /* 0x0000000000007918 */
                                                                                             /* 0x000fc00000000000 */
        /*3c90*/                   NOP;                                                      /* 0x0000000000007918 */
                                                                                             /* 0x000fc00000000000 */
        /*3ca0*/                   NOP;                                                      /* 0x0000000000007918 */
                                                                                             /* 0x000fc00000000000 */
        /*3cb0*/                   NOP;                                                      /* 0x0000000000007918 */
                                                                                             /* 0x000fc00000000000 */
        /*3cc0*/                   NOP;                                                      /* 0x0000000000007918 */
                                                                                             /* 0x000fc00000000000 */
        /*3cd0*/                   NOP;                                                      /* 0x0000000000007918 */
                                                                                             /* 0x000fc00000000000 */
        /*3ce0*/                   NOP;                                                      /* 0x0000000000007918 */
                                                                                             /* 0x000fc00000000000 */
        /*3cf0*/                   NOP;                                                      /* 0x0000000000007918 */
                                                                                             /* 0x000fc00000000000 */
		..........


		Function : _ZN11tail_vector3cub6detail6reduce18DeviceReduceKernelINS2_26policy_selector_from_typesIijN4cuda3std3__44plusIvEELNS5_9execution3__411determinism15__determinism_tE1EEELb1EPiSF_jjS9_iiNS7_8identityEEEvT1_T2_T4_NS0_13GridEvenShareIT3_EET5_T7_T8_
	.headerflags	@"EF_CUDA_SM89 EF_CUDA_VIRTUAL_SM(EF_CUDA_SM89)"
        /*0000*/                   IMAD.MOV.U32 R1, RZ, RZ, c[0x0][0x28] ;                   /* 0x00000a00ff017624 */
                                                                                             /* 0x000fe400078e00ff */
        /*0010*/                   S2R R24, SR_CTAID.X ;                                     /* 0x0000000000187919 */
                                                                                             /* 0x000e220000002500 */
        /*0020*/                   IMAD.MOV.U32 R0, RZ, RZ, c[0x0][0x160] ;                  /* 0x00005800ff007624 */
                                                                                             /* 0x000fe200078e00ff */
        /*0030*/                   ULDC UR4, c[0x0][0x18c] ;                                 /* 0x0000630000047ab9 */
                                                                                             /* 0x000fe20000000800 */
        /*0040*/                   BSSY B0, 0x58b0 ;                                         /* 0x0000586000007945 */
                                                                                             /* 0x000fe20003800000 */
        /*0050*/                   S2R R25, SR_TID.X ;                                       /* 0x0000000000197919 */
                                                                                             /* 0x000e620000002100 */
        /*0060*/                   USHF.L.U32 UR4, UR4, 0xc, URZ ;                           /* 0x0000000c04047899 */
                                                                                             /* 0x000fe2000800063f */
        /*0070*/                   LOP3.LUT P0, RZ, R0, 0xf, RZ, 0xc0, !PT ;                 /* 0x0000000f00ff7812 */
                                                                                             /* 0x000fe2000780c0ff */
        /*0080*/                   ULDC.64 UR6, c[0x0][0x118] ;                              /* 0x0000460000067ab9 */
                                                                                             /* 0x000fe20000000a00 */
        /*0090*/                   IMAD.SHL.U32 R2, R24, 0x1000, RZ ;                        /* 0x0000100018027824 */
                                                                                             /* 0x001fca00078e00ff */
        /*00a0*/                   IADD3 R0, -R2, c[0x0][0x188], RZ ;                        /* 0x0000620002007a10 */
                                                                                             /* 0x000fcc0007ffe1ff */
        /*00b0*/              @!P0 BRA 0x3290 ;                                              /* 0x000031d000008947 */
                                                                                             /* 0x000fea0003800000 */
        /*00c0*/                   ISETP.GE.U32.AND P0, PT, R0, 0x1000, PT ;                 /* 0x000010000000780c */
                                                                                             /* 0x002fda0003f06070 */
        /*00d0*/              @!P0 BRA 0x1a50 ;                                              /* 0x0000197000008947 */
                                                                                             /* 0x000fea0003800000 */
        /*00e0*/                   SHF.R.S32.HI R0, RZ, 0x1f, R25 ;                          /* 0x0000001fff007819 */
                                                                                             /* 0x000fe40000011419 */
        /*00f0*/                   IADD3 R4, P0, R2, R25, RZ ;                               /* 0x0000001902047210 */
                                                                                             /* 0x000fe40007f1e0ff */
        /*0100*/                   IADD3 R3, R25.reuse, 0x100, RZ ;                          /* 0x0000010019037810 */
                                                                                             /* 0x040fe40007ffe0ff */
        /*0110*/                   IADD3 R5, R25, 0x200, RZ ;                                /* 0x0000020019057810 */
                                                                                             /* 0x000fe20007ffe0ff */
        /*0120*/                   IMAD.X R7, RZ, RZ, R0, P0 ;                               /* 0x000000ffff077224 */
                                                                                             /* 0x000fe200000e0600 */
        /*0130*/                   LEA R36, P0, R4, c[0x0][0x160], 0x2 ;                     /* 0x0000580004247a11 */
                                                                                             /* 0x000fe400078010ff */
        /*0140*/                   SHF.R.S32.HI R0, RZ, 0x1f, R3 ;                           /* 0x0000001fff007819 */
                                                                                             /* 0x000fc40000011403 */
        /*0150*/                   LEA.HI.X R37, R4, c[0x0][0x164], R7, 0x2, P0 ;            /* 0x0000590004257a11 */
                                                                                             /* 0x000fe400000f1407 */
        /*0160*/                   IADD3 R7, R25, 0x400, RZ ;                                /* 0x0000040019077810 */
                                                                                             /* 0x000fe40007ffe0ff */
        /*0170*/                   IADD3 R8, P1, R2.reuse, R3, RZ ;                          /* 0x0000000302087210 */
                                                                                             /* 0x040fe40007f3e0ff */
        /*0180*/                   SHF.R.S32.HI R3, RZ, 0x1f, R5 ;                           /* 0x0000001fff037819 */
                                                                                             /* 0x000fe40000011405 */
        /*0190*/                   IADD3 R5, P2, R2, R5, RZ ;                                /* 0x0000000502057210 */
                                                                                             /* 0x000fe20007f5e0ff */
        /*01a0*/                   IMAD.X R9, RZ, RZ, R0, P1 ;                               /* 0x000000ffff097224 */
                                                                                             /* 0x000fe200008e0600 */
        /*01b0*/                   SHF.R.S32.HI R4, RZ, 0x1f, R7 ;                           /* 0x0000001fff047819 */
                                                                                             /* 0x000fc40000011407 */
        /*01c0*/                   IADD3 R7, P0, R2, R7, RZ ;                                /* 0x0000000702077210 */
                                                                                             /* 0x000fe20007f1e0ff */
        /*01d0*/                   IMAD.X R6, RZ, RZ, R3, P2 ;                               /* 0x000000ffff067224 */
                                                                                             /* 0x000fe200010e0603 */
        /*01e0*/                   LEA R20, P2, R5, c[0x0][0x160], 0x2 ;                     /* 0x0000580005147a11 */
                                                                                             /* 0x000fe400078410ff */
        /*01f0*/                   LEA R30, P1, R8, c[0x0][0x160], 0x2 ;                     /* 0x00005800081e7a11 */
                                                                                             /* 0x000fe200078210ff */
        /*0200*/                   IMAD.X R0, RZ, RZ, R4, P0 ;                               /* 0x000000ffff007224 */
                                                                                             /* 0x000fe200000e0604 */
        /*0210*/                   LEA R22, P0, R7, c[0x0][0x160], 0x2 ;                     /* 0x0000580007167a11 */
                                                                                             /* 0x000fe400078010ff */
        /*0220*/                   LEA.HI.X R21, R5, c[0x0][0x164], R6, 0x2, P2 ;            /* 0x0000590005157a11 */
                                                                                             /* 0x000fe400010f1406 */
        /*0230*/                   IADD3 R4, R25, 0x300, RZ ;                                /* 0x0000030019047810 */
                                                                                             /* 0x000fc40007ffe0ff */
        /*0240*/                   IADD3 R3, R25.reuse, 0x500, RZ ;                          /* 0x0000050019037810 */
                                                                                             /* 0x040fe40007ffe0ff */
        /*0250*/                   IADD3 R5, R25, 0x600, RZ ;                                /* 0x0000060019057810 */
                                                                                             /* 0x000fe40007ffe0ff */
        /*0260*/                   LEA.HI.X R31, R8, c[0x0][0x164], R9, 0x2, P1 ;            /* 0x00005900081f7a11 */
                                                                                             /* 0x000fe400008f1409 */
        /*0270*/                   LEA.HI.X R23, R7, c[0x0][0x164], R0, 0x2, P0 ;            /* 0x0000590007177a11 */
                                                                                             /* 0x000fe400000f1400 */
        /*0280*/                   SHF.R.S32.HI R0, RZ, 0x1f, R4 ;                           /* 0x0000001fff007819 */
                                                                                             /* 0x000fe40000011404 */
        /*0290*/                   IADD3 R9, P1, R2, R4, RZ ;                                /* 0x0000000402097210 */
                                                                                             /* 0x000fe20007f3e0ff */
        /*02a0*/                   LDG.E.CONSTANT R34, [R22.64] ;                            /* 0x0000000616227981 */
                                                                                             /* 0x0000a2000c1e9900 */
        /*02b0*/                   SHF.R.S32.HI R6, RZ, 0x1f, R3 ;                           /* 0x0000001fff067819 */
                                                                                             /* 0x000fc40000011403 */
        /*02c0*/                   IADD3 R8, P2, R2.reuse, R3, RZ ;                          /* 0x0000000302087210 */
                                                                                             /* 0x040fe20007f5e0ff */
        /*02d0*/                   IMAD.X R10, RZ, RZ, R0, P1 ;                              /* 0x000000ffff0a7224 */
                                                                                             /* 0x000fe200008e0600 */
        /*02e0*/                   SHF.R.S32.HI R3, RZ, 0x1f, R5 ;                           /* 0x0000001fff037819 */
                                                                                             /* 0x000fe40000011405 */
        /*02f0*/                   IADD3 R7, P0, R2, R5, RZ ;                                /* 0x0000000502077210 */
                                                                                             /* 0x000fe20007f1e0ff */
        /*0300*/                   IMAD.X R5, RZ, RZ, R6, P2 ;                               /* 0x000000ffff057224 */
                                                                                             /* 0x000fe200010e0606 */
        /*0310*/                   LEA R28, P2, R8, c[0x0][0x160], 0x2 ;                     /* 0x00005800081c7a11 */
                                                                                             /* 0x000fe400078410ff */
        /*0320*/                   LEA R26, P1, R9, c[0x0][0x160], 0x2 ;                     /* 0x00005800091a7a11 */
                                                                                             /* 0x000fe200078210ff */
        /*0330*/                   IMAD.X R0, RZ, RZ, R3, P0 ;                               /* 0x000000ffff007224 */
                                                                                             /* 0x000fe200000e0603 */
        /*0340*/                   LEA R18, P0, R7, c[0x0][0x160], 0x2 ;                     /* 0x0000580007127a11 */
                                                                                             /* 0x000fc400078010ff */
        /*0350*/                   LEA.HI.X R29, R8, c[0x0][0x164], R5, 0x2, P2 ;            /* 0x00005900081d7a11 */
                                                                                             /* 0x000fe400010f1405 */
        /*0360*/                   IADD3 R5, R25, 0x800, RZ ;                                /* 0x0000080019057810 */
                                                                                             /* 0x000fe40007ffe0ff */
        /*0370*/                   LEA.HI.X R19, R7, c[0x0][0x164], R0, 0x2, P0 ;            /* 0x0000590007137a11 */
                                                                                             /* 0x000fe200000f1400 */
        /*0380*/                   LDG.E.CONSTANT R28, [R28.64] ;                            /* 0x000000061c1c7981 */
                                                                                             /* 0x000ee2000c1e9900 */
        /*0390*/                   IADD3 R7, R25, 0x900, RZ ;                                /* 0x0000090019077810 */
                                                                                             /* 0x000fe40007ffe0ff */
        /*03a0*/                   LEA.HI.X R27, R9, c[0x0][0x164], R10, 0x2, P1 ;           /* 0x00005900091b7a11 */
                                                                                             /* 0x000fe400008f140a */
        /*03b0*/                   IADD3 R6, P1, R2.reuse, R5, RZ ;                          /* 0x0000000502067210 */
                                                                                             /* 0x040fe20007f3e0ff */
        /*03c0*/                   LDG.E.CONSTANT R19, [R18.64] ;                            /* 0x0000000612137981 */
                                                                                             /* 0x000ee2000c1e9900 */
        /*03d0*/                   IADD3 R0, P0, R2, R7, RZ ;                                /* 0x0000000702007210 */
                                                                                             /* 0x000fc40007f1e0ff */
        /*03e0*/                   IADD3 R3, R25, 0x700, RZ ;                                /* 0x0000070019037810 */
                                                                                             /* 0x000fe20007ffe0ff */
        /*03f0*/                   LDG.E.CONSTANT R27, [R26.64] ;                            /* 0x000000061a1b7981 */
                                                                                             /* 0x0002a2000c1e9900 */
        /*0400*/                   LEA.HI.X.SX32 R5, R5, RZ, 0x1, P1 ;                       /* 0x000000ff05057211 */
                                                                                             /* 0x000fe400008f0eff */
        /*0410*/                   LEA R16, P1, R6, c[0x0][0x160], 0x2 ;                     /* 0x0000580006107a11 */
                                                                                             /* 0x000fe400078210ff */
        /*0420*/                   LEA.HI.X.SX32 R7, R7, RZ, 0x1, P0 ;                       /* 0x000000ff07077211 */
                                                                                             /* 0x000fe400000f0eff */
        /*0430*/                   IADD3 R9, R25, 0xa00, RZ ;                                /* 0x00000a0019097810 */
                                                                                             /* 0x000fe40007ffe0ff */
        /*0440*/                   IADD3 R8, P2, R2, R3, RZ ;                                /* 0x0000000302087210 */
                                                                                             /* 0x000fc40007f5e0ff */
        /*0450*/                   LEA R14, P0, R0, c[0x0][0x160], 0x2 ;                     /* 0x00005800000e7a11 */
                                                                                             /* 0x000fe400078010ff */
        /*0460*/                   LEA.HI.X R17, R6, c[0x0][0x164], R5, 0x2, P1 ;            /* 0x0000590006117a11 */
                                                                                             /* 0x000fe400008f1405 */
        /*0470*/                   LEA.HI.X.SX32 R11, R3, RZ, 0x1, P2 ;                      /* 0x000000ff030b7211 */
                                                                                             /* 0x000fe400010f0eff */
        /*0480*/                   IADD3 R6, P1, R2, R9, RZ ;                                /* 0x0000000902067210 */
                                                                                             /* 0x000fe20007f3e0ff */
        /*0490*/                   LDG.E.CONSTANT R16, [R16.64] ;                            /* 0x0000000610107981 */
                                                                                             /* 0x000f22000c1e9900 */
        /*04a0*/                   LEA.HI.X R15, R0, c[0x0][0x164], R7, 0x2, P0 ;            /* 0x00005900000f7a11 */
                                                                                             /* 0x000fe400000f1407 */
        /*04b0*/                   LEA R12, P2, R8, c[0x0][0x160], 0x2 ;                     /* 0x00005800080c7a11 */
                                                                                             /* 0x000fc400078410ff */
        /*04c0*/                   IADD3 R7, R25.reuse, 0xb00, RZ ;                          /* 0x00000b0019077810 */
                                                                                             /* 0x040fe20007ffe0ff */
        /*04d0*/                   LDG.E.CONSTANT R14, [R14.64] ;                            /* 0x000000060e0e7981 */
                                                                                             /* 0x000f62000c1e9900 */
        /*04e0*/                   IADD3 R33, R25, 0xc00, RZ ;                               /* 0x00000c0019217810 */
                                                                                             /* 0x000fe40007ffe0ff */
        /*04f0*/                   LEA.HI.X.SX32 R9, R9, RZ, 0x1, P1 ;                       /* 0x000000ff09097211 */
                                                                                             /* 0x000fe400008f0eff */
        /*0500*/                   LEA R10, P0, R6, c[0x0][0x160], 0x2 ;                     /* 0x00005800060a7a11 */
                                                                                             /* 0x000fe400078010ff */
        /*0510*/                   LEA.HI.X R13, R8, c[0x0][0x164], R11, 0x2, P2 ;           /* 0x00005900080d7a11 */
                                                                                             /* 0x000fe400010f140b */
        /*0520*/                   IADD3 R0, P1, R2, R7, RZ ;                                /* 0x0000000702007210 */
                                                                                             /* 0x000fc40007f3e0ff */
        /*0530*/                   IADD3 R5, P2, R2, R33, RZ ;                               /* 0x0000002102057210 */
                                                                                             /* 0x000fe40007f5e0ff */
        /*0540*/                   LEA.HI.X R11, R6, c[0x0][0x164], R9, 0x2, P0 ;            /* 0x00005900060b7a11 */
                                                                                             /* 0x000fe200000f1409 */
        /*0550*/                   LDG.E.CONSTANT R13, [R12.64] ;                            /* 0x000000060c0d7981 */
                                                                                             /* 0x000f22000c1e9900 */
        /*0560*/                   LEA.HI.X.SX32 R7, R7, RZ, 0x1, P1 ;                       /* 0x000000ff07077211 */
                                                                                             /* 0x000fe400008f0eff */
        /*0570*/                   LEA R8, P0, R0, c[0x0][0x160], 0x2 ;                      /* 0x0000580000087a11 */
                                                                                             /* 0x000fe400078010ff */
        /*0580*/                   LEA.HI.X.SX32 R32, R33, RZ, 0x1, P2 ;                     /* 0x000000ff21207211 */
                                                                                             /* 0x000fe200010f0eff */
        /*0590*/                   LDG.E.CONSTANT R11, [R10.64] ;                            /* 0x000000060a0b7981 */
                                                                                             /* 0x000f62000c1e9900 */
        /*05a0*/                   LEA R6, P1, R5, c[0x0][0x160], 0x2 ;                      /* 0x0000580005067a11 */
                                                                                             /* 0x000fc400078210ff */
        /*05b0*/                   LEA.HI.X R9, R0, c[0x0][0x164], R7, 0x2, P0 ;             /* 0x0000590000097a11 */
                                                                                             /* 0x000fe200000f1407 */
        /*05c0*/                   LDG.E.CONSTANT R33, [R20.64] ;                            /* 0x0000000614217981 */
                                                                                             /* 0x0000a2000c1e9900 */
        /*05d0*/                   LEA.HI.X R7, R5, c[0x0][0x164], R32, 0x2, P1 ;            /* 0x0000590005077a11 */
                                                                                             /* 0x000fe200008f1420 */
        /*05e0*/                   IMAD.SHL.U32 R32, R24, 0x1000, RZ ;                       /* 0x0000100018207824 */
                                                                                             /* 0x000fe200078e00ff */
        /*05f0*/                   IADD3 R35, R25, 0xe00, RZ ;                               /* 0x00000e0019237810 */
                                                                                             /* 0x000fe20007ffe0ff */
        /*0600*/                   LDG.E.CONSTANT R0, [R36.64] ;                             /* 0x0000000624007981 */
                                                                                             /* 0x0002a8000c1e9900 */
        /*0610*/                   LDG.E.CONSTANT R5, [R30.64] ;                             /* 0x000000061e057981 */
                                                                                             /* 0x0002a2000c1e9900 */
        /*0620*/                   IADD3 R20, P0, R32, R35, RZ ;                             /* 0x0000002320147210 */
                                                                                             /* 0x001fc40007f1e0ff */
        /*0630*/                   IADD3 R21, R25, 0xd00, RZ ;                               /* 0x00000d0019157810 */
                                                                                             /* 0x000fe20007ffe0ff */
        /*0640*/                   LDG.E.CONSTANT R8, [R8.64] ;                              /* 0x0000000608087981 */
                                                                                             /* 0x000ee2000c1e9900 */
        /*0650*/                   LEA.HI.X.SX32 R37, R35, RZ, 0x1, P0 ;                     /* 0x000000ff23257211 */
                                                                                             /* 0x002fe400000f0eff */
        /*0660*/                   IADD3 R2, P0, R2, R21, RZ ;                               /* 0x0000001502027210 */
                                                                                             /* 0x000fe20007f1e0ff */
        /*0670*/                   LDG.E.CONSTANT R7, [R6.64] ;                              /* 0x0000000606077981 */
                                                                                             /* 0x000f22000c1e9900 */
        /*0680*/                   LEA R30, P1, R20.reuse, c[0x0][0x160], 0x2 ;              /* 0x00005800141e7a11 */
                                                                                             /* 0x040fe400078210ff */
        /*0690*/                   IADD3 R23, R25, 0xf00, RZ ;                               /* 0x00000f0019177810 */
                                                                                             /* 0x000fe40007ffe0ff */
        /*06a0*/                   LEA.HI.X R31, R20, c[0x0][0x164], R37, 0x2, P1 ;          /* 0x00005900141f7a11 */
                                                                                             /* 0x000fc400008f1425 */
        /*06b0*/                   LEA.HI.X.SX32 R21, R21, RZ, 0x1, P0 ;                     /* 0x000000ff15157211 */
                                                                                             /* 0x000fe400000f0eff */
        /*06c0*/                   LEA R20, P0, R2, c[0x0][0x160], 0x2 ;                     /* 0x0000580002147a11 */
                                                                                             /* 0x000fe400078010ff */
        /*06d0*/                   IADD3 R35, P2, R32, R23, RZ ;                             /* 0x0000001720237210 */
                                                                                             /* 0x000fe20007f5e0ff */
        /*06e0*/                   LDG.E.CONSTANT R31, [R30.64] ;                            /* 0x000000061e1f7981 */
                                                                                             /* 0x000f62000c1e9900 */
        /*06f0*/                   LEA.HI.X R21, R2, c[0x0][0x164], R21, 0x2, P0 ;           /* 0x0000590002157a11 */
                                                                                             /* 0x000fe400000f1415 */
        /*0700*/                   LEA.HI.X.SX32 R26, R23, RZ, 0x1, P2 ;                     /* 0x000000ff171a7211 */
                                                                                             /* 0x000fe400010f0eff */
        /*0710*/                   LEA R22, P1, R35.reuse, c[0x0][0x160], 0x2 ;              /* 0x0000580023167a11 */
                                                                                             /* 0x040fe200078210ff */
        /*0720*/                   LDG.E.CONSTANT R20, [R20.64] ;                            /* 0x0000000614147981 */
                                                                                             /* 0x000f66000c1e9900 */
        /*0730*/                   LEA.HI.X R23, R35, c[0x0][0x164], R26, 0x2, P1 ;          /* 0x0000590023177a11 */
                                                                                             /* 0x000fca00008f141a */
        /*0740*/                   LDG.E.CONSTANT R22, [R22.64] ;                            /* 0x0000000616167981 */
                                                                                             /* 0x000f62000c1e9900 */
        /*0750*/                   IADD3 R32, -R32, c[0x0][0x188], RZ ;                      /* 0x0000620020207a10 */
                                                                                             /* 0x000fc80007ffe1ff */
        /*0760*/                   ISETP.GE.U32.AND P0, PT, R32, UR4, PT ;                   /* 0x0000000420007c0c */
                                                                                             /* 0x000fe4000bf06070 */
        /*0770*/                   IADD3 R0, R33, R5, R0 ;                                   /* 0x0000000521007210 */
                                                                                             /* 0x004fc80007ffe000 */
        /*0780*/                   IADD3 R0, R34, R27, R0 ;                                  /* 0x0000001b22007210 */
                                                                                             /* 0x000fc80007ffe000 */
        /*0790*/                   IADD3 R0, R19, R28, R0 ;                                  /* 0x0000001c13007210 */
                                                                                             /* 0x008fc80007ffe000 */
        /*07a0*/                   IADD3 R0, R16, R13, R0 ;                                  /* 0x0000000d10007210 */
                                                                                             /* 0x010fc80007ffe000 */
        /*07b0*/                   IADD3 R0, R11, R14, R0 ;                                  /* 0x0000000e0b007210 */
                                                                                             /* 0x020fc80007ffe000 */
        /*07c0*/                   IADD3 R0, R7, R8, R0 ;                                    /* 0x0000000807007210 */
                                                                                             /* 0x000fc80007ffe000 */
        /*07d0*/                   IADD3 R31, R31, R20, R0 ;                                 /* 0x000000141f1f7210 */
                                                                                             /* 0x000fca0007ffe000 */
        /*07e0*/                   IMAD.IADD R2, R22, 0x1, R31 ;                             /* 0x0000000116027824 */
                                                                                             /* 0x000fe200078e021f */
        /*07f0*/              @!P0 BRA 0x1910 ;                                              /* 0x0000111000008947 */
                                                                                             /* 0x000fea0003800000 */
        /*0800*/                   ULDC UR5, c[0x0][0x188] ;                                 /* 0x0000620000057ab9 */
                                                                                             /* 0x000fe20000000800 */
        /*0810*/                   LEA R0, R24, UR4, 0xc ;                                   /* 0x0000000418007c11 */
                                                                                             /* 0x000fe2000f8e60ff */
        /*0820*/                   UIADD3 UR5, UR5, -0x1000, URZ ;                           /* 0xfffff00005057890 */
                                                                                             /* 0x000fe2000fffe03f */
        /*0830*/                   IADD3 R5, R25, UR4, RZ ;                                  /* 0x0000000419057c10 */
                                                                                             /* 0x000fca000fffe0ff */
        /*0840*/                   ISETP.GT.U32.AND P0, PT, R0, UR5, PT ;                    /* 0x0000000500007c0c */
                                                                                             /* 0x000fe2000bf04070 */
        /*0850*/                   IMAD R5, R24, 0x1000, R5 ;                                /* 0x0000100018057824 */
                                                                                             /* 0x000fd800078e0205 */
        /*0860*/               @P0 BRA 0xfe0 ;                                               /* 0x0000077000000947 */
                                                                                             /* 0x000fea0003800000 */
        /*0870*/                   IADD3 R6, R25.reuse, 0x800, RZ ;                          /* 0x0000080019067810 */
                                                                                             /* 0x040fe40007ffe0ff */
        /*0880*/                   IADD3 R7, R25.reuse, 0x900, RZ ;                          /* 0x0000090019077810 */
                                                                                             /* 0x040fe40007ffe0ff */
        /*0890*/                   IADD3 R8, R25.reuse, 0xa00, RZ ;                          /* 0x00000a0019087810 */
                                                                                             /* 0x040fe40007ffe0ff */
        /*08a0*/                   IADD3 R9, R25.reuse, 0xb00, RZ ;                          /* 0x00000b0019097810 */
                                                                                             /* 0x040fe40007ffe0ff */
        /*08b0*/                   IADD3 R10, R25.reuse, 0xc00, RZ ;                         /* 0x00000c00190a7810 */
                                                                                             /* 0x040fe40007ffe0ff */
        /*08c0*/                   IADD3 R11, R25, 0xd00, RZ ;                               /* 0x00000d00190b7810 */
                                                                                             /* 0x000fc40007ffe0ff */
        /*08d0*/                   IADD3 R12, R25.reuse, 0xe00, RZ ;                         /* 0x00000e00190c7810 */
                                                                                             /* 0x040fe40007ffe0ff */
        /*08e0*/                   IADD3 R13, R25, 0xf00, RZ ;                               /* 0x00000f00190d7810 */
                                                                                             /* 0x000fe40007ffe0ff */
        /*08f0*/                   SHF.R.S32.HI R17, RZ, 0x1f, R25 ;                         /* 0x0000001fff117819 */
                                                                                             /* 0x000fe40000011419 */
        /*0900*/                   IADD3 R14, P0, R25, R0.reuse, RZ ;                        /* 0x00000000190e7210 */
                                                                                             /* 0x080fe40007f1e0ff */
        /*0910*/                   SHF.R.S32.HI R16, RZ, 0x1f, R4 ;                          /* 0x0000001fff107819 */
                                                                                             /* 0x000fe40000011404 */
        /*0920*/                   IADD3 R15, P1, R4, R0, RZ ;                               /* 0x00000000040f7210 */
                                                                                             /* 0x000fe20007f3e0ff */
        /*0930*/                   IMAD.X R17, RZ, RZ, R17, P0 ;                             /* 0x000000ffff117224 */
                                                                                             /* 0x000fe200000e0611 */
        /*0940*/                   LEA R32, P0, R14, c[0x0][0x160], 0x2 ;                    /* 0x000058000e207a11 */
                                                                                             /* 0x000fc400078010ff */
        /*0950*/                   IADD3 R19, P3, R6, R0.reuse, RZ ;                         /* 0x0000000006137210 */
                                                                                             /* 0x080fe20007f7e0ff */
        /*0960*/                   IMAD.X R16, RZ, RZ, R16, P1 ;                             /* 0x000000ffff107224 */
                                                                                             /* 0x000fe200008e0610 */
        /*0970*/                   LEA R28, P1, R15.reuse, c[0x0][0x160], 0x2 ;              /* 0x000058000f1c7a11 */
                                                                                             /* 0x040fe400078210ff */
        /*0980*/                   LEA.HI.X R33, R14, c[0x0][0x164], R17, 0x2, P0 ;          /* 0x000059000e217a11 */
                                                                                             /* 0x000fe400000f1411 */
        /*0990*/                   LEA.HI.X R29, R15, c[0x0][0x164], R16, 0x2, P1 ;          /* 0x000059000f1d7a11 */
                                                                                             /* 0x000fe400008f1410 */
        /*09a0*/                   IADD3 R17, P2, R7, R0.reuse, RZ ;                         /* 0x0000000007117210 */
                                                                                             /* 0x080fe40007f5e0ff */
        /*09b0*/                   IADD3 R15, P1, R8, R0, RZ ;                               /* 0x00000000080f7210 */
                                                                                             /* 0x000fc40007f3e0ff */
        /*09c0*/                   LEA.HI.X.SX32 R30, R7, RZ, 0x1, P2 ;                      /* 0x000000ff071e7211 */
                                                                                             /* 0x000fe400010f0eff */
        /*09d0*/                   LEA R22, P2, R17, c[0x0][0x160], 0x2 ;                    /* 0x0000580011167a11 */
                                                                                             /* 0x000fe400078410ff */
        /*09e0*/                   LEA.HI.X.SX32 R26, R8, RZ, 0x1, P1 ;                      /* 0x000000ff081a7211 */
                                                                                             /* 0x000fe400008f0eff */
        /*09f0*/                   IADD3 R14, P0, R3, R0, RZ ;                               /* 0x00000000030e7210 */
                                                                                             /* 0x000fe40007f1e0ff */
        /*0a00*/                   LEA R16, P1, R15, c[0x0][0x160], 0x2 ;                    /* 0x000058000f107a11 */
                                                                                             /* 0x000fe400078210ff */
        /*0a10*/                   LEA.HI.X.SX32 R34, R6, RZ, 0x1, P3 ;                      /* 0x000000ff06227211 */
                                                                                             /* 0x000fc400018f0eff */
        /*0a20*/                   LEA.HI.X R23, R17, c[0x0][0x164], R30, 0x2, P2 ;          /* 0x0000590011177a11 */
                                                                                             /* 0x000fe400010f141e */
        /*0a30*/                   LEA.HI.X.SX32 R21, R3, RZ, 0x1, P0 ;                      /* 0x000000ff03157211 */
                                                                                             /* 0x000fe400000f0eff */
        /*0a40*/                   LEA R18, P3, R19, c[0x0][0x160], 0x2 ;                    /* 0x0000580013127a11 */
                                                                                             /* 0x000fe200078610ff */
        /*0a50*/                   LDG.E.CONSTANT R22, [R22.64] ;                            /* 0x0000000616167981 */
                                                                                             /* 0x0000a2000c1e9900 */
        /*0a60*/                   LEA.HI.X R17, R15, c[0x0][0x164], R26, 0x2, P1 ;          /* 0x000059000f117a11 */
                                                                                             /* 0x000fe400008f141a */
        /*0a70*/                   LEA R20, P0, R14, c[0x0][0x160], 0x2 ;                    /* 0x000058000e147a11 */
                                                                                             /* 0x000fe400078010ff */
        /*0a80*/                   IADD3 R15, P1, R10, R0, RZ ;                              /* 0x000000000a0f7210 */
                                                                                             /* 0x000fc40007f3e0ff */
        /*0a90*/                   LEA.HI.X R19, R19, c[0x0][0x164], R34, 0x2, P3 ;          /* 0x0000590013137a11 */
                                                                                             /* 0x000fe400018f1422 */
        /*0aa0*/                   LEA.HI.X R21, R14, c[0x0][0x164], R21, 0x2, P0 ;          /* 0x000059000e157a11 */
                                                                                             /* 0x000fe200000f1415 */
        /*0ab0*/                   LDG.E.CONSTANT R23, [R16.64] ;                            /* 0x0000000610177981 */
                                                                                             /* 0x0010e2000c1e9900 */
        /*0ac0*/                   LEA.HI.X.SX32 R34, R10, RZ, 0x1, P1 ;                     /* 0x000000ff0a227211 */
                                                                                             /* 0x000fe400008f0eff */
        /*0ad0*/                   IADD3 R27, P0, R9, R0, RZ ;                               /* 0x00000000091b7210 */
                                                                                             /* 0x000fe20007f1e0ff */
        /*0ae0*/                   LDG.E.CONSTANT R14, [R32.64] ;                            /* 0x00000006200e7981 */
                                                                                             /* 0x000322000c1e9900 */
        /*0af0*/                   LEA R30, P1, R15, c[0x0][0x160], 0x2 ;                    /* 0x000058000f1e7a11 */
                                                                                             /* 0x000fe400078210ff */
        /*0b00*/                   LEA.HI.X.SX32 R36, R9, RZ, 0x1, P0 ;                      /* 0x000000ff09247211 */
                                                                                             /* 0x000fe200000f0eff */
        /*0b10*/                   LDG.E.CONSTANT R20, [R20.64] ;                            /* 0x0000000614147981 */
                                                                                             /* 0x000aa2000c1e9900 */
        /*0b20*/                   LEA.HI.X R31, R15, c[0x0][0x164], R34, 0x2, P1 ;          /* 0x000059000f1f7a11 */
                                                                                             /* 0x000fc400008f1422 */
        /*0b30*/                   LEA R26, P0, R27, c[0x0][0x160], 0x2 ;                    /* 0x000058001b1a7a11 */
                                                                                             /* 0x000fe200078010ff */
        /*0b40*/                   LDG.E.CONSTANT R15, [R28.64] ;                            /* 0x000000061c0f7981 */
                                                                                             /* 0x0000a2000c1e9900 */
        /*0b50*/                   IADD3 R34, P1, R11, R0, RZ ;                              /* 0x000000000b227210 */
                                                                                             /* 0x000fe40007f3e0ff */
        /*0b60*/                   IADD3 R33, R25.reuse, 0x200, RZ ;                         /* 0x0000020019217810 */
                                                                                             /* 0x042fe40007ffe0ff */
        /*0b70*/                   IADD3 R35, R25, 0x100, RZ ;                               /* 0x0000010019237810 */
                                                                                             /* 0x000fe20007ffe0ff */
        /*0b80*/                   LDG.E.CONSTANT R21, [R18.64] ;                            /* 0x0000000612157981 */
                                                                                             /* 0x020362000c1e9900 */
        /*0b90*/                   LEA.HI.X R27, R27, c[0x0][0x164], R36, 0x2, P0 ;          /* 0x000059001b1b7a11 */
                                                                                             /* 0x000fe400000f1424 */
        /*0ba0*/                   SHF.R.S32.HI R36, RZ, 0x1f, R35 ;                         /* 0x0000001fff247819 */
                                                                                             /* 0x000fc40000011423 */
        /*0bb0*/                   LEA.HI.X.SX32 R29, R11, RZ, 0x1, P1 ;                     /* 0x000000ff0b1d7211 */
                                                                                             /* 0x001fe200008f0eff */
        /*0bc0*/                   LDG.E.CONSTANT R26, [R26.64] ;                            /* 0x000000061a1a7981 */
                                                                                             /* 0x0000e2000c1e9900 */
        /*0bd0*/                   IADD3 R32, P0, R35, R0.reuse, RZ ;                        /* 0x0000000023207210 */
                                                                                             /* 0x080fe40007f1e0ff */
        /*0be0*/                   LEA R28, P2, R34.reuse, c[0x0][0x160], 0x2 ;              /* 0x00005800221c7a11 */
                                                                                             /* 0x040fe400078410ff */
        /*0bf0*/                   SHF.R.S32.HI R18, RZ, 0x1f, R33 ;                         /* 0x0000001fff127819 */
                                                                                             /* 0x002fe40000011421 */
        /*0c00*/                   IADD3 R33, P1, R33, R0, RZ ;                              /* 0x0000000021217210 */
                                                                                             /* 0x000fe20007f3e0ff */
        /*0c10*/                   IMAD.X R17, RZ, RZ, R36, P0 ;                             /* 0x000000ffff117224 */
                                                                                             /* 0x000fe200000e0624 */
        /*0c20*/                   LEA.HI.X R29, R34, c[0x0][0x164], R29, 0x2, P2 ;          /* 0x00005900221d7a11 */
                                                                                             /* 0x000fe200010f141d */
        /*0c30*/                   LDG.E.CONSTANT R27, [R30.64] ;                            /* 0x000000061e1b7981 */
                                                                                             /* 0x0010a4000c1e9900 */
        /*0c40*/                   IMAD.X R34, RZ, RZ, R18, P1 ;                             /* 0x000000ffff227224 */
                                                                                             /* 0x000fe200008e0612 */
        /*0c50*/                   LEA R18, P0, R32, c[0x0][0x160], 0x2 ;                    /* 0x0000580020127a11 */
                                                                                             /* 0x000fe200078010ff */
        /*0c60*/                   LDG.E.CONSTANT R28, [R28.64] ;                            /* 0x000000061c1c7981 */
                                                                                             /* 0x0002a2000c1e9900 */
        /*0c70*/                   LEA R16, P1, R33, c[0x0][0x160], 0x2 ;                    /* 0x0000580021107a11 */
                                                                                             /* 0x000fc400078210ff */
        /*0c80*/                   LEA.HI.X R19, R32, c[0x0][0x164], R17, 0x2, P0 ;          /* 0x0000590020137a11 */
                                                                                             /* 0x000fe400000f1411 */
        /*0c90*/                   LEA.HI.X R17, R33, c[0x0][0x164], R34, 0x2, P1 ;          /* 0x0000590021117a11 */
                                                                                             /* 0x000fe400008f1422 */
        /*0ca0*/                   IADD3 R33, R25.reuse, 0x400, RZ ;                         /* 0x0000040019217810 */
                                                                                             /* 0x040fe40007ffe0ff */
        /*0cb0*/                   IADD3 R35, R25, 0x500, RZ ;                               /* 0x0000050019237810 */
                                                                                             /* 0x000fe20007ffe0ff */
        /*0cc0*/                   LDG.E.CONSTANT R32, [R16.64] ;                            /* 0x0000000610207981 */
                                                                                             /* 0x0000a2000c1e9900 */
        /*0cd0*/                   SHF.R.S32.HI R34, RZ, 0x1f, R33 ;                         /* 0x0000001fff227819 */
                                                                                             /* 0x000fe40000011421 */
        /*0ce0*/                   IADD3 R33, P0, R33, R0, RZ ;                              /* 0x0000000021217210 */
                                                                                             /* 0x000fe20007f1e0ff */
        /*0cf0*/                   LDG.E.CONSTANT R29, [R18.64] ;                            /* 0x00000006121d7981 */
                                                                                             /* 0x002322000c1e9900 */
        /*0d00*/                   SHF.R.S32.HI R36, RZ, 0x1f, R35 ;                         /* 0x0000001fff247819 */
                                                                                             /* 0x000fc40000011423 */
        /*0d10*/                   IADD3 R30, P1, R35, R0, RZ ;                              /* 0x00000000231e7210 */
                                                                                             /* 0x001fe20007f3e0ff */
        /*0d20*/                   IMAD.X R34, RZ, RZ, R34, P0 ;                             /* 0x000000ffff227224 */
                                                                                             /* 0x000fe200000e0622 */
        /*0d30*/                   LEA R16, P0, R33, c[0x0][0x160], 0x2 ;                    /* 0x0000580021107a11 */
                                                                                             /* 0x000fc600078010ff */
        /*0d40*/                   IMAD.X R31, RZ, RZ, R36, P1 ;                             /* 0x000000ffff1f7224 */
                                                                                             /* 0x000fe200008e0624 */
        /*0d50*/                   LEA.HI.X R17, R33, c[0x0][0x164], R34, 0x2, P0 ;          /* 0x0000590021117a11 */
                                                                                             /* 0x000fe400000f1422 */
        /*0d60*/                   LEA R18, P0, R30, c[0x0][0x160], 0x2 ;                    /* 0x000058001e127a11 */
                                                                                             /* 0x002fc800078010ff */
        /*0d70*/                   LEA.HI.X R19, R30, c[0x0][0x164], R31, 0x2, P0 ;          /* 0x000059001e137a11 */
                                                                                             /* 0x000fe400000f141f */
        /*0d80*/                   IADD3 R31, R25, 0x600, RZ ;                               /* 0x00000600191f7810 */
                                                                                             /* 0x000fe20007ffe0ff */
        /*0d90*/                   LDG.E.CONSTANT R30, [R16.64] ;                            /* 0x00000006101e7981 */
                                                                                             /* 0x0000e6000c1e9900 */
        /*0da0*/                   SHF.R.S32.HI R35, RZ, 0x1f, R31 ;                         /* 0x0000001fff237819 */
                                                                                             /* 0x000fe4000001141f */
        /*0db0*/                   IADD3 R34, P0, R31, R0.reuse, RZ ;                        /* 0x000000001f227210 */
                                                                                             /* 0x080fe40007f1e0ff */
        /*0dc0*/                   IADD3 R33, P1, R12, R0, RZ ;                              /* 0x000000000c217210 */
                                                                                             /* 0x000fe20007f3e0ff */
        /*0dd0*/                   LDG.E.CONSTANT R31, [R18.64] ;                            /* 0x00000006121f7981 */
                                                                                             /* 0x0002e4000c1e9900 */
        /*0de0*/                   IMAD.X R35, RZ, RZ, R35, P0 ;                             /* 0x000000ffff237224 */
                                                                                             /* 0x000fe200000e0623 */
        /*0df0*/                   LEA R16, P0, R34, c[0x0][0x160], 0x2 ;                    /* 0x0000580022107a11 */
                                                                                             /* 0x001fc800078010ff */
        /*0e00*/                   LEA.HI.X R17, R34, c[0x0][0x164], R35, 0x2, P0 ;          /* 0x0000590022117a11 */
                                                                                             /* 0x000fe400000f1423 */
        /*0e10*/                   LEA.HI.X.SX32 R34, R12, RZ, 0x1, P1 ;                     /* 0x000000ff0c227211 */
                                                                                             /* 0x000fe400008f0eff */
        /*0e20*/                   LEA R18, P0, R33.reuse, c[0x0][0x160], 0x2 ;              /* 0x0000580021127a11 */
                                                                                             /* 0x042fe200078010ff */
        /*0e30*/                   LDG.E.CONSTANT R35, [R16.64] ;                            /* 0x0000000610237981 */
                                                                                             /* 0x000166000c1e9900 */
        /*0e40*/                   LEA.HI.X R19, R33, c[0x0][0x164], R34, 0x2, P0 ;          /* 0x0000590021137a11 */
                                                                                             /* 0x000fe400000f1422 */
        /*0e50*/                   IADD3 R34, P0, R13, R0, RZ ;                              /* 0x000000000d227210 */
                                                                                             /* 0x000fc60007f1e0ff */
        /*0e60*/                   LDG.E.CONSTANT R33, [R18.64] ;                            /* 0x0000000612217981 */
                                                                                             /* 0x000f62000c1e9900 */
        /*0e70*/                   LEA.HI.X.SX32 R37, R13, RZ, 0x1, P0 ;                     /* 0x000000ff0d257211 */
                                                                                             /* 0x000fe400000f0eff */
        /*0e80*/                   LEA R16, P0, R34, c[0x0][0x160], 0x2 ;                    /* 0x0000580022107a11 */
                                                                                             /* 0x001fc800078010ff */
        /*0e90*/                   LEA.HI.X R17, R34, c[0x0][0x164], R37, 0x2, P0 ;          /* 0x0000590022117a11 */
                                                                                             /* 0x000fca00000f1425 */
        /*0ea0*/                   LDG.E.CONSTANT R34, [R16.64] ;                            /* 0x0000000610227981 */
                                                                                             /* 0x000f62000c1e9900 */
        /*0eb0*/                   IADD3 R14, R29, R14, R2 ;                                 /* 0x0000000e1d0e7210 */
                                                                                             /* 0x010fc80007ffe002 */
        /*0ec0*/                   IADD3 R14, R15, R32, R14 ;                                /* 0x000000200f0e7210 */
                                                                                             /* 0x004fe20007ffe00e */
        /*0ed0*/                   IMAD.MOV.U32 R15, RZ, RZ, c[0x0][0x18c] ;                 /* 0x00006300ff0f7624 */
                                                                                             /* 0x000fe200078e00ff */
        /*0ee0*/                   IADD3 R2, -R0, c[0x0][0x188], RZ ;                        /* 0x0000620000027a10 */
                                                                                             /* 0x000fc60007ffe1ff */
        /*0ef0*/                   IMAD.SHL.U32 R15, R15, 0x1000, RZ ;                       /* 0x000010000f0f7824 */
                                                                                             /* 0x000fca00078e00ff */
        /*0f00*/                   ISETP.GE.U32.AND P0, PT, R2, R15, PT ;                    /* 0x0000000f0200720c */
                                                                                             /* 0x000fe40003f06070 */
        /*0f10*/                   IADD3 R14, R31, R30, R14 ;                                /* 0x0000001e1f0e7210 */
                                                                                             /* 0x008fc80007ffe00e */
        /*0f20*/                   IADD3 R14, R20, R35, R14 ;                                /* 0x00000023140e7210 */
                                                                                             /* 0x020fc80007ffe00e */
        /*0f30*/                   IADD3 R14, R22, R21, R14 ;                                /* 0x00000015160e7210 */
                                                                                             /* 0x000fc80007ffe00e */
        /*0f40*/                   IADD3 R14, R26, R23, R14 ;                                /* 0x000000171a0e7210 */
                                                                                             /* 0x000fc80007ffe00e */
        /*0f50*/                   IADD3 R14, R28, R27, R14 ;                                /* 0x0000001b1c0e7210 */
                                                                                             /* 0x000fc80007ffe00e */
        /*0f60*/                   IADD3 R2, R34, R33, R14 ;                                 /* 0x0000002122027210 */
                                                                                             /* 0x000fe20007ffe00e */
        /*0f70*/              @!P0 BRA 0x1910 ;                                              /* 0x0000099000008947 */
                                                                                             /* 0x000fea0003800000 */
        /*0f80*/                   ULDC UR4, c[0x0][0x188] ;                                 /* 0x0000620000047ab9 */
                                                                                             /* 0x000fe20000000800 */
        /*0f90*/                   IMAD.IADD R0, R15.reuse, 0x1, R0 ;                        /* 0x000000010f007824 */
                                                                                             /* 0x040fe200078e0200 */
        /*0fa0*/                   UIADD3 UR4, UR4, -0x1000, URZ ;                           /* 0xfffff00004047890 */
                                                                                             /* 0x000fe2000fffe03f */
        /*0fb0*/                   IMAD.IADD R5, R15, 0x1, R5 ;                              /* 0x000000010f057824 */
                                                                                             /* 0x000fca00078e0205 */
        /*0fc0*/                   ISETP.GT.U32.AND P0, PT, R0, UR4, PT ;                    /* 0x0000000400007c0c */
                                                                                             /* 0x000fda000bf04070 */
        /*0fd0*/              @!P0 BRA 0x8f0 ;                                               /* 0xfffff91000008947 */
                                                                                             /* 0x000fea000383ffff */
        /*0fe0*/                   ISETP.GE.U32.AND P0, PT, R0, c[0x0][0x188], PT ;          /* 0x0000620000007a0c */
                                                                                             /* 0x000fda0003f06070 */
        /*0ff0*/               @P0 BRA 0x1910 ;                                              /* 0x0000091000000947 */
                                                                                             /* 0x000fea0003800000 */
        /*1000*/                   IADD3 R16, -R0, c[0x0][0x188], RZ ;                       /* 0x0000620000107a10 */
                                                                                             /* 0x000fe20007ffe1ff */
        /*1010*/                   BSSY B1, 0x1910 ;                                         /* 0x000008f000017945 */
                                                                                             /* 0x000fe60003800000 */
        /*1020*/                   ISETP.GE.AND P0, PT, R25, R16, PT ;                       /* 0x000000101900720c */
                                                                                             /* 0x000fda0003f06270 */
        /*1030*/               @P0 BRA 0x1900 ;                                              /* 0x000008c000000947 */
                                                                                             /* 0x000fea0003800000 */
        /*1040*/                   LOP3.LUT R3, RZ, R25, RZ, 0x33, !PT ;                     /* 0x00000019ff037212 */
                                                                                             /* 0x000fe200078e33ff */
        /*1050*/                   BSSY B2, 0x1160 ;                                         /* 0x0000010000027945 */
                                                                                             /* 0x000fe60003800000 */
        /*1060*/                   IADD3 R4, -R0, c[0x0][0x188], R3 ;                        /* 0x0000620000047a10 */
                                                                                             /* 0x000fc80007ffe103 */
        /*1070*/                   LEA.HI R3, R4.reuse, 0x1, RZ, 0x18 ;                      /* 0x0000000104037811 */
                                                                                             /* 0x040fe400078fc0ff */
        /*1080*/                   ISETP.GE.U32.AND P1, PT, R4, 0x300, PT ;                  /* 0x000003000400780c */
                                                                                             /* 0x000fe40003f26070 */
        /*1090*/                   LOP3.LUT P0, R3, R3, 0x3, RZ, 0xc0, !PT ;                 /* 0x0000000303037812 */
                                                                                             /* 0x000fda000780c0ff */
        /*10a0*/              @!P0 BRA 0x1150 ;                                              /* 0x000000a000008947 */
                                                                                             /* 0x000fea0003800000 */
        /*10b0*/                   S2R R25, SR_TID.X ;                                       /* 0x0000000000197919 */
                                                                                             /* 0x000e240000002100 */
        /*10c0*/                   IMAD.MOV.U32 R6, RZ, RZ, 0x4 ;                            /* 0x00000004ff067424 */
                                                                                             /* 0x000fc800078e00ff */
        /*10d0*/                   IMAD.WIDE.U32 R6, R5, R6, c[0x0][0x160] ;                 /* 0x0000580005067625 */
                                                                                             /* 0x000fcc00078e0006 */
        /*10e0*/                   LDG.E.CONSTANT R7, [R6.64] ;                              /* 0x0000000606077981 */
                                                                                             /* 0x000ea2000c1e9900 */
        /*10f0*/                   IADD3 R3, R3, -0x1, RZ ;                                  /* 0xffffffff03037810 */
                                                                                             /* 0x000fe40007ffe0ff */
        /*1100*/                   IADD3 R25, R25, 0x100, RZ ;                               /* 0x0000010019197810 */
                                                                                             /* 0x001fe40007ffe0ff */
        /*1110*/                   ISETP.NE.AND P0, PT, R3, RZ, PT ;                         /* 0x000000ff0300720c */
                                                                                             /* 0x000fe40003f05270 */
        /*1120*/                   IADD3 R5, R5, 0x100, RZ ;                                 /* 0x0000010005057810 */
                                                                                             /* 0x000fe20007ffe0ff */
        /*1130*/                   IMAD.IADD R2, R7, 0x1, R2 ;                               /* 0x0000000107027824 */
                                                                                             /* 0x004fd400078e0202 */
        /*1140*/               @P0 BRA 0x10c0 ;                                              /* 0xffffff7000000947 */
                                                                                             /* 0x000fea000383ffff */
        /*1150*/                   BSYNC B2 ;                                                /* 0x0000000000027941 */
                                                                                             /* 0x000fea0003800000 */
        /*1160*/              @!P1 BRA 0x1900 ;                                              /* 0x0000079000009947 */
                                                                                             /* 0x000fea0003800000 */
        /*1170*/                   IMAD.IADD R3, R16, 0x1, -R25 ;                            /* 0x0000000110037824 */
                                                                                             /* 0x000fe200078e0a19 */
        /*1180*/                   BSSY B2, 0x15d0 ;                                         /* 0x0000044000027945 */
                                                                                             /* 0x000fe20003800000 */
        /*1190*/                   IMAD.IADD R0, R25, 0x1, R0 ;                              /* 0x0000000119007824 */
                                                                                             /* 0x000fe200078e0200 */
        /*11a0*/                   PLOP3.LUT P0, PT, PT, PT, PT, 0x80, 0x0 ;                 /* 0x000000000000781c */
                                                                                             /* 0x000fe40003f0f070 */
        /*11b0*/                   ISETP.GT.AND P1, PT, R3, 0xc00, PT ;                      /* 0x00000c000300780c */
                                                                                             /* 0x000fe40003f24270 */
        /*11c0*/                   IADD3 R3, R0, 0x300, RZ ;                                 /* 0x0000030000037810 */
                                                                                             /* 0x000fd60007ffe0ff */
        /*11d0*/              @!P1 BRA 0x15c0 ;                                              /* 0x000003e000009947 */
                                                                                             /* 0x000fea0003800000 */
        /*11e0*/                   PLOP3.LUT P0, PT, PT, PT, PT, 0x8, 0x0 ;                  /* 0x000000000000781c */
                                                                                             /* 0x000fe40003f0e170 */
        /*11f0*/                   IADD3 R18, R16, -0xc00, RZ ;                              /* 0xfffff40010127810 */
                                                                                             /* 0x000fe40007ffe0ff */
        /*1200*/                   IADD3 R20, R3.reuse, -0x200, RZ ;                         /* 0xfffffe0003147810 */
                                                                                             /* 0x040fe20007ffe0ff */
        /*1210*/                   IMAD.MOV.U32 R23, RZ, RZ, 0x4 ;                           /* 0x00000004ff177424 */
                                                                                             /* 0x000fe200078e00ff */
        /*1220*/                   IADD3 R8, R3, -0x100, RZ ;                                /* 0xffffff0003087810 */
                                                                                             /* 0x000fc60007ffe0ff */
        /*1230*/                   IMAD.WIDE.U32 R20, R20, R23, c[0x0][0x160] ;              /* 0x0000580014147625 */
                                                                                             /* 0x000fe200078e0017 */
        /*1240*/                   IADD3 R12, R0, 0x400, RZ ;                                /* 0x00000400000c7810 */
                                                                                             /* 0x000fc60007ffe0ff */
        /*1250*/                   IMAD.WIDE.U32 R6, R0, R23.reuse, c[0x0][0x160] ;          /* 0x0000580000067625 */
                                                                                             /* 0x080fe200078e0017 */
        /*1260*/                   IADD3 R14, R3.reuse, 0x200, RZ ;                          /* 0x00000200030e7810 */
                                                                                             /* 0x040fe20007ffe0ff */
        /*1270*/                   LDG.E.CONSTANT R20, [R20.64] ;                            /* 0x0000000614147981 */
                                                                                             /* 0x0000a4000c1e9900 */
        /*1280*/                   IMAD.WIDE.U32 R8, R8, R23.reuse, c[0x0][0x160] ;          /* 0x0000580008087625 */
                                                                                             /* 0x080fe400078e0017 */
        /*1290*/                   LDG.E.CONSTANT R19, [R6.64] ;                             /* 0x0000000606137981 */
                                                                                             /* 0x0002a4000c1e9900 */
        /*12a0*/                   IMAD.WIDE.U32 R10, R3.reuse, R23.reuse, c[0x0][0x160] ;   /* 0x00005800030a7625 */
                                                                                             /* 0x0c0fe200078e0017 */
        /*12b0*/                   IADD3 R4, R3.reuse, 0x300, RZ ;                           /* 0x0000030003047810 */
                                                                                             /* 0x040fe20007ffe0ff */
        /*12c0*/                   LDG.E.CONSTANT R17, [R8.64] ;                             /* 0x0000000608117981 */
                                                                                             /* 0x000722000c1e9900 */
        /*12d0*/                   IADD3 R32, R3, 0x400, RZ ;                                /* 0x0000040003207810 */
                                                                                             /* 0x000fe20007ffe0ff */
        /*12e0*/                   IMAD.WIDE.U32 R12, R12, R23, c[0x0][0x160] ;              /* 0x000058000c0c7625 */
                                                                                             /* 0x000fc400078e0017 */
        /*12f0*/                   LDG.E.CONSTANT R22, [R10.64] ;                            /* 0x000000060a167981 */
                                                                                             /* 0x000b24000c1e9900 */
        /*1300*/                   IMAD.WIDE.U32 R14, R14, R23.reuse, c[0x0][0x160] ;        /* 0x000058000e0e7625 */
                                                                                             /* 0x080fe200078e0017 */
        /*1310*/                   IADD3 R28, R0, 0x800, RZ ;                                /* 0x00000800001c7810 */
                                                                                             /* 0x000fe20007ffe0ff */
        /*1320*/                   LDG.E.CONSTANT R21, [R12.64] ;                            /* 0x000000060c157981 */
                                                                                             /* 0x001122000c1e9900 */
        /*1330*/                   IADD3 R8, R3.reuse, 0x600, RZ ;                           /* 0x0000060003087810 */
                                                                                             /* 0x048fe20007ffe0ff */
        /*1340*/                   IMAD.WIDE.U32 R4, R4, R23.reuse, c[0x0][0x160] ;          /* 0x0000580004047625 */
                                                                                             /* 0x080fe400078e0017 */
        /*1350*/                   LDG.E.CONSTANT R26, [R14.64] ;                            /* 0x000000060e1a7981 */
                                                                                             /* 0x000722000c1e9900 */
        /*1360*/                   IADD3 R30, R3, 0x700, RZ ;                                /* 0x00000700031e7810 */
                                                                                             /* 0x000fe20007ffe0ff */
        /*1370*/                   IMAD.WIDE.U32 R32, R32, R23, c[0x0][0x160] ;              /* 0x0000580020207625 */
                                                                                             /* 0x000fc400078e0017 */
        /*1380*/                   LDG.E.CONSTANT R27, [R4.64] ;                             /* 0x00000006041b7981 */
                                                                                             /* 0x000b22000c1e9900 */
        /*1390*/                   IADD3 R12, R3.reuse, 0x800, RZ ;                          /* 0x00000800030c7810 */
                                                                                             /* 0x041fe20007ffe0ff */
        /*13a0*/                   IMAD.WIDE.U32 R6, R28, R23.reuse, c[0x0][0x160] ;         /* 0x000058001c067625 */
                                                                                             /* 0x082fe200078e0017 */
        /*13b0*/                   IADD3 R34, R3.reuse, 0xa00, RZ ;                          /* 0x00000a0003227810 */
                                                                                             /* 0x040fe20007ffe0ff */
        /*13c0*/                   LDG.E.CONSTANT R28, [R32.64] ;                            /* 0x00000006201c7981 */
                                                                                             /* 0x000124000c1e9900 */
        /*13d0*/                   IMAD.WIDE.U32 R8, R8, R23.reuse, c[0x0][0x160] ;          /* 0x0000580008087625 */
                                                                                             /* 0x080fe200078e0017 */
        /*13e0*/                   IADD3 R14, R0, 0xc00, RZ ;                                /* 0x00000c00000e7810 */
                                                                                             /* 0x008fe20007ffe0ff */
        /*13f0*/                   LDG.E.CONSTANT R29, [R6.64] ;                             /* 0x00000006061d7981 */
                                                                                             /* 0x0002e4000c1e9900 */
        /*1400*/                   IMAD.WIDE.U32 R10, R30, R23.reuse, c[0x0][0x160] ;        /* 0x000058001e0a7625 */
                                                                                             /* 0x0a0fe200078e0017 */
        /*1410*/                   IADD3 R36, R3.reuse, 0xb00, RZ ;                          /* 0x00000b0003247810 */
                                                                                             /* 0x040fe20007ffe0ff */
        /*1420*/                   LDG.E.CONSTANT R30, [R8.64] ;                             /* 0x00000006081e7981 */
                                                                                             /* 0x000ae4000c1e9900 */
        /*1430*/                   IMAD.WIDE.U32 R12, R12, R23.reuse, c[0x0][0x160] ;        /* 0x000058000c0c7625 */
                                                                                             /* 0x080fe200078e0017 */
        /*1440*/                   IADD3 R32, R3, 0xc00, RZ ;                                /* 0x00000c0003207810 */
                                                                                             /* 0x001fe20007ffe0ff */
        /*1450*/                   LDG.E.CONSTANT R10, [R10.64] ;                            /* 0x000000060a0a7981 */
                                                                                             /* 0x000ee4000c1e9900 */
        /*1460*/                   IMAD.WIDE.U32 R14, R14, R23, c[0x0][0x160] ;              /* 0x000058000e0e7625 */
                                                                                             /* 0x000fc400078e0017 */
        /*1470*/                   LDG.E.CONSTANT R13, [R12.64] ;                            /* 0x000000060c0d7981 */
                                                                                             /* 0x000ee4000c1e9900 */
        /*1480*/                   IMAD.WIDE.U32 R4, R34, R23.reuse, c[0x0][0x160] ;         /* 0x0000580022047625 */
                                                                                             /* 0x080fe400078e0017 */
        /*1490*/                   LDG.E.CONSTANT R14, [R14.64] ;                            /* 0x000000060e0e7981 */
                                                                                             /* 0x000ee4000c1e9900 */
        /*14a0*/                   IMAD.WIDE.U32 R6, R36, R23.reuse, c[0x0][0x160] ;         /* 0x0000580024067625 */
                                                                                             /* 0x082fe400078e0017 */
        /*14b0*/                   LDG.E.CONSTANT R4, [R4.64] ;                              /* 0x0000000604047981 */
                                                                                             /* 0x000ee4000c1e9900 */
        /*14c0*/                   IMAD.WIDE.U32 R8, R32, R23, c[0x0][0x160] ;               /* 0x0000580020087625 */
                                                                                             /* 0x020fc400078e0017 */
        /*14d0*/                   LDG.E.CONSTANT R7, [R6.64] ;                              /* 0x0000000606077981 */
                                                                                             /* 0x000f68000c1e9900 */
        /*14e0*/                   LDG.E.CONSTANT R8, [R8.64] ;                              /* 0x0000000608087981 */
                                                                                             /* 0x000f62000c1e9900 */
        /*14f0*/                   IADD3 R25, R25, 0x1000, RZ ;                              /* 0x0000100019197810 */
                                                                                             /* 0x000fc80007ffe0ff */
        /*1500*/                   ISETP.GE.AND P1, PT, R25, R18, PT ;                       /* 0x000000121900720c */
                                                                                             /* 0x000fe40003f26270 */
        /*1510*/                   IADD3 R3, R3, 0x1000, RZ ;                                /* 0x0000100003037810 */
                                                                                             /* 0x000fe40007ffe0ff */
        /*1520*/                   IADD3 R0, R0, 0x1000, RZ ;                                /* 0x0000100000007810 */
                                                                                             /* 0x000fe40007ffe0ff */
        /*1530*/                   IADD3 R19, R20, R19, R2 ;                                 /* 0x0000001314137210 */
                                                                                             /* 0x004fc80007ffe002 */
        /*1540*/                   IADD3 R17, R22, R17, R19 ;                                /* 0x0000001116117210 */
                                                                                             /* 0x010fc80007ffe013 */
        /*1550*/                   IADD3 R17, R26, R21, R17 ;                                /* 0x000000151a117210 */
                                                                                             /* 0x000fc80007ffe011 */
        /*1560*/                   IADD3 R17, R28, R27, R17 ;                                /* 0x0000001b1c117210 */
                                                                                             /* 0x000fc80007ffe011 */
        /*1570*/                   IADD3 R17, R30, R29, R17 ;                                /* 0x0000001d1e117210 */
                                                                                             /* 0x008fc80007ffe011 */
        /*1580*/                   IADD3 R13, R13, R10, R17 ;                                /* 0x0000000a0d0d7210 */
                                                                                             /* 0x000fc80007ffe011 */
        /*1590*/                   IADD3 R4, R4, R14, R13 ;                                  /* 0x0000000e04047210 */
                                                                                             /* 0x000fc80007ffe00d */
        /*15a0*/                   IADD3 R2, R8, R7, R4 ;                                    /* 0x0000000708027210 */
                                                                                             /* 0x020fe20007ffe004 */
        /*15b0*/              @!P1 BRA 0x1200 ;                                              /* 0xfffffc4000009947 */
                                                                                             /* 0x000fea000383ffff */
        /*15c0*/                   BSYNC B2 ;                                                /* 0x0000000000027941 */
                                                                                             /* 0x000fea0003800000 */
        /*15d0*/                   IMAD.IADD R4, R16, 0x1, -R25 ;                            /* 0x0000000110047824 */
                                                                                             /* 0x000fe200078e0a19 */
        /*15e0*/                   BSSY B2, 0x1810 ;                                         /* 0x0000022000027945 */
                                                                                             /* 0x000fe80003800000 */
        /*15f0*/                   ISETP.GT.AND P1, PT, R4, 0x400, PT ;                      /* 0x000004000400780c */
                                                                                             /* 0x000fda0003f24270 */
        /*1600*/              @!P1 BRA 0x1800 ;                                              /* 0x000001f000009947 */
                                                                                             /* 0x000fea0003800000 */
        /*1610*/                   IADD3 R6, R3.reuse, -0x200, RZ ;                          /* 0xfffffe0003067810 */
                                                                                             /* 0x040fe20007ffe0ff */
        /*1620*/                   IMAD.MOV.U32 R21, RZ, RZ, 0x4 ;                           /* 0x00000004ff157424 */
                                                                                             /* 0x000fe200078e00ff */
        /*1630*/                   IADD3 R8, R3, -0x100, RZ ;                                /* 0xffffff0003087810 */
                                                                                             /* 0x000fc60007ffe0ff */
        /*1640*/                   IMAD.WIDE.U32 R6, R6, R21, c[0x0][0x160] ;                /* 0x0000580006067625 */
                                                                                             /* 0x000fe200078e0015 */
        /*1650*/                   IADD3 R12, R0, 0x400, RZ ;                                /* 0x00000400000c7810 */
                                                                                             /* 0x000fc60007ffe0ff */
        /*1660*/                   IMAD.WIDE.U32 R4, R0, R21.reuse, c[0x0][0x160] ;          /* 0x0000580000047625 */
                                                                                             /* 0x080fe200078e0015 */
        /*1670*/                   IADD3 R14, R3.reuse, 0x200, RZ ;                          /* 0x00000200030e7810 */
                                                                                             /* 0x040fe20007ffe0ff */
        /*1680*/                   LDG.E.CONSTANT R18, [R6.64] ;                             /* 0x0000000606127981 */
                                                                                             /* 0x0000a4000c1e9900 */
        /*1690*/                   IMAD.WIDE.U32 R8, R8, R21.reuse, c[0x0][0x160] ;          /* 0x0000580008087625 */
                                                                                             /* 0x080fe200078e0015 */
        /*16a0*/                   IADD3 R20, R3.reuse, 0x300, RZ ;                          /* 0x0000030003147810 */
                                                                                             /* 0x040fe20007ffe0ff */
        /*16b0*/                   LDG.E.CONSTANT R17, [R4.64] ;                             /* 0x0000000604117981 */
                                                                                             /* 0x0002a4000c1e9900 */
        /*16c0*/                   IMAD.WIDE.U32 R10, R3.reuse, R21.reuse, c[0x0][0x160] ;   /* 0x00005800030a7625 */
                                                                                             /* 0x0c0fe200078e0015 */
        /*16d0*/                   IADD3 R19, R3, 0x400, RZ ;                                /* 0x0000040003137810 */
                                                                                             /* 0x000fe20007ffe0ff */
        /*16e0*/                   LDG.E.CONSTANT R8, [R8.64] ;                              /* 0x0000000608087981 */
                                                                                             /* 0x000ee4000c1e9900 */
        /*16f0*/                   IMAD.WIDE.U32 R12, R12, R21, c[0x0][0x160] ;              /* 0x000058000c0c7625 */
                                                                                             /* 0x000fc400078e0015 */
        /*1700*/                   LDG.E.CONSTANT R10, [R10.64] ;                            /* 0x000000060a0a7981 */
                                                                                             /* 0x000ee4000c1e9900 */
        /*1710*/                   IMAD.WIDE.U32 R14, R14, R21.reuse, c[0x0][0x160] ;        /* 0x000058000e0e7625 */
                                                                                             /* 0x080fe400078e0015 */
        /*1720*/                   LDG.E.CONSTANT R13, [R12.64] ;                            /* 0x000000060c0d7981 */
                                                                                             /* 0x000f24000c1e9900 */
        /*1730*/                   IMAD.WIDE.U32 R6, R20, R21.reuse, c[0x0][0x160] ;         /* 0x0000580014067625 */
                                                                                             /* 0x081fe400078e0015 */
        /*1740*/                   LDG.E.CONSTANT R14, [R14.64] ;                            /* 0x000000060e0e7981 */
                                                                                             /* 0x000f24000c1e9900 */
        /*1750*/                   IMAD.WIDE.U32 R4, R19, R21, c[0x0][0x160] ;               /* 0x0000580013047625 */
                                                                                             /* 0x002fc400078e0015 */
        /*1760*/                   LDG.E.CONSTANT R7, [R6.64] ;                              /* 0x0000000606077981 */
                                                                                             /* 0x000f68000c1e9900 */
        /*1770*/                   LDG.E.CONSTANT R4, [R4.64] ;                              /* 0x0000000604047981 */
                                                                                             /* 0x000f62000c1e9900 */
        /*1780*/                   PLOP3.LUT P0, PT, PT, PT, PT, 0x8, 0x0 ;                  /* 0x000000000000781c */
                                                                                             /* 0x000fe40003f0e170 */
        /*1790*/                   IADD3 R25, R25, 0x800, RZ ;                               /* 0x0000080019197810 */
                                                                                             /* 0x000fe40007ffe0ff */
        /*17a0*/                   IADD3 R3, R3, 0x800, RZ ;                                 /* 0x0000080003037810 */
                                                                                             /* 0x000fe40007ffe0ff */
        /*17b0*/                   IADD3 R0, R0, 0x800, RZ ;                                 /* 0x0000080000007810 */
                                                                                             /* 0x000fc40007ffe0ff */
        /*17c0*/                   IADD3 R17, R18, R17, R2 ;                                 /* 0x0000001112117210 */
                                                                                             /* 0x004fc80007ffe002 */
        /*17d0*/                   IADD3 R8, R10, R8, R17 ;                                  /* 0x000000080a087210 */
                                                                                             /* 0x008fc80007ffe011 */
        /*17e0*/                   IADD3 R8, R14, R13, R8 ;                                  /* 0x0000000d0e087210 */
                                                                                             /* 0x010fc80007ffe008 */
        /*17f0*/                   IADD3 R2, R4, R7, R8 ;                                    /* 0x0000000704027210 */
                                                                                             /* 0x020fe40007ffe008 */
        /*1800*/                   BSYNC B2 ;                                                /* 0x0000000000027941 */
                                                                                             /* 0x000fea0003800000 */
        /*1810*/                   ISETP.LT.OR P0, PT, R25, R16, P0 ;                        /* 0x000000101900720c */
                                                                                             /* 0x000fda0000701670 */
        /*1820*/              @!P0 BRA 0x1900 ;                                              /* 0x000000d000008947 */
                                                                                             /* 0x000fea0003800000 */
        /*1830*/                   IADD3 R6, R3.reuse, -0x200, RZ ;                          /* 0xfffffe0003067810 */
                                                                                             /* 0x040fe20007ffe0ff */
        /*1840*/                   IMAD.MOV.U32 R11, RZ, RZ, 0x4 ;                           /* 0x00000004ff0b7424 */
                                                                                             /* 0x000fe200078e00ff */
        /*1850*/                   IADD3 R8, R3, -0x100, RZ ;                                /* 0xffffff0003087810 */
                                                                                             /* 0x000fc60007ffe0ff */
        /*1860*/                   IMAD.WIDE.U32 R4, R0, R11, c[0x0][0x160] ;                /* 0x0000580000047625 */
                                                                                             /* 0x000fc800078e000b */
        /*1870*/                   IMAD.WIDE.U32 R6, R6, R11.reuse, c[0x0][0x160] ;          /* 0x0000580006067625 */
                                                                                             /* 0x080fe400078e000b */
        /*1880*/                   LDG.E.CONSTANT R5, [R4.64] ;                              /* 0x0000000604057981 */
                                                                                             /* 0x000ea4000c1e9900 */
        /*1890*/                   IMAD.WIDE.U32 R8, R8, R11.reuse, c[0x0][0x160] ;          /* 0x0000580008087625 */
                                                                                             /* 0x080fe400078e000b */
        /*18a0*/                   LDG.E.CONSTANT R6, [R6.64] ;                              /* 0x0000000606067981 */
                                                                                             /* 0x000ea4000c1e9900 */
        /*18b0*/                   IMAD.WIDE.U32 R10, R3, R11, c[0x0][0x160] ;               /* 0x00005800030a7625 */
                                                                                             /* 0x000fe400078e000b */
        /*18c0*/                   LDG.E.CONSTANT R9, [R8.64] ;                              /* 0x0000000608097981 */
                                                                                             /* 0x000ee8000c1e9900 */
        /*18d0*/                   LDG.E.CONSTANT R10, [R10.64] ;                            /* 0x000000060a0a7981 */
                                                                                             /* 0x000ee2000c1e9900 */
        /*18e0*/                   IADD3 R2, R6, R5, R2 ;                                    /* 0x0000000506027210 */
                                                                                             /* 0x004fc80007ffe002 */
        /*18f0*/                   IADD3 R2, R10, R9, R2 ;                                   /* 0x000000090a027210 */
                                                                                             /* 0x008fe40007ffe002 */
        /*1900*/                   BSYNC B1 ;                                                /* 0x0000000000017941 */
                                                                                             /* 0x000fea0003800000 */
        /*1910*/                   S2R R0, SR_LANEID ;                                       /* 0x0000000000007919 */
                                                                                             /* 0x000e220000000000 */
        /*1920*/                   REDUX.SUM.S32 UR4, R2 ;                                   /* 0x00000000020473c4 */
                                                                                             /* 0x000e66000000c200 */
        /*1930*/                   S2R R5, SR_TID.X ;                                        /* 0x0000000000057919 */
                                                                                             /* 0x000ea20000002100 */
        /*1940*/                   ISETP.NE.AND P0, PT, R0, RZ, PT ;                         /* 0x000000ff0000720c */
                                                                                             /* 0x001fe20003f05270 */
        /*1950*/                   IMAD.U32 R3, RZ, RZ, UR4 ;                                /* 0x00000004ff037e24 */
                                                                                             /* 0x002fd8000f8e00ff */
        /*1960*/              @!P0 SHF.R.S32.HI R0, RZ, 0x1f, R5 ;                           /* 0x0000001fff008819 */
                                                                                             /* 0x004fc80000011405 */
        /*1970*/              @!P0 LEA.HI R0, R0, R5, RZ, 0x5 ;                              /* 0x0000000500008211 */
                                                                                             /* 0x000fc800078f28ff */
        /*1980*/              @!P0 SHF.R.S32.HI R0, RZ, 0x5, R0 ;                            /* 0x00000005ff008819 */
                                                                                             /* 0x000fca0000011400 */
        /*1990*/              @!P0 STS [R0.X4+0x8], R3 ;                                     /* 0x0000080300008388 */
                                                                                             /* 0x0001e80000004800 */
        /*19a0*/                   BAR.SYNC.DEFER_BLOCKING 0x0 ;                             /* 0x0000000000007b1d */
                                                                                             /* 0x000fe20000010000 */
        /*19b0*/                   ISETP.NE.AND P0, PT, R5, RZ, PT ;                         /* 0x000000ff0500720c */
                                                                                             /* 0x000fda0003f05270 */
        /*19c0*/               @P0 BRA 0x58a0 ;                                              /* 0x00003ed000000947 */
                                                                                             /* 0x000fea0003800000 */
        /*19d0*/                   LDS R0, [0xc] ;                                           /* 0x00000c00ff007984 */
                                                                                             /* 0x001fe80000000800 */
        /*19e0*/                   LDS.128 R4, [0x10] ;                                      /* 0x00001000ff047984 */
                                                                                             /* 0x000e280000000c00 */
        /*19f0*/                   LDS.64 R8, [0x20] ;                                       /* 0x00002000ff087984 */
                                                                                             /* 0x000e620000000a00 */
        /*1a00*/                   IADD3 R0, R4, R0, R3 ;                                    /* 0x0000000004007210 */
                                                                                             /* 0x001fc80007ffe003 */
        /*1a10*/                   IADD3 R0, R6, R5, R0 ;                                    /* 0x0000000506007210 */
                                                                                             /* 0x000fc80007ffe000 */
        /*1a20*/                   IADD3 R0, R8, R7, R0 ;                                    /* 0x0000000708007210 */
                                                                                             /* 0x002fca0007ffe000 */
        /*1a30*/                   IMAD.IADD R3, R0, 0x1, R9 ;                               /* 0x0000000100037824 */
                                                                                             /* 0x000fe200078e0209 */
        /*1a40*/                   BRA 0x58a0 ;                                              /* 0x00003e5000007947 */
                                                                                             /* 0x000fea0003800000 */
        /*1a50*/                   IMAD.SHL.U32 R32, R24, 0x1000, RZ ;                       /* 0x0000100018207824 */
                                                                                             /* 0x000fe200078e00ff */
        /*1a60*/                   BSSY B1, 0x2f10 ;                                         /* 0x000014a000017945 */
                                                                                             /* 0x000fe80003800000 */
        /*1a70*/                   IADD3 R0, -R32, c[0x0][0x188], RZ ;                       /* 0x0000620020007a10 */
                                                                                             /* 0x000fc80007ffe1ff */
        /*1a80*/                   ISETP.GE.AND P0, PT, R0, 0x400, PT ;                      /* 0x000004000000780c */
                                                                                             /* 0x000fda0003f06270 */
        /*1a90*/              @!P0 BRA 0x1af0 ;                                              /* 0x0000005000008947 */
                                                                                             /* 0x000fea0003800000 */
        /*1aa0*/                   IMAD.MOV.U32 R2, RZ, RZ, 0x4 ;                            /* 0x00000004ff027424 */
                                                                                             /* 0x000fe400078e00ff */
        /*1ab0*/                   IMAD.MOV.U32 R33, RZ, RZ, RZ ;                            /* 0x000000ffff217224 */
                                                                                             /* 0x000fe400078e00ff */
        /*1ac0*/                   IMAD R3, R32, R2, c[0x0][0x160] ;                         /* 0x0000580020037624 */
                                                                                             /* 0x000fca00078e0202 */
        /*1ad0*/                   LOP3.LUT P0, RZ, R3, 0xf, RZ, 0xc0, !PT ;                 /* 0x0000000f03ff7812 */
                                                                                             /* 0x000fda000780c0ff */
        /*1ae0*/              @!P0 BRA 0x24a0 ;                                              /* 0x000009b000008947 */
                                                                                             /* 0x000fea0003800000 */
        /*1af0*/                   ISETP.GE.AND P0, PT, R25, R0, PT ;                        /* 0x000000001900720c */
                                                                                             /* 0x000fe20003f06270 */
        /*1b00*/                   BSSY B2, 0x1ba0 ;                                         /* 0x0000009000027945 */
                                                                                             /* 0x000fe20003800000 */
        /*1b10*/                   IMAD.MOV.U32 R29, RZ, RZ, RZ ;                            /* 0x000000ffff1d7224 */
                                                                                             /* 0x000fe400078e00ff */
        /*1b20*/                   IMAD.MOV.U32 R15, RZ, RZ, R25 ;                           /* 0x000000ffff0f7224 */
                                                                                             /* 0x000fd200078e0019 */
        /*1b30*/               @P0 BRA 0x1b90 ;                                              /* 0x0000005000000947 */
                                                                                             /* 0x000fea0003800000 */
        /*1b40*/                   IMAD.IADD R2, R32, 0x1, R25 ;                             /* 0x0000000120027824 */
                                                                                             /* 0x000fe400078e0219 */
        /*1b50*/                   IMAD.MOV.U32 R3, RZ, RZ, 0x4 ;                            /* 0x00000004ff037424 */
                                                                                             /* 0x000fc800078e00ff */
        /*1b60*/                   IMAD.WIDE.U32 R2, R2, R3, c[0x0][0x160] ;                 /* 0x0000580002027625 */
                                                                                             /* 0x000fca00078e0003 */
        /*1b70*/                   LDG.E.CONSTANT R29, [R2.64] ;                             /* 0x00000006021d7981 */
                                                                                             /* 0x000162000c1e9900 */
        /*1b80*/                   IADD3 R15, R25, 0x100, RZ ;                               /* 0x00000100190f7810 */
                                                                                             /* 0x000fc60007ffe0ff */
        /*1b90*/                   BSYNC B2 ;                                                /* 0x0000000000027941 */
                                                                                             /* 0x000fea0003800000 */
        /*1ba0*/                   ISETP.GE.AND P0, PT, R15, R0, PT ;                        /* 0x000000000f00720c */
                                                                                             /* 0x000fda0003f06270 */
        /*1bb0*/               @P0 BRA 0x2f00 ;                                              /* 0x0000134000000947 */
                                                                                             /* 0x000fea0003800000 */
        /*1bc0*/                   LOP3.LUT R3, RZ, R15, RZ, 0x33, !PT ;                     /* 0x0000000fff037212 */
                                                                                             /* 0x001fe200078e33ff */
        /*1bd0*/                   BSSY B2, 0x1cf0 ;                                         /* 0x0000011000027945 */
                                                                                             /* 0x000fe60003800000 */
        /*1be0*/                   IADD3 R3, -R32, c[0x0][0x188], R3 ;                       /* 0x0000620020037a10 */
                                                                                             /* 0x000fc80007ffe103 */
        /*1bf0*/                   LEA.HI R2, R3.reuse, 0x1, RZ, 0x18 ;                      /* 0x0000000103027811 */
                                                                                             /* 0x040fe400078fc0ff */
        /*1c00*/                   ISETP.GE.U32.AND P1, PT, R3, 0x300, PT ;                  /* 0x000003000300780c */
                                                                                             /* 0x000fe40003f26070 */
        /*1c10*/                   LOP3.LUT P0, R2, R2, 0x3, RZ, 0xc0, !PT ;                 /* 0x0000000302027812 */
                                                                                             /* 0x000fda000780c0ff */
        /*1c20*/              @!P0 BRA 0x1ce0 ;                                              /* 0x000000b000008947 */
                                                                                             /* 0x000fea0003800000 */
        /*1c30*/                   IMAD.MOV.U32 R4, RZ, RZ, R2 ;                             /* 0x000000ffff047224 */
                                                                                             /* 0x000fe400078e0002 */
        /*1c40*/                   IMAD.IADD R5, R32, 0x1, R15 ;                             /* 0x0000000120057824 */
                                                                                             /* 0x000fe400078e020f */
        /*1c50*/                   IMAD.MOV.U32 R2, RZ, RZ, 0x4 ;                            /* 0x00000004ff027424 */
                                                                                             /* 0x000fc800078e00ff */
        /*1c60*/                   IMAD.WIDE.U32 R2, R5, R2, c[0x0][0x160] ;                 /* 0x0000580005027625 */
                                                                                             /* 0x000fcc00078e0002 */
        /*1c70*/                   LDG.E.CONSTANT R2, [R2.64] ;                              /* 0x0000000602027981 */
                                                                                             /* 0x000ea2000c1e9900 */
        /*1c80*/                   IADD3 R4, R4, -0x1, RZ ;                                  /* 0xffffffff04047810 */
                                                                                             /* 0x000fe40007ffe0ff */
        /*1c90*/                   IADD3 R15, R15, 0x100, RZ ;                               /* 0x000001000f0f7810 */
                                                                                             /* 0x000fe40007ffe0ff */
        /*1ca0*/                   ISETP.NE.AND P0, PT, R4, RZ, PT ;                         /* 0x000000ff0400720c */
                                                                                             /* 0x000fe40003f05270 */
        /*1cb0*/                   IADD3 R5, R5, 0x100, RZ ;                                 /* 0x0000010005057810 */
                                                                                             /* 0x000fe20007ffe0ff */
        /*1cc0*/                   IMAD.IADD R29, R2, 0x1, R29 ;                             /* 0x00000001021d7824 */
                                                                                             /* 0x024fd400078e021d */
        /*1cd0*/               @P0 BRA 0x1c50 ;                                              /* 0xffffff7000000947 */
                                                                                             /* 0x000fea000383ffff */
        /*1ce0*/                   BSYNC B2 ;                                                /* 0x0000000000027941 */
                                                                                             /* 0x000fea0003800000 */
        /*1cf0*/              @!P1 BRA 0x2f00 ;                                              /* 0x0000120000009947 */
                                                                                             /* 0x000fea0003800000 */
        /*1d00*/                   IMAD.IADD R2, R0, 0x1, -R15 ;                             /* 0x0000000100027824 */
                                                                                             /* 0x000fe200078e0a0f */
        /*1d10*/                   BSSY B2, 0x2150 ;                                         /* 0x0000043000027945 */
                                                                                             /* 0x000fe20003800000 */
        /*1d20*/                   PLOP3.LUT P0, PT, PT, PT, PT, 0x80, 0x0 ;                 /* 0x000000000000781c */
                                                                                             /* 0x000fe40003f0f070 */
        /*1d30*/                   IADD3 R16, R15, 0x300, R32 ;                              /* 0x000003000f107810 */
                                                                                             /* 0x000fe40007ffe020 */
        /*1d40*/                   ISETP.GT.AND P1, PT, R2, 0xc00, PT ;                      /* 0x00000c000200780c */
                                                                                             /* 0x000fda0003f24270 */
        /*1d50*/              @!P1 BRA 0x2140 ;                                              /* 0x000003e000009947 */
                                                                                             /* 0x000fea0003800000 */
        /*1d60*/                   PLOP3.LUT P0, PT, PT, PT, PT, 0x8, 0x0 ;                  /* 0x000000000000781c */
                                                                                             /* 0x000fe40003f0e170 */
        /*1d70*/                   IADD3 R14, R0, -0xc00, RZ ;                               /* 0xfffff400000e7810 */
                                                                                             /* 0x000fe40007ffe0ff */
        /*1d80*/                   IADD3 R4, R16, -0x200, RZ ;                               /* 0xfffffe0010047810 */
                                                                                             /* 0x000fe20007ffe0ff */
        /*1d90*/                   IMAD.IADD R2, R32, 0x1, R15.reuse ;                       /* 0x0000000120027824 */
                                                                                             /* 0x100fe200078e020f */
        /*1da0*/                   IADD3 R26, R16, -0x100, RZ ;                              /* 0xffffff00101a7810 */
                                                                                             /* 0x000fe20007ffe0ff */
        /*1db0*/                   IMAD.MOV.U32 R23, RZ, RZ, 0x4 ;                           /* 0x00000004ff177424 */
                                                                                             /* 0x000fe200078e00ff */
        /*1dc0*/                   IADD3 R8, R32, 0x400, R15 ;                               /* 0x0000040020087810 */
                                                                                             /* 0x000fc60007ffe00f */
        /*1dd0*/                   IMAD.WIDE.U32 R2, R2, R23, c[0x0][0x160] ;                /* 0x0000580002027625 */
                                                                                             /* 0x000fe200078e0017 */
        /*1de0*/                   IADD3 R10, R16, 0x200, RZ ;                               /* 0x00000200100a7810 */
                                                                                             /* 0x000fc60007ffe0ff */
        /*1df0*/                   IMAD.WIDE.U32 R4, R4, R23.reuse, c[0x0][0x160] ;          /* 0x0000580004047625 */
                                                                                             /* 0x080fe200078e0017 */
        /*1e00*/                   LDG.E.CONSTANT R18, [R2.64] ;                             /* 0x0000000602127981 */
                                                                                             /* 0x0000a2000c1e9900 */
        /*1e10*/                   IADD3 R28, R16, 0x400, RZ ;                               /* 0x00000400101c7810 */
                                                                                             /* 0x000fe40007ffe0ff */
        /*1e20*/                   IMAD.WIDE.U32 R26, R26, R23.reuse, c[0x0][0x160] ;        /* 0x000058001a1a7625 */
                                                                                             /* 0x080fe200078e0017 */
        /*1e30*/                   LDG.E.CONSTANT R19, [R4.64] ;                             /* 0x0000000604137981 */
                                                                                             /* 0x0002a6000c1e9900 */
        /*1e40*/                   IMAD.WIDE.U32 R6, R16.reuse, R23.reuse, c[0x0][0x160] ;   /* 0x0000580010067625 */
                                                                                             /* 0x0c0fe200078e0017 */
        /*1e50*/                   IADD3 R12, R16, 0x300, RZ ;                               /* 0x00000300100c7810 */
                                                                                             /* 0x000fe20007ffe0ff */
        /*1e60*/                   LDG.E.CONSTANT R17, [R26.64] ;                            /* 0x000000061a117981 */
                                                                                             /* 0x000724000c1e9900 */
        /*1e70*/                   IMAD.WIDE.U32 R8, R8, R23.reuse, c[0x0][0x160] ;          /* 0x0000580008087625 */
                                                                                             /* 0x080fe200078e0017 */
        /*1e80*/                   IADD3 R30, R32, 0x800, R15 ;                              /* 0x00000800201e7810 */
                                                                                             /* 0x000fe20007ffe00f */
        /*1e90*/                   LDG.E.CONSTANT R20, [R6.64] ;                             /* 0x0000000606147981 */
                                                                                             /* 0x000324000c1e9900 */
        /*1ea0*/                   IMAD.WIDE.U32 R10, R10, R23.reuse, c[0x0][0x160] ;        /* 0x000058000a0a7625 */
                                                                                             /* 0x080fe200078e0017 */
        /*1eb0*/                   IADD3 R34, R16, 0x700, RZ ;                               /* 0x0000070010227810 */
                                                                                             /* 0x000fe20007ffe0ff */
        /*1ec0*/                   LDG.E.CONSTANT R21, [R8.64] ;                             /* 0x0000000608157981 */
                                                                                             /* 0x000324000c1e9900 */
        /*1ed0*/                   IMAD.WIDE.U32 R2, R28, R23.reuse, c[0x0][0x160] ;         /* 0x000058001c027625 */
                                                                                             /* 0x081fe200078e0017 */
        /*1ee0*/                   IADD3 R28, R16, 0x600, RZ ;                               /* 0x00000600101c7810 */
                                                                                             /* 0x000fe20007ffe0ff */
        /*1ef0*/                   LDG.E.CONSTANT R22, [R10.64] ;                            /* 0x000000060a167981 */
                                                                                             /* 0x000124000c1e9900 */
        /*1f00*/                   IMAD.WIDE.U32 R12, R12, R23, c[0x0][0x160] ;              /* 0x000058000c0c7625 */
                                                                                             /* 0x000fc400078e0017 */
        /*1f10*/                   LDG.E.CONSTANT R27, [R2.64] ;                             /* 0x00000006021b7981 */
                                                                                             /* 0x008724000c1e9900 */
        /*1f20*/                   IMAD.WIDE.U32 R4, R30, R23.reuse, c[0x0][0x160] ;         /* 0x000058001e047625 */
                                                                                             /* 0x082fe200078e0017 */
        /*1f30*/                   IADD3 R30, R32, 0xc00, R15 ;                              /* 0x00000c00201e7810 */
                                                                                             /* 0x000fe20007ffe00f */
        /*1f40*/                   LDG.E.CONSTANT R26, [R12.64] ;                            /* 0x000000060c1a7981 */
                                                                                             /* 0x000322000c1e9900 */
        /*1f50*/                   IADD3 R10, R16, 0x800, RZ ;                               /* 0x00000800100a7810 */
                                                                                             /* 0x001fe20007ffe0ff */
        /*1f60*/                   IMAD.WIDE.U32 R6, R28, R23.reuse, c[0x0][0x160] ;         /* 0x000058001c067625 */
                                                                                             /* 0x080fe200078e0017 */
        /*1f70*/                   IADD3 R36, R16, 0xb00, RZ ;                               /* 0x00000b0010247810 */
                                                                                             /* 0x000fe20007ffe0ff */
        /*1f80*/                   LDG.E.CONSTANT R28, [R4.64] ;                             /* 0x00000006041c7981 */
                                                                                             /* 0x000124000c1e9900 */
        /*1f90*/                   IMAD.WIDE.U32 R8, R34, R23.reuse, c[0x0][0x160] ;         /* 0x0000580022087625 */
                                                                                             /* 0x080fe200078e0017 */
        /*1fa0*/                   IADD3 R34, R16, 0xa00, RZ ;                               /* 0x00000a0010227810 */
                                                                                             /* 0x000fe20007ffe0ff */
        /*1fb0*/                   LDG.E.CONSTANT R31, [R6.64] ;                             /* 0x00000006061f7981 */
                                                                                             /* 0x000124000c1e9900 */
        /*1fc0*/                   IMAD.WIDE.U32 R10, R10, R23, c[0x0][0x160] ;              /* 0x000058000a0a7625 */
                                                                                             /* 0x000fc400078e0017 */
        /*1fd0*/                   LDG.E.CONSTANT R8, [R8.64] ;                              /* 0x0000000608087981 */
                                                                                             /* 0x000f24000c1e9900 */
        /*1fe0*/                   IMAD.WIDE.U32 R12, R30, R23.reuse, c[0x0][0x160] ;        /* 0x000058001e0c7625 */
                                                                                             /* 0x082fe200078e0017 */
        /*1ff0*/                   IADD3 R30, R16, 0xc00, RZ ;                               /* 0x00000c00101e7810 */
                                                                                             /* 0x000fe20007ffe0ff */
        /*2000*/                   LDG.E.CONSTANT R11, [R10.64] ;                            /* 0x000000060a0b7981 */
                                                                                             /* 0x000f24000c1e9900 */
        /*2010*/                   IMAD.WIDE.U32 R2, R34, R23.reuse, c[0x0][0x160] ;         /* 0x0000580022027625 */
                                                                                             /* 0x088fe400078e0017 */
        /*2020*/                   LDG.E.CONSTANT R12, [R12.64] ;                            /* 0x000000060c0c7981 */
                                                                                             /* 0x000ee4000c1e9900 */
        /*2030*/                   IMAD.WIDE.U32 R4, R36, R23, c[0x0][0x160] ;               /* 0x0000580024047625 */
                                                                                             /* 0x001fc400078e0017 */
        /*2040*/                   LDG.E.CONSTANT R2, [R2.64] ;                              /* 0x0000000602027981 */
                                                                                             /* 0x000ee4000c1e9900 */
        /*2050*/                   IMAD.WIDE.U32 R6, R30, R23, c[0x0][0x160] ;               /* 0x000058001e067625 */
                                                                                             /* 0x000fe400078e0017 */
        /*2060*/                   LDG.E.CONSTANT R5, [R4.64] ;                              /* 0x0000000604057981 */
                                                                                             /* 0x000ee8000c1e9900 */
        /*2070*/                   LDG.E.CONSTANT R6, [R6.64] ;                              /* 0x0000000606067981 */
                                                                                             /* 0x000ee2000c1e9900 */
        /*2080*/                   IADD3 R15, R15, 0x1000, RZ ;                              /* 0x000010000f0f7810 */
                                                                                             /* 0x000fc80007ffe0ff */
        /*2090*/                   ISETP.GE.AND P1, PT, R15, R14, PT ;                       /* 0x0000000e0f00720c */
                                                                                             /* 0x000fe40003f26270 */
        /*20a0*/                   IADD3 R16, R16, 0x1000, RZ ;                              /* 0x0000100010107810 */
                                                                                             /* 0x000fe40007ffe0ff */
        /*20b0*/                   IADD3 R18, R19, R18, R29 ;                                /* 0x0000001213127210 */
                                                                                             /* 0x024fc80007ffe01d */
        /*20c0*/                   IADD3 R17, R20, R17, R18 ;                                /* 0x0000001114117210 */
                                                                                             /* 0x010fc80007ffe012 */
        /*20d0*/                   IADD3 R17, R22, R21, R17 ;                                /* 0x0000001516117210 */
                                                                                             /* 0x000fc80007ffe011 */
        /*20e0*/                   IADD3 R17, R27, R26, R17 ;                                /* 0x0000001a1b117210 */
                                                                                             /* 0x000fc80007ffe011 */
        /*20f0*/                   IADD3 R17, R31, R28, R17 ;                                /* 0x0000001c1f117210 */
                                                                                             /* 0x000fc80007ffe011 */
        /*2100*/                   IADD3 R11, R11, R8, R17 ;                                 /* 0x000000080b0b7210 */
                                                                                             /* 0x000fc80007ffe011 */
        /*2110*/                   IADD3 R2, R2, R12, R11 ;                                  /* 0x0000000c02027210 */
                                                                                             /* 0x008fc80007ffe00b */
        /*2120*/                   IADD3 R29, R6, R5, R2 ;                                   /* 0x00000005061d7210 */
                                                                                             /* 0x000fe20007ffe002 */
        /*2130*/              @!P1 BRA 0x1d80 ;                                              /* 0xfffffc4000009947 */
                                                                                             /* 0x000fea000383ffff */
        /*2140*/                   BSYNC B2 ;                                                /* 0x0000000000027941 */
                                                                                             /* 0x000fea0003800000 */
        /*2150*/                   IMAD.IADD R2, R0, 0x1, -R15 ;                             /* 0x0000000100027824 */
                                                                                             /* 0x000fe200078e0a0f */
        /*2160*/                   BSSY B2, 0x2390 ;                                         /* 0x0000022000027945 */
                                                                                             /* 0x000fe80003800000 */
        /*2170*/                   ISETP.GT.AND P1, PT, R2, 0x400, PT ;                      /* 0x000004000200780c */
                                                                                             /* 0x000fda0003f24270 */
        /*2180*/              @!P1 BRA 0x2380 ;                                              /* 0x000001f000009947 */
                                                                                             /* 0x000fea0003800000 */
        /*2190*/                   IADD3 R6, R16, -0x200, RZ ;                               /* 0xfffffe0010067810 */
                                                                                             /* 0x000fe20007ffe0ff */
        /*21a0*/                   IMAD.IADD R4, R32, 0x1, R15.reuse ;                       /* 0x0000000120047824 */
                                                                                             /* 0x100fe200078e020f */
        /*21b0*/                   IADD3 R8, R16, -0x100, RZ ;                               /* 0xffffff0010087810 */
                                                                                             /* 0x000fe20007ffe0ff */
        /*21c0*/                   IMAD.MOV.U32 R21, RZ, RZ, 0x4 ;                           /* 0x00000004ff157424 */
                                                                                             /* 0x000fe200078e00ff */
        /*21d0*/                   IADD3 R12, R32, 0x400, R15 ;                              /* 0x00000400200c7810 */
                                                                                             /* 0x000fc60007ffe00f */
        /*21e0*/                   IMAD.WIDE.U32 R4, R4, R21, c[0x0][0x160] ;                /* 0x0000580004047625 */
                                                                                             /* 0x000fe200078e0015 */
        /*21f0*/                   IADD3 R2, R16, 0x200, RZ ;                                /* 0x0000020010027810 */
                                                                                             /* 0x000fc60007ffe0ff */
        /*2200*/                   IMAD.WIDE.U32 R6, R6, R21.reuse, c[0x0][0x160] ;          /* 0x0000580006067625 */
                                                                                             /* 0x080fe200078e0015 */
        /*2210*/                   LDG.E.CONSTANT R14, [R4.64] ;                             /* 0x00000006040e7981 */
                                                                                             /* 0x0000a6000c1e9900 */
        /*2220*/                   IMAD.WIDE.U32 R8, R8, R21.reuse, c[0x0][0x160] ;          /* 0x0000580008087625 */
                                                                                             /* 0x080fe200078e0015 */
        /*2230*/                   LDG.E.CONSTANT R17, [R6.64] ;                             /* 0x0000000606117981 */
                                                                                             /* 0x0002a6000c1e9900 */
        /*2240*/                   IMAD.WIDE.U32 R10, R16.reuse, R21.reuse, c[0x0][0x160] ;  /* 0x00005800100a7625 */
                                                                                             /* 0x0c0fe200078e0015 */
        /*2250*/                   IADD3 R19, R16.reuse, 0x300, RZ ;                         /* 0x0000030010137810 */
                                                                                             /* 0x040fe20007ffe0ff */
        /*2260*/                   LDG.E.CONSTANT R9, [R8.64] ;                              /* 0x0000000608097981 */
                                                                                             /* 0x000ee2000c1e9900 */
        /*2270*/                   IADD3 R18, R16, 0x400, RZ ;                               /* 0x0000040010127810 */
                                                                                             /* 0x000fe20007ffe0ff */
        /*2280*/                   IMAD.WIDE.U32 R12, R12, R21, c[0x0][0x160] ;              /* 0x000058000c0c7625 */
                                                                                             /* 0x000fc400078e0015 */
        /*2290*/                   LDG.E.CONSTANT R10, [R10.64] ;                            /* 0x000000060a0a7981 */
                                                                                             /* 0x000ee4000c1e9900 */
        /*22a0*/                   IMAD.WIDE.U32 R2, R2, R21.reuse, c[0x0][0x160] ;          /* 0x0000580002027625 */
                                                                                             /* 0x080fe400078e0015 */
        /*22b0*/                   LDG.E.CONSTANT R12, [R12.64] ;                            /* 0x000000060c0c7981 */
                                                                                             /* 0x000f24000c1e9900 */
        /*22c0*/                   IMAD.WIDE.U32 R4, R19, R21.reuse, c[0x0][0x160] ;         /* 0x0000580013047625 */
                                                                                             /* 0x081fe400078e0015 */
        /*22d0*/                   LDG.E.CONSTANT R2, [R2.64] ;                              /* 0x0000000602027981 */
                                                                                             /* 0x000f24000c1e9900 */
        /*22e0*/                   IMAD.WIDE.U32 R6, R18, R21, c[0x0][0x160] ;               /* 0x0000580012067625 */
                                                                                             /* 0x002fc400078e0015 */
        /*22f0*/                   LDG.E.CONSTANT R4, [R4.64] ;                              /* 0x0000000604047981 */
                                                                                             /* 0x000f28000c1e9900 */
        /*2300*/                   LDG.E.CONSTANT R6, [R6.64] ;                              /* 0x0000000606067981 */
                                                                                             /* 0x000f22000c1e9900 */
        /*2310*/                   PLOP3.LUT P0, PT, PT, PT, PT, 0x8, 0x0 ;                  /* 0x000000000000781c */
                                                                                             /* 0x000fe40003f0e170 */
        /*2320*/                   IADD3 R15, R15, 0x800, RZ ;                               /* 0x000008000f0f7810 */
                                                                                             /* 0x000fe40007ffe0ff */
        /*2330*/                   IADD3 R16, R16, 0x800, RZ ;                               /* 0x0000080010107810 */
                                                                                             /* 0x000fe40007ffe0ff */
        /*2340*/                   IADD3 R14, R17, R14, R29 ;                                /* 0x0000000e110e7210 */
                                                                                             /* 0x024fc80007ffe01d */
        /*2350*/                   IADD3 R9, R10, R9, R14 ;                                  /* 0x000000090a097210 */
                                                                                             /* 0x008fc80007ffe00e */
        /*2360*/                   IADD3 R9, R2, R12, R9 ;                                   /* 0x0000000c02097210 */
                                                                                             /* 0x010fc80007ffe009 */
        /*2370*/                   IADD3 R29, R6, R4, R9 ;                                   /* 0x00000004061d7210 */
                                                                                             /* 0x000fe40007ffe009 */
        /*2380*/                   BSYNC B2 ;                                                /* 0x0000000000027941 */
                                                                                             /* 0x000fea0003800000 */
        /*2390*/                   ISETP.LT.OR P0, PT, R15, R0, P0 ;                         /* 0x000000000f00720c */
                                                                                             /* 0x000fda0000701670 */
        /*23a0*/              @!P0 BRA 0x2f00 ;                                              /* 0x00000b5000008947 */
                                                                                             /* 0x000fea0003800000 */
        /*23b0*/                   IADD3 R4, R16, -0x200, RZ ;                               /* 0xfffffe0010047810 */
                                                                                             /* 0x000fe20007ffe0ff */
        /*23c0*/                   IMAD.IADD R2, R32, 0x1, R15 ;                             /* 0x0000000120027824 */
                                                                                             /* 0x000fe200078e020f */
        /*23d0*/                   IADD3 R6, R16, -0x100, RZ ;                               /* 0xffffff0010067810 */
                                                                                             /* 0x000fe20007ffe0ff */
        /*23e0*/                   IMAD.MOV.U32 R17, RZ, RZ, 0x4 ;                           /* 0x00000004ff117424 */
                                                                                             /* 0x000fc800078e00ff */
        /*23f0*/                   IMAD.WIDE.U32 R2, R2, R17, c[0x0][0x160] ;                /* 0x0000580002027625 */
                                                                                             /* 0x000fc800078e0011 */
        /*2400*/                   IMAD.WIDE.U32 R4, R4, R17.reuse, c[0x0][0x160] ;          /* 0x0000580004047625 */
                                                                                             /* 0x080fe400078e0011 */
        /*2410*/                   LDG.E.CONSTANT R2, [R2.64] ;                              /* 0x0000000602027981 */
                                                                                             /* 0x000ea4000c1e9900 */
        /*2420*/                   IMAD.WIDE.U32 R6, R6, R17.reuse, c[0x0][0x160] ;          /* 0x0000580006067625 */
                                                                                             /* 0x080fe400078e0011 */
        /*2430*/                   LDG.E.CONSTANT R4, [R4.64] ;                              /* 0x0000000604047981 */
                                                                                             /* 0x000ea4000c1e9900 */
        /*2440*/                   IMAD.WIDE.U32 R16, R16, R17, c[0x0][0x160] ;              /* 0x0000580010107625 */
                                                                                             /* 0x000fe400078e0011 */
        /*2450*/                   LDG.E.CONSTANT R6, [R6.64] ;                              /* 0x0000000606067981 */
                                                                                             /* 0x000ee8000c1e9900 */
        /*2460*/                   LDG.E.CONSTANT R16, [R16.64] ;                            /* 0x0000000610107981 */
                                                                                             /* 0x000ee2000c1e9900 */
        /*2470*/                   IADD3 R29, R4, R2, R29 ;                                  /* 0x00000002041d7210 */
                                                                                             /* 0x024fc80007ffe01d */
        /*2480*/                   IADD3 R29, R16, R6, R29 ;                                 /* 0x00000006101d7210 */
                                                                                             /* 0x008fe20007ffe01d */
        /*2490*/                   BRA 0x2f00 ;                                              /* 0x00000a6000007947 */
                                                                                             /* 0x000fea0003800000 */
        /*24a0*/                   SHF.R.U32.HI R28, RZ, 0x2, R0 ;                           /* 0x00000002ff1c7819 */
                                                                                             /* 0x000fe20000011600 */
        /*24b0*/                   BSSY B4, 0x2e90 ;                                         /* 0x000009d000047945 */
                                                                                             /* 0x000fe20003800000 */
        /*24c0*/                   IMAD.MOV.U32 R29, RZ, RZ, RZ ;                            /* 0x000000ffff1d7224 */
                                                                                             /* 0x000fe400078e00ff */
        /*24d0*/                   LOP3.LUT R28, R28, 0x3fff, RZ, 0xc0, !PT ;                /* 0x00003fff1c1c7812 */
                                                                                             /* 0x000fc800078ec0ff */
        /*24e0*/                   ISETP.GE.AND P0, PT, R25, R28, PT ;                       /* 0x0000001c1900720c */
                                                                                             /* 0x000fda0003f06270 */
        /*24f0*/               @P0 BRA 0x2e80 ;                                              /* 0x0000098000000947 */
                                                                                             /* 0x000fea0003800000 */
        /*2500*/                   LOP3.LUT R3, RZ, R25, RZ, 0x33, !PT ;                     /* 0x00000019ff037212 */
                                                                                             /* 0x000fe200078e33ff */
        /*2510*/                   BSSY B3, 0x2d90 ;                                         /* 0x0000087000037945 */
                                                                                             /* 0x000fe20003800000 */
        /*2520*/                   IMAD.MOV.U32 R29, RZ, RZ, RZ ;                            /* 0x000000ffff1d7224 */
                                                                                             /* 0x000fe400078e00ff */
        /*2530*/                   IMAD.MOV.U32 R26, RZ, RZ, R25 ;                           /* 0x000000ffff1a7224 */
                                                                                             /* 0x000fe400078e0019 */
        /*2540*/                   IMAD.IADD R4, R28, 0x1, R3 ;                              /* 0x000000011c047824 */
                                                                                             /* 0x000fca00078e0203 */
        /*2550*/                   ISETP.GE.U32.AND P0, PT, R4.reuse, 0x300, PT ;            /* 0x000003000400780c */
                                                                                             /* 0x040fe40003f06070 */
        /*2560*/                   LEA.HI R27, R4, 0x1, RZ, 0x18 ;                           /* 0x00000001041b7811 */
                                                                                             /* 0x000fc800078fc0ff */
        /*2570*/                   LOP3.LUT R27, R27, 0x3, RZ, 0xc0, !PT ;                   /* 0x000000031b1b7812 */
                                                                                             /* 0x000fce00078ec0ff */
        /*2580*/              @!P0 BRA 0x2d80 ;                                              /* 0x000007f000008947 */
                                                                                             /* 0x000fea0003800000 */
        /*2590*/                   LEA.HI R3, R4, -R27, RZ, 0x18 ;                           /* 0x8000001b04037211 */
                                                                                             /* 0x000fe200078fc0ff */
        /*25a0*/                   IMAD.WIDE R6, R25, 0x4, R32 ;                             /* 0x0000000419067825 */
                                                                                             /* 0x000fe200078e0220 */
        /*25b0*/                   BSSY B2, 0x2c50 ;                                         /* 0x0000069000027945 */
                                                                                             /* 0x000fe40003800000 */
        /*25c0*/                   ISETP.GT.AND P0, PT, R3, -0x1, PT ;                       /* 0xffffffff0300780c */
                                                                                             /* 0x000fe20003f04270 */
        /*25d0*/                   IMAD.MOV.U32 R29, RZ, RZ, RZ ;                            /* 0x000000ffff1d7224 */
                                                                                             /* 0x000fe200078e00ff */
        /*25e0*/                   LEA R30, P1, R6, c[0x0][0x160], 0x2 ;                     /* 0x00005800061e7a11 */
                                                                                             /* 0x000fe200078210ff */
        /*25f0*/                   IMAD.MOV.U32 R26, RZ, RZ, R25 ;                           /* 0x000000ffff1a7224 */
                                                                                             /* 0x000fc600078e0019 */
        /*2600*/                   LEA.HI.X R31, R6, c[0x0][0x164], R7, 0x2, P1 ;            /* 0x00005900061f7a11 */
                                                                                             /* 0x000fce00008f1407 */
        /*2610*/              @!P0 BRA 0x2c40 ;                                              /* 0x0000062000008947 */
                                                                                             /* 0x000fea0003800000 */
        /*2620*/                   IADD3 R4, R3, 0x1, RZ ;                                   /* 0x0000000103047810 */
                                                                                             /* 0x000fe20007ffe0ff */
        /*2630*/                   BSSY B5, 0x29f0 ;                                         /* 0x000003b000057945 */
                                                                                             /* 0x000fe20003800000 */
        /*2640*/                   PLOP3.LUT P0, PT, PT, PT, PT, 0x80, 0x0 ;                 /* 0x000000000000781c */
                                                                                             /* 0x000fe40003f0f070 */
        /*2650*/                   ISETP.GT.AND P1, PT, R4, 0xc, PT ;                        /* 0x0000000c0400780c */
                                                                                             /* 0x000fda0003f24270 */
        /*2660*/              @!P1 BRA 0x29e0 ;                                              /* 0x0000037000009947 */
                                                                                             /* 0x000fea0003800000 */
        /*2670*/                   PLOP3.LUT P0, PT, PT, PT, PT, 0x8, 0x0 ;                  /* 0x000000000000781c */
                                                                                             /* 0x000fe40003f0e170 */
        /*2680*/                   LDG.E.128.CONSTANT R20, [R30.64] ;                        /* 0x000000061e147981 */
                                                                                             /* 0x000ea8000c1e9d00 */
        /*2690*/                   LDG.E.128.CONSTANT R16, [R30.64+0x1000] ;                 /* 0x001000061e107981 */
                                                                                             /* 0x000ee8000c1e9d00 */
        /*26a0*/                   LDG.E.128.CONSTANT R12, [R30.64+0x2000] ;                 /* 0x002000061e0c7981 */
                                                                                             /* 0x000f28000c1e9d00 */
        /*26b0*/                   LDG.E.128.CONSTANT R4, [R30.64+0x3000] ;                  /* 0x003000061e047981 */
                                                                                             /* 0x000f68000c1e9d00 */
        /*26c0*/                   LDG.E.128.CONSTANT R8, [R30.64+0x4000] ;                  /* 0x004000061e087981 */
                                                                                             /* 0x000f22000c1e9d00 */
        /*26d0*/                   IADD3 R21, R21, R20, R29 ;                                /* 0x0000001415157210 */
                                                                                             /* 0x004fc80007ffe01d */
        /*26e0*/                   IADD3 R29, R23, R21, R22 ;                                /* 0x00000015171d7210 */
                                                                                             /* 0x000fe40007ffe016 */
        /*26f0*/                   LDG.E.128.CONSTANT R20, [R30.64+0x5000] ;                 /* 0x005000061e147981 */
                                                                                             /* 0x000ea4000c1e9d00 */
        /*2700*/                   IADD3 R29, R17, R16, R29 ;                                /* 0x00000010111d7210 */
                                                                                             /* 0x008fc80007ffe01d */
        /*2710*/                   IADD3 R29, R19, R29, R18 ;                                /* 0x0000001d131d7210 */
                                                                                             /* 0x000fe40007ffe012 */
        /*2720*/                   LDG.E.128.CONSTANT R16, [R30.64+0x6000] ;                 /* 0x006000061e107981 */
                                                                                             /* 0x000ee4000c1e9d00 */
        /*2730*/                   IADD3 R29, R13, R12, R29 ;                                /* 0x0000000c0d1d7210 */
                                                                                             /* 0x010fc80007ffe01d */
        /*2740*/                   IADD3 R29, R15, R29, R14 ;                                /* 0x0000001d0f1d7210 */
                                                                                             /* 0x000fe40007ffe00e */
        /*2750*/                   LDG.E.128.CONSTANT R12, [R30.64+0x7000] ;                 /* 0x007000061e0c7981 */
                                                                                             /* 0x000f24000c1e9d00 */
        /*2760*/                   IADD3 R29, R5, R4, R29 ;                                  /* 0x00000004051d7210 */
                                                                                             /* 0x020fc80007ffe01d */
        /*2770*/                   IADD3 R29, R7, R29, R6 ;                                  /* 0x0000001d071d7210 */
                                                                                             /* 0x000fe40007ffe006 */
        /*2780*/                   LDG.E.128.CONSTANT R4, [R30.64+0x8000] ;                  /* 0x008000061e047981 */
                                                                                             /* 0x000f64000c1e9d00 */
        /*2790*/                   IADD3 R29, R9, R8, R29 ;                                  /* 0x00000008091d7210 */
                                                                                             /* 0x000fc80007ffe01d */
        /*27a0*/                   IADD3 R29, R11, R29, R10 ;                                /* 0x0000001d0b1d7210 */
                                                                                             /* 0x000fe40007ffe00a */
        /*27b0*/                   LDG.E.128.CONSTANT R8, [R30.64+0x9000] ;                  /* 0x009000061e087981 */
                                                                                             /* 0x000f64000c1e9d00 */
        /*27c0*/                   IADD3 R29, R21, R20, R29 ;                                /* 0x00000014151d7210 */
                                                                                             /* 0x004fc80007ffe01d */
        /*27d0*/                   IADD3 R29, R23, R29, R22 ;                                /* 0x0000001d171d7210 */
                                                                                             /* 0x000fe40007ffe016 */
        /*27e0*/                   LDG.E.128.CONSTANT R20, [R30.64+0xa000] ;                 /* 0x00a000061e147981 */
                                                                                             /* 0x000ea4000c1e9d00 */
        /*27f0*/                   IADD3 R29, R17, R16, R29 ;                                /* 0x00000010111d7210 */
                                                                                             /* 0x008fc80007ffe01d */
        /*2800*/                   IADD3 R29, R19, R29, R18 ;                                /* 0x0000001d131d7210 */
                                                                                             /* 0x000fe40007ffe012 */
        /*2810*/                   LDG.E.128.CONSTANT R16, [R30.64+0xb000] ;                 /* 0x00b000061e107981 */
                                                                                             /* 0x000ee4000c1e9d00 */
        /*2820*/                   IADD3 R29, R13, R12, R29 ;                                /* 0x0000000c0d1d7210 */
                                                                                             /* 0x010fc80007ffe01d */
        /*2830*/                   IADD3 R29, R15, R29, R14 ;                                /* 0x0000001d0f1d7210 */
                                                                                             /* 0x000fe40007ffe00e */
        /*2840*/                   LDG.E.128.CONSTANT R12, [R30.64+0xc000] ;                 /* 0x00c000061e0c7981 */
                                                                                             /* 0x000f24000c1e9d00 */
        /*2850*/                   IADD3 R29, R5, R4, R29 ;                                  /* 0x00000004051d7210 */
                                                                                             /* 0x020fc80007ffe01d */
        /*2860*/                   IADD3 R29, R7, R29, R6 ;                                  /* 0x0000001d071d7210 */
                                                                                             /* 0x000fe40007ffe006 */
        /*2870*/                   LDG.E.128.CONSTANT R4, [R30.64+0xd000] ;                  /* 0x00d000061e047981 */
                                                                                             /* 0x000f64000c1e9d00 */
        /*2880*/                   IADD3 R29, R9, R8, R29 ;                                  /* 0x00000008091d7210 */
                                                                                             /* 0x000fc80007ffe01d */
        /*2890*/                   IADD3 R29, R11, R29, R10 ;                                /* 0x0000001d0b1d7210 */
                                                                                             /* 0x000fe40007ffe00a */
        /*28a0*/                   LDG.E.128.CONSTANT R8, [R30.64+0xe000] ;                  /* 0x00e000061e087981 */
                                                                                             /* 0x000f64000c1e9d00 */
        /*28b0*/                   IADD3 R29, R21, R20, R29 ;                                /* 0x00000014151d7210 */
                                                                                             /* 0x004fc80007ffe01d */
        /*28c0*/                   IADD3 R29, R23, R29, R22 ;                                /* 0x0000001d171d7210 */
                                                                                             /* 0x000fe40007ffe016 */
        /*28d0*/                   LDG.E.128.CONSTANT R20, [R30.64+0xf000] ;                 /* 0x00f000061e147981 */
                                                                                             /* 0x0000a4000c1e9d00 */
        /*28e0*/                   IADD3 R29, R17, R16, R29 ;                                /* 0x00000010111d7210 */
                                                                                             /* 0x008fc80007ffe01d */
        /*28f0*/                   IADD3 R29, R19, R29, R18 ;                                /* 0x0000001d131d7210 */
                                                                                             /* 0x000fc80007ffe012 */
        /*2900*/                   IADD3 R29, R13, R12, R29 ;                                /* 0x0000000c0d1d7210 */
                                                                                             /* 0x010fc80007ffe01d */
        /*2910*/                   IADD3 R29, R15, R29, R14 ;                                /* 0x0000001d0f1d7210 */
                                                                                             /* 0x000fe40007ffe00e */
        /*2920*/                   IADD3 R3, R3, -0x10, RZ ;                                 /* 0xfffffff003037810 */
                                                                                             /* 0x000fe40007ffe0ff */
        /*2930*/                   IADD3 R29, R5, R4, R29 ;                                  /* 0x00000004051d7210 */
                                                                                             /* 0x020fe40007ffe01d */
        /*2940*/                   ISETP.GT.AND P1, PT, R3, 0xb, PT ;                        /* 0x0000000b0300780c */
                                                                                             /* 0x000fe40003f24270 */
        /*2950*/                   IADD3 R29, R7, R29, R6 ;                                  /* 0x0000001d071d7210 */
                                                                                             /* 0x000fc80007ffe006 */
        /*2960*/                   IADD3 R29, R9, R8, R29 ;                                  /* 0x00000008091d7210 */
                                                                                             /* 0x000fc80007ffe01d */
        /*2970*/                   IADD3 R29, R11, R29, R10 ;                                /* 0x0000001d0b1d7210 */
                                                                                             /* 0x000fe40007ffe00a */
        /*2980*/                   IADD3 R30, P2, R30, 0x10000, RZ ;                         /* 0x000100001e1e7810 */
                                                                                             /* 0x001fe40007f5e0ff */
        /*2990*/                   IADD3 R26, R26, 0x1000, RZ ;                              /* 0x000010001a1a7810 */
                                                                                             /* 0x000fc60007ffe0ff */
        /*29a0*/                   IMAD.X R31, RZ, RZ, R31, P2 ;                             /* 0x000000ffff1f7224 */
                                                                                             /* 0x000fe200010e061f */
        /*29b0*/                   IADD3 R29, R21, R20, R29 ;                                /* 0x00000014151d7210 */
                                                                                             /* 0x004fc80007ffe01d */
        /*29c0*/                   IADD3 R29, R23, R29, R22 ;                                /* 0x0000001d171d7210 */
                                                                                             /* 0x000fe20007ffe016 */
        /*29d0*/               @P1 BRA 0x2680 ;                                              /* 0xfffffca000001947 */
                                                                                             /* 0x000fea000383ffff */
        /*29e0*/                   BSYNC B5 ;                                                /* 0x0000000000057941 */
                                                                                             /* 0x000fea0003800000 */
        /*29f0*/                   IADD3 R4, R3, 0x1, RZ ;                                   /* 0x0000000103047810 */
                                                                                             /* 0x000fe20007ffe0ff */
        /*2a00*/                   BSSY B5, 0x2c10 ;                                         /* 0x0000020000057945 */
                                                                                             /* 0x000fe60003800000 */
        /*2a10*/                   ISETP.GT.AND P1, PT, R4, 0x4, PT ;                        /* 0x000000040400780c */
                                                                                             /* 0x000fda0003f24270 */
        /*2a20*/              @!P1 BRA 0x2c00 ;                                              /* 0x000001d000009947 */
                                                                                             /* 0x000fea0003800000 */
        /*2a30*/                   LDG.E.128.CONSTANT R12, [R30.64] ;                        /* 0x000000061e0c7981 */
                                                                                             /* 0x000ea8000c1e9d00 */
        /*2a40*/                   LDG.E.128.CONSTANT R20, [R30.64+0x1000] ;                 /* 0x001000061e147981 */
                                                                                             /* 0x000ee8000c1e9d00 */
        /*2a50*/                   LDG.E.128.CONSTANT R4, [R30.64+0x2000] ;                  /* 0x002000061e047981 */
                                                                                             /* 0x000f28000c1e9d00 */
        /*2a60*/                   LDG.E.128.CONSTANT R8, [R30.64+0x3000] ;                  /* 0x003000061e087981 */
                                                                                             /* 0x000f68000c1e9d00 */
        /*2a70*/                   LDG.E.128.CONSTANT R16, [R30.64+0x4000] ;                 /* 0x004000061e107981 */
                                                                                             /* 0x000f22000c1e9d00 */
        /*2a80*/                   IADD3 R13, R13, R12, R29 ;                                /* 0x0000000c0d0d7210 */
                                                                                             /* 0x004fc80007ffe01d */
        /*2a90*/                   IADD3 R13, R15, R13, R14 ;                                /* 0x0000000d0f0d7210 */
                                                                                             /* 0x000fc80007ffe00e */
        /*2aa0*/                   IADD3 R21, R21, R20, R13 ;                                /* 0x0000001415157210 */
                                                                                             /* 0x008fe40007ffe00d */
        /*2ab0*/                   LDG.E.128.CONSTANT R12, [R30.64+0x5000] ;                 /* 0x005000061e0c7981 */
                                                                                             /* 0x0000a4000c1e9d00 */
        /*2ac0*/                   IADD3 R21, R23, R21, R22 ;                                /* 0x0000001517157210 */
                                                                                             /* 0x000fc80007ffe016 */
        /*2ad0*/                   IADD3 R5, R5, R4, R21 ;                                   /* 0x0000000405057210 */
                                                                                             /* 0x010fe40007ffe015 */
        /*2ae0*/                   LDG.E.128.CONSTANT R20, [R30.64+0x6000] ;                 /* 0x006000061e147981 */
                                                                                             /* 0x0000e4000c1e9d00 */
        /*2af0*/                   IADD3 R29, R7, R5, R6 ;                                   /* 0x00000005071d7210 */
                                                                                             /* 0x000fe40007ffe006 */
        /*2b00*/                   LDG.E.128.CONSTANT R4, [R30.64+0x7000] ;                  /* 0x007000061e047981 */
                                                                                             /* 0x000124000c1e9d00 */
        /*2b10*/                   IADD3 R29, R9, R8, R29 ;                                  /* 0x00000008091d7210 */
                                                                                             /* 0x020fc80007ffe01d */
        /*2b20*/                   IADD3 R29, R11, R29, R10 ;                                /* 0x0000001d0b1d7210 */
                                                                                             /* 0x000fc80007ffe00a */
        /*2b30*/                   IADD3 R29, R17, R16, R29 ;                                /* 0x00000010111d7210 */
                                                                                             /* 0x000fc80007ffe01d */
        /*2b40*/                   IADD3 R29, R19, R29, R18 ;                                /* 0x0000001d131d7210 */
                                                                                             /* 0x000fe40007ffe012 */
        /*2b50*/                   IADD3 R30, P1, R30, 0x8000, RZ ;                          /* 0x000080001e1e7810 */
                                                                                             /* 0x001fe40007f3e0ff */
        /*2b60*/                   PLOP3.LUT P0, PT, PT, PT, PT, 0x8, 0x0 ;                  /* 0x000000000000781c */
                                                                                             /* 0x000fe40003f0e170 */
        /*2b70*/                   IADD3 R26, R26, 0x800, RZ ;                               /* 0x000008001a1a7810 */
                                                                                             /* 0x000fe20007ffe0ff */
        /*2b80*/                   IMAD.X R31, RZ, RZ, R31, P1 ;                             /* 0x000000ffff1f7224 */
                                                                                             /* 0x000fe200008e061f */
        /*2b90*/                   IADD3 R3, R3, -0x8, RZ ;                                  /* 0xfffffff803037810 */
                                                                                             /* 0x000fe40007ffe0ff */
        /*2ba0*/                   IADD3 R29, R13, R12, R29 ;                                /* 0x0000000c0d1d7210 */
                                                                                             /* 0x004fc80007ffe01d */
        /*2bb0*/                   IADD3 R29, R15, R29, R14 ;                                /* 0x0000001d0f1d7210 */
                                                                                             /* 0x000fc80007ffe00e */
        /*2bc0*/                   IADD3 R29, R21, R20, R29 ;                                /* 0x00000014151d7210 */
                                                                                             /* 0x008fc80007ffe01d */
        /*2bd0*/                   IADD3 R29, R23, R29, R22 ;                                /* 0x0000001d171d7210 */
                                                                                             /* 0x000fc80007ffe016 */
        /*2be0*/                   IADD3 R29, R5, R4, R29 ;                                  /* 0x00000004051d7210 */
                                                                                             /* 0x010fc80007ffe01d */
        /*2bf0*/                   IADD3 R29, R7, R29, R6 ;                                  /* 0x0000001d071d7210 */
                                                                                             /* 0x000fe40007ffe006 */
        /*2c00*/                   BSYNC B5 ;                                                /* 0x0000000000057941 */
                                                                                             /* 0x000fea0003800000 */
        /*2c10*/                   ISETP.NE.OR P0, PT, R3, -0x1, P0 ;                        /* 0xffffffff0300780c */
                                                                                             /* 0x000fda0000705670 */
        /*2c20*/              @!P0 BREAK B2 ;                                                /* 0x0000000000028942 */
                                                                                             /* 0x000fe20003800000 */
        /*2c30*/              @!P0 BRA 0x2d80 ;                                              /* 0x0000014000008947 */
                                                                                             /* 0x000fea0003800000 */
        /*2c40*/                   BSYNC B2 ;                                                /* 0x0000000000027941 */
                                                                                             /* 0x000fea0003800000 */
        /*2c50*/                   LDG.E.128.CONSTANT R4, [R30.64] ;                         /* 0x000000061e047981 */
                                                                                             /* 0x000ea8000c1e9d00 */
        /*2c60*/                   LDG.E.128.CONSTANT R8, [R30.64+0x1000] ;                  /* 0x001000061e087981 */
                                                                                             /* 0x0000e8000c1e9d00 */
        /*2c70*/                   LDG.E.128.CONSTANT R12, [R30.64+0x2000] ;                 /* 0x002000061e0c7981 */
                                                                                             /* 0x000128000c1e9d00 */
        /*2c80*/                   LDG.E.128.CONSTANT R16, [R30.64+0x3000] ;                 /* 0x003000061e107981 */
                                                                                             /* 0x000162000c1e9d00 */
        /*2c90*/                   IADD3 R3, R3, -0x4, RZ ;                                  /* 0xfffffffc03037810 */
                                                                                             /* 0x000fc40007ffe0ff */
        /*2ca0*/                   IADD3 R26, R26, 0x400, RZ ;                               /* 0x000004001a1a7810 */
                                                                                             /* 0x000fe40007ffe0ff */
        /*2cb0*/                   ISETP.NE.AND P0, PT, R3, -0x1, PT ;                       /* 0xffffffff0300780c */
                                                                                             /* 0x000fe40003f05270 */
        /*2cc0*/                   IADD3 R5, R5, R4, R29 ;                                   /* 0x0000000405057210 */
                                                                                             /* 0x004fe40007ffe01d */
        /*2cd0*/                   IADD3 R4, P1, R30, 0x4000, RZ ;                           /* 0x000040001e047810 */
                                                                                             /* 0x000fe40007f3e0ff */
        /*2ce0*/                   IADD3 R5, R7, R5, R6 ;                                    /* 0x0000000507057210 */
                                                                                             /* 0x000fc60007ffe006 */
        /*2cf0*/                   IMAD.X R31, RZ, RZ, R31, P1 ;                             /* 0x000000ffff1f7224 */
                                                                                             /* 0x001fe200008e061f */
        /*2d00*/                   IADD3 R5, R9, R8, R5 ;                                    /* 0x0000000809057210 */
                                                                                             /* 0x008fe20007ffe005 */
        /*2d10*/                   IMAD.MOV.U32 R30, RZ, RZ, R4 ;                            /* 0x000000ffff1e7224 */
                                                                                             /* 0x000fc600078e0004 */
        /*2d20*/                   IADD3 R5, R11, R5, R10 ;                                  /* 0x000000050b057210 */
                                                                                             /* 0x000fc80007ffe00a */
        /*2d30*/                   IADD3 R5, R13, R12, R5 ;                                  /* 0x0000000c0d057210 */
                                                                                             /* 0x010fc80007ffe005 */
        /*2d40*/                   IADD3 R5, R15, R5, R14 ;                                  /* 0x000000050f057210 */
                                                                                             /* 0x000fc80007ffe00e */
        /*2d50*/                   IADD3 R5, R17, R16, R5 ;                                  /* 0x0000001011057210 */
                                                                                             /* 0x020fc80007ffe005 */
        /*2d60*/                   IADD3 R29, R19, R5, R18 ;                                 /* 0x00000005131d7210 */
                                                                                             /* 0x000fe20007ffe012 */
        /*2d70*/               @P0 BRA 0x2c50 ;                                              /* 0xfffffed000000947 */
                                                                                             /* 0x000fea000383ffff */
        /*2d80*/                   BSYNC B3 ;                                                /* 0x0000000000037941 */
                                                                                             /* 0x000fea0003800000 */
        /*2d90*/                   ISETP.NE.AND P0, PT, R27, RZ, PT ;                        /* 0x000000ff1b00720c */
                                                                                             /* 0x000fda0003f05270 */
        /*2da0*/              @!P0 BRA 0x2e80 ;                                              /* 0x000000d000008947 */
                                                                                             /* 0x000fea0003800000 */
        /*2db0*/                   IMAD.WIDE R4, R26, 0x4, R32 ;                             /* 0x000000041a047825 */
                                                                                             /* 0x000fca00078e0220 */
        /*2dc0*/                   LEA R3, P0, R4, c[0x0][0x160], 0x2 ;                      /* 0x0000580004037a11 */
                                                                                             /* 0x000fc800078010ff */
        /*2dd0*/                   LEA.HI.X R8, R4, c[0x0][0x164], R5, 0x2, P0 ;             /* 0x0000590004087a11 */
                                                                                             /* 0x000fc600000f1405 */
        /*2de0*/                   IMAD.MOV.U32 R4, RZ, RZ, R3 ;                             /* 0x000000ffff047224 */
                                                                                             /* 0x000fe400078e0003 */
        /*2df0*/                   IMAD.MOV.U32 R5, RZ, RZ, R8 ;                             /* 0x000000ffff057224 */
                                                                                             /* 0x000fcc00078e0008 */
        /*2e00*/                   LDG.E.128.CONSTANT R4, [R4.64] ;                          /* 0x0000000604047981 */
                                                                                             /* 0x000ea2000c1e9d00 */
        /*2e10*/                   IADD3 R27, R27, -0x1, RZ ;                                /* 0xffffffff1b1b7810 */
                                                                                             /* 0x000fe40007ffe0ff */
        /*2e20*/                   IADD3 R3, P1, R3, 0x1000, RZ ;                            /* 0x0000100003037810 */
                                                                                             /* 0x000fe40007f3e0ff */
        /*2e30*/                   ISETP.NE.AND P0, PT, R27, RZ, PT ;                        /* 0x000000ff1b00720c */
                                                                                             /* 0x000fc60003f05270 */
        /*2e40*/                   IMAD.X R8, RZ, RZ, R8, P1 ;                               /* 0x000000ffff087224 */
                                                                                             /* 0x000fe200008e0608 */
        /*2e50*/                   IADD3 R29, R5, R4, R29 ;                                  /* 0x00000004051d7210 */
                                                                                             /* 0x004fc80007ffe01d */
        /*2e60*/                   IADD3 R29, R7, R29, R6 ;                                  /* 0x0000001d071d7210 */
                                                                                             /* 0x000fca0007ffe006 */
        /*2e70*/               @P0 BRA 0x2de0 ;                                              /* 0xffffff6000000947 */
                                                                                             /* 0x000fea000383ffff */
        /*2e80*/                   BSYNC B4 ;                                                /* 0x0000000000047941 */
                                                                                             /* 0x000fea0003800000 */
        /*2e90*/                   IMAD R3, R28, 0x4, R25 ;                                  /* 0x000000041c037824 */
                                                                                             /* 0x000fca00078e0219 */
        /*2ea0*/                   ISETP.GE.AND P0, PT, R3, R0, PT ;                         /* 0x000000000300720c */
                                                                                             /* 0x000fda0003f06270 */
        /*2eb0*/               @P0 BRA 0x2f00 ;                                              /* 0x0000004000000947 */
                                                                                             /* 0x000fea0003800000 */
        /*2ec0*/                   IMAD.IADD R3, R32, 0x1, R3 ;                              /* 0x0000000120037824 */
                                                                                             /* 0x000fc800078e0203 */
        /*2ed0*/                   IMAD.WIDE.U32 R2, R3, R2, c[0x0][0x160] ;                 /* 0x0000580003027625 */
                                                                                             /* 0x000fcc00078e0002 */
        /*2ee0*/                   LDG.E.CONSTANT R2, [R2.64] ;                              /* 0x0000000602027981 */
                                                                                             /* 0x000ea4000c1e9900 */
        /*2ef0*/                   IMAD.IADD R29, R29, 0x1, R2 ;                             /* 0x000000011d1d7824 */
                                                                                             /* 0x004fe400078e0202 */
        /*2f00*/                   BSYNC B1 ;                                                /* 0x0000000000017941 */
                                                                                             /* 0x000fea0003800000 */
        /*2f10*/                   S2R R5, SR_LANEID ;                                       /* 0x0000000000057919 */
                                                                                             /* 0x000e620000000000 */
        /*2f20*/                   ISETP.GT.AND P0, PT, R0, 0xff, PT ;                       /* 0x000000ff0000780c */
                                                                                             /* 0x000fe40003f04270 */
        /*2f30*/                   SHF.R.S32.HI R2, RZ, 0x1f, R25 ;                          /* 0x0000001fff027819 */
                                                                                             /* 0x001fc80000011419 */
        /*2f40*/                   LEA.HI R2, R2, R25, RZ, 0x5 ;                             /* 0x0000001902027211 */
                                                                                             /* 0x000fc800078f28ff */
        /*2f50*/                   SHF.R.S32.HI R4, RZ, 0x5, R2 ;                            /* 0x00000005ff047819 */
                                                                                             /* 0x000fc60000011402 */
        /*2f60*/               @P0 BRA 0x31a0 ;                                              /* 0x0000023000000947 */
                                                                                             /* 0x000fea0003800000 */
        /*2f70*/                   LEA R3, R4.reuse, 0x20, 0x5 ;                             /* 0x0000002004037811 */
                                                                                             /* 0x040fe200078e28ff */
        /*2f80*/                   IMAD R2, R4, -0x20, R0 ;                                  /* 0xffffffe004027824 */
                                                                                             /* 0x000fc600078e0200 */
        /*2f90*/                   ISETP.GT.AND P0, PT, R3, R0, PT ;                         /* 0x000000000300720c */
                                                                                             /* 0x000fc80003f04270 */
        /*2fa0*/                   SEL R2, R2, 0x20, P0 ;                                    /* 0x0000002002027807 */
                                                                                             /* 0x000fc80000000000 */
        /*2fb0*/                   ISETP.GE.AND P0, PT, R5, R2, PT ;                         /* 0x000000020500720c */
                                                                                             /* 0x002fc80003f06270 */
        /*2fc0*/                   SEL R29, R29, RZ, !P0 ;                                   /* 0x000000ff1d1d7207 */
                                                                                             /* 0x020fe40004000000 */
        /*2fd0*/                   ISETP.NE.AND P0, PT, R5, RZ, PT ;                         /* 0x000000ff0500720c */
                                                                                             /* 0x000fe40003f05270 */
        /*2fe0*/                   REDUX.SUM.S32 UR4, R29 ;                                  /* 0x000000001d0473c4 */
                                                                                             /* 0x000e24000000c200 */
        /*2ff0*/                   IMAD.U32 R3, RZ, RZ, UR4 ;                                /* 0x00000004ff037e24 */
                                                                                             /* 0x001fd2000f8e00ff */
        /*3000*/              @!P0 STS [R4.X4+0x8], R3 ;                                     /* 0x0000080304008388 */
                                                                                             /* 0x0001e80000004800 */
        /*3010*/                   BAR.SYNC.DEFER_BLOCKING 0x0 ;                             /* 0x0000000000007b1d */
                                                                                             /* 0x000fe20000010000 */
        /*3020*/                   ISETP.NE.AND P0, PT, R25, RZ, PT ;                        /* 0x000000ff1900720c */
                                                                                             /* 0x000fda0003f05270 */
        /*3030*/               @P0 BRA 0x58a0 ;                                              /* 0x0000286000000947 */
                                                                                             /* 0x000fea0003800000 */
        /*3040*/                   LDS.128 R4, [0x10] ;                                      /* 0x00001000ff047984 */
                                                                                             /* 0x001e220000000c00 */
        /*3050*/                   ISETP.GT.AND P2, PT, R0.reuse, 0x40, PT ;                 /* 0x000000400000780c */
                                                                                             /* 0x040fe40003f44270 */
        /*3060*/                   ISETP.GT.AND P1, PT, R0.reuse, 0x20, PT ;                 /* 0x000000200000780c */
                                                                                             /* 0x040fe20003f24270 */
        /*3070*/                   LDS R2, [0xc] ;                                           /* 0x00000c00ff027984 */
                                                                                             /* 0x000e620000000800 */
        /*3080*/                   ISETP.GT.AND P3, PT, R0, 0x80, PT ;                       /* 0x000000800000780c */
                                                                                             /* 0x000fc60003f64270 */
        /*3090*/                   LDS.64 R8, [0x20] ;                                       /* 0x00002000ff087984 */
                                                                                             /* 0x000ea20000000a00 */
        /*30a0*/                   SEL R4, R4, RZ, P2 ;                                      /* 0x000000ff04047207 */
                                                                                             /* 0x001fe40001000000 */
        /*30b0*/                   ISETP.GT.AND P2, PT, R0, 0x60, PT ;                       /* 0x000000600000780c */
                                                                                             /* 0x000fe40003f44270 */
        /*30c0*/                   SEL R2, R2, RZ, P1 ;                                      /* 0x000000ff02027207 */
                                                                                             /* 0x002fe40000800000 */
        /*30d0*/                   SEL R5, R5, RZ, P2 ;                                      /* 0x000000ff05057207 */
                                                                                             /* 0x000fe40001000000 */
        /*30e0*/                   IADD3 R2, R4, R3, R2 ;                                    /* 0x0000000304027210 */
                                                                                             /* 0x000fe40007ffe002 */
        /*30f0*/                   ISETP.GT.AND P1, PT, R0, 0xa0, PT ;                       /* 0x000000a00000780c */
                                                                                             /* 0x000fc40003f24270 */
        /*3100*/                   SEL R6, R6, RZ, P3 ;                                      /* 0x000000ff06067207 */
                                                                                             /* 0x000fe40001800000 */
        /*3110*/                   ISETP.GT.AND P2, PT, R0.reuse, 0xc0, PT ;                 /* 0x000000c00000780c */
                                                                                             /* 0x040fe40003f44270 */
        /*3120*/                   ISETP.GT.AND P3, PT, R0, 0xe0, PT ;                       /* 0x000000e00000780c */
                                                                                             /* 0x000fe40003f64270 */
        /*3130*/                   SEL R7, R7, RZ, P1 ;                                      /* 0x000000ff07077207 */
                                                                                             /* 0x000fe40000800000 */
        /*3140*/                   IADD3 R2, R6, R2, R5 ;                                    /* 0x0000000206027210 */
                                                                                             /* 0x000fe40007ffe005 */
        /*3150*/                   SEL R8, R8, RZ, P2 ;                                      /* 0x000000ff08087207 */
                                                                                             /* 0x004fc40001000000 */
        /*3160*/                   SEL R9, R9, RZ, P3 ;                                      /* 0x000000ff09097207 */
                                                                                             /* 0x000fe40001800000 */
        /*3170*/                   IADD3 R2, R8, R2, R7 ;                                    /* 0x0000000208027210 */
                                                                                             /* 0x000fca0007ffe007 */
        /*3180*/                   IMAD.IADD R3, R2, 0x1, R9 ;                               /* 0x0000000102037824 */
                                                                                             /* 0x000fe200078e0209 */
        /*3190*/                   BRA 0x58a0 ;                                              /* 0x0000270000007947 */
                                                                                             /* 0x000fea0003800000 */
        /*31a0*/                   REDUX.SUM.S32 UR4, R29 ;                                  /* 0x000000001d0473c4 */
                                                                                             /* 0x020e22000000c200 */
        /*31b0*/                   ISETP.NE.AND P0, PT, R5, RZ, PT ;                         /* 0x000000ff0500720c */
                                                                                             /* 0x002fe20003f05270 */
        /*31c0*/                   IMAD.U32 R3, RZ, RZ, UR4 ;                                /* 0x00000004ff037e24 */
                                                                                             /* 0x001fd8000f8e00ff */
        /*31d0*/              @!P0 STS [R4.X4+0x8], R3 ;                                     /* 0x0000080304008388 */
                                                                                             /* 0x0001e80000004800 */
        /*31e0*/                   BAR.SYNC.DEFER_BLOCKING 0x0 ;                             /* 0x0000000000007b1d */
                                                                                             /* 0x000fe20000010000 */
        /*31f0*/                   ISETP.NE.AND P0, PT, R25, RZ, PT ;                        /* 0x000000ff1900720c */
                                                                                             /* 0x000fda0003f05270 */
        /*3200*/               @P0 BRA 0x58a0 ;                                              /* 0x0000269000000947 */
                                                                                             /* 0x000fea0003800000 */
        /*3210*/                   LDS R0, [0xc] ;                                           /* 0x00000c00ff007984 */
                                                                                             /* 0x001fe80000000800 */
        /*3220*/                   LDS.128 R4, [0x10] ;                                      /* 0x00001000ff047984 */
                                                                                             /* 0x000e280000000c00 */
        /*3230*/                   LDS.64 R8, [0x20] ;                                       /* 0x00002000ff087984 */
                                                                                             /* 0x000e620000000a00 */
        /*3240*/                   IADD3 R0, R4, R0, R3 ;                                    /* 0x0000000004007210 */
                                                                                             /* 0x001fc80007ffe003 */
        /*3250*/                   IADD3 R0, R6, R5, R0 ;                                    /* 0x0000000506007210 */
                                                                                             /* 0x000fc80007ffe000 */
        /*3260*/                   IADD3 R0, R8, R7, R0 ;                                    /* 0x0000000708007210 */
                                                                                             /* 0x002fca0007ffe000 */
        /*3270*/                   IMAD.IADD R3, R0, 0x1, R9 ;                               /* 0x0000000100037824 */
                                                                                             /* 0x000fe200078e0209 */
        /*3280*/                   BRA 0x58a0 ;                                              /* 0x0000261000007947 */
                                                                                             /* 0x000fea0003800000 */
        /*3290*/                   IMAD.SHL.U32 R30, R24, 0x1000, RZ ;                       /* 0x00001000181e7824 */
                                                                                             /* 0x002fca00078e00ff */
        /*32a0*/                   IADD3 R0, -R30, c[0x0][0x188], RZ ;                       /* 0x000062001e007a10 */
                                                                                             /* 0x000fc80007ffe1ff */
        /*32b0*/                   ISETP.GE.U32.AND P0, PT, R0, 0x1000, PT ;                 /* 0x000010000000780c */
                                                                                             /* 0x000fda0003f06070 */
        /*32c0*/              @!P0 BRA 0x40a0 ;                                              /* 0x00000dd000008947 */
                                                                                             /* 0x000fea0003800000 */
        /*32d0*/                   IMAD.SHL.U32 R3, R25, 0x4, RZ ;                           /* 0x0000000419037824 */
                                                                                             /* 0x000fca00078e00ff */
        /*32e0*/                   IADD3 R2, P0, R30, R3, RZ ;                               /* 0x000000031e027210 */
                                                                                             /* 0x000fca0007f1e0ff */
        /*32f0*/                   IMAD.X R5, RZ, RZ, RZ, P0 ;                               /* 0x000000ffff057224 */
                                                                                             /* 0x000fe200000e06ff */
        /*3300*/                   LEA R20, P0, R2, c[0x0][0x160], 0x2 ;                     /* 0x0000580002147a11 */
                                                                                             /* 0x000fc800078010ff */
        /*3310*/                   LEA.HI.X R21, R2, c[0x0][0x164], R5, 0x2, P0 ;            /* 0x0000590002157a11 */
                                                                                             /* 0x000fca00000f1405 */
        /*3320*/                   LDG.E.128.CONSTANT R4, [R20.64] ;                         /* 0x0000000614047981 */
                                                                                             /* 0x000ea8000c1e9d00 */
        /*3330*/                   LDG.E.128.CONSTANT R8, [R20.64+0x1000] ;                  /* 0x0010000614087981 */
                                                                                             /* 0x000ee8000c1e9d00 */
        /*3340*/                   LDG.E.128.CONSTANT R12, [R20.64+0x2000] ;                 /* 0x00200006140c7981 */
                                                                                             /* 0x000f28000c1e9d00 */
        /*3350*/                   LDG.E.128.CONSTANT R16, [R20.64+0x3000] ;                 /* 0x0030000614107981 */
                                                                                             /* 0x000f62000c1e9d00 */
        /*3360*/                   ULDC UR4, c[0x0][0x18c] ;                                 /* 0x0000630000047ab9 */
                                                                                             /* 0x000fc40000000800 */
        /*3370*/                   USHF.L.U32 UR5, UR4, 0xc, URZ ;                           /* 0x0000000c04057899 */
                                                                                             /* 0x000fcc000800063f */
        /*3380*/                   ISETP.GE.U32.AND P0, PT, R0, UR5, PT ;                    /* 0x0000000500007c0c */
                                                                                             /* 0x000fe4000bf06070 */
        /*3390*/                   IADD3 R5, R6, R5, R4 ;                                    /* 0x0000000506057210 */
                                                                                             /* 0x004fc80007ffe004 */
        /*33a0*/                   IADD3 R5, R8, R7, R5 ;                                    /* 0x0000000708057210 */
                                                                                             /* 0x008fc80007ffe005 */
        /*33b0*/                   IADD3 R5, R10, R9, R5 ;                                   /* 0x000000090a057210 */
                                                                                             /* 0x000fc80007ffe005 */
        /*33c0*/                   IADD3 R5, R12, R11, R5 ;                                  /* 0x0000000b0c057210 */
                                                                                             /* 0x010fc80007ffe005 */
        /*33d0*/                   IADD3 R5, R14, R13, R5 ;                                  /* 0x0000000d0e057210 */
                                                                                             /* 0x000fc80007ffe005 */
        /*33e0*/                   IADD3 R5, R16, R15, R5 ;                                  /* 0x0000000f10057210 */
                                                                                             /* 0x020fc80007ffe005 */
        /*33f0*/                   IADD3 R5, R18, R17, R5 ;                                  /* 0x0000001112057210 */
                                                                                             /* 0x000fca0007ffe005 */
        /*3400*/                   IMAD.IADD R19, R19, 0x1, R5 ;                             /* 0x0000000113137824 */
                                                                                             /* 0x000fe200078e0205 */
        /*3410*/              @!P0 BRA 0x3f60 ;                                              /* 0x00000b4000008947 */
                                                                                             /* 0x000fea0003800000 */
        /*3420*/                   ULDC UR4, c[0x0][0x188] ;                                 /* 0x0000620000047ab9 */
                                                                                             /* 0x000fe20000000800 */
        /*3430*/                   IADD3 R16, R30.reuse, UR5, RZ ;                           /* 0x000000051e107c10 */
                                                                                             /* 0x040fe2000fffe0ff */
        /*3440*/                   UIADD3 UR4, UR4, -0x1000, URZ ;                           /* 0xfffff00004047890 */
                                                                                             /* 0x000fe2000fffe03f */
        /*3450*/                   IADD3 R25, R30, UR5, R25 ;                                /* 0x000000051e197c10 */
                                                                                             /* 0x000fe4000fffe019 */
        /*3460*/                   IADD3 R18, R16.reuse, 0x300, RZ ;                         /* 0x0000030010127810 */
                                                                                             /* 0x040fe20007ffe0ff */
        /*3470*/                   IMAD.MOV.U32 R2, RZ, RZ, R16 ;                            /* 0x000000ffff027224 */
                                                                                             /* 0x000fe400078e0010 */
        /*3480*/                   ISETP.GT.U32.AND P0, PT, R16, UR4, PT ;                   /* 0x0000000410007c0c */
                                                                                             /* 0x000fda000bf04070 */
        /*3490*/               @P0 BRA 0x3630 ;                                              /* 0x0000019000000947 */
                                                                                             /* 0x000fea0003800000 */
        /*34a0*/                   IADD3 R0, P0, R3, R16, RZ ;                               /* 0x0000001003007210 */
                                                                                             /* 0x000fca0007f1e0ff */
        /*34b0*/                   IMAD.X R5, RZ, RZ, RZ, P0 ;                               /* 0x000000ffff057224 */
                                                                                             /* 0x000fe200000e06ff */
        /*34c0*/                   LEA R26, P0, R0, c[0x0][0x160], 0x2 ;                     /* 0x00005800001a7a11 */
                                                                                             /* 0x000fc800078010ff */
        /*34d0*/                   LEA.HI.X R27, R0, c[0x0][0x164], R5, 0x2, P0 ;            /* 0x00005900001b7a11 */
                                                                                             /* 0x000fca00000f1405 */
        /*34e0*/                   LDG.E.128.CONSTANT R4, [R26.64] ;                         /* 0x000000061a047981 */
                                                                                             /* 0x000ea8000c1e9d00 */
        /*34f0*/                   LDG.E.128.CONSTANT R8, [R26.64+0x1000] ;                  /* 0x001000061a087981 */
                                                                                             /* 0x000ee8000c1e9d00 */
        /*3500*/                   LDG.E.128.CONSTANT R12, [R26.64+0x2000] ;                 /* 0x002000061a0c7981 */
                                                                                             /* 0x000f28000c1e9d00 */
        /*3510*/                   LDG.E.128.CONSTANT R20, [R26.64+0x3000] ;                 /* 0x003000061a147981 */
                                                                                             /* 0x000f62000c1e9d00 */
        /*3520*/                   IADD3 R0, -R16, c[0x0][0x188], RZ ;                       /* 0x0000620010007a10 */
                                                                                             /* 0x000fc80007ffe1ff */
        /*3530*/                   ISETP.GE.U32.AND P0, PT, R0, UR5, PT ;                    /* 0x0000000500007c0c */
                                                                                             /* 0x000fe4000bf06070 */
        /*3540*/                   IADD3 R5, R5, R4, R19 ;                                   /* 0x0000000405057210 */
                                                                                             /* 0x004fc80007ffe013 */
        /*3550*/                   IADD3 R5, R7, R6, R5 ;                                    /* 0x0000000607057210 */
                                                                                             /* 0x000fc80007ffe005 */
        /*3560*/                   IADD3 R5, R9, R8, R5 ;                                    /* 0x0000000809057210 */
                                                                                             /* 0x008fc80007ffe005 */
        /*3570*/                   IADD3 R5, R11, R10, R5 ;                                  /* 0x0000000a0b057210 */
                                                                                             /* 0x000fc80007ffe005 */
        /*3580*/                   IADD3 R5, R13, R12, R5 ;                                  /* 0x0000000c0d057210 */
                                                                                             /* 0x010fc80007ffe005 */
        /*3590*/                   IADD3 R5, R15, R14, R5 ;                                  /* 0x0000000e0f057210 */
                                                                                             /* 0x000fc80007ffe005 */
        /*35a0*/                   IADD3 R5, R21, R20, R5 ;                                  /* 0x0000001415057210 */
                                                                                             /* 0x020fc80007ffe005 */
        /*35b0*/                   IADD3 R19, R23, R22, R5 ;                                 /* 0x0000001617137210 */
                                                                                             /* 0x000fe20007ffe005 */
        /*35c0*/              @!P0 BRA 0x3f60 ;                                              /* 0x0000099000008947 */
                                                                                             /* 0x000fea0003800000 */
        /*35d0*/                   IADD3 R16, R16, UR5, RZ ;                                 /* 0x0000000510107c10 */
                                                                                             /* 0x000fe4000fffe0ff */
        /*35e0*/                   IADD3 R18, R18, UR5, RZ ;                                 /* 0x0000000512127c10 */
                                                                                             /* 0x000fe4000fffe0ff */
        /*35f0*/                   ISETP.GT.U32.AND P0, PT, R16, UR4, PT ;                   /* 0x0000000410007c0c */
                                                                                             /* 0x000fe4000bf04070 */
        /*3600*/                   IADD3 R2, R2, UR5, RZ ;                                   /* 0x0000000502027c10 */
                                                                                             /* 0x000fe4000fffe0ff */
        /*3610*/                   IADD3 R25, R25, UR5, RZ ;                                 /* 0x0000000519197c10 */
                                                                                             /* 0x000fd2000fffe0ff */
        /*3620*/              @!P0 BRA 0x34a0 ;                                              /* 0xfffffe7000008947 */
                                                                                             /* 0x000fea000383ffff */
        /*3630*/                   ISETP.GE.U32.AND P0, PT, R16, c[0x0][0x188], PT ;         /* 0x0000620010007a0c */
                                                                                             /* 0x000fda0003f06070 */
        /*3640*/               @P0 BRA 0x3f60 ;                                              /* 0x0000091000000947 */
                                                                                             /* 0x000fea0003800000 */
        /*3650*/                   S2R R15, SR_TID.X ;                                       /* 0x00000000000f7919 */
                                                                                             /* 0x000e220000002100 */
        /*3660*/                   IADD3 R0, -R16, c[0x0][0x188], RZ ;                       /* 0x0000620010007a10 */
                                                                                             /* 0x000fe20007ffe1ff */
        /*3670*/                   BSSY B1, 0x3f60 ;                                         /* 0x000008e000017945 */
                                                                                             /* 0x000fe60003800000 */
        /*3680*/                   ISETP.GE.AND P0, PT, R15, R0, PT ;                        /* 0x000000000f00720c */
                                                                                             /* 0x001fda0003f06270 */
        /*3690*/               @P0 BRA 0x3f50 ;                                              /* 0x000008b000000947 */
                                                                                             /* 0x000fea0003800000 */
        /*36a0*/                   LOP3.LUT R3, RZ, R15, RZ, 0x33, !PT ;                     /* 0x0000000fff037212 */
                                                                                             /* 0x000fe200078e33ff */
        /*36b0*/                   BSSY B2, 0x37b0 ;                                         /* 0x000000f000027945 */
                                                                                             /* 0x000fe60003800000 */
        /*36c0*/                   IADD3 R4, -R16, c[0x0][0x188], R3 ;                       /* 0x0000620010047a10 */
                                                                                             /* 0x000fc80007ffe103 */
        /*36d0*/                   LEA.HI R3, R4.reuse, 0x1, RZ, 0x18 ;                      /* 0x0000000104037811 */
                                                                                             /* 0x040fe400078fc0ff */
        /*36e0*/                   ISETP.GE.U32.AND P1, PT, R4, 0x300, PT ;                  /* 0x000003000400780c */
                                                                                             /* 0x000fe40003f26070 */
        /*36f0*/                   LOP3.LUT P0, R3, R3, 0x3, RZ, 0xc0, !PT ;                 /* 0x0000000303037812 */
                                                                                             /* 0x000fda000780c0ff */
        /*3700*/              @!P0 BRA 0x37a0 ;                                              /* 0x0000009000008947 */
                                                                                             /* 0x000fea0003800000 */
        /*3710*/                   IMAD.MOV.U32 R4, RZ, RZ, 0x4 ;                            /* 0x00000004ff047424 */
                                                                                             /* 0x000fc800078e00ff */
        /*3720*/                   IMAD.WIDE.U32 R4, R25, R4, c[0x0][0x160] ;                /* 0x0000580019047625 */
                                                                                             /* 0x000fcc00078e0004 */
        /*3730*/                   LDG.E.CONSTANT R4, [R4.64] ;                              /* 0x0000000604047981 */
                                                                                             /* 0x000ea2000c1e9900 */
        /*3740*/                   IADD3 R3, R3, -0x1, RZ ;                                  /* 0xffffffff03037810 */
                                                                                             /* 0x000fe40007ffe0ff */
        /*3750*/                   IADD3 R15, R15, 0x100, RZ ;                               /* 0x000001000f0f7810 */
                                                                                             /* 0x000fe40007ffe0ff */
        /*3760*/                   ISETP.NE.AND P0, PT, R3, RZ, PT ;                         /* 0x000000ff0300720c */
                                                                                             /* 0x000fe40003f05270 */
        /*3770*/                   IADD3 R25, R25, 0x100, RZ ;                               /* 0x0000010019197810 */
                                                                                             /* 0x000fe20007ffe0ff */
        /*3780*/                   IMAD.IADD R19, R4, 0x1, R19 ;                             /* 0x0000000104137824 */
                                                                                             /* 0x004fd400078e0213 */
        /*3790*/               @P0 BRA 0x3710 ;                                              /* 0xffffff7000000947 */
                                                                                             /* 0x000fea000383ffff */
        /*37a0*/                   BSYNC B2 ;                                                /* 0x0000000000027941 */
                                                                                             /* 0x000fea0003800000 */
        /*37b0*/              @!P1 BRA 0x3f50 ;                                              /* 0x0000079000009947 */
                                                                                             /* 0x000fea0003800000 */
        /*37c0*/                   IMAD.IADD R3, R0, 0x1, -R15 ;                             /* 0x0000000100037824 */
                                                                                             /* 0x000fe200078e0a0f */
        /*37d0*/                   BSSY B2, 0x3c20 ;                                         /* 0x0000044000027945 */
                                                                                             /* 0x000fe20003800000 */
        /*37e0*/                   IMAD.IADD R16, R15.reuse, 0x1, R18 ;                      /* 0x000000010f107824 */
                                                                                             /* 0x040fe200078e0212 */
        /*37f0*/                   PLOP3.LUT P0, PT, PT, PT, PT, 0x80, 0x0 ;                 /* 0x000000000000781c */
                                                                                             /* 0x000fe20003f0f070 */
        /*3800*/                   IMAD.IADD R14, R15, 0x1, R2 ;                             /* 0x000000010f0e7824 */
                                                                                             /* 0x000fe200078e0202 */
        /*3810*/                   ISETP.GT.AND P1, PT, R3, 0xc00, PT ;                      /* 0x00000c000300780c */
                                                                                             /* 0x000fda0003f24270 */
        /*3820*/              @!P1 BRA 0x3c10 ;                                              /* 0x000003e000009947 */
                                                                                             /* 0x000fea0003800000 */
        /*3830*/                   PLOP3.LUT P0, PT, PT, PT, PT, 0x8, 0x0 ;                  /* 0x000000000000781c */
                                                                                             /* 0x000fe40003f0e170 */
        /*3840*/                   IADD3 R18, R0, -0xc00, RZ ;                               /* 0xfffff40000127810 */
                                                                                             /* 0x000fe40007ffe0ff */
        /*3850*/                   IADD3 R2, R16.reuse, -0x200, RZ ;                         /* 0xfffffe0010027810 */
                                                                                             /* 0x040fe20007ffe0ff */
        /*3860*/                   IMAD.MOV.U32 R25, RZ, RZ, 0x4 ;                           /* 0x00000004ff197424 */
                                                                                             /* 0x000fe200078e00ff */
        /*3870*/                   IADD3 R6, R16, -0x100, RZ ;                               /* 0xffffff0010067810 */
                                                                                             /* 0x000fc60007ffe0ff */
        /*3880*/                   IMAD.WIDE.U32 R2, R2, R25, c[0x0][0x160] ;                /* 0x0000580002027625 */
                                                                                             /* 0x000fe200078e0019 */
        /*3890*/                   IADD3 R10, R14, 0x400, RZ ;                               /* 0x000004000e0a7810 */
                                                                                             /* 0x000fc60007ffe0ff */
        /*38a0*/                   IMAD.WIDE.U32 R4, R14, R25.reuse, c[0x0][0x160] ;         /* 0x000058000e047625 */
                                                                                             /* 0x080fe200078e0019 */
        /*38b0*/                   IADD3 R12, R16, 0x200, RZ ;                               /* 0x00000200100c7810 */
                                                                                             /* 0x000fe20007ffe0ff */
        /*38c0*/                   LDG.E.CONSTANT R21, [R2.64] ;                             /* 0x0000000602157981 */
                                                                                             /* 0x0000a4000c1e9900 */
        /*38d0*/                   IMAD.WIDE.U32 R6, R6, R25.reuse, c[0x0][0x160] ;          /* 0x0000580006067625 */
                                                                                             /* 0x080fe400078e0019 */
        /*38e0*/                   LDG.E.CONSTANT R20, [R4.64] ;                             /* 0x0000000604147981 */
                                                                                             /* 0x0002a4000c1e9900 */
        /*38f0*/                   IMAD.WIDE.U32 R8, R16.reuse, R25.reuse, c[0x0][0x160] ;   /* 0x0000580010087625 */
                                                                                             /* 0x0c0fe200078e0019 */
        /*3900*/                   IADD3 R28, R16.reuse, 0x300, RZ ;                         /* 0x00000300101c7810 */
                                                                                             /* 0x040fe20007ffe0ff */
        /*3910*/                   LDG.E.CONSTANT R17, [R6.64] ;                             /* 0x0000000606117981 */
                                                                                             /* 0x000722000c1e9900 */
        /*3920*/                   IADD3 R32, R16, 0x400, RZ ;                               /* 0x0000040010207810 */
                                                                                             /* 0x000fe20007ffe0ff */
        /*3930*/                   IMAD.WIDE.U32 R10, R10, R25, c[0x0][0x160] ;              /* 0x000058000a0a7625 */
                                                                                             /* 0x000fc400078e0019 */
        /*3940*/                   LDG.E.CONSTANT R22, [R8.64] ;                             /* 0x0000000608167981 */
                                                                                             /* 0x000b24000c1e9900 */
        /*3950*/                   IMAD.WIDE.U32 R12, R12, R25.reuse, c[0x0][0x160] ;        /* 0x000058000c0c7625 */
                                                                                             /* 0x080fe200078e0019 */
        /*3960*/                   IADD3 R30, R14, 0x800, RZ ;                               /* 0x000008000e1e7810 */
                                                                                             /* 0x000fe20007ffe0ff */
        /*3970*/                   LDG.E.CONSTANT R23, [R10.64] ;                            /* 0x000000060a177981 */
                                                                                             /* 0x000322000c1e9900 */
        /*3980*/                   IADD3 R34, R16, 0x700, RZ ;                               /* 0x0000070010227810 */
                                                                                             /* 0x000fe20007ffe0ff */
        /*3990*/                   IMAD.WIDE.U32 R2, R28, R25.reuse, c[0x0][0x160] ;         /* 0x000058001c027625 */
                                                                                             /* 0x081fe200078e0019 */
        /*39a0*/                   IADD3 R6, R16, 0x600, RZ ;                                /* 0x0000060010067810 */
                                                                                             /* 0x008fe20007ffe0ff */
        /*39b0*/                   LDG.E.CONSTANT R26, [R12.64] ;                            /* 0x000000060c1a7981 */
                                                                                             /* 0x0000e4000c1e9900 */
        /*39c0*/                   IMAD.WIDE.U32 R32, R32, R25, c[0x0][0x160] ;              /* 0x0000580020207625 */
                                                                                             /* 0x000fc400078e0019 */
        /*39d0*/                   LDG.E.CONSTANT R27, [R2.64] ;                             /* 0x00000006021b7981 */
                                                                                             /* 0x000ae2000c1e9900 */
        /*39e0*/                   IADD3 R10, R16, 0x800, RZ ;                               /* 0x00000800100a7810 */
                                                                                             /* 0x002fe20007ffe0ff */
        /*39f0*/                   IMAD.WIDE.U32 R4, R30, R25.reuse, c[0x0][0x160] ;         /* 0x000058001e047625 */
                                                                                             /* 0x080fe400078e0019 */
        /*3a00*/                   LDG.E.CONSTANT R28, [R32.64] ;                            /* 0x00000006201c7981 */
                                                                                             /* 0x0002e4000c1e9900 */
        /*3a10*/                   IMAD.WIDE.U32 R6, R6, R25.reuse, c[0x0][0x160] ;          /* 0x0000580006067625 */
                                                                                             /* 0x080fe200078e0019 */
        /*3a20*/                   IADD3 R12, R14, 0xc00, RZ ;                               /* 0x00000c000e0c7810 */
                                                                                             /* 0x001fe20007ffe0ff */
        /*3a30*/                   LDG.E.CONSTANT R29, [R4.64] ;                             /* 0x00000006041d7981 */
                                                                                             /* 0x0000e4000c1e9900 */
        /*3a40*/                   IMAD.WIDE.U32 R8, R34, R25.reuse, c[0x0][0x160] ;         /* 0x0000580022087625 */
                                                                                             /* 0x0a0fe200078e0019 */
        /*3a50*/                   IADD3 R34, R16, 0xa00, RZ ;                               /* 0x00000a0010227810 */
                                                                                             /* 0x000fe20007ffe0ff */
        /*3a60*/                   LDG.E.CONSTANT R30, [R6.64] ;                             /* 0x00000006061e7981 */
                                                                                             /* 0x000ae4000c1e9900 */
        /*3a70*/                   IMAD.WIDE.U32 R10, R10, R25.reuse, c[0x0][0x160] ;        /* 0x000058000a0a7625 */
                                                                                             /* 0x080fe200078e0019 */
        /*3a80*/                   IADD3 R36, R16.reuse, 0xb00, RZ ;                         /* 0x00000b0010247810 */
                                                                                             /* 0x040fe20007ffe0ff */
        /*3a90*/                   LDG.E.CONSTANT R8, [R8.64] ;                              /* 0x0000000608087981 */
                                                                                             /* 0x000ee2000c1e9900 */
        /*3aa0*/                   IADD3 R32, R16, 0xc00, RZ ;                               /* 0x00000c0010207810 */
                                                                                             /* 0x002fe20007ffe0ff */
        /*3ab0*/                   IMAD.WIDE.U32 R12, R12, R25, c[0x0][0x160] ;              /* 0x000058000c0c7625 */
                                                                                             /* 0x000fc400078e0019 */
        /*3ac0*/                   LDG.E.CONSTANT R11, [R10.64] ;                            /* 0x000000060a0b7981 */
                                                                                             /* 0x000ee4000c1e9900 */
        /*3ad0*/                   IMAD.WIDE.U32 R2, R34, R25.reuse, c[0x0][0x160] ;         /* 0x0000580022027625 */
                                                                                             /* 0x080fe400078e0019 */
        /*3ae0*/                   LDG.E.CONSTANT R12, [R12.64] ;                            /* 0x000000060c0c7981 */
                                                                                             /* 0x000ee4000c1e9900 */
        /*3af0*/                   IMAD.WIDE.U32 R4, R36, R25.reuse, c[0x0][0x160] ;         /* 0x0000580024047625 */
                                                                                             /* 0x081fe400078e0019 */
        /*3b00*/                   LDG.E.CONSTANT R2, [R2.64] ;                              /* 0x0000000602027981 */
                                                                                             /* 0x000ee4000c1e9900 */
        /*3b10*/                   IMAD.WIDE.U32 R6, R32, R25, c[0x0][0x160] ;               /* 0x0000580020067625 */
                                                                                             /* 0x020fc400078e0019 */
        /*3b20*/                   LDG.E.CONSTANT R5, [R4.64] ;                              /* 0x0000000604057981 */
                                                                                             /* 0x000f68000c1e9900 */
        /*3b30*/                   LDG.E.CONSTANT R6, [R6.64] ;                              /* 0x0000000606067981 */
                                                                                             /* 0x000f62000c1e9900 */
        /*3b40*/                   IADD3 R15, R15, 0x1000, RZ ;                              /* 0x000010000f0f7810 */
                                                                                             /* 0x000fc80007ffe0ff */
        /*3b50*/                   ISETP.GE.AND P1, PT, R15, R18, PT ;                       /* 0x000000120f00720c */
                                                                                             /* 0x000fe40003f26270 */
        /*3b60*/                   IADD3 R16, R16, 0x1000, RZ ;                              /* 0x0000100010107810 */
                                                                                             /* 0x000fe40007ffe0ff */
        /*3b70*/                   IADD3 R14, R14, 0x1000, RZ ;                              /* 0x000010000e0e7810 */
                                                                                             /* 0x000fe40007ffe0ff */
        /*3b80*/                   IADD3 R20, R21, R20, R19 ;                                /* 0x0000001415147210 */
                                                                                             /* 0x004fc80007ffe013 */
        /*3b90*/                   IADD3 R17, R22, R17, R20 ;                                /* 0x0000001116117210 */
                                                                                             /* 0x010fc80007ffe014 */
        /*3ba0*/                   IADD3 R17, R26, R23, R17 ;                                /* 0x000000171a117210 */
                                                                                             /* 0x008fc80007ffe011 */
        /*3bb0*/                   IADD3 R17, R28, R27, R17 ;                                /* 0x0000001b1c117210 */
                                                                                             /* 0x000fc80007ffe011 */
        /*3bc0*/                   IADD3 R17, R30, R29, R17 ;                                /* 0x0000001d1e117210 */
                                                                                             /* 0x000fc80007ffe011 */
        /*3bd0*/                   IADD3 R11, R11, R8, R17 ;                                 /* 0x000000080b0b7210 */
                                                                                             /* 0x000fc80007ffe011 */
        /*3be0*/                   IADD3 R2, R2, R12, R11 ;                                  /* 0x0000000c02027210 */
                                                                                             /* 0x000fc80007ffe00b */
        /*3bf0*/                   IADD3 R19, R6, R5, R2 ;                                   /* 0x0000000506137210 */
                                                                                             /* 0x020fe20007ffe002 */
        /*3c00*/              @!P1 BRA 0x3850 ;                                              /* 0xfffffc4000009947 */
                                                                                             /* 0x000fea000383ffff */
        /*3c10*/                   BSYNC B2 ;                                                /* 0x0000000000027941 */
                                                                                             /* 0x000fea0003800000 */
        /*3c20*/                   IMAD.IADD R2, R0, 0x1, -R15 ;                             /* 0x0000000100027824 */
                                                                                             /* 0x000fe200078e0a0f */
        /*3c30*/                   BSSY B2, 0x3e60 ;                                         /* 0x0000022000027945 */
                                                                                             /* 0x000fe80003800000 */
        /*3c40*/                   ISETP.GT.AND P1, PT, R2, 0x400, PT ;                      /* 0x000004000200780c */
                                                                                             /* 0x000fda0003f24270 */
        /*3c50*/              @!P1 BRA 0x3e50 ;                                              /* 0x000001f000009947 */
                                                                                             /* 0x000fea0003800000 */
        /*3c60*/                   IADD3 R4, R16.reuse, -0x200, RZ ;                         /* 0xfffffe0010047810 */
                                                                                             /* 0x040fe20007ffe0ff */
        /*3c70*/                   IMAD.MOV.U32 R23, RZ, RZ, 0x4 ;                           /* 0x00000004ff177424 */
                                                                                             /* 0x000fe200078e00ff */
        /*3c80*/                   IADD3 R6, R16, -0x100, RZ ;                               /* 0xffffff0010067810 */
                                                                                             /* 0x000fc60007ffe0ff */
        /*3c90*/                   IMAD.WIDE.U32 R4, R4, R23, c[0x0][0x160] ;                /* 0x0000580004047625 */
                                                                                             /* 0x000fe200078e0017 */
        /*3ca0*/                   IADD3 R10, R14, 0x400, RZ ;                               /* 0x000004000e0a7810 */
                                                                                             /* 0x000fc60007ffe0ff */
        /*3cb0*/                   IMAD.WIDE.U32 R2, R14, R23.reuse, c[0x0][0x160] ;         /* 0x000058000e027625 */
                                                                                             /* 0x080fe200078e0017 */
        /*3cc0*/                   IADD3 R12, R16, 0x200, RZ ;                               /* 0x00000200100c7810 */
                                                                                             /* 0x000fe20007ffe0ff */
        /*3cd0*/                   LDG.E.CONSTANT R17, [R4.64] ;                             /* 0x0000000604117981 */
                                                                                             /* 0x0000a4000c1e9900 */
        /*3ce0*/                   IMAD.WIDE.U32 R6, R6, R23.reuse, c[0x0][0x160] ;          /* 0x0000580006067625 */
                                                                                             /* 0x080fe200078e0017 */
        /*3cf0*/                   IADD3 R21, R16.reuse, 0x300, RZ ;                         /* 0x0000030010157810 */
                                                                                             /* 0x040fe20007ffe0ff */
        /*3d00*/                   LDG.E.CONSTANT R18, [R2.64] ;                             /* 0x0000000602127981 */
                                                                                             /* 0x0002a4000c1e9900 */
        /*3d10*/                   IMAD.WIDE.U32 R8, R16.reuse, R23.reuse, c[0x0][0x160] ;   /* 0x0000580010087625 */
                                                                                             /* 0x0c0fe200078e0017 */
        /*3d20*/                   IADD3 R20, R16, 0x400, RZ ;                               /* 0x0000040010147810 */
                                                                                             /* 0x000fe20007ffe0ff */
        /*3d30*/                   LDG.E.CONSTANT R6, [R6.64] ;                              /* 0x0000000606067981 */
                                                                                             /* 0x000ee4000c1e9900 */
        /*3d40*/                   IMAD.WIDE.U32 R10, R10, R23, c[0x0][0x160] ;              /* 0x000058000a0a7625 */
                                                                                             /* 0x000fc400078e0017 */
        /*3d50*/                   LDG.E.CONSTANT R8, [R8.64] ;                              /* 0x0000000608087981 */
                                                                                             /* 0x000ee4000c1e9900 */
        /*3d60*/                   IMAD.WIDE.U32 R12, R12, R23.reuse, c[0x0][0x160] ;        /* 0x000058000c0c7625 */
                                                                                             /* 0x080fe400078e0017 */
        /*3d70*/                   LDG.E.CONSTANT R11, [R10.64] ;                            /* 0x000000060a0b7981 */
                                                                                             /* 0x000f24000c1e9900 */
        /*3d80*/                   IMAD.WIDE.U32 R4, R21, R23.reuse, c[0x0][0x160] ;         /* 0x0000580015047625 */
                                                                                             /* 0x081fe400078e0017 */
        /*3d90*/                   LDG.E.CONSTANT R12, [R12.64] ;                            /* 0x000000060c0c7981 */
                                                                                             /* 0x000f24000c1e9900 */
        /*3da0*/                   IMAD.WIDE.U32 R2, R20, R23, c[0x0][0x160] ;               /* 0x0000580014027625 */
                                                                                             /* 0x002fc400078e0017 */
        /*3db0*/                   LDG.E.CONSTANT R5, [R4.64] ;                              /* 0x0000000604057981 */
                                                                                             /* 0x000f68000c1e9900 */
        /*3dc0*/                   LDG.E.CONSTANT R2, [R2.64] ;                              /* 0x0000000602027981 */
                                                                                             /* 0x000f62000c1e9900 */
        /*3dd0*/                   PLOP3.LUT P0, PT, PT, PT, PT, 0x8, 0x0 ;                  /* 0x000000000000781c */
                                                                                             /* 0x000fe40003f0e170 */
        /*3de0*/                   IADD3 R15, R15, 0x800, RZ ;                               /* 0x000008000f0f7810 */
                                                                                             /* 0x000fe40007ffe0ff */
        /*3df0*/                   IADD3 R16, R16, 0x800, RZ ;                               /* 0x0000080010107810 */
                                                                                             /* 0x000fe40007ffe0ff */
        /*3e00*/                   IADD3 R14, R14, 0x800, RZ ;                               /* 0x000008000e0e7810 */
                                                                                             /* 0x000fc40007ffe0ff */
        /*3e10*/                   IADD3 R17, R17, R18, R19 ;                                /* 0x0000001211117210 */
                                                                                             /* 0x004fc80007ffe013 */
        /*3e20*/                   IADD3 R6, R8, R6, R17 ;                                   /* 0x0000000608067210 */
                                                                                             /* 0x008fc80007ffe011 */
        /*3e30*/                   IADD3 R6, R12, R11, R6 ;                                  /* 0x0000000b0c067210 */
                                                                                             /* 0x010fc80007ffe006 */
        /*3e40*/                   IADD3 R19, R2, R5, R6 ;                                   /* 0x0000000502137210 */
                                                                                             /* 0x020fe40007ffe006 */
        /*3e50*/                   BSYNC B2 ;                                                /* 0x0000000000027941 */
                                                                                             /* 0x000fea0003800000 */
        /*3e60*/                   ISETP.LT.OR P0, PT, R15, R0, P0 ;                         /* 0x000000000f00720c */
                                                                                             /* 0x000fda0000701670 */
        /*3e70*/              @!P0 BRA 0x3f50 ;                                              /* 0x000000d000008947 */
                                                                                             /* 0x000fea0003800000 */
        /*3e80*/                   IADD3 R2, R16.reuse, -0x200, RZ ;                         /* 0xfffffe0010027810 */
                                                                                             /* 0x040fe20007ffe0ff */
        /*3e90*/                   IMAD.MOV.U32 R17, RZ, RZ, 0x4 ;                           /* 0x00000004ff117424 */
                                                                                             /* 0x000fe200078e00ff */
        /*3ea0*/                   IADD3 R4, R16, -0x100, RZ ;                               /* 0xffffff0010047810 */
                                                                                             /* 0x000fc60007ffe0ff */
        /*3eb0*/                   IMAD.WIDE.U32 R14, R14, R17, c[0x0][0x160] ;              /* 0x000058000e0e7625 */
                                                                                             /* 0x000fc800078e0011 */
        /*3ec0*/                   IMAD.WIDE.U32 R2, R2, R17.reuse, c[0x0][0x160] ;          /* 0x0000580002027625 */
                                                                                             /* 0x080fe400078e0011 */
        /*3ed0*/                   LDG.E.CONSTANT R14, [R14.64] ;                            /* 0x000000060e0e7981 */
                                                                                             /* 0x000ea4000c1e9900 */
        /*3ee0*/                   IMAD.WIDE.U32 R4, R4, R17.reuse, c[0x0][0x160] ;          /* 0x0000580004047625 */
                                                                                             /* 0x080fe400078e0011 */
        /*3ef0*/                   LDG.E.CONSTANT R2, [R2.64] ;                              /* 0x0000000602027981 */
                                                                                             /* 0x000ea4000c1e9900 */
        /*3f00*/                   IMAD.WIDE.U32 R16, R16, R17, c[0x0][0x160] ;              /* 0x0000580010107625 */
                                                                                             /* 0x000fe400078e0011 */
        /*3f10*/                   LDG.E.CONSTANT R4, [R4.64] ;                              /* 0x0000000604047981 */
                                                                                             /* 0x000ee8000c1e9900 */
        /*3f20*/                   LDG.E.CONSTANT R16, [R16.64] ;                            /* 0x0000000610107981 */
                                                                                             /* 0x000ee2000c1e9900 */
        /*3f30*/                   IADD3 R19, R2, R14, R19 ;                                 /* 0x0000000e02137210 */
                                                                                             /* 0x004fc80007ffe013 */
        /*3f40*/                   IADD3 R19, R16, R4, R19 ;                                 /* 0x0000000410137210 */
                                                                                             /* 0x008fe40007ffe013 */
        /*3f50*/                   BSYNC B1 ;                                                /* 0x0000000000017941 */
                                                                                             /* 0x000fea0003800000 */
        /*3f60*/                   S2R R2, SR_LANEID ;                                       /* 0x0000000000027919 */
                                                                                             /* 0x000e220000000000 */
        /*3f70*/                   REDUX.SUM.S32 UR4, R19 ;                                  /* 0x00000000130473c4 */
                                                                                             /* 0x000e66000000c200 */
        /*3f80*/                   S2R R0, SR_TID.X ;                                        /* 0x0000000000007919 */
                                                                                             /* 0x000ea20000002100 */
        /*3f90*/                   ISETP.NE.AND P0, PT, R2, RZ, PT ;                         /* 0x000000ff0200720c */
                                                                                             /* 0x001fda0003f05270 */
        /*3fa0*/              @!P0 SHF.R.S32.HI R3, RZ, 0x1f, R0 ;                           /* 0x0000001fff038819 */
                                                                                             /* 0x004fc80000011400 */
        /*3fb0*/              @!P0 LEA.HI R2, R3, R0, RZ, 0x5 ;                              /* 0x0000000003028211 */
                                                                                             /* 0x000fe200078f28ff */
        /*3fc0*/                   IMAD.U32 R3, RZ, RZ, UR4 ;                                /* 0x00000004ff037e24 */
                                                                                             /* 0x002fc6000f8e00ff */
        /*3fd0*/              @!P0 SHF.R.S32.HI R2, RZ, 0x5, R2 ;                            /* 0x00000005ff028819 */
                                                                                             /* 0x000fca0000011402 */
        /*3fe0*/              @!P0 STS [R2.X4+0x8], R3 ;                                     /* 0x0000080302008388 */
                                                                                             /* 0x0001e80000004800 */
        /*3ff0*/                   BAR.SYNC.DEFER_BLOCKING 0x0 ;                             /* 0x0000000000007b1d */
                                                                                             /* 0x000fe20000010000 */
        /*4000*/                   ISETP.NE.AND P0, PT, R0, RZ, PT ;                         /* 0x000000ff0000720c */
                                                                                             /* 0x000fda0003f05270 */
        /*4010*/               @P0 BRA 0x58a0 ;                                              /* 0x0000188000000947 */
                                                                                             /* 0x000fea0003800000 */
        /*4020*/                   LDS R0, [0xc] ;                                           /* 0x00000c00ff007984 */
                                                                                             /* 0x001fe80000000800 */
        /*4030*/                   LDS.128 R4, [0x10] ;                                      /* 0x00001000ff047984 */
                                                                                             /* 0x000e280000000c00 */
        /*4040*/                   LDS.64 R8, [0x20] ;                                       /* 0x00002000ff087984 */
                                                                                             /* 0x000e620000000a00 */
        /*4050*/                   IADD3 R0, R4, R0, R3 ;                                    /* 0x0000000004007210 */
                                                                                             /* 0x001fc80007ffe003 */
        /*4060*/                   IADD3 R0, R6, R5, R0 ;                                    /* 0x0000000506007210 */
                                                                                             /* 0x000fc80007ffe000 */
        /*4070*/                   IADD3 R0, R8, R7, R0 ;                                    /* 0x0000000708007210 */
                                                                                             /* 0x002fca0007ffe000 */
        /*4080*/                   IMAD.IADD R3, R0, 0x1, R9 ;                               /* 0x0000000100037824 */
                                                                                             /* 0x000fe200078e0209 */
        /*4090*/                   BRA 0x58a0 ;                                              /* 0x0000180000007947 */
                                                                                             /* 0x000fea0003800000 */
        /*40a0*/                   ISETP.GE.AND P0, PT, R0, 0x400, PT ;                      /* 0x000004000000780c */
                                                                                             /* 0x000fe20003f06270 */
        /*40b0*/                   BSSY B1, 0x5540 ;                                         /* 0x0000148000017945 */
                                                                                             /* 0x000fd80003800000 */
        /*40c0*/              @!P0 BRA 0x4120 ;                                              /* 0x0000005000008947 */
                                                                                             /* 0x000fea0003800000 */
        /*40d0*/                   IMAD.MOV.U32 R2, RZ, RZ, 0x4 ;                            /* 0x00000004ff027424 */
                                                                                             /* 0x000fe400078e00ff */
        /*40e0*/                   IMAD.MOV.U32 R31, RZ, RZ, RZ ;                            /* 0x000000ffff1f7224 */
                                                                                             /* 0x000fe400078e00ff */
        /*40f0*/                   IMAD R3, R30, R2, c[0x0][0x160] ;                         /* 0x000058001e037624 */
                                                                                             /* 0x000fca00078e0202 */
        /*4100*/                   LOP3.LUT P0, RZ, R3, 0xf, RZ, 0xc0, !PT ;                 /* 0x0000000f03ff7812 */
                                                                                             /* 0x000fda000780c0ff */
        /*4110*/              @!P0 BRA 0x4ad0 ;                                              /* 0x000009b000008947 */
                                                                                             /* 0x000fea0003800000 */
        /*4120*/                   ISETP.GE.AND P0, PT, R25, R0, PT ;                        /* 0x000000001900720c */
                                                                                             /* 0x000fe20003f06270 */
        /*4130*/                   BSSY B2, 0x41d0 ;                                         /* 0x0000009000027945 */
                                                                                             /* 0x000fe20003800000 */
        /*4140*/                   IMAD.MOV.U32 R29, RZ, RZ, RZ ;                            /* 0x000000ffff1d7224 */
                                                                                             /* 0x000fe400078e00ff */
        /*4150*/                   IMAD.MOV.U32 R15, RZ, RZ, R25 ;                           /* 0x000000ffff0f7224 */
                                                                                             /* 0x000fd200078e0019 */
        /*4160*/               @P0 BRA 0x41c0 ;                                              /* 0x0000005000000947 */
                                                                                             /* 0x000fea0003800000 */
        /*4170*/                   IMAD.IADD R2, R30, 0x1, R25 ;                             /* 0x000000011e027824 */
                                                                                             /* 0x000fe400078e0219 */
        /*4180*/                   IMAD.MOV.U32 R3, RZ, RZ, 0x4 ;                            /* 0x00000004ff037424 */
                                                                                             /* 0x000fc800078e00ff */
        /*4190*/                   IMAD.WIDE.U32 R2, R2, R3, c[0x0][0x160] ;                 /* 0x0000580002027625 */
                                                                                             /* 0x000fca00078e0003 */
        /*41a0*/                   LDG.E.CONSTANT R29, [R2.64] ;                             /* 0x00000006021d7981 */
                                                                                             /* 0x000162000c1e9900 */
        /*41b0*/                   IADD3 R15, R25, 0x100, RZ ;                               /* 0x00000100190f7810 */
                                                                                             /* 0x000fc60007ffe0ff */
        /*41c0*/                   BSYNC B2 ;                                                /* 0x0000000000027941 */
                                                                                             /* 0x000fea0003800000 */
        /*41d0*/                   ISETP.GE.AND P0, PT, R15, R0, PT ;                        /* 0x000000000f00720c */
                                                                                             /* 0x000fda0003f06270 */
        /*41e0*/               @P0 BRA 0x5530 ;                                              /* 0x0000134000000947 */
                                                                                             /* 0x000fea0003800000 */
        /*41f0*/                   LOP3.LUT R3, RZ, R15, RZ, 0x33, !PT ;                     /* 0x0000000fff037212 */
                                                                                             /* 0x001fe200078e33ff */
        /*4200*/                   BSSY B2, 0x4320 ;                                         /* 0x0000011000027945 */
                                                                                             /* 0x000fe60003800000 */
        /*4210*/                   IADD3 R3, -R30, c[0x0][0x188], R3 ;                       /* 0x000062001e037a10 */
                                                                                             /* 0x000fc80007ffe103 */
        /*4220*/                   LEA.HI R2, R3.reuse, 0x1, RZ, 0x18 ;                      /* 0x0000000103027811 */
                                                                                             /* 0x040fe400078fc0ff */
        /*4230*/                   ISETP.GE.U32.AND P1, PT, R3, 0x300, PT ;                  /* 0x000003000300780c */
                                                                                             /* 0x000fe40003f26070 */
        /*4240*/                   LOP3.LUT P0, R2, R2, 0x3, RZ, 0xc0, !PT ;                 /* 0x0000000302027812 */
                                                                                             /* 0x000fda000780c0ff */
        /*4250*/              @!P0 BRA 0x4310 ;                                              /* 0x000000b000008947 */
                                                                                             /* 0x000fea0003800000 */
        /*4260*/                   IMAD.MOV.U32 R4, RZ, RZ, R2 ;                             /* 0x000000ffff047224 */
                                                                                             /* 0x000fe400078e0002 */
        /*4270*/                   IMAD.IADD R5, R30, 0x1, R15 ;                             /* 0x000000011e057824 */
                                                                                             /* 0x000fe400078e020f */
        /*4280*/                   IMAD.MOV.U32 R2, RZ, RZ, 0x4 ;                            /* 0x00000004ff027424 */
                                                                                             /* 0x000fc800078e00ff */
        /*4290*/                   IMAD.WIDE.U32 R2, R5, R2, c[0x0][0x160] ;                 /* 0x0000580005027625 */
                                                                                             /* 0x000fcc00078e0002 */
        /*42a0*/                   LDG.E.CONSTANT R2, [R2.64] ;                              /* 0x0000000602027981 */
                                                                                             /* 0x000ea2000c1e9900 */
        /*42b0*/                   IADD3 R4, R4, -0x1, RZ ;                                  /* 0xffffffff04047810 */
                                                                                             /* 0x000fe40007ffe0ff */
        /*42c0*/                   IADD3 R15, R15, 0x100, RZ ;                               /* 0x000001000f0f7810 */
                                                                                             /* 0x000fe40007ffe0ff */
        /*42d0*/                   ISETP.NE.AND P0, PT, R4, RZ, PT ;                         /* 0x000000ff0400720c */
                                                                                             /* 0x000fe40003f05270 */
        /*42e0*/                   IADD3 R5, R5, 0x100, RZ ;                                 /* 0x0000010005057810 */
                                                                                             /* 0x000fe20007ffe0ff */
        /*42f0*/                   IMAD.IADD R29, R2, 0x1, R29 ;                             /* 0x00000001021d7824 */
                                                                                             /* 0x024fd400078e021d */
        /*4300*/               @P0 BRA 0x4280 ;                                              /* 0xffffff7000000947 */
                                                                                             /* 0x000fea000383ffff */
        /*4310*/                   BSYNC B2 ;                                                /* 0x0000000000027941 */
                                                                                             /* 0x000fea0003800000 */
        /*4320*/              @!P1 BRA 0x5530 ;                                              /* 0x0000120000009947 */
                                                                                             /* 0x000fea0003800000 */
        /*4330*/                   IMAD.IADD R2, R0, 0x1, -R15 ;                             /* 0x0000000100027824 */
                                                                                             /* 0x000fe200078e0a0f */
        /*4340*/                   BSSY B2, 0x4780 ;                                         /* 0x0000043000027945 */
                                                                                             /* 0x000fe20003800000 */
        /*4350*/                   PLOP3.LUT P0, PT, PT, PT, PT, 0x80, 0x0 ;                 /* 0x000000000000781c */
                                                                                             /* 0x000fe40003f0f070 */
        /*4360*/                   IADD3 R16, R15, 0x300, R30 ;                              /* 0x000003000f107810 */
                                                                                             /* 0x000fe40007ffe01e */
        /*4370*/                   ISETP.GT.AND P1, PT, R2, 0xc00, PT ;                      /* 0x00000c000200780c */
                                                                                             /* 0x000fda0003f24270 */
        /*4380*/              @!P1 BRA 0x4770 ;                                              /* 0x000003e000009947 */
                                                                                             /* 0x000fea0003800000 */
        /*4390*/                   PLOP3.LUT P0, PT, PT, PT, PT, 0x8, 0x0 ;                  /* 0x000000000000781c */
                                                                                             /* 0x000fe40003f0e170 */
        /*43a0*/                   IADD3 R14, R0, -0xc00, RZ ;                               /* 0xfffff400000e7810 */
                                                                                             /* 0x000fe40007ffe0ff */
        /*43b0*/                   IADD3 R4, R16, -0x200, RZ ;                               /* 0xfffffe0010047810 */
                                                                                             /* 0x000fe20007ffe0ff */
        /*43c0*/                   IMAD.IADD R2, R30, 0x1, R15.reuse ;                       /* 0x000000011e027824 */
                                                                                             /* 0x100fe200078e020f */
        /*43d0*/                   IADD3 R26, R16, -0x100, RZ ;                              /* 0xffffff00101a7810 */
                                                                                             /* 0x000fe20007ffe0ff */
        /*43e0*/                   IMAD.MOV.U32 R23, RZ, RZ, 0x4 ;                           /* 0x00000004ff177424 */
                                                                                             /* 0x000fe200078e00ff */
        /*43f0*/                   IADD3 R8, R30, 0x400, R15 ;                               /* 0x000004001e087810 */
                                                                                             /* 0x000fc60007ffe00f */
        /*4400*/                   IMAD.WIDE.U32 R2, R2, R23, c[0x0][0x160] ;                /* 0x0000580002027625 */
                                                                                             /* 0x000fe200078e0017 */
        /*4410*/                   IADD3 R10, R16, 0x200, RZ ;                               /* 0x00000200100a7810 */
                                                                                             /* 0x000fc60007ffe0ff */
        /*4420*/                   IMAD.WIDE.U32 R4, R4, R23.reuse, c[0x0][0x160] ;          /* 0x0000580004047625 */
                                                                                             /* 0x080fe200078e0017 */
        /*4430*/                   LDG.E.CONSTANT R18, [R2.64] ;                             /* 0x0000000602127981 */
                                                                                             /* 0x0000a2000c1e9900 */
        /*4440*/                   IADD3 R28, R16, 0x400, RZ ;                               /* 0x00000400101c7810 */
                                                                                             /* 0x000fe40007ffe0ff */
        /*4450*/                   IMAD.WIDE.U32 R26, R26, R23.reuse, c[0x0][0x160] ;        /* 0x000058001a1a7625 */
                                                                                             /* 0x080fe200078e0017 */
        /*4460*/                   LDG.E.CONSTANT R19, [R4.64] ;                             /* 0x0000000604137981 */
                                                                                             /* 0x0002a6000c1e9900 */
        /*4470*/                   IMAD.WIDE.U32 R6, R16.reuse, R23.reuse, c[0x0][0x160] ;   /* 0x0000580010067625 */
                                                                                             /* 0x0c0fe200078e0017 */
        /*4480*/                   IADD3 R12, R16, 0x300, RZ ;                               /* 0x00000300100c7810 */
                                                                                             /* 0x000fe20007ffe0ff */
        /*4490*/                   LDG.E.CONSTANT R17, [R26.64] ;                            /* 0x000000061a117981 */
                                                                                             /* 0x000724000c1e9900 */
        /*44a0*/                   IMAD.WIDE.U32 R8, R8, R23.reuse, c[0x0][0x160] ;          /* 0x0000580008087625 */
                                                                                             /* 0x080fe200078e0017 */
        /*44b0*/                   IADD3 R32, R30, 0x800, R15 ;                              /* 0x000008001e207810 */
                                                                                             /* 0x000fe20007ffe00f */
        /*44c0*/                   LDG.E.CONSTANT R20, [R6.64] ;                             /* 0x0000000606147981 */
                                                                                             /* 0x000324000c1e9900 */
        /*44d0*/                   IMAD.WIDE.U32 R10, R10, R23.reuse, c[0x0][0x160] ;        /* 0x000058000a0a7625 */
                                                                                             /* 0x080fe200078e0017 */
        /*44e0*/                   IADD3 R34, R16, 0x700, RZ ;                               /* 0x0000070010227810 */
                                                                                             /* 0x000fe20007ffe0ff */
        /*44f0*/                   LDG.E.CONSTANT R21, [R8.64] ;                             /* 0x0000000608157981 */
                                                                                             /* 0x000324000c1e9900 */
        /*4500*/                   IMAD.WIDE.U32 R2, R28, R23.reuse, c[0x0][0x160] ;         /* 0x000058001c027625 */
                                                                                             /* 0x081fe200078e0017 */
        /*4510*/                   IADD3 R28, R16, 0x600, RZ ;                               /* 0x00000600101c7810 */
                                                                                             /* 0x000fe20007ffe0ff */
        /*4520*/                   LDG.E.CONSTANT R22, [R10.64] ;                            /* 0x000000060a167981 */
                                                                                             /* 0x000124000c1e9900 */
        /*4530*/                   IMAD.WIDE.U32 R12, R12, R23, c[0x0][0x160] ;              /* 0x000058000c0c7625 */
                                                                                             /* 0x000fc400078e0017 */
        /*4540*/                   LDG.E.CONSTANT R27, [R2.64] ;                             /* 0x00000006021b7981 */
                                                                                             /* 0x008724000c1e9900 */
        /*4550*/                   IMAD.WIDE.U32 R4, R32, R23.reuse, c[0x0][0x160] ;         /* 0x0000580020047625 */
                                                                                             /* 0x082fe200078e0017 */
        /*4560*/                   IADD3 R32, R30, 0xc00, R15 ;                              /* 0x00000c001e207810 */
                                                                                             /* 0x000fe20007ffe00f */
        /*4570*/                   LDG.E.CONSTANT R26, [R12.64] ;                            /* 0x000000060c1a7981 */
                                                                                             /* 0x000322000c1e9900 */
        /*4580*/                   IADD3 R10, R16, 0x800, RZ ;                               /* 0x00000800100a7810 */
                                                                                             /* 0x001fe20007ffe0ff */
        /*4590*/                   IMAD.WIDE.U32 R6, R28, R23.reuse, c[0x0][0x160] ;         /* 0x000058001c067625 */
                                                                                             /* 0x080fe200078e0017 */
        /*45a0*/                   IADD3 R36, R16, 0xb00, RZ ;                               /* 0x00000b0010247810 */
                                                                                             /* 0x000fe20007ffe0ff */
        /*45b0*/                   LDG.E.CONSTANT R28, [R4.64] ;                             /* 0x00000006041c7981 */
                                                                                             /* 0x000124000c1e9900 */
        /*45c0*/                   IMAD.WIDE.U32 R8, R34, R23.reuse, c[0x0][0x160] ;         /* 0x0000580022087625 */
                                                                                             /* 0x080fe200078e0017 */
        /*45d0*/                   IADD3 R34, R16, 0xa00, RZ ;                               /* 0x00000a0010227810 */
                                                                                             /* 0x000fe20007ffe0ff */
        /*45e0*/                   LDG.E.CONSTANT R33, [R6.64] ;                             /* 0x0000000606217981 */
                                                                                             /* 0x000124000c1e9900 */
        /*45f0*/                   IMAD.WIDE.U32 R10, R10, R23, c[0x0][0x160] ;              /* 0x000058000a0a7625 */
                                                                                             /* 0x000fc400078e0017 */
        /*4600*/                   LDG.E.CONSTANT R8, [R8.64] ;                              /* 0x0000000608087981 */
                                                                                             /* 0x000f24000c1e9900 */
        /*4610*/                   IMAD.WIDE.U32 R12, R32, R23.reuse, c[0x0][0x160] ;        /* 0x00005800200c7625 */
                                                                                             /* 0x082fe200078e0017 */
        /*4620*/                   IADD3 R32, R16, 0xc00, RZ ;                               /* 0x00000c0010207810 */
                                                                                             /* 0x000fe20007ffe0ff */
        /*4630*/                   LDG.E.CONSTANT R11, [R10.64] ;                            /* 0x000000060a0b7981 */
                                                                                             /* 0x000f24000c1e9900 */
        /*4640*/                   IMAD.WIDE.U32 R2, R34, R23.reuse, c[0x0][0x160] ;         /* 0x0000580022027625 */
                                                                                             /* 0x088fe400078e0017 */
        /*4650*/                   LDG.E.CONSTANT R12, [R12.64] ;                            /* 0x000000060c0c7981 */
                                                                                             /* 0x000ee4000c1e9900 */
        /*4660*/                   IMAD.WIDE.U32 R4, R36, R23, c[0x0][0x160] ;               /* 0x0000580024047625 */
                                                                                             /* 0x001fc400078e0017 */
        /*4670*/                   LDG.E.CONSTANT R2, [R2.64] ;                              /* 0x0000000602027981 */
                                                                                             /* 0x000ee4000c1e9900 */
        /*4680*/                   IMAD.WIDE.U32 R6, R32, R23, c[0x0][0x160] ;               /* 0x0000580020067625 */
                                                                                             /* 0x000fe400078e0017 */
        /*4690*/                   LDG.E.CONSTANT R5, [R4.64] ;                              /* 0x0000000604057981 */
                                                                                             /* 0x000ee8000c1e9900 */
        /*46a0*/                   LDG.E.CONSTANT R6, [R6.64] ;                              /* 0x0000000606067981 */
                                                                                             /* 0x000ee2000c1e9900 */
        /*46b0*/                   IADD3 R15, R15, 0x1000, RZ ;                              /* 0x000010000f0f7810 */
                                                                                             /* 0x000fc80007ffe0ff */
        /*46c0*/                   ISETP.GE.AND P1, PT, R15, R14, PT ;                       /* 0x0000000e0f00720c */
                                                                                             /* 0x000fe40003f26270 */
        /*46d0*/                   IADD3 R16, R16, 0x1000, RZ ;                              /* 0x0000100010107810 */
                                                                                             /* 0x000fe40007ffe0ff */
        /*46e0*/                   IADD3 R18, R19, R18, R29 ;                                /* 0x0000001213127210 */
                                                                                             /* 0x024fc80007ffe01d */
        /*46f0*/                   IADD3 R17, R20, R17, R18 ;                                /* 0x0000001114117210 */
                                                                                             /* 0x010fc80007ffe012 */
        /*4700*/                   IADD3 R17, R22, R21, R17 ;                                /* 0x0000001516117210 */
                                                                                             /* 0x000fc80007ffe011 */
        /*4710*/                   IADD3 R17, R27, R26, R17 ;                                /* 0x0000001a1b117210 */
                                                                                             /* 0x000fc80007ffe011 */
        /*4720*/                   IADD3 R17, R33, R28, R17 ;                                /* 0x0000001c21117210 */
                                                                                             /* 0x000fc80007ffe011 */
        /*4730*/                   IADD3 R11, R11, R8, R17 ;                                 /* 0x000000080b0b7210 */
                                                                                             /* 0x000fc80007ffe011 */
        /*4740*/                   IADD3 R2, R2, R12, R11 ;                                  /* 0x0000000c02027210 */
                                                                                             /* 0x008fc80007ffe00b */
        /*4750*/                   IADD3 R29, R6, R5, R2 ;                                   /* 0x00000005061d7210 */
                                                                                             /* 0x000fe20007ffe002 */
        /*4760*/              @!P1 BRA 0x43b0 ;                                              /* 0xfffffc4000009947 */
                                                                                             /* 0x000fea000383ffff */
        /*4770*/                   BSYNC B2 ;                                                /* 0x0000000000027941 */
                                                                                             /* 0x000fea0003800000 */
        /*4780*/                   IMAD.IADD R2, R0, 0x1, -R15 ;                             /* 0x0000000100027824 */
                                                                                             /* 0x000fe200078e0a0f */
        /*4790*/                   BSSY B2, 0x49c0 ;                                         /* 0x0000022000027945 */
                                                                                             /* 0x000fe80003800000 */
        /*47a0*/                   ISETP.GT.AND P1, PT, R2, 0x400, PT ;                      /* 0x000004000200780c */
                                                                                             /* 0x000fda0003f24270 */
        /*47b0*/              @!P1 BRA 0x49b0 ;                                              /* 0x000001f000009947 */
                                                                                             /* 0x000fea0003800000 */
        /*47c0*/                   IADD3 R6, R16, -0x200, RZ ;                               /* 0xfffffe0010067810 */
                                                                                             /* 0x000fe20007ffe0ff */
        /*47d0*/                   IMAD.IADD R4, R30, 0x1, R15.reuse ;                       /* 0x000000011e047824 */
                                                                                             /* 0x100fe200078e020f */
        /*47e0*/                   IADD3 R8, R16, -0x100, RZ ;                               /* 0xffffff0010087810 */
                                                                                             /* 0x000fe20007ffe0ff */
        /*47f0*/                   IMAD.MOV.U32 R21, RZ, RZ, 0x4 ;                           /* 0x00000004ff157424 */
                                                                                             /* 0x000fe200078e00ff */
        /*4800*/                   IADD3 R12, R30, 0x400, R15 ;                              /* 0x000004001e0c7810 */
                                                                                             /* 0x000fc60007ffe00f */
        /*4810*/                   IMAD.WIDE.U32 R4, R4, R21, c[0x0][0x160] ;                /* 0x0000580004047625 */
                                                                                             /* 0x000fe200078e0015 */
        /*4820*/                   IADD3 R2, R16, 0x200, RZ ;                                /* 0x0000020010027810 */
                                                                                             /* 0x000fc60007ffe0ff */
        /*4830*/                   IMAD.WIDE.U32 R6, R6, R21.reuse, c[0x0][0x160] ;          /* 0x0000580006067625 */
                                                                                             /* 0x080fe200078e0015 */
        /*4840*/                   LDG.E.CONSTANT R14, [R4.64] ;                             /* 0x00000006040e7981 */
                                                                                             /* 0x0000a6000c1e9900 */
        /*4850*/                   IMAD.WIDE.U32 R8, R8, R21.reuse, c[0x0][0x160] ;          /* 0x0000580008087625 */
                                                                                             /* 0x080fe200078e0015 */
        /*4860*/                   LDG.E.CONSTANT R17, [R6.64] ;                             /* 0x0000000606117981 */
                                                                                             /* 0x0002a6000c1e9900 */
        /*4870*/                   IMAD.WIDE.U32 R10, R16.reuse, R21.reuse, c[0x0][0x160] ;  /* 0x00005800100a7625 */
                                                                                             /* 0x0c0fe200078e0015 */
        /*4880*/                   IADD3 R19, R16.reuse, 0x300, RZ ;                         /* 0x0000030010137810 */
                                                                                             /* 0x040fe20007ffe0ff */
        /*4890*/                   LDG.E.CONSTANT R9, [R8.64] ;                              /* 0x0000000608097981 */
                                                                                             /* 0x000ee2000c1e9900 */
        /*48a0*/                   IADD3 R18, R16, 0x400, RZ ;                               /* 0x0000040010127810 */
                                                                                             /* 0x000fe20007ffe0ff */
        /*48b0*/                   IMAD.WIDE.U32 R12, R12, R21, c[0x0][0x160] ;              /* 0x000058000c0c7625 */
                                                                                             /* 0x000fc400078e0015 */
        /*48c0*/                   LDG.E.CONSTANT R10, [R10.64] ;                            /* 0x000000060a0a7981 */
                                                                                             /* 0x000ee4000c1e9900 */
        /*48d0*/                   IMAD.WIDE.U32 R2, R2, R21.reuse, c[0x0][0x160] ;          /* 0x0000580002027625 */
                                                                                             /* 0x080fe400078e0015 */
        /*48e0*/                   LDG.E.CONSTANT R12, [R12.64] ;                            /* 0x000000060c0c7981 */
                                                                                             /* 0x000f24000c1e9900 */
        /*48f0*/                   IMAD.WIDE.U32 R4, R19, R21.reuse, c[0x0][0x160] ;         /* 0x0000580013047625 */
                                                                                             /* 0x081fe400078e0015 */
        /*4900*/                   LDG.E.CONSTANT R2, [R2.64] ;                              /* 0x0000000602027981 */
                                                                                             /* 0x000f24000c1e9900 */
        /*4910*/                   IMAD.WIDE.U32 R6, R18, R21, c[0x0][0x160] ;               /* 0x0000580012067625 */
                                                                                             /* 0x002fc400078e0015 */
        /*4920*/                   LDG.E.CONSTANT R4, [R4.64] ;                              /* 0x0000000604047981 */
                                                                                             /* 0x000f28000c1e9900 */
        /*4930*/                   LDG.E.CONSTANT R6, [R6.64] ;                              /* 0x0000000606067981 */
                                                                                             /* 0x000f22000c1e9900 */
        /*4940*/                   PLOP3.LUT P0, PT, PT, PT, PT, 0x8, 0x0 ;                  /* 0x000000000000781c */
                                                                                             /* 0x000fe40003f0e170 */
        /*4950*/                   IADD3 R15, R15, 0x800, RZ ;                               /* 0x000008000f0f7810 */
                                                                                             /* 0x000fe40007ffe0ff */
        /*4960*/                   IADD3 R16, R16, 0x800, RZ ;                               /* 0x0000080010107810 */
                                                                                             /* 0x000fe40007ffe0ff */
        /*4970*/                   IADD3 R14, R17, R14, R29 ;                                /* 0x0000000e110e7210 */
                                                                                             /* 0x024fc80007ffe01d */
        /*4980*/                   IADD3 R9, R10, R9, R14 ;                                  /* 0x000000090a097210 */
                                                                                             /* 0x008fc80007ffe00e */
        /*4990*/                   IADD3 R9, R2, R12, R9 ;                                   /* 0x0000000c02097210 */
                                                                                             /* 0x010fc80007ffe009 */
        /*49a0*/                   IADD3 R29, R6, R4, R9 ;                                   /* 0x00000004061d7210 */
                                                                                             /* 0x000fe40007ffe009 */
        /*49b0*/                   BSYNC B2 ;                                                /* 0x0000000000027941 */
                                                                                             /* 0x000fea0003800000 */
        /*49c0*/                   ISETP.LT.OR P0, PT, R15, R0, P0 ;                         /* 0x000000000f00720c */
                                                                                             /* 0x000fda0000701670 */
        /*49d0*/              @!P0 BRA 0x5530 ;                                              /* 0x00000b5000008947 */
                                                                                             /* 0x000fea0003800000 */
        /*49e0*/                   IADD3 R4, R16, -0x200, RZ ;                               /* 0xfffffe0010047810 */
                                                                                             /* 0x000fe20007ffe0ff */
        /*49f0*/                   IMAD.IADD R2, R30, 0x1, R15 ;                             /* 0x000000011e027824 */
                                                                                             /* 0x000fe200078e020f */
        /*4a00*/                   IADD3 R6, R16, -0x100, RZ ;                               /* 0xffffff0010067810 */
                                                                                             /* 0x000fe20007ffe0ff */
        /*4a10*/                   IMAD.MOV.U32 R17, RZ, RZ, 0x4 ;                           /* 0x00000004ff117424 */
                                                                                             /* 0x000fc800078e00ff */
        /*4a20*/                   IMAD.WIDE.U32 R2, R2, R17, c[0x0][0x160] ;                /* 0x0000580002027625 */
                                                                                             /* 0x000fc800078e0011 */
        /*4a30*/                   IMAD.WIDE.U32 R4, R4, R17.reuse, c[0x0][0x160] ;          /* 0x0000580004047625 */
                                                                                             /* 0x080fe400078e0011 */
        /*4a40*/                   LDG.E.CONSTANT R2, [R2.64] ;                              /* 0x0000000602027981 */
                                                                                             /* 0x000ea4000c1e9900 */
        /*4a50*/                   IMAD.WIDE.U32 R6, R6, R17.reuse, c[0x0][0x160] ;          /* 0x0000580006067625 */
                                                                                             /* 0x080fe400078e0011 */
        /*4a60*/                   LDG.E.CONSTANT R4, [R4.64] ;                              /* 0x0000000604047981 */
                                                                                             /* 0x000ea4000c1e9900 */
        /*4a70*/                   IMAD.WIDE.U32 R16, R16, R17, c[0x0][0x160] ;              /* 0x0000580010107625 */
                                                                                             /* 0x000fe400078e0011 */
        /*4a80*/                   LDG.E.CONSTANT R6, [R6.64] ;                              /* 0x0000000606067981 */
                                                                                             /* 0x000ee8000c1e9900 */
        /*4a90*/                   LDG.E.CONSTANT R16, [R16.64] ;                            /* 0x0000000610107981 */
                                                                                             /* 0x000ee2000c1e9900 */
        /*4aa0*/                   IADD3 R29, R4, R2, R29 ;                                  /* 0x00000002041d7210 */
                                                                                             /* 0x024fc80007ffe01d */
        /*4ab0*/                   IADD3 R29, R16, R6, R29 ;                                 /* 0x00000006101d7210 */
                                                                                             /* 0x008fe20007ffe01d */
        /*4ac0*/                   BRA 0x5530 ;                                              /* 0x00000a6000007947 */
                                                                                             /* 0x000fea0003800000 */
        /*4ad0*/                   SHF.R.U32.HI R3, RZ, 0x2, R0 ;                            /* 0x00000002ff037819 */
                                                                                             /* 0x000fe20000011600 */
        /*4ae0*/                   BSSY B4, 0x54c0 ;                                         /* 0x000009d000047945 */
                                                                                             /* 0x000fe20003800000 */
        /*4af0*/                   IMAD.MOV.U32 R29, RZ, RZ, RZ ;                            /* 0x000000ffff1d7224 */
                                                                                             /* 0x000fe400078e00ff */
        /*4b00*/                   LOP3.LUT R3, R3, 0x3fff, RZ, 0xc0, !PT ;                  /* 0x00003fff03037812 */
                                                                                             /* 0x000fc800078ec0ff */
        /*4b10*/                   ISETP.GE.AND P0, PT, R25, R3, PT ;                        /* 0x000000031900720c */
                                                                                             /* 0x000fda0003f06270 */
        /*4b20*/               @P0 BRA 0x54b0 ;                                              /* 0x0000098000000947 */
                                                                                             /* 0x000fea0003800000 */
        /*4b30*/                   LOP3.LUT R4, RZ, R25, RZ, 0x33, !PT ;                     /* 0x00000019ff047212 */
                                                                                             /* 0x000fe200078e33ff */
        /*4b40*/                   BSSY B3, 0x53c0 ;                                         /* 0x0000087000037945 */
                                                                                             /* 0x000fe20003800000 */
        /*4b50*/                   IMAD.MOV.U32 R29, RZ, RZ, RZ ;                            /* 0x000000ffff1d7224 */
                                                                                             /* 0x000fe400078e00ff */
        /*4b60*/                   IMAD.MOV.U32 R27, RZ, RZ, R25 ;                           /* 0x000000ffff1b7224 */
                                                                                             /* 0x000fe400078e0019 */
        /*4b70*/                   IMAD.IADD R5, R3, 0x1, R4 ;                               /* 0x0000000103057824 */
                                                                                             /* 0x000fca00078e0204 */
        /*4b80*/                   ISETP.GE.U32.AND P0, PT, R5.reuse, 0x300, PT ;            /* 0x000003000500780c */
                                                                                             /* 0x040fe40003f06070 */
        /*4b90*/                   LEA.HI R28, R5, 0x1, RZ, 0x18 ;                           /* 0x00000001051c7811 */
                                                                                             /* 0x000fc800078fc0ff */
        /*4ba0*/                   LOP3.LUT R28, R28, 0x3, RZ, 0xc0, !PT ;                   /* 0x000000031c1c7812 */
                                                                                             /* 0x000fce00078ec0ff */
        /*4bb0*/              @!P0 BRA 0x53b0 ;                                              /* 0x000007f000008947 */
                                                                                             /* 0x000fea0003800000 */
        /*4bc0*/                   LEA.HI R26, R5, -R28, RZ, 0x18 ;                          /* 0x8000001c051a7211 */
                                                                                             /* 0x000fe200078fc0ff */
        /*4bd0*/                   IMAD.WIDE R6, R25, 0x4, R30 ;                             /* 0x0000000419067825 */
                                                                                             /* 0x000fe200078e021e */
        /*4be0*/                   BSSY B2, 0x5280 ;                                         /* 0x0000069000027945 */
                                                                                             /* 0x000fe40003800000 */
        /*4bf0*/                   ISETP.GT.AND P0, PT, R26, -0x1, PT ;                      /* 0xffffffff1a00780c */
                                                                                             /* 0x000fe20003f04270 */
        /*4c00*/                   IMAD.MOV.U32 R29, RZ, RZ, RZ ;                            /* 0x000000ffff1d7224 */
                                                                                             /* 0x000fe200078e00ff */
        /*4c10*/                   LEA R32, P1, R6, c[0x0][0x160], 0x2 ;                     /* 0x0000580006207a11 */
                                                                                             /* 0x000fe200078210ff */
        /*4c20*/                   IMAD.MOV.U32 R27, RZ, RZ, R25 ;                           /* 0x000000ffff1b7224 */
                                                                                             /* 0x000fc600078e0019 */
        /*4c30*/                   LEA.HI.X R33, R6, c[0x0][0x164], R7, 0x2, P1 ;            /* 0x0000590006217a11 */
                                                                                             /* 0x000fce00008f1407 */
        /*4c40*/              @!P0 BRA 0x5270 ;                                              /* 0x0000062000008947 */
                                                                                             /* 0x000fea0003800000 */
        /*4c50*/                   IADD3 R4, R26, 0x1, RZ ;                                  /* 0x000000011a047810 */
                                                                                             /* 0x000fe20007ffe0ff */
        /*4c60*/                   BSSY B5, 0x5020 ;                                         /* 0x000003b000057945 */
                                                                                             /* 0x000fe20003800000 */
        /*4c70*/                   PLOP3.LUT P0, PT, PT, PT, PT, 0x80, 0x0 ;                 /* 0x000000000000781c */
                                                                                             /* 0x000fe40003f0f070 */
        /*4c80*/                   ISETP.GT.AND P1, PT, R4, 0xc, PT ;                        /* 0x0000000c0400780c */
                                                                                             /* 0x000fda0003f24270 */
        /*4c90*/              @!P1 BRA 0x5010 ;                                              /* 0x0000037000009947 */
                                                                                             /* 0x000fea0003800000 */
        /*4ca0*/                   PLOP3.LUT P0, PT, PT, PT, PT, 0x8, 0x0 ;                  /* 0x000000000000781c */
                                                                                             /* 0x000fe40003f0e170 */
        /*4cb0*/                   LDG.E.128.CONSTANT R20, [R32.64] ;                        /* 0x0000000620147981 */
                                                                                             /* 0x000ea8000c1e9d00 */
        /*4cc0*/                   LDG.E.128.CONSTANT R16, [R32.64+0x1000] ;                 /* 0x0010000620107981 */
                                                                                             /* 0x000ee8000c1e9d00 */
        /*4cd0*/                   LDG.E.128.CONSTANT R12, [R32.64+0x2000] ;                 /* 0x00200006200c7981 */
                                                                                             /* 0x000f28000c1e9d00 */
        /*4ce0*/                   LDG.E.128.CONSTANT R4, [R32.64+0x3000] ;                  /* 0x0030000620047981 */
                                                                                             /* 0x000f68000c1e9d00 */
        /*4cf0*/                   LDG.E.128.CONSTANT R8, [R32.64+0x4000] ;                  /* 0x0040000620087981 */
                                                                                             /* 0x000f22000c1e9d00 */
        /*4d00*/                   IADD3 R21, R21, R20, R29 ;                                /* 0x0000001415157210 */
                                                                                             /* 0x004fc80007ffe01d */
        /*4d10*/                   IADD3 R29, R23, R21, R22 ;                                /* 0x00000015171d7210 */
                                                                                             /* 0x000fe40007ffe016 */
        /*4d20*/                   LDG.E.128.CONSTANT R20, [R32.64+0x5000] ;                 /* 0x0050000620147981 */
                                                                                             /* 0x000ea4000c1e9d00 */
        /*4d30*/                   IADD3 R29, R17, R16, R29 ;                                /* 0x00000010111d7210 */
                                                                                             /* 0x008fc80007ffe01d */
        /*4d40*/                   IADD3 R29, R19, R29, R18 ;                                /* 0x0000001d131d7210 */
                                                                                             /* 0x000fe40007ffe012 */
        /*4d50*/                   LDG.E.128.CONSTANT R16, [R32.64+0x6000] ;                 /* 0x0060000620107981 */
                                                                                             /* 0x000ee4000c1e9d00 */
        /*4d60*/                   IADD3 R29, R13, R12, R29 ;                                /* 0x0000000c0d1d7210 */
                                                                                             /* 0x010fc80007ffe01d */
        /*4d70*/                   IADD3 R29, R15, R29, R14 ;                                /* 0x0000001d0f1d7210 */
                                                                                             /* 0x000fe40007ffe00e */
        /*4d80*/                   LDG.E.128.CONSTANT R12, [R32.64+0x7000] ;                 /* 0x00700006200c7981 */
                                                                                             /* 0x000f24000c1e9d00 */
        /*4d90*/                   IADD3 R29, R5, R4, R29 ;                                  /* 0x00000004051d7210 */
                                                                                             /* 0x020fc80007ffe01d */
        /*4da0*/                   IADD3 R29, R7, R29, R6 ;                                  /* 0x0000001d071d7210 */
                                                                                             /* 0x000fe40007ffe006 */
        /*4db0*/                   LDG.E.128.CONSTANT R4, [R32.64+0x8000] ;                  /* 0x0080000620047981 */
                                                                                             /* 0x000f64000c1e9d00 */
        /*4dc0*/                   IADD3 R29, R9, R8, R29 ;                                  /* 0x00000008091d7210 */
                                                                                             /* 0x000fc80007ffe01d */
        /*4dd0*/                   IADD3 R29, R11, R29, R10 ;                                /* 0x0000001d0b1d7210 */
                                                                                             /* 0x000fe40007ffe00a */
        /*4de0*/                   LDG.E.128.CONSTANT R8, [R32.64+0x9000] ;                  /* 0x0090000620087981 */
                                                                                             /* 0x000f64000c1e9d00 */
        /*4df0*/                   IADD3 R29, R21, R20, R29 ;                                /* 0x00000014151d7210 */
                                                                                             /* 0x004fc80007ffe01d */
        /*4e00*/                   IADD3 R29, R23, R29, R22 ;                                /* 0x0000001d171d7210 */
                                                                                             /* 0x000fe40007ffe016 */
        /*4e10*/                   LDG.E.128.CONSTANT R20, [R32.64+0xa000] ;                 /* 0x00a0000620147981 */
                                                                                             /* 0x000ea4000c1e9d00 */
        /*4e20*/                   IADD3 R29, R17, R16, R29 ;                                /* 0x00000010111d7210 */
                                                                                             /* 0x008fc80007ffe01d */
        /*4e30*/                   IADD3 R29, R19, R29, R18 ;                                /* 0x0000001d131d7210 */
                                                                                             /* 0x000fe40007ffe012 */
        /*4e40*/                   LDG.E.128.CONSTANT R16, [R32.64+0xb000] ;                 /* 0x00b0000620107981 */
                                                                                             /* 0x000ee4000c1e9d00 */
        /*4e50*/                   IADD3 R29, R13, R12, R29 ;                                /* 0x0000000c0d1d7210 */
                                                                                             /* 0x010fc80007ffe01d */
        /*4e60*/                   IADD3 R29, R15, R29, R14 ;                                /* 0x0000001d0f1d7210 */
                                                                                             /* 0x000fe40007ffe00e */
        /*4e70*/                   LDG.E.128.CONSTANT R12, [R32.64+0xc000] ;                 /* 0x00c00006200c7981 */
                                                                                             /* 0x000f24000c1e9d00 */
        /*4e80*/                   IADD3 R29, R5, R4, R29 ;                                  /* 0x00000004051d7210 */
                                                                                             /* 0x020fc80007ffe01d */
        /*4e90*/                   IADD3 R29, R7, R29, R6 ;                                  /* 0x0000001d071d7210 */
                                                                                             /* 0x000fe40007ffe006 */
        /*4ea0*/                   LDG.E.128.CONSTANT R4, [R32.64+0xd000] ;                  /* 0x00d0000620047981 */
                                                                                             /* 0x000f64000c1e9d00 */
        /*4eb0*/                   IADD3 R29, R9, R8, R29 ;                                  /* 0x00000008091d7210 */
                                                                                             /* 0x000fc80007ffe01d */
        /*4ec0*/                   IADD3 R29, R11, R29, R10 ;                                /* 0x0000001d0b1d7210 */
                                                                                             /* 0x000fe40007ffe00a */
        /*4ed0*/                   LDG.E.128.CONSTANT R8, [R32.64+0xe000] ;                  /* 0x00e0000620087981 */
                                                                                             /* 0x000f64000c1e9d00 */
        /*4ee0*/                   IADD3 R29, R21, R20, R29 ;                                /* 0x00000014151d7210 */
                                                                                             /* 0x004fc80007ffe01d */
        /*4ef0*/                   IADD3 R29, R23, R29, R22 ;                                /* 0x0000001d171d7210 */
                                                                                             /* 0x000fe40007ffe016 */
        /*4f00*/                   LDG.E.128.CONSTANT R20, [R32.64+0xf000] ;                 /* 0x00f0000620147981 */
                                                                                             /* 0x0000a4000c1e9d00 */
        /*4f10*/                   IADD3 R29, R17, R16, R29 ;                                /* 0x00000010111d7210 */
                                                                                             /* 0x008fc80007ffe01d */
        /*4f20*/                   IADD3 R29, R19, R29, R18 ;                                /* 0x0000001d131d7210 */
                                                                                             /* 0x000fc80007ffe012 */
        /*4f30*/                   IADD3 R29, R13, R12, R29 ;                                /* 0x0000000c0d1d7210 */
                                                                                             /* 0x010fc80007ffe01d */
        /*4f40*/                   IADD3 R29, R15, R29, R14 ;                                /* 0x0000001d0f1d7210 */
                                                                                             /* 0x000fe40007ffe00e */
        /*4f50*/                   IADD3 R26, R26, -0x10, RZ ;                               /* 0xfffffff01a1a7810 */
                                                                                             /* 0x000fe40007ffe0ff */
        /*4f60*/                   IADD3 R29, R5, R4, R29 ;                                  /* 0x00000004051d7210 */
                                                                                             /* 0x020fe40007ffe01d */
        /*4f70*/                   ISETP.GT.AND P1, PT, R26, 0xb, PT ;                       /* 0x0000000b1a00780c */
                                                                                             /* 0x000fe40003f24270 */
        /*4f80*/                   IADD3 R29, R7, R29, R6 ;                                  /* 0x0000001d071d7210 */
                                                                                             /* 0x000fc80007ffe006 */
        /*4f90*/                   IADD3 R29, R9, R8, R29 ;                                  /* 0x00000008091d7210 */
                                                                                             /* 0x000fc80007ffe01d */
        /*4fa0*/                   IADD3 R29, R11, R29, R10 ;                                /* 0x0000001d0b1d7210 */
                                                                                             /* 0x000fe40007ffe00a */
        /*4fb0*/                   IADD3 R32, P2, R32, 0x10000, RZ ;                         /* 0x0001000020207810 */
                                                                                             /* 0x001fe40007f5e0ff */
        /*4fc0*/                   IADD3 R27, R27, 0x1000, RZ ;                              /* 0x000010001b1b7810 */
                                                                                             /* 0x000fc60007ffe0ff */
        /*4fd0*/                   IMAD.X R33, RZ, RZ, R33, P2 ;                             /* 0x000000ffff217224 */
                                                                                             /* 0x000fe200010e0621 */
        /*4fe0*/                   IADD3 R29, R21, R20, R29 ;                                /* 0x00000014151d7210 */
                                                                                             /* 0x004fc80007ffe01d */
        /*4ff0*/                   IADD3 R29, R23, R29, R22 ;                                /* 0x0000001d171d7210 */
                                                                                             /* 0x000fe20007ffe016 */
        /*5000*/               @P1 BRA 0x4cb0 ;                                              /* 0xfffffca000001947 */
                                                                                             /* 0x000fea000383ffff */
        /*5010*/                   BSYNC B5 ;                                                /* 0x0000000000057941 */
                                                                                             /* 0x000fea0003800000 */
        /*5020*/                   IADD3 R4, R26, 0x1, RZ ;                                  /* 0x000000011a047810 */
                                                                                             /* 0x000fe20007ffe0ff */
        /*5030*/                   BSSY B5, 0x5240 ;                                         /* 0x0000020000057945 */
                                                                                             /* 0x000fe60003800000 */
        /*5040*/                   ISETP.GT.AND P1, PT, R4, 0x4, PT ;                        /* 0x000000040400780c */
                                                                                             /* 0x000fda0003f24270 */
        /*5050*/              @!P1 BRA 0x5230 ;                                              /* 0x000001d000009947 */
                                                                                             /* 0x000fea0003800000 */
        /*5060*/                   LDG.E.128.CONSTANT R12, [R32.64] ;                        /* 0x00000006200c7981 */
                                                                                             /* 0x000ea8000c1e9d00 */
        /*5070*/                   LDG.E.128.CONSTANT R20, [R32.64+0x1000] ;                 /* 0x0010000620147981 */
                                                                                             /* 0x000ee8000c1e9d00 */
        /*5080*/                   LDG.E.128.CONSTANT R4, [R32.64+0x2000] ;                  /* 0x0020000620047981 */
                                                                                             /* 0x000f28000c1e9d00 */
        /*5090*/                   LDG.E.128.CONSTANT R8, [R32.64+0x3000] ;                  /* 0x0030000620087981 */
                                                                                             /* 0x000f68000c1e9d00 */
        /*50a0*/                   LDG.E.128.CONSTANT R16, [R32.64+0x4000] ;                 /* 0x0040000620107981 */
                                                                                             /* 0x000f22000c1e9d00 */
        /*50b0*/                   IADD3 R13, R13, R12, R29 ;                                /* 0x0000000c0d0d7210 */
                                                                                             /* 0x004fc80007ffe01d */
        /*50c0*/                   IADD3 R13, R15, R13, R14 ;                                /* 0x0000000d0f0d7210 */
                                                                                             /* 0x000fc80007ffe00e */
        /*50d0*/                   IADD3 R21, R21, R20, R13 ;                                /* 0x0000001415157210 */
                                                                                             /* 0x008fe40007ffe00d */
        /*50e0*/                   LDG.E.128.CONSTANT R12, [R32.64+0x5000] ;                 /* 0x00500006200c7981 */
                                                                                             /* 0x0000a4000c1e9d00 */
        /*50f0*/                   IADD3 R21, R23, R21, R22 ;                                /* 0x0000001517157210 */
                                                                                             /* 0x000fc80007ffe016 */
        /*5100*/                   IADD3 R5, R5, R4, R21 ;                                   /* 0x0000000405057210 */
                                                                                             /* 0x010fe40007ffe015 */
        /*5110*/                   LDG.E.128.CONSTANT R20, [R32.64+0x6000] ;                 /* 0x0060000620147981 */
                                                                                             /* 0x0000e4000c1e9d00 */
        /*5120*/                   IADD3 R29, R7, R5, R6 ;                                   /* 0x00000005071d7210 */
                                                                                             /* 0x000fe40007ffe006 */
        /*5130*/                   LDG.E.128.CONSTANT R4, [R32.64+0x7000] ;                  /* 0x0070000620047981 */
                                                                                             /* 0x000124000c1e9d00 */
        /*5140*/                   IADD3 R29, R9, R8, R29 ;                                  /* 0x00000008091d7210 */
                                                                                             /* 0x020fc80007ffe01d */
        /*5150*/                   IADD3 R29, R11, R29, R10 ;                                /* 0x0000001d0b1d7210 */
                                                                                             /* 0x000fc80007ffe00a */
        /*5160*/                   IADD3 R29, R17, R16, R29 ;                                /* 0x00000010111d7210 */
                                                                                             /* 0x000fc80007ffe01d */
        /*5170*/                   IADD3 R29, R19, R29, R18 ;                                /* 0x0000001d131d7210 */
                                                                                             /* 0x000fe40007ffe012 */
        /*5180*/                   IADD3 R32, P1, R32, 0x8000, RZ ;                          /* 0x0000800020207810 */
                                                                                             /* 0x001fe40007f3e0ff */
        /*5190*/                   PLOP3.LUT P0, PT, PT, PT, PT, 0x8, 0x0 ;                  /* 0x000000000000781c */
                                                                                             /* 0x000fe40003f0e170 */
        /*51a0*/                   IADD3 R27, R27, 0x800, RZ ;                               /* 0x000008001b1b7810 */
                                                                                             /* 0x000fe20007ffe0ff */
        /*51b0*/                   IMAD.X R33, RZ, RZ, R33, P1 ;                             /* 0x000000ffff217224 */
                                                                                             /* 0x000fe200008e0621 */
        /*51c0*/                   IADD3 R26, R26, -0x8, RZ ;                                /* 0xfffffff81a1a7810 */
                                                                                             /* 0x000fe40007ffe0ff */
        /*51d0*/                   IADD3 R29, R13, R12, R29 ;                                /* 0x0000000c0d1d7210 */
                                                                                             /* 0x004fc80007ffe01d */
        /*51e0*/                   IADD3 R29, R15, R29, R14 ;                                /* 0x0000001d0f1d7210 */
                                                                                             /* 0x000fc80007ffe00e */
        /*51f0*/                   IADD3 R29, R21, R20, R29 ;                                /* 0x00000014151d7210 */
                                                                                             /* 0x008fc80007ffe01d */
        /*5200*/                   IADD3 R29, R23, R29, R22 ;                                /* 0x0000001d171d7210 */
                                                                                             /* 0x000fc80007ffe016 */
        /*5210*/                   IADD3 R29, R5, R4, R29 ;                                  /* 0x00000004051d7210 */
                                                                                             /* 0x010fc80007ffe01d */
        /*5220*/                   IADD3 R29, R7, R29, R6 ;                                  /* 0x0000001d071d7210 */
                                                                                             /* 0x000fe40007ffe006 */
        /*5230*/                   BSYNC B5 ;                                                /* 0x0000000000057941 */
                                                                                             /* 0x000fea0003800000 */
        /*5240*/                   ISETP.NE.OR P0, PT, R26, -0x1, P0 ;                       /* 0xffffffff1a00780c */
                                                                                             /* 0x000fda0000705670 */
        /*5250*/              @!P0 BREAK B2 ;                                                /* 0x0000000000028942 */
                                                                                             /* 0x000fe20003800000 */
        /*5260*/              @!P0 BRA 0x53b0 ;                                              /* 0x0000014000008947 */
                                                                                             /* 0x000fea0003800000 */
        /*5270*/                   BSYNC B2 ;                                                /* 0x0000000000027941 */
                                                                                             /* 0x000fea0003800000 */
        /*5280*/                   LDG.E.128.CONSTANT R4, [R32.64] ;                         /* 0x0000000620047981 */
                                                                                             /* 0x000ea8000c1e9d00 */
        /*5290*/                   LDG.E.128.CONSTANT R8, [R32.64+0x1000] ;                  /* 0x0010000620087981 */
                                                                                             /* 0x0000e8000c1e9d00 */
        /*52a0*/                   LDG.E.128.CONSTANT R12, [R32.64+0x2000] ;                 /* 0x00200006200c7981 */
                                                                                             /* 0x000128000c1e9d00 */
        /*52b0*/                   LDG.E.128.CONSTANT R16, [R32.64+0x3000] ;                 /* 0x0030000620107981 */
                                                                                             /* 0x000162000c1e9d00 */
        /*52c0*/                   IADD3 R26, R26, -0x4, RZ ;                                /* 0xfffffffc1a1a7810 */
                                                                                             /* 0x000fc40007ffe0ff */
        /*52d0*/                   IADD3 R27, R27, 0x400, RZ ;                               /* 0x000004001b1b7810 */
                                                                                             /* 0x000fe40007ffe0ff */
        /*52e0*/                   ISETP.NE.AND P0, PT, R26, -0x1, PT ;                      /* 0xffffffff1a00780c */
                                                                                             /* 0x000fe40003f05270 */
        /*52f0*/                   IADD3 R5, R5, R4, R29 ;                                   /* 0x0000000405057210 */
                                                                                             /* 0x004fe40007ffe01d */
        /*5300*/                   IADD3 R4, P1, R32, 0x4000, RZ ;                           /* 0x0000400020047810 */
                                                                                             /* 0x000fe40007f3e0ff */
        /*5310*/                   IADD3 R5, R7, R5, R6 ;                                    /* 0x0000000507057210 */
                                                                                             /* 0x000fc60007ffe006 */
        /*5320*/                   IMAD.X R33, RZ, RZ, R33, P1 ;                             /* 0x000000ffff217224 */
                                                                                             /* 0x001fe200008e0621 */
        /*5330*/                   IADD3 R5, R9, R8, R5 ;                                    /* 0x0000000809057210 */
                                                                                             /* 0x008fe20007ffe005 */
        /*5340*/                   IMAD.MOV.U32 R32, RZ, RZ, R4 ;                            /* 0x000000ffff207224 */
                                                                                             /* 0x000fc600078e0004 */
        /*5350*/                   IADD3 R5, R11, R5, R10 ;                                  /* 0x000000050b057210 */
                                                                                             /* 0x000fc80007ffe00a */
        /*5360*/                   IADD3 R5, R13, R12, R5 ;                                  /* 0x0000000c0d057210 */
                                                                                             /* 0x010fc80007ffe005 */
        /*5370*/                   IADD3 R5, R15, R5, R14 ;                                  /* 0x000000050f057210 */
                                                                                             /* 0x000fc80007ffe00e */
        /*5380*/                   IADD3 R5, R17, R16, R5 ;                                  /* 0x0000001011057210 */
                                                                                             /* 0x020fc80007ffe005 */
        /*5390*/                   IADD3 R29, R19, R5, R18 ;                                 /* 0x00000005131d7210 */
                                                                                             /* 0x000fe20007ffe012 */
        /*53a0*/               @P0 BRA 0x5280 ;                                              /* 0xfffffed000000947 */
                                                                                             /* 0x000fea000383ffff */
        /*53b0*/                   BSYNC B3 ;                                                /* 0x0000000000037941 */
                                                                                             /* 0x000fea0003800000 */
        /*53c0*/                   ISETP.NE.AND P0, PT, R28, RZ, PT ;                        /* 0x000000ff1c00720c */
                                                                                             /* 0x000fda0003f05270 */
        /*53d0*/              @!P0 BRA 0x54b0 ;                                              /* 0x000000d000008947 */
                                                                                             /* 0x000fea0003800000 */
        /*53e0*/                   IMAD.WIDE R4, R27, 0x4, R30 ;                             /* 0x000000041b047825 */
                                                                                             /* 0x000fca00078e021e */
        /*53f0*/                   LEA R8, P0, R4, c[0x0][0x160], 0x2 ;                      /* 0x0000580004087a11 */
                                                                                             /* 0x000fc800078010ff */
        /*5400*/                   LEA.HI.X R9, R4, c[0x0][0x164], R5, 0x2, P0 ;             /* 0x0000590004097a11 */
                                                                                             /* 0x000fc600000f1405 */
        /*5410*/                   IMAD.MOV.U32 R4, RZ, RZ, R8 ;                             /* 0x000000ffff047224 */
                                                                                             /* 0x000fe400078e0008 */
        /*5420*/                   IMAD.MOV.U32 R5, RZ, RZ, R9 ;                             /* 0x000000ffff057224 */
                                                                                             /* 0x000fcc00078e0009 */
        /*5430*/                   LDG.E.128.CONSTANT R4, [R4.64] ;                          /* 0x0000000604047981 */
                                                                                             /* 0x000ea2000c1e9d00 */
        /*5440*/                   IADD3 R28, R28, -0x1, RZ ;                                /* 0xffffffff1c1c7810 */
                                                                                             /* 0x000fe40007ffe0ff */
        /*5450*/                   IADD3 R8, P1, R8, 0x1000, RZ ;                            /* 0x0000100008087810 */
                                                                                             /* 0x000fe40007f3e0ff */
        /*5460*/                   ISETP.NE.AND P0, PT, R28, RZ, PT ;                        /* 0x000000ff1c00720c */
                                                                                             /* 0x000fc60003f05270 */
        /*5470*/                   IMAD.X R9, RZ, RZ, R9, P1 ;                               /* 0x000000ffff097224 */
                                                                                             /* 0x000fe200008e0609 */
        /*5480*/                   IADD3 R29, R5, R4, R29 ;                                  /* 0x00000004051d7210 */
                                                                                             /* 0x004fc80007ffe01d */
        /*5490*/                   IADD3 R29, R7, R29, R6 ;                                  /* 0x0000001d071d7210 */
                                                                                             /* 0x000fca0007ffe006 */
        /*54a0*/               @P0 BRA 0x5410 ;                                              /* 0xffffff6000000947 */
                                                                                             /* 0x000fea000383ffff */
        /*54b0*/                   BSYNC B4 ;                                                /* 0x0000000000047941 */
                                                                                             /* 0x000fea0003800000 */
        /*54c0*/                   IMAD R3, R3, 0x4, R25 ;                                   /* 0x0000000403037824 */
                                                                                             /* 0x000fca00078e0219 */
        /*54d0*/                   ISETP.GE.AND P0, PT, R3, R0, PT ;                         /* 0x000000000300720c */
                                                                                             /* 0x000fda0003f06270 */
        /*54e0*/               @P0 BRA 0x5530 ;                                              /* 0x0000004000000947 */
                                                                                             /* 0x000fea0003800000 */
        /*54f0*/                   IMAD.IADD R3, R30, 0x1, R3 ;                              /* 0x000000011e037824 */
                                                                                             /* 0x000fc800078e0203 */
        /*5500*/                   IMAD.WIDE.U32 R2, R3, R2, c[0x0][0x160] ;                 /* 0x0000580003027625 */
                                                                                             /* 0x000fcc00078e0002 */
        /*5510*/                   LDG.E.CONSTANT R2, [R2.64] ;                              /* 0x0000000602027981 */
                                                                                             /* 0x000ea4000c1e9900 */
        /*5520*/                   IMAD.IADD R29, R29, 0x1, R2 ;                             /* 0x000000011d1d7824 */
                                                                                             /* 0x004fe400078e0202 */
        /*5530*/                   BSYNC B1 ;                                                /* 0x0000000000017941 */
                                                                                             /* 0x000fea0003800000 */
        /*5540*/                   S2R R2, SR_LANEID ;                                       /* 0x0000000000027919 */
                                                                                             /* 0x001e220000000000 */
        /*5550*/                   ISETP.GT.AND P0, PT, R0, 0xff, PT ;                       /* 0x000000ff0000780c */
                                                                                             /* 0x000fe40003f04270 */
        /*5560*/                   SHF.R.S32.HI R4, RZ, 0x1f, R25 ;                          /* 0x0000001fff047819 */
                                                                                             /* 0x000fc80000011419 */
        /*5570*/                   LEA.HI R4, R4, R25, RZ, 0x5 ;                             /* 0x0000001904047211 */
                                                                                             /* 0x000fc800078f28ff */
        /*5580*/                   SHF.R.S32.HI R10, RZ, 0x5, R4 ;                           /* 0x00000005ff0a7819 */
                                                                                             /* 0x000fc60000011404 */
        /*5590*/               @P0 BRA 0x57d0 ;                                              /* 0x0000023000000947 */
                                                                                             /* 0x000fea0003800000 */
        /*55a0*/                   LEA R3, R10.reuse, 0x20, 0x5 ;                            /* 0x000000200a037811 */
                                                                                             /* 0x040fe200078e28ff */
        /*55b0*/                   IMAD R4, R10, -0x20, R0 ;                                 /* 0xffffffe00a047824 */
                                                                                             /* 0x000fc600078e0200 */
        /*55c0*/                   ISETP.GT.AND P0, PT, R3, R0, PT ;                         /* 0x000000000300720c */
                                                                                             /* 0x000fc80003f04270 */
        /*55d0*/                   SEL R3, R4, 0x20, P0 ;                                    /* 0x0000002004037807 */
                                                                                             /* 0x000fc80000000000 */
        /*55e0*/                   ISETP.GE.AND P0, PT, R2, R3, PT ;                         /* 0x000000030200720c */
                                                                                             /* 0x001fc80003f06270 */
        /*55f0*/                   SEL R29, R29, RZ, !P0 ;                                   /* 0x000000ff1d1d7207 */
                                                                                             /* 0x020fe40004000000 */
        /*5600*/                   ISETP.NE.AND P0, PT, R2, RZ, PT ;                         /* 0x000000ff0200720c */
                                                                                             /* 0x000fe40003f05270 */
        /*5610*/                   REDUX.SUM.S32 UR4, R29 ;                                  /* 0x000000001d0473c4 */
                                                                                             /* 0x000e24000000c200 */
        /*5620*/                   IMAD.U32 R3, RZ, RZ, UR4 ;                                /* 0x00000004ff037e24 */
                                                                                             /* 0x001fd2000f8e00ff */
        /*5630*/              @!P0 STS [R10.X4+0x8], R3 ;                                    /* 0x000008030a008388 */
                                                                                             /* 0x0001e80000004800 */
        /*5640*/                   BAR.SYNC.DEFER_BLOCKING 0x0 ;                             /* 0x0000000000007b1d */
                                                                                             /* 0x000fe20000010000 */
        /*5650*/                   ISETP.NE.AND P0, PT, R25, RZ, PT ;                        /* 0x000000ff1900720c */
                                                                                             /* 0x000fda0003f05270 */
        /*5660*/               @P0 BRA 0x58a0 ;                                              /* 0x0000023000000947 */
                                                                                             /* 0x000fea0003800000 */
        /*5670*/                   LDS.128 R4, [0x10] ;                                      /* 0x00001000ff047984 */
                                                                                             /* 0x001e220000000c00 */
        /*5680*/                   ISETP.GT.AND P2, PT, R0.reuse, 0x40, PT ;                 /* 0x000000400000780c */
                                                                                             /* 0x040fe40003f44270 */
        /*5690*/                   ISETP.GT.AND P1, PT, R0.reuse, 0x20, PT ;                 /* 0x000000200000780c */
                                                                                             /* 0x040fe20003f24270 */
        /*56a0*/                   LDS R2, [0xc] ;                                           /* 0x00000c00ff027984 */
                                                                                             /* 0x000e620000000800 */
        /*56b0*/                   ISETP.GT.AND P3, PT, R0, 0x80, PT ;                       /* 0x000000800000780c */
                                                                                             /* 0x000fc60003f64270 */
        /*56c0*/                   LDS.64 R8, [0x20] ;                                       /* 0x00002000ff087984 */
                                                                                             /* 0x000ea20000000a00 */
        /*56d0*/                   SEL R4, R4, RZ, P2 ;                                      /* 0x000000ff04047207 */
                                                                                             /* 0x001fe40001000000 */
        /*56e0*/                   ISETP.GT.AND P2, PT, R0, 0x60, PT ;                       /* 0x000000600000780c */
                                                                                             /* 0x000fe40003f44270 */
        /*56f0*/                   SEL R2, R2, RZ, P1 ;                                      /* 0x000000ff02027207 */
                                                                                             /* 0x002fe40000800000 */
        /*5700*/                   SEL R5, R5, RZ, P2 ;                                      /* 0x000000ff05057207 */
                                                                                             /* 0x000fe40001000000 */
        /*5710*/                   IADD3 R2, R4, R3, R2 ;                                    /* 0x0000000304027210 */
                                                                                             /* 0x000fe40007ffe002 */
        /*5720*/                   ISETP.GT.AND P1, PT, R0, 0xa0, PT ;                       /* 0x000000a00000780c */
                                                                                             /* 0x000fc40003f24270 */
        /*5730*/                   SEL R6, R6, RZ, P3 ;                                      /* 0x000000ff06067207 */
                                                                                             /* 0x000fe40001800000 */
        /*5740*/                   ISETP.GT.AND P2, PT, R0.reuse, 0xc0, PT ;                 /* 0x000000c00000780c */
                                                                                             /* 0x040fe40003f44270 */
        /*5750*/                   ISETP.GT.AND P3, PT, R0, 0xe0, PT ;                       /* 0x000000e00000780c */
                                                                                             /* 0x000fe40003f64270 */
        /*5760*/                   SEL R7, R7, RZ, P1 ;                                      /* 0x000000ff07077207 */
                                                                                             /* 0x000fe40000800000 */
        /*5770*/                   IADD3 R2, R6, R2, R5 ;                                    /* 0x0000000206027210 */
                                                                                             /* 0x000fe40007ffe005 */
        /*5780*/                   SEL R8, R8, RZ, P2 ;                                      /* 0x000000ff08087207 */
                                                                                             /* 0x004fc40001000000 */
        /*5790*/                   SEL R9, R9, RZ, P3 ;                                      /* 0x000000ff09097207 */
                                                                                             /* 0x000fe40001800000 */
        /*57a0*/                   IADD3 R2, R8, R2, R7 ;                                    /* 0x0000000208027210 */
                                                                                             /* 0x000fca0007ffe007 */
        /*57b0*/                   IMAD.IADD R3, R2, 0x1, R9 ;                               /* 0x0000000102037824 */
                                                                                             /* 0x000fe200078e0209 */
        /*57c0*/                   BRA 0x58a0 ;                                              /* 0x000000d000007947 */
                                                                                             /* 0x000fea0003800000 */
        /*57d0*/                   REDUX.SUM.S32 UR4, R29 ;                                  /* 0x000000001d0473c4 */
                                                                                             /* 0x020e62000000c200 */
        /*57e0*/                   ISETP.NE.AND P1, PT, R2, RZ, PT ;                         /* 0x000000ff0200720c */
                                                                                             /* 0x001fe40003f25270 */
        /*57f0*/                   ISETP.NE.AND P0, PT, R25, RZ, PT ;                        /* 0x000000ff1900720c */
                                                                                             /* 0x000fe20003f05270 */
        /*5800*/                   IMAD.U32 R3, RZ, RZ, UR4 ;                                /* 0x00000004ff037e24 */
                                                                                             /* 0x002fd4000f8e00ff */
        /*5810*/              @!P1 STS [R10.X4+0x8], R3 ;                                    /* 0x000008030a009388 */
                                                                                             /* 0x000fe80000004800 */
        /*5820*/                   BAR.SYNC.DEFER_BLOCKING 0x0 ;                             /* 0x0000000000007b1d */
                                                                                             /* 0x000fec0000010000 */
        /*5830*/              @!P0 LDS R0, [0xc] ;                                           /* 0x00000c00ff008984 */
                                                                                             /* 0x000fe80000000800 */
        /*5840*/              @!P0 LDS.128 R4, [0x10] ;                                      /* 0x00001000ff048984 */
                                                                                             /* 0x000e280000000c00 */
        /*5850*/              @!P0 LDS.64 R8, [0x20] ;                                       /* 0x00002000ff088984 */
                                                                                             /* 0x000e620000000a00 */
        /*5860*/              @!P0 IADD3 R0, R4, R0, R3 ;                                    /* 0x0000000004008210 */
                                                                                             /* 0x001fc80007ffe003 */
        /*5870*/              @!P0 IADD3 R0, R6, R5, R0 ;                                    /* 0x0000000506008210 */
                                                                                             /* 0x000fc80007ffe000 */
        /*5880*/              @!P0 IADD3 R0, R8, R7, R0 ;                                    /* 0x0000000708008210 */
                                                                                             /* 0x002fca0007ffe000 */
        /*5890*/              @!P0 IMAD.IADD R3, R0, 0x1, R9 ;                               /* 0x0000000100038824 */
                                                                                             /* 0x000fe400078e0209 */
        /*58a0*/                   BSYNC B0 ;                                                /* 0x0000000000007941 */
                                                                                             /* 0x001fea0003800000 */
        /*58b0*/                   WARPSYNC 0xffffffff ;                                     /* 0xffffffff00007948 */
                                                                                             /* 0x000fe20003800000 */
        /*58c0*/               @P0 EXIT ;                                                    /* 0x000000000000094d */
                                                                                             /* 0x000fea0003800000 */
        /*58d0*/                   IMAD.MOV.U32 R25, RZ, RZ, 0x4 ;                           /* 0x00000004ff197424 */
                                                                                             /* 0x000fc800078e00ff */
        /*58e0*/                   IMAD.WIDE.U32 R24, R24, R25, c[0x0][0x168] ;              /* 0x00005a0018187625 */
                                                                                             /* 0x000fca00078e0019 */
        /*58f0*/                   STG.E [R24.64], R3 ;                                      /* 0x0000000318007986 */
                                                                                             /* 0x000fe2000c101906 */
        /*5900*/                   EXIT ;                                                    /* 0x000000000000794d */
                                                                                             /* 0x000fea0003800000 */
        /*5910*/                   BRA 0x5910;                                               /* 0xfffffff000007947 */
                                                                                             /* 0x000fc0000383ffff */
        /*5920*/                   NOP;                                                      /* 0x0000000000007918 */
                                                                                             /* 0x000fc00000000000 */
        /*5930*/                   NOP;                                                      /* 0x0000000000007918 */
                                                                                             /* 0x000fc00000000000 */
        /*5940*/                   NOP;                                                      /* 0x0000000000007918 */
                                                                                             /* 0x000fc00000000000 */
        /*5950*/                   NOP;                                                      /* 0x0000000000007918 */
                                                                                             /* 0x000fc00000000000 */
        /*5960*/                   NOP;                                                      /* 0x0000000000007918 */
                                                                                             /* 0x000fc00000000000 */
        /*5970*/                   NOP;                                                      /* 0x0000000000007918 */
                                                                                             /* 0x000fc00000000000 */
        /*5980*/                   NOP;                                                      /* 0x0000000000007918 */
                                                                                             /* 0x000fc00000000000 */
        /*5990*/                   NOP;                                                      /* 0x0000000000007918 */
                                                                                             /* 0x000fc00000000000 */
        /*59a0*/                   NOP;                                                      /* 0x0000000000007918 */
                                                                                             /* 0x000fc00000000000 */
        /*59b0*/                   NOP;                                                      /* 0x0000000000007918 */
                                                                                             /* 0x000fc00000000000 */
        /*59c0*/                   NOP;                                                      /* 0x0000000000007918 */
                                                                                             /* 0x000fc00000000000 */
        /*59d0*/                   NOP;                                                      /* 0x0000000000007918 */
                                                                                             /* 0x000fc00000000000 */
        /*59e0*/                   NOP;                                                      /* 0x0000000000007918 */
                                                                                             /* 0x000fc00000000000 */
        /*59f0*/                   NOP;                                                      /* 0x0000000000007918 */
                                                                                             /* 0x000fc00000000000 */
		..........


		Function : _ZN11tail_vector3cub6detail6reduce28DeviceReduceSingleTileKernelINS2_26policy_selector_from_typesIijN4cuda3std3__44plusIvEELNS5_9execution3__411determinism15__determinism_tE1EEEPiSF_jS9_iiNS7_8identityEEEvT0_T1_T2_T3_T4_T6_
	.headerflags	@"EF_CUDA_SM89 EF_CUDA_VIRTUAL_SM(EF_CUDA_SM89)"
        /*0000*/                   IMAD.MOV.U32 R1, RZ, RZ, c[0x0][0x28] ;                   /* 0x00000a00ff017624 */
                                                                                             /* 0x000fe400078e00ff */
        /*0010*/                   ISETP.NE.AND P0, PT, RZ, c[0x0][0x170], PT ;              /* 0x00005c00ff007a0c */
                                                                                             /* 0x000fe20003f05270 */
        /*0020*/                   ULDC.64 UR4, c[0x0][0x118] ;                              /* 0x0000460000047ab9 */
                                                                                             /* 0x000fd80000000a00 */
        /*0030*/              @!P0 BRA 0x40b0 ;                                              /* 0x0000407000008947 */
                                                                                             /* 0x000fea0003800000 */
        /*0040*/                   S2R R0, SR_TID.X ;                                        /* 0x0000000000007919 */
                                                                                             /* 0x000e220000002100 */
        /*0050*/                   IMAD.MOV.U32 R2, RZ, RZ, c[0x0][0x160] ;                  /* 0x00005800ff027624 */
                                                                                             /* 0x000fe200078e00ff */
        /*0060*/                   BSSY B0, 0x4040 ;                                         /* 0x00003fd000007945 */
                                                                                             /* 0x000fe80003800000 */
        /*0070*/                   LOP3.LUT P0, RZ, R2, 0xf, RZ, 0xc0, !PT ;                 /* 0x0000000f02ff7812 */
                                                                                             /* 0x000fda000780c0ff */
        /*0080*/              @!P0 BRA 0x1c00 ;                                              /* 0x00001b7000008947 */
                                                                                             /* 0x000fea0003800000 */
        /*0090*/                   IMAD.MOV.U32 R2, RZ, RZ, c[0x0][0x170] ;                  /* 0x00005c00ff027624 */
                                                                                             /* 0x000fca00078e00ff */
        /*00a0*/                   ISETP.GE.U32.AND P0, PT, R2, 0x1000, PT ;                 /* 0x000010000200780c */
                                                                                             /* 0x000fda0003f06070 */
        /*00b0*/              @!P0 BRA 0xf30 ;                                               /* 0x00000e7000008947 */
                                                                                             /* 0x000fea0003800000 */
        /*00c0*/                   IMAD.MOV.U32 R5, RZ, RZ, 0x4 ;                            /* 0x00000004ff057424 */
                                                                                             /* 0x000fc800078e00ff */
        /*00d0*/                   IMAD.WIDE R4, R0, R5, c[0x0][0x160] ;                     /* 0x0000580000047625 */
                                                                                             /* 0x001fca00078e0205 */
        /*00e0*/                   LDG.E.CONSTANT R0, [R4.64] ;                              /* 0x0000000404007981 */
                                                                                             /* 0x000ea8000c1e9900 */
        /*00f0*/                   LDG.E.CONSTANT R3, [R4.64+0x400] ;                        /* 0x0004000404037981 */
                                                                                             /* 0x000ea8000c1e9900 */
        /*0100*/                   LDG.E.CONSTANT R6, [R4.64+0x800] ;                        /* 0x0008000404067981 */
                                                                                             /* 0x000ea8000c1e9900 */
        /*0110*/                   LDG.E.CONSTANT R7, [R4.64+0xc00] ;                        /* 0x000c000404077981 */
                                                                                             /* 0x000ee8000c1e9900 */
        /*0120*/                   LDG.E.CONSTANT R8, [R4.64+0x1000] ;                       /* 0x0010000404087981 */
                                                                                             /* 0x000ee8000c1e9900 */
        /*0130*/                   LDG.E.CONSTANT R9, [R4.64+0x1400] ;                       /* 0x0014000404097981 */
                                                                                             /* 0x000f28000c1e9900 */
        /*0140*/                   LDG.E.CONSTANT R10, [R4.64+0x1800] ;                      /* 0x00180004040a7981 */
                                                                                             /* 0x000f28000c1e9900 */
        /*0150*/                   LDG.E.CONSTANT R11, [R4.64+0x1c00] ;                      /* 0x001c0004040b7981 */
                                                                                             /* 0x000f68000c1e9900 */
        /*0160*/                   LDG.E.CONSTANT R12, [R4.64+0x2000] ;                      /* 0x00200004040c7981 */
                                                                                             /* 0x000f68000c1e9900 */
        /*0170*/                   LDG.E.CONSTANT R13, [R4.64+0x2400] ;                      /* 0x00240004040d7981 */
                                                                                             /* 0x000f68000c1e9900 */
        /*0180*/                   LDG.E.CONSTANT R14, [R4.64+0x2800] ;                      /* 0x00280004040e7981 */
                                                                                             /* 0x000f68000c1e9900 */
        /*0190*/                   LDG.E.CONSTANT R15, [R4.64+0x2c00] ;                      /* 0x002c0004040f7981 */
                                                                                             /* 0x000f68000c1e9900 */
        /*01a0*/                   LDG.E.CONSTANT R16, [R4.64+0x3000] ;                      /* 0x0030000404107981 */
                                                                                             /* 0x000f68000c1e9900 */
        /*01b0*/                   LDG.E.CONSTANT R17, [R4.64+0x3400] ;                      /* 0x0034000404117981 */
                                                                                             /* 0x000f68000c1e9900 */
        /*01c0*/                   LDG.E.CONSTANT R18, [R4.64+0x3800] ;                      /* 0x0038000404127981 */
                                                                                             /* 0x000f68000c1e9900 */
        /*01d0*/                   LDG.E.CONSTANT R19, [R4.64+0x3c00] ;                      /* 0x003c000404137981 */
                                                                                             /* 0x000f62000c1e9900 */
        /*01e0*/                   IADD3 R2, R2, -0x1000, RZ ;                               /* 0xfffff00002027810 */
                                                                                             /* 0x000fc80007ffe0ff */
        /*01f0*/                   ISETP.GE.U32.AND P0, PT, R2, 0x1000, PT ;                 /* 0x000010000200780c */
                                                                                             /* 0x000fe40003f06070 */
        /*0200*/                   IADD3 R0, R6, R3, R0 ;                                    /* 0x0000000306007210 */
                                                                                             /* 0x004fe20007ffe000 */
        /*0210*/                   IMAD.MOV.U32 R3, RZ, RZ, 0x1000 ;                         /* 0x00001000ff037424 */
                                                                                             /* 0x000fc600078e00ff */
        /*0220*/                   IADD3 R0, R8, R7, R0 ;                                    /* 0x0000000708007210 */
                                                                                             /* 0x008fc80007ffe000 */
        /*0230*/                   IADD3 R0, R10, R9, R0 ;                                   /* 0x000000090a007210 */
                                                                                             /* 0x010fc80007ffe000 */
        /*0240*/                   IADD3 R0, R12, R11, R0 ;                                  /* 0x0000000b0c007210 */
                                                                                             /* 0x020fc80007ffe000 */
        /*0250*/                   IADD3 R0, R14, R13, R0 ;                                  /* 0x0000000d0e007210 */
                                                                                             /* 0x000fc80007ffe000 */
        /*0260*/                   IADD3 R0, R16, R15, R0 ;                                  /* 0x0000000f10007210 */
                                                                                             /* 0x000fc80007ffe000 */
        /*0270*/                   IADD3 R0, R18, R17, R0 ;                                  /* 0x0000001112007210 */
                                                                                             /* 0x000fca0007ffe000 */
        /*0280*/                   IMAD.IADD R0, R19, 0x1, R0 ;                              /* 0x0000000113007824 */
                                                                                             /* 0x000fe200078e0200 */
        /*0290*/              @!P0 BRA 0x4b0 ;                                               /* 0x0000021000008947 */
                                                                                             /* 0x000fea0003800000 */
        /*02a0*/                   IMAD.MOV.U32 R8, RZ, RZ, R2 ;                             /* 0x000000ffff087224 */
                                                                                             /* 0x000fe400078e0002 */
        /*02b0*/                   IMAD.MOV.U32 R3, RZ, RZ, 0x1000 ;                         /* 0x00001000ff037424 */
                                                                                             /* 0x000fc800078e00ff */
        /*02c0*/                   IMAD.WIDE.U32 R6, R3, 0x4, R4 ;                           /* 0x0000000403067825 */
                                                                                             /* 0x000fca00078e0004 */
        /*02d0*/                   LDG.E.CONSTANT R9, [R6.64] ;                              /* 0x0000000406097981 */
                                                                                             /* 0x000ea8000c1e9900 */
        /*02e0*/                   LDG.E.CONSTANT R10, [R6.64+0x400] ;                       /* 0x00040004060a7981 */
                                                                                             /* 0x000ea8000c1e9900 */
        /*02f0*/                   LDG.E.CONSTANT R11, [R6.64+0x800] ;                       /* 0x00080004060b7981 */
                                                                                             /* 0x000ee8000c1e9900 */
        /*0300*/                   LDG.E.CONSTANT R12, [R6.64+0xc00] ;                       /* 0x000c0004060c7981 */
                                                                                             /* 0x000ee8000c1e9900 */
        /*0310*/                   LDG.E.CONSTANT R13, [R6.64+0x1000] ;                      /* 0x00100004060d7981 */
                                                                                             /* 0x000f28000c1e9900 */
        /*0320*/                   LDG.E.CONSTANT R14, [R6.64+0x1400] ;                      /* 0x00140004060e7981 */
                                                                                             /* 0x000f28000c1e9900 */
        /*0330*/                   LDG.E.CONSTANT R15, [R6.64+0x1800] ;                      /* 0x00180004060f7981 */
                                                                                             /* 0x000f68000c1e9900 */
        /*0340*/                   LDG.E.CONSTANT R16, [R6.64+0x1c00] ;                      /* 0x001c000406107981 */
                                                                                             /* 0x000f68000c1e9900 */
        /*0350*/                   LDG.E.CONSTANT R17, [R6.64+0x2000] ;                      /* 0x0020000406117981 */
                                                                                             /* 0x000f68000c1e9900 */
        /*0360*/                   LDG.E.CONSTANT R18, [R6.64+0x2400] ;                      /* 0x0024000406127981 */
                                                                                             /* 0x000f68000c1e9900 */
        /*0370*/                   LDG.E.CONSTANT R19, [R6.64+0x2800] ;                      /* 0x0028000406137981 */
                                                                                             /* 0x000f68000c1e9900 */
        /*0380*/                   LDG.E.CONSTANT R20, [R6.64+0x2c00] ;                      /* 0x002c000406147981 */
                                                                                             /* 0x000f68000c1e9900 */
        /*0390*/                   LDG.E.CONSTANT R21, [R6.64+0x3000] ;                      /* 0x0030000406157981 */
                                                                                             /* 0x000f68000c1e9900 */
        /*03a0*/                   LDG.E.CONSTANT R22, [R6.64+0x3400] ;                      /* 0x0034000406167981 */
                                                                                             /* 0x000f68000c1e9900 */
        /*03b0*/                   LDG.E.CONSTANT R23, [R6.64+0x3800] ;                      /* 0x0038000406177981 */
                                                                                             /* 0x000f68000c1e9900 */
        /*03c0*/                   LDG.E.CONSTANT R24, [R6.64+0x3c00] ;                      /* 0x003c000406187981 */
                                                                                             /* 0x000f62000c1e9900 */
        /*03d0*/                   ISETP.GE.U32.AND P0, PT, R8, 0x1000, PT ;                 /* 0x000010000800780c */
                                                                                             /* 0x000fc40003f06070 */
        /*03e0*/                   IADD3 R9, R10, R9, R0 ;                                   /* 0x000000090a097210 */
                                                                                             /* 0x004fc80007ffe000 */
        /*03f0*/                   IADD3 R9, R12, R11, R9 ;                                  /* 0x0000000b0c097210 */
                                                                                             /* 0x008fc80007ffe009 */
        /*0400*/                   IADD3 R9, R14, R13, R9 ;                                  /* 0x0000000d0e097210 */
                                                                                             /* 0x010fc80007ffe009 */
        /*0410*/                   IADD3 R9, R16, R15, R9 ;                                  /* 0x0000000f10097210 */
                                                                                             /* 0x020fc80007ffe009 */
        /*0420*/                   IADD3 R9, R18, R17, R9 ;                                  /* 0x0000001112097210 */
                                                                                             /* 0x000fc80007ffe009 */
        /*0430*/                   IADD3 R9, R20, R19, R9 ;                                  /* 0x0000001314097210 */
                                                                                             /* 0x000fc80007ffe009 */
        /*0440*/                   IADD3 R9, R22, R21, R9 ;                                  /* 0x0000001516097210 */
                                                                                             /* 0x000fc80007ffe009 */
        /*0450*/                   IADD3 R0, R24, R23, R9 ;                                  /* 0x0000001718007210 */
                                                                                             /* 0x000fe20007ffe009 */
        /*0460*/              @!P0 BRA 0xdf0 ;                                               /* 0x0000098000008947 */
                                                                                             /* 0x000fea0003800000 */
        /*0470*/                   IADD3 R3, R3, 0x1000, RZ ;                                /* 0x0000100003037810 */
                                                                                             /* 0x000fe40007ffe0ff */
        /*0480*/                   IADD3 R8, R8, -0x1000, RZ ;                               /* 0xfffff00008087810 */
                                                                                             /* 0x000fe40007ffe0ff */
        /*0490*/                   ISETP.GT.U32.AND P0, PT, R3, R2, PT ;                     /* 0x000000020300720c */
                                                                                             /* 0x000fda0003f04070 */
        /*04a0*/              @!P0 BRA 0x2c0 ;                                               /* 0xfffffe1000008947 */
                                                                                             /* 0x000fea000383ffff */
        /*04b0*/                   ISETP.GE.U32.AND P0, PT, R3, c[0x0][0x170], PT ;          /* 0x00005c0003007a0c */
                                                                                             /* 0x000fda0003f06070 */
        /*04c0*/               @P0 BRA 0xdf0 ;                                               /* 0x0000092000000947 */
                                                                                             /* 0x000fea0003800000 */
        /*04d0*/                   S2R R6, SR_TID.X ;                                        /* 0x0000000000067919 */
                                                                                             /* 0x000e220000002100 */
        /*04e0*/                   IADD3 R4, -R3, c[0x0][0x170], RZ ;                        /* 0x00005c0003047a10 */
                                                                                             /* 0x000fe20007ffe1ff */
        /*04f0*/                   BSSY B1, 0xdf0 ;                                          /* 0x000008f000017945 */
                                                                                             /* 0x000fe60003800000 */
        /*0500*/                   ISETP.GE.AND P0, PT, R6, R4, PT ;                         /* 0x000000040600720c */
                                                                                             /* 0x001fda0003f06270 */
        /*0510*/               @P0 BRA 0xde0 ;                                               /* 0x000008c000000947 */
                                                                                             /* 0x000fea0003800000 */
        /*0520*/                   LOP3.LUT R2, RZ, R6, RZ, 0x33, !PT ;                      /* 0x00000006ff027212 */
                                                                                             /* 0x000fe200078e33ff */
        /*0530*/                   BSSY B2, 0x640 ;                                          /* 0x0000010000027945 */
                                                                                             /* 0x000fe60003800000 */
        /*0540*/                   IADD3 R5, -R3, c[0x0][0x170], R2 ;                        /* 0x00005c0003057a10 */
                                                                                             /* 0x000fc80007ffe102 */
        /*0550*/                   LEA.HI R2, R5.reuse, 0x1, RZ, 0x18 ;                      /* 0x0000000105027811 */
                                                                                             /* 0x040fe400078fc0ff */
        /*0560*/                   ISETP.GE.U32.AND P1, PT, R5, 0x300, PT ;                  /* 0x000003000500780c */
                                                                                             /* 0x000fe40003f26070 */
        /*0570*/                   LOP3.LUT P0, R2, R2, 0x3, RZ, 0xc0, !PT ;                 /* 0x0000000302027812 */
                                                                                             /* 0x000fda000780c0ff */
        /*0580*/              @!P0 BRA 0x630 ;                                               /* 0x000000a000008947 */
                                                                                             /* 0x000fea0003800000 */
        /*0590*/                   IMAD.IADD R5, R6, 0x1, R3 ;                               /* 0x0000000106057824 */
                                                                                             /* 0x000fe400078e0203 */
        /*05a0*/                   IMAD.MOV.U32 R8, RZ, RZ, 0x4 ;                            /* 0x00000004ff087424 */
                                                                                             /* 0x000fc800078e00ff */
        /*05b0*/                   IMAD.WIDE.U32 R8, R5, R8, c[0x0][0x160] ;                 /* 0x0000580005087625 */
                                                                                             /* 0x000fcc00078e0008 */
        /*05c0*/                   LDG.E.CONSTANT R9, [R8.64] ;                              /* 0x0000000408097981 */
                                                                                             /* 0x000ea2000c1e9900 */
        /*05d0*/                   IADD3 R2, R2, -0x1, RZ ;                                  /* 0xffffffff02027810 */
                                                                                             /* 0x000fe40007ffe0ff */
        /*05e0*/                   IADD3 R6, R6, 0x100, RZ ;                                 /* 0x0000010006067810 */
                                                                                             /* 0x000fe40007ffe0ff */
        /*05f0*/                   ISETP.NE.AND P0, PT, R2, RZ, PT ;                         /* 0x000000ff0200720c */
                                                                                             /* 0x000fe40003f05270 */
        /*0600*/                   IADD3 R5, R5, 0x100, RZ ;                                 /* 0x0000010005057810 */
                                                                                             /* 0x000fe20007ffe0ff */
        /*0610*/                   IMAD.IADD R0, R9, 0x1, R0 ;                               /* 0x0000000109007824 */
                                                                                             /* 0x004fd400078e0200 */
        /*0620*/               @P0 BRA 0x5a0 ;                                               /* 0xffffff7000000947 */
                                                                                             /* 0x000fea000383ffff */
        /*0630*/                   BSYNC B2 ;                                                /* 0x0000000000027941 */
                                                                                             /* 0x000fea0003800000 */
        /*0640*/              @!P1 BRA 0xde0 ;                                               /* 0x0000079000009947 */
                                                                                             /* 0x000fea0003800000 */
        /*0650*/                   IMAD.IADD R2, R4, 0x1, -R6 ;                              /* 0x0000000104027824 */
                                                                                             /* 0x000fe200078e0a06 */
        /*0660*/                   BSSY B2, 0xaa0 ;                                          /* 0x0000043000027945 */
                                                                                             /* 0x000fe20003800000 */
        /*0670*/                   PLOP3.LUT P0, PT, PT, PT, PT, 0x80, 0x0 ;                 /* 0x000000000000781c */
                                                                                             /* 0x000fc60003f0f070 */
        /*0680*/                   ISETP.GT.AND P1, PT, R2, 0xc00, PT ;                      /* 0x00000c000200780c */
                                                                                             /* 0x000fe40003f24270 */
        /*0690*/                   IADD3 R2, R6, 0x300, R3 ;                                 /* 0x0000030006027810 */
                                                                                             /* 0x000fd60007ffe003 */
        /*06a0*/              @!P1 BRA 0xa90 ;                                               /* 0x000003e000009947 */
                                                                                             /* 0x000fea0003800000 */
        /*06b0*/                   PLOP3.LUT P0, PT, PT, PT, PT, 0x8, 0x0 ;                  /* 0x000000000000781c */
                                                                                             /* 0x000fe40003f0e170 */
        /*06c0*/                   IADD3 R31, R4, -0xc00, RZ ;                               /* 0xfffff400041f7810 */
                                                                                             /* 0x000fe40007ffe0ff */
        /*06d0*/                   IADD3 R10, R2, -0x200, RZ ;                               /* 0xfffffe00020a7810 */
                                                                                             /* 0x000fe20007ffe0ff */
        /*06e0*/                   IMAD.IADD R8, R6, 0x1, R3 ;                               /* 0x0000000106087824 */
                                                                                             /* 0x000fe200078e0203 */
        /*06f0*/                   IADD3 R12, R2, -0x100, RZ ;                               /* 0xffffff00020c7810 */
                                                                                             /* 0x000fe20007ffe0ff */
        /*0700*/                   IMAD.MOV.U32 R33, RZ, RZ, 0x4 ;                           /* 0x00000004ff217424 */
                                                                                             /* 0x000fe200078e00ff */
        /*0710*/                   IADD3 R16, R3, 0x400, R6 ;                                /* 0x0000040003107810 */
                                                                                             /* 0x000fc60007ffe006 */
        /*0720*/                   IMAD.WIDE.U32 R8, R8, R33, c[0x0][0x160] ;                /* 0x0000580008087625 */
                                                                                             /* 0x000fe200078e0021 */
        /*0730*/                   IADD3 R18, R2, 0x200, RZ ;                                /* 0x0000020002127810 */
                                                                                             /* 0x000fc60007ffe0ff */
        /*0740*/                   IMAD.WIDE.U32 R10, R10, R33.reuse, c[0x0][0x160] ;        /* 0x000058000a0a7625 */
                                                                                             /* 0x080fe200078e0021 */
        /*0750*/                   LDG.E.CONSTANT R5, [R8.64] ;                              /* 0x0000000408057981 */
                                                                                             /* 0x0000a6000c1e9900 */
        /*0760*/                   IMAD.WIDE.U32 R12, R12, R33.reuse, c[0x0][0x160] ;        /* 0x000058000c0c7625 */
                                                                                             /* 0x080fe200078e0021 */
        /*0770*/                   LDG.E.CONSTANT R7, [R10.64] ;                             /* 0x000000040a077981 */
                                                                                             /* 0x0002a6000c1e9900 */
        /*0780*/                   IMAD.WIDE.U32 R14, R2.reuse, R33.reuse, c[0x0][0x160] ;   /* 0x00005800020e7625 */
                                                                                             /* 0x0c0fe200078e0021 */
        /*0790*/                   IADD3 R25, R2.reuse, 0x300, RZ ;                          /* 0x0000030002197810 */
                                                                                             /* 0x040fe20007ffe0ff */
        /*07a0*/                   LDG.E.CONSTANT R20, [R12.64] ;                            /* 0x000000040c147981 */
                                                                                             /* 0x000722000c1e9900 */
        /*07b0*/                   IADD3 R22, R2, 0x400, RZ ;                                /* 0x0000040002167810 */
                                                                                             /* 0x000fe20007ffe0ff */
        /*07c0*/                   IMAD.WIDE.U32 R16, R16, R33.reuse, c[0x0][0x160] ;        /* 0x0000580010107625 */
                                                                                             /* 0x080fe200078e0021 */
        /*07d0*/                   IADD3 R28, R2, 0x700, RZ ;                                /* 0x00000700021c7810 */
                                                                                             /* 0x000fe20007ffe0ff */
        /*07e0*/                   LDG.E.CONSTANT R21, [R14.64] ;                            /* 0x000000040e157981 */
                                                                                             /* 0x000b24000c1e9900 */
        /*07f0*/                   IMAD.WIDE.U32 R18, R18, R33.reuse, c[0x0][0x160] ;        /* 0x0000580012127625 */
                                                                                             /* 0x080fe200078e0021 */
        /*0800*/                   IADD3 R26, R3, 0x800, R6 ;                                /* 0x00000800031a7810 */
                                                                                             /* 0x000fe20007ffe006 */
        /*0810*/                   LDG.E.CONSTANT R24, [R16.64] ;                            /* 0x0000000410187981 */
                                                                                             /* 0x000722000c1e9900 */
        /*0820*/                   IADD3 R27, R2, 0x600, RZ ;                                /* 0x00000600021b7810 */
                                                                                             /* 0x000fe20007ffe0ff */
        /*0830*/                   IMAD.WIDE.U32 R8, R25, R33, c[0x0][0x160] ;               /* 0x0000580019087625 */
                                                                                             /* 0x001fc400078e0021 */
        /*0840*/                   LDG.E.CONSTANT R23, [R18.64] ;                            /* 0x0000000412177981 */
                                                                                             /* 0x000124000c1e9900 */
        /*0850*/                   IMAD.WIDE.U32 R10, R22, R33.reuse, c[0x0][0x160] ;        /* 0x00005800160a7625 */
                                                                                             /* 0x082fe200078e0021 */
        /*0860*/                   IADD3 R29, R2, 0xa00, RZ ;                                /* 0x00000a00021d7810 */
                                                                                             /* 0x000fe20007ffe0ff */
        /*0870*/                   LDG.E.CONSTANT R22, [R8.64] ;                             /* 0x0000000408167981 */
                                                                                             /* 0x000324000c1e9900 */
        /*0880*/                   IMAD.WIDE.U32 R16, R28, R33.reuse, c[0x0][0x160] ;        /* 0x000058001c107625 */
                                                                                             /* 0x088fe200078e0021 */
        /*0890*/                   IADD3 R28, R3, 0xc00, R6 ;                                /* 0x00000c00031c7810 */
                                                                                             /* 0x000fe20007ffe006 */
        /*08a0*/                   LDG.E.CONSTANT R25, [R10.64] ;                            /* 0x000000040a197981 */
                                                                                             /* 0x000722000c1e9900 */
        /*08b0*/                   IADD3 R18, R2, 0x800, RZ ;                                /* 0x0000080002127810 */
                                                                                             /* 0x001fe20007ffe0ff */
        /*08c0*/                   IMAD.WIDE.U32 R12, R26, R33.reuse, c[0x0][0x160] ;        /* 0x000058001a0c7625 */
                                                                                             /* 0x080fe200078e0021 */
        /*08d0*/                   IADD3 R30, R2, 0xb00, RZ ;                                /* 0x00000b00021e7810 */
                                                                                             /* 0x000fe20007ffe0ff */
        /*08e0*/                   LDG.E.CONSTANT R16, [R16.64] ;                            /* 0x0000000410107981 */
                                                                                             /* 0x000f24000c1e9900 */
        /*08f0*/                   IMAD.WIDE.U32 R14, R27, R33, c[0x0][0x160] ;              /* 0x000058001b0e7625 */
                                                                                             /* 0x020fc400078e0021 */
        /*0900*/                   LDG.E.CONSTANT R26, [R12.64] ;                            /* 0x000000040c1a7981 */
                                                                                             /* 0x000164000c1e9900 */
        /*0910*/                   IMAD.WIDE.U32 R18, R18, R33.reuse, c[0x0][0x160] ;        /* 0x0000580012127625 */
                                                                                             /* 0x080fe400078e0021 */
        /*0920*/                   LDG.E.CONSTANT R27, [R14.64] ;                            /* 0x000000040e1b7981 */
                                                                                             /* 0x000164000c1e9900 */
        /*0930*/                   IMAD.WIDE.U32 R8, R28, R33.reuse, c[0x0][0x160] ;         /* 0x000058001c087625 */
                                                                                             /* 0x082fe200078e0021 */
        /*0940*/                   IADD3 R28, R2, 0xc00, RZ ;                                /* 0x00000c00021c7810 */
                                                                                             /* 0x000fe20007ffe0ff */
        /*0950*/                   LDG.E.CONSTANT R18, [R18.64] ;                            /* 0x0000000412127981 */
                                                                                             /* 0x000f64000c1e9900 */
        /*0960*/                   IMAD.WIDE.U32 R10, R29, R33, c[0x0][0x160] ;              /* 0x000058001d0a7625 */
                                                                                             /* 0x008fc400078e0021 */
        /*0970*/                   LDG.E.CONSTANT R8, [R8.64] ;                              /* 0x0000000408087981 */
                                                                                             /* 0x000ee4000c1e9900 */
        /*0980*/                   IMAD.WIDE.U32 R12, R30, R33.reuse, c[0x0][0x160] ;        /* 0x000058001e0c7625 */
                                                                                             /* 0x081fe400078e0021 */
        /*0990*/                   LDG.E.CONSTANT R10, [R10.64] ;                            /* 0x000000040a0a7981 */
                                                                                             /* 0x000ee4000c1e9900 */
        /*09a0*/                   IMAD.WIDE.U32 R14, R28, R33, c[0x0][0x160] ;              /* 0x000058001c0e7625 */
                                                                                             /* 0x000fe400078e0021 */
        /*09b0*/                   LDG.E.CONSTANT R12, [R12.64] ;                            /* 0x000000040c0c7981 */
                                                                                             /* 0x000ee8000c1e9900 */
        /*09c0*/                   LDG.E.CONSTANT R14, [R14.64] ;                            /* 0x000000040e0e7981 */
                                                                                             /* 0x000ee2000c1e9900 */
        /*09d0*/                   IADD3 R6, R6, 0x1000, RZ ;                                /* 0x0000100006067810 */
                                                                                             /* 0x000fc80007ffe0ff */
        /*09e0*/                   ISETP.GE.AND P1, PT, R6, R31, PT ;                        /* 0x0000001f0600720c */
                                                                                             /* 0x000fe40003f26270 */
        /*09f0*/                   IADD3 R2, R2, 0x1000, RZ ;                                /* 0x0000100002027810 */
                                                                                             /* 0x000fe40007ffe0ff */
        /*0a00*/                   IADD3 R5, R7, R5, R0 ;                                    /* 0x0000000507057210 */
                                                                                             /* 0x004fc80007ffe000 */
        /*0a10*/                   IADD3 R5, R21, R20, R5 ;                                  /* 0x0000001415057210 */
                                                                                             /* 0x010fc80007ffe005 */
        /*0a20*/                   IADD3 R5, R23, R24, R5 ;                                  /* 0x0000001817057210 */
                                                                                             /* 0x000fc80007ffe005 */
        /*0a30*/                   IADD3 R5, R25, R22, R5 ;                                  /* 0x0000001619057210 */
                                                                                             /* 0x000fc80007ffe005 */
        /*0a40*/                   IADD3 R5, R27, R26, R5 ;                                  /* 0x0000001a1b057210 */
                                                                                             /* 0x020fc80007ffe005 */
        /*0a50*/                   IADD3 R5, R18, R16, R5 ;                                  /* 0x0000001012057210 */
                                                                                             /* 0x000fc80007ffe005 */
        /*0a60*/                   IADD3 R5, R10, R8, R5 ;                                   /* 0x000000080a057210 */
                                                                                             /* 0x008fc80007ffe005 */
        /*0a70*/                   IADD3 R0, R14, R12, R5 ;                                  /* 0x0000000c0e007210 */
                                                                                             /* 0x000fe20007ffe005 */
        /*0a80*/              @!P1 BRA 0x6d0 ;                                               /* 0xfffffc4000009947 */
                                                                                             /* 0x000fea000383ffff */
        /*0a90*/                   BSYNC B2 ;                                                /* 0x0000000000027941 */
                                                                                             /* 0x000fea0003800000 */
        /*0aa0*/                   IMAD.IADD R5, R4, 0x1, -R6 ;                              /* 0x0000000104057824 */
                                                                                             /* 0x000fe200078e0a06 */
        /*0ab0*/                   BSSY B2, 0xce0 ;                                          /* 0x0000022000027945 */
                                                                                             /* 0x000fe80003800000 */
        /*0ac0*/                   ISETP.GT.AND P1, PT, R5, 0x400, PT ;                      /* 0x000004000500780c */
                                                                                             /* 0x000fda0003f24270 */
        /*0ad0*/              @!P1 BRA 0xcd0 ;                                               /* 0x000001f000009947 */
                                                                                             /* 0x000fea0003800000 */
        /*0ae0*/                   IADD3 R10, R2, -0x200, RZ ;                               /* 0xfffffe00020a7810 */
                                                                                             /* 0x000fe20007ffe0ff */
        /*0af0*/                   IMAD.IADD R8, R6, 0x1, R3 ;                               /* 0x0000000106087824 */
                                                                                             /* 0x000fe200078e0203 */
        /*0b00*/                   IADD3 R12, R2, -0x100, RZ ;                               /* 0xffffff00020c7810 */
                                                                                             /* 0x000fe20007ffe0ff */
        /*0b10*/                   IMAD.MOV.U32 R23, RZ, RZ, 0x4 ;                           /* 0x00000004ff177424 */
                                                                                             /* 0x000fe200078e00ff */
        /*0b20*/                   IADD3 R16, R3, 0x400, R6 ;                                /* 0x0000040003107810 */
                                                                                             /* 0x000fc60007ffe006 */
        /*0b30*/                   IMAD.WIDE.U32 R8, R8, R23, c[0x0][0x160] ;                /* 0x0000580008087625 */
                                                                                             /* 0x000fe200078e0017 */
        /*0b40*/                   IADD3 R18, R2, 0x200, RZ ;                                /* 0x0000020002127810 */
                                                                                             /* 0x000fc60007ffe0ff */
        /*0b50*/                   IMAD.WIDE.U32 R10, R10, R23.reuse, c[0x0][0x160] ;        /* 0x000058000a0a7625 */
                                                                                             /* 0x080fe200078e0017 */
        /*0b60*/                   LDG.E.CONSTANT R5, [R8.64] ;                              /* 0x0000000408057981 */
                                                                                             /* 0x0000a6000c1e9900 */
        /*0b70*/                   IMAD.WIDE.U32 R12, R12, R23.reuse, c[0x0][0x160] ;        /* 0x000058000c0c7625 */
                                                                                             /* 0x080fe200078e0017 */
        /*0b80*/                   LDG.E.CONSTANT R7, [R10.64] ;                             /* 0x000000040a077981 */
                                                                                             /* 0x0002a6000c1e9900 */
        /*0b90*/                   IMAD.WIDE.U32 R14, R2.reuse, R23.reuse, c[0x0][0x160] ;   /* 0x00005800020e7625 */
                                                                                             /* 0x0c0fe200078e0017 */
        /*0ba0*/                   IADD3 R21, R2.reuse, 0x300, RZ ;                          /* 0x0000030002157810 */
                                                                                             /* 0x040fe20007ffe0ff */
        /*0bb0*/                   LDG.E.CONSTANT R12, [R12.64] ;                            /* 0x000000040c0c7981 */
                                                                                             /* 0x000ee2000c1e9900 */
        /*0bc0*/                   IADD3 R20, R2, 0x400, RZ ;                                /* 0x0000040002147810 */
                                                                                             /* 0x000fe20007ffe0ff */
        /*0bd0*/                   IMAD.WIDE.U32 R16, R16, R23, c[0x0][0x160] ;              /* 0x0000580010107625 */
                                                                                             /* 0x000fc400078e0017 */
        /*0be0*/                   LDG.E.CONSTANT R14, [R14.64] ;                            /* 0x000000040e0e7981 */
                                                                                             /* 0x000ee4000c1e9900 */
        /*0bf0*/                   IMAD.WIDE.U32 R18, R18, R23.reuse, c[0x0][0x160] ;        /* 0x0000580012127625 */
                                                                                             /* 0x080fe400078e0017 */
        /*0c00*/                   LDG.E.CONSTANT R16, [R16.64] ;                            /* 0x0000000410107981 */
                                                                                             /* 0x000f24000c1e9900 */
        /*0c10*/                   IMAD.WIDE.U32 R8, R21, R23.reuse, c[0x0][0x160] ;         /* 0x0000580015087625 */
                                                                                             /* 0x081fe400078e0017 */
        /*0c20*/                   LDG.E.CONSTANT R18, [R18.64] ;                            /* 0x0000000412127981 */
                                                                                             /* 0x000f24000c1e9900 */
        /*0c30*/                   IMAD.WIDE.U32 R10, R20, R23, c[0x0][0x160] ;              /* 0x00005800140a7625 */
                                                                                             /* 0x002fc400078e0017 */
        /*0c40*/                   LDG.E.CONSTANT R8, [R8.64] ;                              /* 0x0000000408087981 */
                                                                                             /* 0x000f68000c1e9900 */
        /*0c50*/                   LDG.E.CONSTANT R10, [R10.64] ;                            /* 0x000000040a0a7981 */
                                                                                             /* 0x000f62000c1e9900 */
        /*0c60*/                   PLOP3.LUT P0, PT, PT, PT, PT, 0x8, 0x0 ;                  /* 0x000000000000781c */
                                                                                             /* 0x000fe40003f0e170 */
        /*0c70*/                   IADD3 R6, R6, 0x800, RZ ;                                 /* 0x0000080006067810 */
                                                                                             /* 0x000fe40007ffe0ff */
        /*0c80*/                   IADD3 R2, R2, 0x800, RZ ;                                 /* 0x0000080002027810 */
                                                                                             /* 0x000fe40007ffe0ff */
        /*0c90*/                   IADD3 R5, R7, R5, R0 ;                                    /* 0x0000000507057210 */
                                                                                             /* 0x004fc80007ffe000 */
        /*0ca0*/                   IADD3 R5, R14, R12, R5 ;                                  /* 0x0000000c0e057210 */
                                                                                             /* 0x008fc80007ffe005 */
        /*0cb0*/                   IADD3 R5, R18, R16, R5 ;                                  /* 0x0000001012057210 */
                                                                                             /* 0x010fc80007ffe005 */
        /*0cc0*/                   IADD3 R0, R10, R8, R5 ;                                   /* 0x000000080a007210 */
                                                                                             /* 0x020fe40007ffe005 */
        /*0cd0*/                   BSYNC B2 ;                                                /* 0x0000000000027941 */
                                                                                             /* 0x000fea0003800000 */
        /*0ce0*/                   ISETP.LT.OR P0, PT, R6, R4, P0 ;                          /* 0x000000040600720c */
                                                                                             /* 0x000fda0000701670 */
        /*0cf0*/              @!P0 BRA 0xde0 ;                                               /* 0x000000e000008947 */
                                                                                             /* 0x000fea0003800000 */
        /*0d00*/                   IMAD.IADD R4, R6, 0x1, R3 ;                               /* 0x0000000106047824 */
                                                                                             /* 0x000fe200078e0203 */
        /*0d10*/                   IADD3 R6, R2.reuse, -0x200, RZ ;                          /* 0xfffffe0002067810 */
                                                                                             /* 0x040fe20007ffe0ff */
        /*0d20*/                   IMAD.MOV.U32 R3, RZ, RZ, 0x4 ;                            /* 0x00000004ff037424 */
                                                                                             /* 0x000fe200078e00ff */
        /*0d30*/                   IADD3 R8, R2, -0x100, RZ ;                                /* 0xffffff0002087810 */
                                                                                             /* 0x000fc60007ffe0ff */
        /*0d40*/                   IMAD.WIDE.U32 R4, R4, R3, c[0x0][0x160] ;                 /* 0x0000580004047625 */
                                                                                             /* 0x000fc800078e0003 */
        /*0d50*/                   IMAD.WIDE.U32 R6, R6, R3.reuse, c[0x0][0x160] ;           /* 0x0000580006067625 */
                                                                                             /* 0x080fe400078e0003 */
        /*0d60*/                   LDG.E.CONSTANT R5, [R4.64] ;                              /* 0x0000000404057981 */
                                                                                             /* 0x000ea4000c1e9900 */
        /*0d70*/                   IMAD.WIDE.U32 R8, R8, R3.reuse, c[0x0][0x160] ;           /* 0x0000580008087625 */
                                                                                             /* 0x080fe400078e0003 */
        /*0d80*/                   LDG.E.CONSTANT R6, [R6.64] ;                              /* 0x0000000406067981 */
                                                                                             /* 0x000ea4000c1e9900 */
        /*0d90*/                   IMAD.WIDE.U32 R2, R2, R3, c[0x0][0x160] ;                 /* 0x0000580002027625 */
                                                                                             /* 0x000fe400078e0003 */
        /*0da0*/                   LDG.E.CONSTANT R9, [R8.64] ;                              /* 0x0000000408097981 */
                                                                                             /* 0x000ee8000c1e9900 */
        /*0db0*/                   LDG.E.CONSTANT R2, [R2.64] ;                              /* 0x0000000402027981 */
                                                                                             /* 0x000ee2000c1e9900 */
        /*0dc0*/                   IADD3 R0, R6, R5, R0 ;                                    /* 0x0000000506007210 */
                                                                                             /* 0x004fc80007ffe000 */
        /*0dd0*/                   IADD3 R0, R2, R9, R0 ;                                    /* 0x0000000902007210 */
                                                                                             /* 0x008fe40007ffe000 */
        /*0de0*/                   BSYNC B1 ;                                                /* 0x0000000000017941 */
                                                                                             /* 0x000fea0003800000 */
        /*0df0*/                   S2R R2, SR_LANEID ;                                       /* 0x0000000000027919 */
                                                                                             /* 0x000e220000000000 */
        /*0e00*/                   REDUX.SUM.S32 UR6, R0 ;                                   /* 0x00000000000673c4 */
                                                                                             /* 0x000e66000000c200 */
        /*0e10*/                   S2R R3, SR_TID.X ;                                        /* 0x0000000000037919 */
                                                                                             /* 0x000ea20000002100 */
        /*0e20*/                   ISETP.NE.AND P0, PT, R2, RZ, PT ;                         /* 0x000000ff0200720c */
                                                                                             /* 0x001fe20003f05270 */
        /*0e30*/                   IMAD.U32 R5, RZ, RZ, UR6 ;                                /* 0x00000006ff057e24 */
                                                                                             /* 0x002fd8000f8e00ff */
        /*0e40*/              @!P0 SHF.R.S32.HI R2, RZ, 0x1f, R3 ;                           /* 0x0000001fff028819 */
                                                                                             /* 0x004fc80000011403 */
        /*0e50*/              @!P0 LEA.HI R2, R2, R3, RZ, 0x5 ;                              /* 0x0000000302028211 */
                                                                                             /* 0x000fc800078f28ff */
        /*0e60*/              @!P0 SHF.R.S32.HI R2, RZ, 0x5, R2 ;                            /* 0x00000005ff028819 */
                                                                                             /* 0x000fca0000011402 */
        /*0e70*/              @!P0 STS [R2.X4+0x8], R5 ;                                     /* 0x0000080502008388 */
                                                                                             /* 0x0001e80000004800 */
        /*0e80*/                   BAR.SYNC.DEFER_BLOCKING 0x0 ;                             /* 0x0000000000007b1d */
                                                                                             /* 0x000fe20000010000 */
        /*0e90*/                   ISETP.NE.AND P0, PT, R3, RZ, PT ;                         /* 0x000000ff0300720c */
                                                                                             /* 0x000fda0003f05270 */
        /*0ea0*/               @P0 BRA 0x4030 ;                                              /* 0x0000318000000947 */
                                                                                             /* 0x000fea0003800000 */
        /*0eb0*/                   LDS R0, [0xc] ;                                           /* 0x00000c00ff007984 */
                                                                                             /* 0x001fe80000000800 */
        /*0ec0*/                   LDS.128 R8, [0x10] ;                                      /* 0x00001000ff087984 */
                                                                                             /* 0x000e280000000c00 */
        /*0ed0*/                   LDS.64 R2, [0x20] ;                                       /* 0x00002000ff027984 */
                                                                                             /* 0x000e620000000a00 */
        /*0ee0*/                   IADD3 R0, R8, R0, R5 ;                                    /* 0x0000000008007210 */
                                                                                             /* 0x001fc80007ffe005 */
        /*0ef0*/                   IADD3 R0, R10, R9, R0 ;                                   /* 0x000000090a007210 */
                                                                                             /* 0x000fc80007ffe000 */
        /*0f00*/                   IADD3 R0, R2, R11, R0 ;                                   /* 0x0000000b02007210 */
                                                                                             /* 0x002fca0007ffe000 */
        /*0f10*/                   IMAD.IADD R5, R0, 0x1, R3 ;                               /* 0x0000000100057824 */
                                                                                             /* 0x000fe200078e0203 */
        /*0f20*/                   BRA 0x4030 ;                                              /* 0x0000310000007947 */
                                                                                             /* 0x000fea0003800000 */
        /*0f30*/                   ISETP.GE.AND P0, PT, R0, c[0x0][0x170], PT ;              /* 0x00005c0000007a0c */
                                                                                             /* 0x001fe20003f06270 */
        /*0f40*/                   BSSY B1, 0xfd0 ;                                          /* 0x0000008000017945 */
                                                                                             /* 0x000fe20003800000 */
        /*0f50*/                   IMAD.MOV.U32 R3, RZ, RZ, RZ ;                             /* 0x000000ffff037224 */
                                                                                             /* 0x000fe400078e00ff */
        /*0f60*/                   IMAD.MOV.U32 R4, RZ, RZ, R0 ;                             /* 0x000000ffff047224 */
                                                                                             /* 0x000fd200078e0000 */
        /*0f70*/               @P0 BRA 0xfc0 ;                                               /* 0x0000004000000947 */
                                                                                             /* 0x000fea0003800000 */
        /*0f80*/                   IMAD.MOV.U32 R7, RZ, RZ, 0x4 ;                            /* 0x00000004ff077424 */
                                                                                             /* 0x000fc800078e00ff */
        /*0f90*/                   IMAD.WIDE.U32 R6, R0, R7, c[0x0][0x160] ;                 /* 0x0000580000067625 */
                                                                                             /* 0x000fca00078e0007 */
        /*0fa0*/                   LDG.E.CONSTANT R3, [R6.64] ;                              /* 0x0000000406037981 */
                                                                                             /* 0x000162000c1e9900 */
        /*0fb0*/                   IADD3 R4, R0, 0x100, RZ ;                                 /* 0x0000010000047810 */
                                                                                             /* 0x000fc60007ffe0ff */
        /*0fc0*/                   BSYNC B1 ;                                                /* 0x0000000000017941 */
                                                                                             /* 0x000fea0003800000 */
        /*0fd0*/                   ISETP.GE.AND P0, PT, R4, c[0x0][0x170], PT ;              /* 0x00005c0004007a0c */
                                                                                             /* 0x000fe20003f06270 */
        /*0fe0*/                   BSSY B1, 0x1880 ;                                         /* 0x0000089000017945 */
                                                                                             /* 0x000fd80003800000 */
        /*0ff0*/               @P0 BRA 0x1870 ;                                              /* 0x0000087000000947 */
                                                                                             /* 0x000fea0003800000 */
        /*1000*/                   LOP3.LUT R5, RZ, R4, RZ, 0x33, !PT ;                      /* 0x00000004ff057212 */
                                                                                             /* 0x000fe200078e33ff */
        /*1010*/                   BSSY B2, 0x1100 ;                                         /* 0x000000e000027945 */
                                                                                             /* 0x000fe60003800000 */
        /*1020*/                   IADD3 R6, R5, c[0x0][0x170], RZ ;                         /* 0x00005c0005067a10 */
                                                                                             /* 0x001fc80007ffe0ff */
        /*1030*/                   LEA.HI R5, R6.reuse, 0x1, RZ, 0x18 ;                      /* 0x0000000106057811 */
                                                                                             /* 0x040fe400078fc0ff */
        /*1040*/                   ISETP.GE.U32.AND P1, PT, R6, 0x300, PT ;                  /* 0x000003000600780c */
                                                                                             /* 0x000fe40003f26070 */
        /*1050*/                   LOP3.LUT P0, R5, R5, 0x3, RZ, 0xc0, !PT ;                 /* 0x0000000305057812 */
                                                                                             /* 0x000fda000780c0ff */
        /*1060*/              @!P0 BRA 0x10f0 ;                                              /* 0x0000008000008947 */
                                                                                             /* 0x000fea0003800000 */
        /*1070*/                   IMAD.MOV.U32 R7, RZ, RZ, 0x4 ;                            /* 0x00000004ff077424 */
                                                                                             /* 0x000fc800078e00ff */
        /*1080*/                   IMAD.WIDE.U32 R6, R4, R7, c[0x0][0x160] ;                 /* 0x0000580004067625 */
                                                                                             /* 0x000fcc00078e0007 */
        /*1090*/                   LDG.E.CONSTANT R6, [R6.64] ;                              /* 0x0000000406067981 */
                                                                                             /* 0x000ea2000c1e9900 */
        /*10a0*/                   IADD3 R5, R5, -0x1, RZ ;                                  /* 0xffffffff05057810 */
                                                                                             /* 0x000fe40007ffe0ff */
        /*10b0*/                   IADD3 R4, R4, 0x100, RZ ;                                 /* 0x0000010004047810 */
                                                                                             /* 0x000fe40007ffe0ff */
        /*10c0*/                   ISETP.NE.AND P0, PT, R5, RZ, PT ;                         /* 0x000000ff0500720c */
                                                                                             /* 0x000fe20003f05270 */
        /*10d0*/                   IMAD.IADD R3, R6, 0x1, R3 ;                               /* 0x0000000106037824 */
                                                                                             /* 0x024fd800078e0203 */
        /*10e0*/               @P0 BRA 0x1070 ;                                              /* 0xffffff8000000947 */
                                                                                             /* 0x000fea000383ffff */
        /*10f0*/                   BSYNC B2 ;                                                /* 0x0000000000027941 */
                                                                                             /* 0x000fea0003800000 */
        /*1100*/              @!P1 BRA 0x1870 ;                                              /* 0x0000076000009947 */
                                                                                             /* 0x000fea0003800000 */
        /*1110*/                   IADD3 R5, -R4, c[0x0][0x170], RZ ;                        /* 0x00005c0004057a10 */
                                                                                             /* 0x000fe20007ffe1ff */
        /*1120*/                   BSSY B2, 0x1540 ;                                         /* 0x0000041000027945 */
                                                                                             /* 0x000fe20003800000 */
        /*1130*/                   PLOP3.LUT P0, PT, PT, PT, PT, 0x80, 0x0 ;                 /* 0x000000000000781c */
                                                                                             /* 0x000fe40003f0f070 */
        /*1140*/                   ISETP.GT.AND P1, PT, R5, 0xc00, PT ;                      /* 0x00000c000500780c */
                                                                                             /* 0x000fda0003f24270 */
        /*1150*/              @!P1 BRA 0x1530 ;                                              /* 0x000003d000009947 */
                                                                                             /* 0x000fea0003800000 */
        /*1160*/                   PLOP3.LUT P0, PT, PT, PT, PT, 0x8, 0x0 ;                  /* 0x000000000000781c */
                                                                                             /* 0x000fe40003f0e170 */
        /*1170*/                   IADD3 R29, R2, -0xc00, RZ ;                               /* 0xfffff400021d7810 */
                                                                                             /* 0x000fe40007ffe0ff */
        /*1180*/                   IADD3 R6, R4.reuse, 0x100, RZ ;                           /* 0x0000010004067810 */
                                                                                             /* 0x040fe20007ffe0ff */
        /*1190*/                   IMAD.MOV.U32 R31, RZ, RZ, 0x4 ;                           /* 0x00000004ff1f7424 */
                                                                                             /* 0x000fe200078e00ff */
        /*11a0*/                   IADD3 R8, R4.reuse, 0x200, RZ ;                           /* 0x0000020004087810 */
                                                                                             /* 0x040fe40007ffe0ff */
        /*11b0*/                   IADD3 R10, R4, 0x300, RZ ;                                /* 0x00000300040a7810 */
                                                                                             /* 0x000fe20007ffe0ff */
        /*11c0*/                   IMAD.WIDE.U32 R6, R6, R31, c[0x0][0x160] ;                /* 0x0000580006067625 */
                                                                                             /* 0x000fe200078e001f */
        /*11d0*/                   IADD3 R12, R4, 0x400, RZ ;                                /* 0x00000400040c7810 */
                                                                                             /* 0x000fc60007ffe0ff */
        /*11e0*/                   IMAD.WIDE.U32 R16, R4.reuse, R31.reuse, c[0x0][0x160] ;   /* 0x0000580004107625 */
                                                                                             /* 0x0c0fe200078e001f */
        /*11f0*/                   IADD3 R14, R4, 0x500, RZ ;                                /* 0x00000500040e7810 */
                                                                                             /* 0x000fe20007ffe0ff */
        /*1200*/                   LDG.E.CONSTANT R18, [R6.64] ;                             /* 0x0000000406127981 */
                                                                                             /* 0x0000a4000c1e9900 */
        /*1210*/                   IMAD.WIDE.U32 R8, R8, R31.reuse, c[0x0][0x160] ;          /* 0x0000580008087625 */
                                                                                             /* 0x080fe400078e001f */
        /*1220*/                   LDG.E.CONSTANT R30, [R16.64] ;                            /* 0x00000004101e7981 */
                                                                                             /* 0x0002a4000c1e9900 */
        /*1230*/                   IMAD.WIDE.U32 R10, R10, R31.reuse, c[0x0][0x160] ;        /* 0x000058000a0a7625 */
                                                                                             /* 0x080fe200078e001f */
        /*1240*/                   IADD3 R22, R4.reuse, 0x700, RZ ;                          /* 0x0000070004167810 */
                                                                                             /* 0x040fe20007ffe0ff */
        /*1250*/                   LDG.E.CONSTANT R5, [R8.64] ;                              /* 0x0000000408057981 */
                                                                                             /* 0x000722000c1e9900 */
        /*1260*/                   IADD3 R6, R4, 0x600, RZ ;                                 /* 0x0000060004067810 */
                                                                                             /* 0x001fe20007ffe0ff */
        /*1270*/                   IMAD.WIDE.U32 R12, R12, R31, c[0x0][0x160] ;              /* 0x000058000c0c7625 */
                                                                                             /* 0x000fc400078e001f */
        /*1280*/                   LDG.E.CONSTANT R19, [R10.64] ;                            /* 0x000000040a137981 */
                                                                                             /* 0x000124000c1e9900 */
        /*1290*/                   IMAD.WIDE.U32 R14, R14, R31.reuse, c[0x0][0x160] ;        /* 0x000058000e0e7625 */
                                                                                             /* 0x080fe200078e001f */
        /*12a0*/                   IADD3 R23, R4.reuse, 0x800, RZ ;                          /* 0x0000080004177810 */
                                                                                             /* 0x040fe20007ffe0ff */
        /*12b0*/                   LDG.E.CONSTANT R20, [R12.64] ;                            /* 0x000000040c147981 */
                                                                                             /* 0x000122000c1e9900 */
        /*12c0*/                   IADD3 R24, R4, 0x900, RZ ;                                /* 0x0000090004187810 */
                                                                                             /* 0x000fe20007ffe0ff */
        /*12d0*/                   IMAD.WIDE.U32 R6, R6, R31.reuse, c[0x0][0x160] ;          /* 0x0000580006067625 */
                                                                                             /* 0x080fe200078e001f */
        /*12e0*/                   IADD3 R25, R4, 0xa00, RZ ;                                /* 0x00000a0004197810 */
                                                                                             /* 0x000fe20007ffe0ff */
        /*12f0*/                   LDG.E.CONSTANT R21, [R14.64] ;                            /* 0x000000040e157981 */
                                                                                             /* 0x000124000c1e9900 */
        /*1300*/                   IMAD.WIDE.U32 R16, R22, R31.reuse, c[0x0][0x160] ;        /* 0x0000580016107625 */
                                                                                             /* 0x082fe200078e001f */
        /*1310*/                   IADD3 R26, R4.reuse, 0xc00, RZ ;                          /* 0x00000c00041a7810 */
                                                                                             /* 0x040fe20007ffe0ff */
        /*1320*/                   LDG.E.CONSTANT R22, [R6.64] ;                             /* 0x0000000406167981 */
                                                                                             /* 0x000324000c1e9900 */
        /*1330*/                   IMAD.WIDE.U32 R8, R23, R31.reuse, c[0x0][0x160] ;         /* 0x0000580017087625 */
                                                                                             /* 0x088fe200078e001f */
        /*1340*/                   IADD3 R27, R4.reuse, 0xd00, RZ ;                          /* 0x00000d00041b7810 */
                                                                                             /* 0x040fe20007ffe0ff */
        /*1350*/                   LDG.E.CONSTANT R23, [R16.64] ;                            /* 0x0000000410177981 */
                                                                                             /* 0x000722000c1e9900 */
        /*1360*/                   IADD3 R14, R4, 0xb00, RZ ;                                /* 0x00000b00040e7810 */
                                                                                             /* 0x001fe20007ffe0ff */
        /*1370*/                   IMAD.WIDE.U32 R10, R24, R31.reuse, c[0x0][0x160] ;        /* 0x00005800180a7625 */
                                                                                             /* 0x080fe200078e001f */
        /*1380*/                   IADD3 R28, R4, 0xf00, RZ ;                                /* 0x00000f00041c7810 */
                                                                                             /* 0x000fe20007ffe0ff */
        /*1390*/                   LDG.E.CONSTANT R24, [R8.64] ;                             /* 0x0000000408187981 */
                                                                                             /* 0x000124000c1e9900 */
        /*13a0*/                   IMAD.WIDE.U32 R12, R25, R31, c[0x0][0x160] ;              /* 0x00005800190c7625 */
                                                                                             /* 0x000fc400078e001f */
        /*13b0*/                   LDG.E.CONSTANT R25, [R10.64] ;                            /* 0x000000040a197981 */
                                                                                             /* 0x000124000c1e9900 */
        /*13c0*/                   IMAD.WIDE.U32 R14, R14, R31.reuse, c[0x0][0x160] ;        /* 0x000058000e0e7625 */
                                                                                             /* 0x080fe400078e001f */
        /*13d0*/                   LDG.E.CONSTANT R12, [R12.64] ;                            /* 0x000000040c0c7981 */
                                                                                             /* 0x000f24000c1e9900 */
        /*13e0*/                   IMAD.WIDE.U32 R6, R26, R31.reuse, c[0x0][0x160] ;         /* 0x000058001a067625 */
                                                                                             /* 0x082fe200078e001f */
        /*13f0*/                   IADD3 R26, R4, 0xe00, RZ ;                                /* 0x00000e00041a7810 */
                                                                                             /* 0x000fe20007ffe0ff */
        /*1400*/                   LDG.E.CONSTANT R14, [R14.64] ;                            /* 0x000000040e0e7981 */
                                                                                             /* 0x000f24000c1e9900 */
        /*1410*/                   IMAD.WIDE.U32 R16, R27, R31, c[0x0][0x160] ;              /* 0x000058001b107625 */
                                                                                             /* 0x008fc400078e001f */
        /*1420*/                   LDG.E.CONSTANT R6, [R6.64] ;                              /* 0x0000000406067981 */
                                                                                             /* 0x000ee4000c1e9900 */
        /*1430*/                   IMAD.WIDE.U32 R8, R26, R31.reuse, c[0x0][0x160] ;         /* 0x000058001a087625 */
                                                                                             /* 0x081fe400078e001f */
        /*1440*/                   LDG.E.CONSTANT R16, [R16.64] ;                            /* 0x0000000410107981 */
                                                                                             /* 0x000ee4000c1e9900 */
        /*1450*/                   IMAD.WIDE.U32 R10, R28, R31, c[0x0][0x160] ;              /* 0x000058001c0a7625 */
                                                                                             /* 0x000fe400078e001f */
        /*1460*/                   LDG.E.CONSTANT R8, [R8.64] ;                              /* 0x0000000408087981 */
                                                                                             /* 0x000ee8000c1e9900 */
        /*1470*/                   LDG.E.CONSTANT R10, [R10.64] ;                            /* 0x000000040a0a7981 */
                                                                                             /* 0x000ee2000c1e9900 */
        /*1480*/                   IADD3 R4, R4, 0x1000, RZ ;                                /* 0x0000100004047810 */
                                                                                             /* 0x000fc80007ffe0ff */
        /*1490*/                   ISETP.GE.AND P1, PT, R4, R29, PT ;                        /* 0x0000001d0400720c */
                                                                                             /* 0x000fe40003f26270 */
        /*14a0*/                   IADD3 R18, R18, R30, R3 ;                                 /* 0x0000001e12127210 */
                                                                                             /* 0x024fc80007ffe003 */
        /*14b0*/                   IADD3 R5, R19, R5, R18 ;                                  /* 0x0000000513057210 */
                                                                                             /* 0x010fc80007ffe012 */
        /*14c0*/                   IADD3 R5, R21, R20, R5 ;                                  /* 0x0000001415057210 */
                                                                                             /* 0x000fc80007ffe005 */
        /*14d0*/                   IADD3 R5, R23, R22, R5 ;                                  /* 0x0000001617057210 */
                                                                                             /* 0x000fc80007ffe005 */
        /*14e0*/                   IADD3 R5, R25, R24, R5 ;                                  /* 0x0000001819057210 */
                                                                                             /* 0x000fc80007ffe005 */
        /*14f0*/                   IADD3 R5, R14, R12, R5 ;                                  /* 0x0000000c0e057210 */
                                                                                             /* 0x000fc80007ffe005 */
        /*1500*/                   IADD3 R5, R16, R6, R5 ;                                   /* 0x0000000610057210 */
                                                                                             /* 0x008fc80007ffe005 */
        /*1510*/                   IADD3 R3, R10, R8, R5 ;                                   /* 0x000000080a037210 */
                                                                                             /* 0x000fe20007ffe005 */
        /*1520*/              @!P1 BRA 0x1180 ;                                              /* 0xfffffc5000009947 */
                                                                                             /* 0x000fea000383ffff */
        /*1530*/                   BSYNC B2 ;                                                /* 0x0000000000027941 */
                                                                                             /* 0x000fea0003800000 */
        /*1540*/                   IADD3 R5, -R4, c[0x0][0x170], RZ ;                        /* 0x00005c0004057a10 */
                                                                                             /* 0x000fe20007ffe1ff */
        /*1550*/                   BSSY B2, 0x1770 ;                                         /* 0x0000021000027945 */
                                                                                             /* 0x000fe60003800000 */
        /*1560*/                   ISETP.GT.AND P1, PT, R5, 0x400, PT ;                      /* 0x000004000500780c */
                                                                                             /* 0x000fda0003f24270 */
        /*1570*/              @!P1 BRA 0x1760 ;                                              /* 0x000001e000009947 */
                                                                                             /* 0x000fea0003800000 */
        /*1580*/                   IADD3 R8, R4.reuse, 0x100, RZ ;                           /* 0x0000010004087810 */
                                                                                             /* 0x040fe20007ffe0ff */
        /*1590*/                   IMAD.MOV.U32 R21, RZ, RZ, 0x4 ;                           /* 0x00000004ff157424 */
                                                                                             /* 0x000fe200078e00ff */
        /*15a0*/                   IADD3 R10, R4.reuse, 0x200, RZ ;                          /* 0x00000200040a7810 */
                                                                                             /* 0x040fe40007ffe0ff */
        /*15b0*/                   IADD3 R12, R4, 0x300, RZ ;                                /* 0x00000300040c7810 */
                                                                                             /* 0x000fe20007ffe0ff */
        /*15c0*/                   IMAD.WIDE.U32 R8, R8, R21, c[0x0][0x160] ;                /* 0x0000580008087625 */
                                                                                             /* 0x000fe200078e0015 */
        /*15d0*/                   IADD3 R14, R4, 0x400, RZ ;                                /* 0x00000400040e7810 */
                                                                                             /* 0x000fc60007ffe0ff */
        /*15e0*/                   IMAD.WIDE.U32 R6, R4.reuse, R21.reuse, c[0x0][0x160] ;    /* 0x0000580004067625 */
                                                                                             /* 0x0c0fe200078e0015 */
        /*15f0*/                   IADD3 R16, R4, 0x500, RZ ;                                /* 0x0000050004107810 */
                                                                                             /* 0x000fe20007ffe0ff */
        /*1600*/                   LDG.E.CONSTANT R5, [R8.64] ;                              /* 0x0000000408057981 */
                                                                                             /* 0x0000a4000c1e9900 */
        /*1610*/                   IMAD.WIDE.U32 R10, R10, R21.reuse, c[0x0][0x160] ;        /* 0x000058000a0a7625 */
                                                                                             /* 0x080fe200078e0015 */
        /*1620*/                   IADD3 R19, R4, 0x600, RZ ;                                /* 0x0000060004137810 */
                                                                                             /* 0x000fe20007ffe0ff */
        /*1630*/                   LDG.E.CONSTANT R18, [R6.64] ;                             /* 0x0000000406127981 */
                                                                                             /* 0x0002a4000c1e9900 */
        /*1640*/                   IMAD.WIDE.U32 R12, R12, R21.reuse, c[0x0][0x160] ;        /* 0x000058000c0c7625 */
                                                                                             /* 0x080fe200078e0015 */
        /*1650*/                   IADD3 R20, R4, 0x700, RZ ;                                /* 0x0000070004147810 */
                                                                                             /* 0x000fe20007ffe0ff */
        /*1660*/                   LDG.E.CONSTANT R10, [R10.64] ;                            /* 0x000000040a0a7981 */
                                                                                             /* 0x000ee4000c1e9900 */
        /*1670*/                   IMAD.WIDE.U32 R14, R14, R21, c[0x0][0x160] ;              /* 0x000058000e0e7625 */
                                                                                             /* 0x000fc400078e0015 */
        /*1680*/                   LDG.E.CONSTANT R12, [R12.64] ;                            /* 0x000000040c0c7981 */
                                                                                             /* 0x000ee4000c1e9900 */
        /*1690*/                   IMAD.WIDE.U32 R16, R16, R21.reuse, c[0x0][0x160] ;        /* 0x0000580010107625 */
                                                                                             /* 0x080fe400078e0015 */
        /*16a0*/                   LDG.E.CONSTANT R14, [R14.64] ;                            /* 0x000000040e0e7981 */
                                                                                             /* 0x000f24000c1e9900 */
        /*16b0*/                   IMAD.WIDE.U32 R8, R19, R21.reuse, c[0x0][0x160] ;         /* 0x0000580013087625 */
                                                                                             /* 0x081fe400078e0015 */
        /*16c0*/                   LDG.E.CONSTANT R16, [R16.64] ;                            /* 0x0000000410107981 */
                                                                                             /* 0x000f24000c1e9900 */
        /*16d0*/                   IMAD.WIDE.U32 R6, R20, R21, c[0x0][0x160] ;               /* 0x0000580014067625 */
                                                                                             /* 0x002fc400078e0015 */
        /*16e0*/                   LDG.E.CONSTANT R8, [R8.64] ;                              /* 0x0000000408087981 */
                                                                                             /* 0x000f28000c1e9900 */
        /*16f0*/                   LDG.E.CONSTANT R6, [R6.64] ;                              /* 0x0000000406067981 */
                                                                                             /* 0x000f22000c1e9900 */
        /*1700*/                   PLOP3.LUT P0, PT, PT, PT, PT, 0x8, 0x0 ;                  /* 0x000000000000781c */
                                                                                             /* 0x000fe40003f0e170 */
        /*1710*/                   IADD3 R4, R4, 0x800, RZ ;                                 /* 0x0000080004047810 */
                                                                                             /* 0x000fe40007ffe0ff */
        /*1720*/                   IADD3 R5, R5, R18, R3 ;                                   /* 0x0000001205057210 */
                                                                                             /* 0x024fc80007ffe003 */
        /*1730*/                   IADD3 R5, R12, R10, R5 ;                                  /* 0x0000000a0c057210 */
                                                                                             /* 0x008fc80007ffe005 */
        /*1740*/                   IADD3 R5, R16, R14, R5 ;                                  /* 0x0000000e10057210 */
                                                                                             /* 0x010fc80007ffe005 */
        /*1750*/                   IADD3 R3, R6, R8, R5 ;                                    /* 0x0000000806037210 */
                                                                                             /* 0x000fe40007ffe005 */
        /*1760*/                   BSYNC B2 ;                                                /* 0x0000000000027941 */
                                                                                             /* 0x000fea0003800000 */
        /*1770*/                   ISETP.LT.OR P0, PT, R4, c[0x0][0x170], P0 ;               /* 0x00005c0004007a0c */
                                                                                             /* 0x000fda0000701670 */
        /*1780*/              @!P0 BRA 0x1870 ;                                              /* 0x000000e000008947 */
                                                                                             /* 0x000fea0003800000 */
        /*1790*/                   IADD3 R6, R4.reuse, 0x100, RZ ;                           /* 0x0000010004067810 */
                                                                                             /* 0x040fe20007ffe0ff */
        /*17a0*/                   IMAD.MOV.U32 R11, RZ, RZ, 0x4 ;                           /* 0x00000004ff0b7424 */
                                                                                             /* 0x000fe200078e00ff */
        /*17b0*/                   IADD3 R8, R4.reuse, 0x200, RZ ;                           /* 0x0000020004087810 */
                                                                                             /* 0x040fe40007ffe0ff */
        /*17c0*/                   IADD3 R10, R4, 0x300, RZ ;                                /* 0x00000300040a7810 */
                                                                                             /* 0x000fe20007ffe0ff */
        /*17d0*/                   IMAD.WIDE.U32 R6, R6, R11, c[0x0][0x160] ;                /* 0x0000580006067625 */
                                                                                             /* 0x000fc800078e000b */
        /*17e0*/                   IMAD.WIDE.U32 R4, R4, R11.reuse, c[0x0][0x160] ;          /* 0x0000580004047625 */
                                                                                             /* 0x080fe400078e000b */
        /*17f0*/                   LDG.E.CONSTANT R6, [R6.64] ;                              /* 0x0000000406067981 */
                                                                                             /* 0x000ea4000c1e9900 */
        /*1800*/                   IMAD.WIDE.U32 R8, R8, R11.reuse, c[0x0][0x160] ;          /* 0x0000580008087625 */
                                                                                             /* 0x080fe400078e000b */
        /*1810*/                   LDG.E.CONSTANT R4, [R4.64] ;                              /* 0x0000000404047981 */
                                                                                             /* 0x000ea4000c1e9900 */
        /*1820*/                   IMAD.WIDE.U32 R10, R10, R11, c[0x0][0x160] ;              /* 0x000058000a0a7625 */
                                                                                             /* 0x000fe400078e000b */
        /*1830*/                   LDG.E.CONSTANT R8, [R8.64] ;                              /* 0x0000000408087981 */
                                                                                             /* 0x000ee8000c1e9900 */
        /*1840*/                   LDG.E.CONSTANT R10, [R10.64] ;                            /* 0x000000040a0a7981 */
                                                                                             /* 0x000ee2000c1e9900 */
        /*1850*/                   IADD3 R3, R6, R4, R3 ;                                    /* 0x0000000406037210 */
                                                                                             /* 0x024fc80007ffe003 */
        /*1860*/                   IADD3 R3, R10, R8, R3 ;                                   /* 0x000000080a037210 */
                                                                                             /* 0x008fe40007ffe003 */
        /*1870*/                   BSYNC B1 ;                                                /* 0x0000000000017941 */
                                                                                             /* 0x000fea0003800000 */
        /*1880*/                   S2R R5, SR_LANEID ;                                       /* 0x0000000000057919 */
                                                                                             /* 0x000e620000000000 */
        /*1890*/                   ISETP.GT.AND P0, PT, R2, 0xff, PT ;                       /* 0x000000ff0200780c */
                                                                                             /* 0x000fe40003f04270 */
        /*18a0*/                   SHF.R.S32.HI R7, RZ, 0x1f, R0 ;                           /* 0x0000001fff077819 */
                                                                                             /* 0x001fc80000011400 */
        /*18b0*/                   LEA.HI R7, R7, R0, RZ, 0x5 ;                              /* 0x0000000007077211 */
                                                                                             /* 0x000fc800078f28ff */
        /*18c0*/                   SHF.R.S32.HI R6, RZ, 0x5, R7 ;                            /* 0x00000005ff067819 */
                                                                                             /* 0x000fc60000011407 */
        /*18d0*/               @P0 BRA 0x1b10 ;                                              /* 0x0000023000000947 */
                                                                                             /* 0x000fea0003800000 */
        /*18e0*/                   LEA R7, R6.reuse, 0x20, 0x5 ;                             /* 0x0000002006077811 */
                                                                                             /* 0x040fe200078e28ff */
        /*18f0*/                   IMAD R4, R6, -0x20, R2 ;                                  /* 0xffffffe006047824 */
                                                                                             /* 0x000fc600078e0202 */
        /*1900*/                   ISETP.GT.AND P0, PT, R7, c[0x0][0x170], PT ;              /* 0x00005c0007007a0c */
                                                                                             /* 0x000fc80003f04270 */
        /*1910*/                   SEL R4, R4, 0x20, P0 ;                                    /* 0x0000002004047807 */
                                                                                             /* 0x000fc80000000000 */
        /*1920*/                   ISETP.GE.AND P0, PT, R5, R4, PT ;                         /* 0x000000040500720c */
                                                                                             /* 0x002fc80003f06270 */
        /*1930*/                   SEL R3, R3, RZ, !P0 ;                                     /* 0x000000ff03037207 */
                                                                                             /* 0x020fe40004000000 */
        /*1940*/                   ISETP.NE.AND P0, PT, R5, RZ, PT ;                         /* 0x000000ff0500720c */
                                                                                             /* 0x000fe40003f05270 */
        /*1950*/                   REDUX.SUM.S32 UR6, R3 ;                                   /* 0x00000000030673c4 */
                                                                                             /* 0x000e24000000c200 */
        /*1960*/                   IMAD.U32 R5, RZ, RZ, UR6 ;                                /* 0x00000006ff057e24 */
                                                                                             /* 0x001fd2000f8e00ff */
        /*1970*/              @!P0 STS [R6.X4+0x8], R5 ;                                     /* 0x0000080506008388 */
                                                                                             /* 0x0001e80000004800 */
        /*1980*/                   BAR.SYNC.DEFER_BLOCKING 0x0 ;                             /* 0x0000000000007b1d */
                                                                                             /* 0x000fe20000010000 */
        /*1990*/                   ISETP.NE.AND P0, PT, R0, RZ, PT ;                         /* 0x000000ff0000720c */
                                                                                             /* 0x000fda0003f05270 */
        /*19a0*/               @P0 BRA 0x4030 ;                                              /* 0x0000268000000947 */
                                                                                             /* 0x000fea0003800000 */
        /*19b0*/                   LDS.128 R8, [0x10] ;                                      /* 0x00001000ff087984 */
                                                                                             /* 0x001e220000000c00 */
        /*19c0*/                   ISETP.GT.AND P2, PT, R2.reuse, 0x40, PT ;                 /* 0x000000400200780c */
                                                                                             /* 0x040fe40003f44270 */
        /*19d0*/                   ISETP.GT.AND P1, PT, R2.reuse, 0x20, PT ;                 /* 0x000000200200780c */
                                                                                             /* 0x040fe20003f24270 */
        /*19e0*/                   LDS R0, [0xc] ;                                           /* 0x00000c00ff007984 */
                                                                                             /* 0x000e620000000800 */
        /*19f0*/                   ISETP.GT.AND P3, PT, R2, 0x80, PT ;                       /* 0x000000800200780c */
                                                                                             /* 0x000fc60003f64270 */
        /*1a00*/                   LDS.64 R6, [0x20] ;                                       /* 0x00002000ff067984 */
                                                                                             /* 0x000ea20000000a00 */
        /*1a10*/                   SEL R8, R8, RZ, P2 ;                                      /* 0x000000ff08087207 */
                                                                                             /* 0x001fe40001000000 */
        /*1a20*/                   ISETP.GT.AND P2, PT, R2, 0x60, PT ;                       /* 0x000000600200780c */
                                                                                             /* 0x000fe40003f44270 */
        /*1a30*/                   SEL R0, R0, RZ, P1 ;                                      /* 0x000000ff00007207 */
                                                                                             /* 0x002fe40000800000 */
        /*1a40*/                   SEL R9, R9, RZ, P2 ;                                      /* 0x000000ff09097207 */
                                                                                             /* 0x000fe40001000000 */
        /*1a50*/                   IADD3 R0, R8, R5, R0 ;                                    /* 0x0000000508007210 */
                                                                                             /* 0x000fe40007ffe000 */
        /*1a60*/                   ISETP.GT.AND P1, PT, R2, 0xa0, PT ;                       /* 0x000000a00200780c */
                                                                                             /* 0x000fc40003f24270 */
        /*1a70*/                   SEL R10, R10, RZ, P3 ;                                    /* 0x000000ff0a0a7207 */
                                                                                             /* 0x000fe40001800000 */
        /*1a80*/                   ISETP.GT.AND P2, PT, R2.reuse, 0xc0, PT ;                 /* 0x000000c00200780c */
                                                                                             /* 0x040fe40003f44270 */
        /*1a90*/                   ISETP.GT.AND P3, PT, R2, 0xe0, PT ;                       /* 0x000000e00200780c */
                                                                                             /* 0x000fe40003f64270 */
        /*1aa0*/                   SEL R11, R11, RZ, P1 ;                                    /* 0x000000ff0b0b7207 */
                                                                                             /* 0x000fe40000800000 */
        /*1ab0*/                   IADD3 R0, R10, R0, R9 ;                                   /* 0x000000000a007210 */
                                                                                             /* 0x000fe40007ffe009 */
        /*1ac0*/                   SEL R6, R6, RZ, P2 ;                                      /* 0x000000ff06067207 */
                                                                                             /* 0x004fc40001000000 */
        /*1ad0*/                   SEL R7, R7, RZ, P3 ;                                      /* 0x000000ff07077207 */
                                                                                             /* 0x000fe40001800000 */
        /*1ae0*/                   IADD3 R0, R6, R0, R11 ;                                   /* 0x0000000006007210 */
                                                                                             /* 0x000fca0007ffe00b */
        /*1af0*/                   IMAD.IADD R5, R0, 0x1, R7 ;                               /* 0x0000000100057824 */
                                                                                             /* 0x000fe200078e0207 */
        /*1b00*/                   BRA 0x4030 ;                                              /* 0x0000252000007947 */
                                                                                             /* 0x000fea0003800000 */
        /*1b10*/                   REDUX.SUM.S32 UR6, R3 ;                                   /* 0x00000000030673c4 */
                                                                                             /* 0x020e22000000c200 */
        /*1b20*/                   ISETP.NE.AND P0, PT, R5, RZ, PT ;                         /* 0x000000ff0500720c */
                                                                                             /* 0x002fe20003f05270 */
        /*1b30*/                   IMAD.U32 R5, RZ, RZ, UR6 ;                                /* 0x00000006ff057e24 */
                                                                                             /* 0x001fd8000f8e00ff */
        /*1b40*/              @!P0 STS [R6.X4+0x8], R5 ;                                     /* 0x0000080506008388 */
                                                                                             /* 0x0001e80000004800 */
        /*1b50*/                   BAR.SYNC.DEFER_BLOCKING 0x0 ;                             /* 0x0000000000007b1d */
                                                                                             /* 0x000fe20000010000 */
        /*1b60*/                   ISETP.NE.AND P0, PT, R0, RZ, PT ;                         /* 0x000000ff0000720c */
                                                                                             /* 0x000fda0003f05270 */
        /*1b70*/               @P0 BRA 0x4030 ;                                              /* 0x000024b000000947 */
                                                                                             /* 0x000fea0003800000 */
        /*1b80*/                   LDS R0, [0xc] ;                                           /* 0x00000c00ff007984 */
                                                                                             /* 0x001fe80000000800 */
        /*1b90*/                   LDS.128 R8, [0x10] ;                                      /* 0x00001000ff087984 */
                                                                                             /* 0x000e280000000c00 */
        /*1ba0*/                   LDS.64 R2, [0x20] ;                                       /* 0x00002000ff027984 */
                                                                                             /* 0x000e620000000a00 */
        /*1bb0*/                   IADD3 R0, R8, R0, R5 ;                                    /* 0x0000000008007210 */
                                                                                             /* 0x001fc80007ffe005 */
        /*1bc0*/                   IADD3 R0, R10, R9, R0 ;                                   /* 0x000000090a007210 */
                                                                                             /* 0x000fc80007ffe000 */
        /*1bd0*/                   IADD3 R0, R2, R11, R0 ;                                   /* 0x0000000b02007210 */
                                                                                             /* 0x002fca0007ffe000 */
        /*1be0*/                   IMAD.IADD R5, R0, 0x1, R3 ;                               /* 0x0000000100057824 */
                                                                                             /* 0x000fe200078e0203 */
        /*1bf0*/                   BRA 0x4030 ;                                              /* 0x0000243000007947 */
                                                                                             /* 0x000fea0003800000 */
        /*1c00*/                   IMAD.MOV.U32 R68, RZ, RZ, c[0x0][0x170] ;                 /* 0x00005c00ff447624 */
                                                                                             /* 0x000fca00078e00ff */
        /*1c10*/                   ISETP.GE.U32.AND P0, PT, R68, 0x1000, PT ;                /* 0x000010004400780c */
                                                                                             /* 0x000fda0003f06070 */
        /*1c20*/              @!P0 BRA 0x2930 ;                                              /* 0x00000d0000008947 */
                                                                                             /* 0x000fea0003800000 */
        /*1c30*/                   IMAD.SHL.U32 R6, R0, 0x4, RZ ;                            /* 0x0000000400067824 */
                                                                                             /* 0x001fe400078e00ff */
        /*1c40*/                   IMAD.MOV.U32 R7, RZ, RZ, 0x4 ;                            /* 0x00000004ff077424 */
                                                                                             /* 0x000fc800078e00ff */
        /*1c50*/                   IMAD.WIDE.U32 R6, R6, R7, c[0x0][0x160] ;                 /* 0x0000580006067625 */
                                                                                             /* 0x000fca00078e0007 */
        /*1c60*/                   LDG.E.128.CONSTANT R8, [R6.64] ;                          /* 0x0000000406087981 */
                                                                                             /* 0x000ea8000c1e9d00 */
        /*1c70*/                   LDG.E.128.CONSTANT R12, [R6.64+0x1000] ;                  /* 0x00100004060c7981 */
                                                                                             /* 0x000ee8000c1e9d00 */
        /*1c80*/                   LDG.E.128.CONSTANT R16, [R6.64+0x2000] ;                  /* 0x0020000406107981 */
                                                                                             /* 0x000f28000c1e9d00 */
        /*1c90*/                   LDG.E.128.CONSTANT R20, [R6.64+0x3000] ;                  /* 0x0030000406147981 */
                                                                                             /* 0x000f62000c1e9d00 */
        /*1ca0*/                   IADD3 R68, R68, -0x1000, RZ ;                             /* 0xfffff00044447810 */
                                                                                             /* 0x000fe20007ffe0ff */
        /*1cb0*/                   IMAD.MOV.U32 R5, RZ, RZ, 0x1000 ;                         /* 0x00001000ff057424 */
                                                                                             /* 0x000fc600078e00ff */
        /*1cc0*/                   ISETP.GE.U32.AND P0, PT, R68, 0x1000, PT ;                /* 0x000010004400780c */
                                                                                             /* 0x000fe40003f06070 */
        /*1cd0*/                   IADD3 R9, R10, R9, R8 ;                                   /* 0x000000090a097210 */
                                                                                             /* 0x004fc80007ffe008 */
        /*1ce0*/                   IADD3 R9, R12, R11, R9 ;                                  /* 0x0000000b0c097210 */
                                                                                             /* 0x008fc80007ffe009 */
        /*1cf0*/                   IADD3 R9, R14, R13, R9 ;                                  /* 0x0000000d0e097210 */
                                                                                             /* 0x000fc80007ffe009 */
        /*1d00*/                   IADD3 R9, R16, R15, R9 ;                                  /* 0x0000000f10097210 */
                                                                                             /* 0x010fc80007ffe009 */
        /*1d10*/                   IADD3 R9, R18, R17, R9 ;                                  /* 0x0000001112097210 */
                                                                                             /* 0x000fc80007ffe009 */
        /*1d20*/                   IADD3 R9, R20, R19, R9 ;                                  /* 0x0000001314097210 */
                                                                                             /* 0x020fc80007ffe009 */
        /*1d30*/                   IADD3 R9, R22, R21, R9 ;                                  /* 0x0000001516097210 */
                                                                                             /* 0x000fca0007ffe009 */
        /*1d40*/                   IMAD.IADD R3, R23, 0x1, R9 ;                              /* 0x0000000117037824 */
                                                                                             /* 0x000fe200078e0209 */
        /*1d50*/              @!P0 BRA 0x1eb0 ;                                              /* 0x0000015000008947 */
                                                                                             /* 0x000fea0003800000 */
        /*1d60*/                   IMAD.MOV.U32 R5, RZ, RZ, 0x1000 ;                         /* 0x00001000ff057424 */
                                                                                             /* 0x000fe400078e00ff */
        /*1d70*/                   IMAD.MOV.U32 R2, RZ, RZ, R68 ;                            /* 0x000000ffff027224 */
                                                                                             /* 0x000fe400078e0044 */
        /*1d80*/                   IMAD.WIDE.U32 R8, R5, 0x4, R6 ;                           /* 0x0000000405087825 */
                                                                                             /* 0x000fca00078e0006 */
        /*1d90*/                   LDG.E.128.CONSTANT R12, [R8.64] ;                         /* 0x00000004080c7981 */
                                                                                             /* 0x000ea8000c1e9d00 */
        /*1da0*/                   LDG.E.128.CONSTANT R16, [R8.64+0x1000] ;                  /* 0x0010000408107981 */
                                                                                             /* 0x000ee8000c1e9d00 */
        /*1db0*/                   LDG.E.128.CONSTANT R20, [R8.64+0x2000] ;                  /* 0x0020000408147981 */
                                                                                             /* 0x000f28000c1e9d00 */
        /*1dc0*/                   LDG.E.128.CONSTANT R24, [R8.64+0x3000] ;                  /* 0x0030000408187981 */
                                                                                             /* 0x000f62000c1e9d00 */
        /*1dd0*/                   ISETP.GE.U32.AND P0, PT, R2, 0x1000, PT ;                 /* 0x000010000200780c */
                                                                                             /* 0x000fc40003f06070 */
        /*1de0*/                   IADD3 R3, R13, R12, R3 ;                                  /* 0x0000000c0d037210 */
                                                                                             /* 0x004fc80007ffe003 */
        /*1df0*/                   IADD3 R3, R15, R14, R3 ;                                  /* 0x0000000e0f037210 */
                                                                                             /* 0x000fc80007ffe003 */
        /*1e00*/                   IADD3 R3, R17, R16, R3 ;                                  /* 0x0000001011037210 */
                                                                                             /* 0x008fc80007ffe003 */
        /*1e10*/                   IADD3 R3, R19, R18, R3 ;                                  /* 0x0000001213037210 */
                                                                                             /* 0x000fc80007ffe003 */
        /*1e20*/                   IADD3 R3, R21, R20, R3 ;                                  /* 0x0000001415037210 */
                                                                                             /* 0x010fc80007ffe003 */
        /*1e30*/                   IADD3 R3, R23, R22, R3 ;                                  /* 0x0000001617037210 */
                                                                                             /* 0x000fc80007ffe003 */
        /*1e40*/                   IADD3 R3, R25, R24, R3 ;                                  /* 0x0000001819037210 */
                                                                                             /* 0x020fc80007ffe003 */
        /*1e50*/                   IADD3 R3, R27, R26, R3 ;                                  /* 0x0000001a1b037210 */
                                                                                             /* 0x000fe20007ffe003 */
        /*1e60*/              @!P0 BRA 0x2800 ;                                              /* 0x0000099000008947 */
                                                                                             /* 0x000fea0003800000 */
        /*1e70*/                   IADD3 R5, R5, 0x1000, RZ ;                                /* 0x0000100005057810 */
                                                                                             /* 0x000fe40007ffe0ff */
        /*1e80*/                   IADD3 R2, R2, -0x1000, RZ ;                               /* 0xfffff00002027810 */
                                                                                             /* 0x000fe40007ffe0ff */
        /*1e90*/                   ISETP.GT.U32.AND P0, PT, R5, R68, PT ;                    /* 0x000000440500720c */
                                                                                             /* 0x000fda0003f04070 */
        /*1ea0*/              @!P0 BRA 0x1d80 ;                                              /* 0xfffffed000008947 */
                                                                                             /* 0x000fea000383ffff */
        /*1eb0*/                   ISETP.GE.U32.AND P0, PT, R5, c[0x0][0x170], PT ;          /* 0x00005c0005007a0c */
                                                                                             /* 0x000fda0003f06070 */
        /*1ec0*/               @P0 BRA 0x2800 ;                                              /* 0x0000093000000947 */
                                                                                             /* 0x000fea0003800000 */
        /*1ed0*/                   IADD3 R7, -R5, c[0x0][0x170], RZ ;                        /* 0x00005c0005077a10 */
                                                                                             /* 0x000fe20007ffe1ff */
        /*1ee0*/                   BSSY B1, 0x2800 ;                                         /* 0x0000091000017945 */
                                                                                             /* 0x000fe60003800000 */
        /*1ef0*/                   ISETP.GE.AND P0, PT, R0, R7, PT ;                         /* 0x000000070000720c */
                                                                                             /* 0x000fda0003f06270 */
        /*1f00*/               @P0 BRA 0x27f0 ;                                              /* 0x000008e000000947 */
                                                                                             /* 0x000fea0003800000 */
        /*1f10*/                   LOP3.LUT R2, RZ, R0, RZ, 0x33, !PT ;                      /* 0x00000000ff027212 */
                                                                                             /* 0x000fe200078e33ff */
        /*1f20*/                   BSSY B2, 0x2050 ;                                         /* 0x0000012000027945 */
                                                                                             /* 0x000fe60003800000 */
        /*1f30*/                   IADD3 R4, -R5, c[0x0][0x170], R2 ;                        /* 0x00005c0005047a10 */
                                                                                             /* 0x000fc80007ffe102 */
        /*1f40*/                   LEA.HI R2, R4.reuse, 0x1, RZ, 0x18 ;                      /* 0x0000000104027811 */
                                                                                             /* 0x040fe400078fc0ff */
        /*1f50*/                   ISETP.GE.U32.AND P1, PT, R4, 0x300, PT ;                  /* 0x000003000400780c */
                                                                                             /* 0x000fe20003f26070 */
        /*1f60*/                   IMAD.MOV.U32 R4, RZ, RZ, R0 ;                             /* 0x000000ffff047224 */
                                                                                             /* 0x000fe200078e0000 */
        /*1f70*/                   LOP3.LUT P0, R2, R2, 0x3, RZ, 0xc0, !PT ;                 /* 0x0000000302027812 */
                                                                                             /* 0x000fda000780c0ff */
        /*1f80*/              @!P0 BRA 0x2040 ;                                              /* 0x000000b000008947 */
                                                                                             /* 0x000fea0003800000 */
        /*1f90*/                   IMAD.IADD R6, R0, 0x1, R5 ;                               /* 0x0000000100067824 */
                                                                                             /* 0x000fe400078e0205 */
        /*1fa0*/                   IMAD.MOV.U32 R4, RZ, RZ, R0 ;                             /* 0x000000ffff047224 */
                                                                                             /* 0x000fe400078e0000 */
        /*1fb0*/                   IMAD.MOV.U32 R9, RZ, RZ, 0x4 ;                            /* 0x00000004ff097424 */
                                                                                             /* 0x000fc800078e00ff */
        /*1fc0*/                   IMAD.WIDE.U32 R8, R6, R9, c[0x0][0x160] ;                 /* 0x0000580006087625 */
                                                                                             /* 0x000fcc00078e0009 */
        /*1fd0*/                   LDG.E.CONSTANT R8, [R8.64] ;                              /* 0x0000000408087981 */
                                                                                             /* 0x000ea2000c1e9900 */
        /*1fe0*/                   IADD3 R2, R2, -0x1, RZ ;                                  /* 0xffffffff02027810 */
                                                                                             /* 0x000fe40007ffe0ff */
        /*1ff0*/                   IADD3 R4, R4, 0x100, RZ ;                                 /* 0x0000010004047810 */
                                                                                             /* 0x000fe40007ffe0ff */
        /*2000*/                   ISETP.NE.AND P0, PT, R2, RZ, PT ;                         /* 0x000000ff0200720c */
                                                                                             /* 0x000fe40003f05270 */
        /*2010*/                   IADD3 R6, R6, 0x100, RZ ;                                 /* 0x0000010006067810 */
                                                                                             /* 0x000fe20007ffe0ff */
        /*2020*/                   IMAD.IADD R3, R8, 0x1, R3 ;                               /* 0x0000000108037824 */
                                                                                             /* 0x004fd400078e0203 */
        /*2030*/               @P0 BRA 0x1fb0 ;                                              /* 0xffffff7000000947 */
                                                                                             /* 0x000fea000383ffff */
        /*2040*/                   BSYNC B2 ;                                                /* 0x0000000000027941 */
                                                                                             /* 0x000fea0003800000 */
        /*2050*/              @!P1 BRA 0x27f0 ;                                              /* 0x0000079000009947 */
                                                                                             /* 0x000fea0003800000 */
        /*2060*/                   IMAD.IADD R2, R7, 0x1, -R4 ;                              /* 0x0000000107027824 */
                                                                                             /* 0x000fe200078e0a04 */
        /*2070*/                   BSSY B2, 0x24b0 ;                                         /* 0x0000043000027945 */
                                                                                             /* 0x000fe20003800000 */
        /*2080*/                   PLOP3.LUT P0, PT, PT, PT, PT, 0x80, 0x0 ;                 /* 0x000000000000781c */
                                                                                             /* 0x000fc60003f0f070 */
        /*2090*/                   ISETP.GT.AND P1, PT, R2, 0xc00, PT ;                      /* 0x00000c000200780c */
                                                                                             /* 0x000fe40003f24270 */
        /*20a0*/                   IADD3 R2, R4, 0x300, R5 ;                                 /* 0x0000030004027810 */
                                                                                             /* 0x000fd60007ffe005 */
        /*20b0*/              @!P1 BRA 0x24a0 ;                                              /* 0x000003e000009947 */
                                                                                             /* 0x000fea0003800000 */
        /*20c0*/                   PLOP3.LUT P0, PT, PT, PT, PT, 0x8, 0x0 ;                  /* 0x000000000000781c */
                                                                                             /* 0x000fe40003f0e170 */
        /*20d0*/                   IADD3 R9, R7, -0xc00, RZ ;                                /* 0xfffff40007097810 */
                                                                                             /* 0x000fe40007ffe0ff */
        /*20e0*/                   IADD3 R12, R2, -0x200, RZ ;                               /* 0xfffffe00020c7810 */
                                                                                             /* 0x000fe20007ffe0ff */
        /*20f0*/                   IMAD.IADD R10, R4, 0x1, R5 ;                              /* 0x00000001040a7824 */
                                                                                             /* 0x000fe200078e0205 */
        /*2100*/                   IADD3 R14, R2, -0x100, RZ ;                               /* 0xffffff00020e7810 */
                                                                                             /* 0x000fe20007ffe0ff */
        /*2110*/                   IMAD.MOV.U32 R33, RZ, RZ, 0x4 ;                           /* 0x00000004ff217424 */
                                                                                             /* 0x000fe200078e00ff */
        /*2120*/                   IADD3 R18, R5, 0x400, R4 ;                                /* 0x0000040005127810 */
                                                                                             /* 0x000fc60007ffe004 */
        /*2130*/                   IMAD.WIDE.U32 R10, R10, R33, c[0x0][0x160] ;              /* 0x000058000a0a7625 */
                                                                                             /* 0x000fe200078e0021 */
        /*2140*/                   IADD3 R20, R2, 0x200, RZ ;                                /* 0x0000020002147810 */
                                                                                             /* 0x000fc60007ffe0ff */
        /*2150*/                   IMAD.WIDE.U32 R12, R12, R33.reuse, c[0x0][0x160] ;        /* 0x000058000c0c7625 */
                                                                                             /* 0x080fe200078e0021 */
        /*2160*/                   LDG.E.CONSTANT R6, [R10.64] ;                             /* 0x000000040a067981 */
                                                                                             /* 0x0000a6000c1e9900 */
        /*2170*/                   IMAD.WIDE.U32 R14, R14, R33.reuse, c[0x0][0x160] ;        /* 0x000058000e0e7625 */
                                                                                             /* 0x080fe200078e0021 */
        /*2180*/                   LDG.E.CONSTANT R8, [R12.64] ;                             /* 0x000000040c087981 */
                                                                                             /* 0x0002a6000c1e9900 */
        /*2190*/                   IMAD.WIDE.U32 R16, R2.reuse, R33.reuse, c[0x0][0x160] ;   /* 0x0000580002107625 */
                                                                                             /* 0x0c0fe200078e0021 */
        /*21a0*/                   IADD3 R27, R2.reuse, 0x300, RZ ;                          /* 0x00000300021b7810 */
                                                                                             /* 0x040fe20007ffe0ff */
        /*21b0*/                   LDG.E.CONSTANT R23, [R14.64] ;                            /* 0x000000040e177981 */
                                                                                             /* 0x000722000c1e9900 */
        /*21c0*/                   IADD3 R24, R2, 0x400, RZ ;                                /* 0x0000040002187810 */
                                                                                             /* 0x000fe20007ffe0ff */
        /*21d0*/                   IMAD.WIDE.U32 R18, R18, R33.reuse, c[0x0][0x160] ;        /* 0x0000580012127625 */
                                                                                             /* 0x080fe200078e0021 */
        /*21e0*/                   IADD3 R30, R2, 0x700, RZ ;                                /* 0x00000700021e7810 */
                                                                                             /* 0x000fe20007ffe0ff */
        /*21f0*/                   LDG.E.CONSTANT R22, [R16.64] ;                            /* 0x0000000410167981 */
                                                                                             /* 0x000b24000c1e9900 */
        /*2200*/                   IMAD.WIDE.U32 R20, R20, R33.reuse, c[0x0][0x160] ;        /* 0x0000580014147625 */
                                                                                             /* 0x080fe200078e0021 */
        /*2210*/                   IADD3 R28, R5, 0x800, R4 ;                                /* 0x00000800051c7810 */
                                                                                             /* 0x000fe20007ffe004 */
        /*2220*/                   LDG.E.CONSTANT R25, [R18.64] ;                            /* 0x0000000412197981 */
                                                                                             /* 0x000722000c1e9900 */
        /*2230*/                   IADD3 R29, R2, 0x600, RZ ;                                /* 0x00000600021d7810 */
                                                                                             /* 0x000fe20007ffe0ff */
        /*2240*/                   IMAD.WIDE.U32 R10, R27, R33, c[0x0][0x160] ;              /* 0x000058001b0a7625 */
                                                                                             /* 0x001fc400078e0021 */
        /*2250*/                   LDG.E.CONSTANT R26, [R20.64] ;                            /* 0x00000004141a7981 */
                                                                                             /* 0x000124000c1e9900 */
        /*2260*/                   IMAD.WIDE.U32 R12, R24, R33.reuse, c[0x0][0x160] ;        /* 0x00005800180c7625 */
                                                                                             /* 0x082fe200078e0021 */
        /*2270*/                   IADD3 R31, R2, 0xa00, RZ ;                                /* 0x00000a00021f7810 */
                                                                                             /* 0x000fe20007ffe0ff */
        /*2280*/                   LDG.E.CONSTANT R27, [R10.64] ;                            /* 0x000000040a1b7981 */
                                                                                             /* 0x000324000c1e9900 */
        /*2290*/                   IMAD.WIDE.U32 R18, R30, R33.reuse, c[0x0][0x160] ;        /* 0x000058001e127625 */
                                                                                             /* 0x088fe200078e0021 */
        /*22a0*/                   IADD3 R30, R5, 0xc00, R4 ;                                /* 0x00000c00051e7810 */
                                                                                             /* 0x000fe20007ffe004 */
        /*22b0*/                   LDG.E.CONSTANT R24, [R12.64] ;                            /* 0x000000040c187981 */
                                                                                             /* 0x000722000c1e9900 */
        /*22c0*/                   IADD3 R20, R2, 0x800, RZ ;                                /* 0x0000080002147810 */
                                                                                             /* 0x001fe20007ffe0ff */
        /*22d0*/                   IMAD.WIDE.U32 R14, R28, R33.reuse, c[0x0][0x160] ;        /* 0x000058001c0e7625 */
                                                                                             /* 0x080fe200078e0021 */
        /*22e0*/                   IADD3 R32, R2, 0xb00, RZ ;                                /* 0x00000b0002207810 */
                                                                                             /* 0x000fe20007ffe0ff */
        /*22f0*/                   LDG.E.CONSTANT R19, [R18.64] ;                            /* 0x0000000412137981 */
                                                                                             /* 0x000f24000c1e9900 */
        /*2300*/                   IMAD.WIDE.U32 R16, R29, R33, c[0x0][0x160] ;              /* 0x000058001d107625 */
                                                                                             /* 0x020fc400078e0021 */
        /*2310*/                   LDG.E.CONSTANT R29, [R14.64] ;                            /* 0x000000040e1d7981 */
                                                                                             /* 0x000164000c1e9900 */
        /*2320*/                   IMAD.WIDE.U32 R20, R20, R33.reuse, c[0x0][0x160] ;        /* 0x0000580014147625 */
                                                                                             /* 0x080fe400078e0021 */
        /*2330*/                   LDG.E.CONSTANT R28, [R16.64] ;                            /* 0x00000004101c7981 */
                                                                                             /* 0x000164000c1e9900 */
        /*2340*/                   IMAD.WIDE.U32 R10, R30, R33.reuse, c[0x0][0x160] ;        /* 0x000058001e0a7625 */
                                                                                             /* 0x082fe200078e0021 */
        /*2350*/                   IADD3 R30, R2, 0xc00, RZ ;                                /* 0x00000c00021e7810 */
                                                                                             /* 0x000fe20007ffe0ff */
        /*2360*/                   LDG.E.CONSTANT R20, [R20.64] ;                            /* 0x0000000414147981 */
                                                                                             /* 0x000f64000c1e9900 */
        /*2370*/                   IMAD.WIDE.U32 R12, R31, R33, c[0x0][0x160] ;              /* 0x000058001f0c7625 */
                                                                                             /* 0x008fc400078e0021 */
        /*2380*/                   LDG.E.CONSTANT R11, [R10.64] ;                            /* 0x000000040a0b7981 */
                                                                                             /* 0x000ee4000c1e9900 */
        /*2390*/                   IMAD.WIDE.U32 R14, R32, R33.reuse, c[0x0][0x160] ;        /* 0x00005800200e7625 */
                                                                                             /* 0x081fe400078e0021 */
        /*23a0*/                   LDG.E.CONSTANT R12, [R12.64] ;                            /* 0x000000040c0c7981 */
                                                                                             /* 0x000ee4000c1e9900 */
        /*23b0*/                   IMAD.WIDE.U32 R16, R30, R33, c[0x0][0x160] ;              /* 0x000058001e107625 */
                                                                                             /* 0x000fe400078e0021 */
        /*23c0*/                   LDG.E.CONSTANT R15, [R14.64] ;                            /* 0x000000040e0f7981 */
                                                                                             /* 0x000ee8000c1e9900 */
        /*23d0*/                   LDG.E.CONSTANT R16, [R16.64] ;                            /* 0x0000000410107981 */
                                                                                             /* 0x000ee2000c1e9900 */
        /*23e0*/                   IADD3 R4, R4, 0x1000, RZ ;                                /* 0x0000100004047810 */
                                                                                             /* 0x000fc80007ffe0ff */
        /*23f0*/                   ISETP.GE.AND P1, PT, R4, R9, PT ;                         /* 0x000000090400720c */
                                                                                             /* 0x000fe40003f26270 */
        /*2400*/                   IADD3 R2, R2, 0x1000, RZ ;                                /* 0x0000100002027810 */
                                                                                             /* 0x000fe40007ffe0ff */
        /*2410*/                   IADD3 R6, R8, R6, R3 ;                                    /* 0x0000000608067210 */
                                                                                             /* 0x004fc80007ffe003 */
        /*2420*/                   IADD3 R6, R22, R23, R6 ;                                  /* 0x0000001716067210 */
                                                                                             /* 0x010fc80007ffe006 */
        /*2430*/                   IADD3 R6, R26, R25, R6 ;                                  /* 0x000000191a067210 */
                                                                                             /* 0x000fc80007ffe006 */
        /*2440*/                   IADD3 R6, R24, R27, R6 ;                                  /* 0x0000001b18067210 */
                                                                                             /* 0x000fc80007ffe006 */
        /*2450*/                   IADD3 R6, R28, R29, R6 ;                                  /* 0x0000001d1c067210 */
                                                                                             /* 0x020fc80007ffe006 */
        /*2460*/                   IADD3 R6, R20, R19, R6 ;                                  /* 0x0000001314067210 */
                                                                                             /* 0x000fc80007ffe006 */
        /*2470*/                   IADD3 R6, R12, R11, R6 ;                                  /* 0x0000000b0c067210 */
                                                                                             /* 0x008fc80007ffe006 */
        /*2480*/                   IADD3 R3, R16, R15, R6 ;                                  /* 0x0000000f10037210 */
                                                                                             /* 0x000fe20007ffe006 */
        /*2490*/              @!P1 BRA 0x20e0 ;                                              /* 0xfffffc4000009947 */
                                                                                             /* 0x000fea000383ffff */
        /*24a0*/                   BSYNC B2 ;                                                /* 0x0000000000027941 */
                                                                                             /* 0x000fea0003800000 */
        /*24b0*/                   IMAD.IADD R6, R7, 0x1, -R4 ;                              /* 0x0000000107067824 */
                                                                                             /* 0x000fe200078e0a04 */
        /*24c0*/                   BSSY B2, 0x26f0 ;                                         /* 0x0000022000027945 */
                                                                                             /* 0x000fe80003800000 */
        /*24d0*/                   ISETP.GT.AND P1, PT, R6, 0x400, PT ;                      /* 0x000004000600780c */
                                                                                             /* 0x000fda0003f24270 */
        /*24e0*/              @!P1 BRA 0x26e0 ;                                              /* 0x000001f000009947 */
                                                                                             /* 0x000fea0003800000 */
        /*24f0*/                   IADD3 R10, R2, -0x200, RZ ;                               /* 0xfffffe00020a7810 */
                                                                                             /* 0x000fe20007ffe0ff */
        /*2500*/                   IMAD.IADD R8, R4, 0x1, R5 ;                               /* 0x0000000104087824 */
                                                                                             /* 0x000fe200078e0205 */
        /*2510*/                   IADD3 R12, R2, -0x100, RZ ;                               /* 0xffffff00020c7810 */
                                                                                             /* 0x000fe20007ffe0ff */
        /*2520*/                   IMAD.MOV.U32 R23, RZ, RZ, 0x4 ;                           /* 0x00000004ff177424 */
                                                                                             /* 0x000fe200078e00ff */
        /*2530*/                   IADD3 R16, R5, 0x400, R4 ;                                /* 0x0000040005107810 */
                                                                                             /* 0x000fc60007ffe004 */
        /*2540*/                   IMAD.WIDE.U32 R8, R8, R23, c[0x0][0x160] ;                /* 0x0000580008087625 */
                                                                                             /* 0x000fe200078e0017 */
        /*2550*/                   IADD3 R18, R2, 0x200, RZ ;                                /* 0x0000020002127810 */
                                                                                             /* 0x000fc60007ffe0ff */
        /*2560*/                   IMAD.WIDE.U32 R10, R10, R23.reuse, c[0x0][0x160] ;        /* 0x000058000a0a7625 */
                                                                                             /* 0x080fe200078e0017 */
        /*2570*/                   LDG.E.CONSTANT R6, [R8.64] ;                              /* 0x0000000408067981 */
                                                                                             /* 0x0000a6000c1e9900 */
        /*2580*/                   IMAD.WIDE.U32 R12, R12, R23.reuse, c[0x0][0x160] ;        /* 0x000058000c0c7625 */
                                                                                             /* 0x080fe200078e0017 */
        /*2590*/                   LDG.E.CONSTANT R20, [R10.64] ;                            /* 0x000000040a147981 */
                                                                                             /* 0x0002a6000c1e9900 */
        /*25a0*/                   IMAD.WIDE.U32 R14, R2.reuse, R23.reuse, c[0x0][0x160] ;   /* 0x00005800020e7625 */
                                                                                             /* 0x0c0fe200078e0017 */
        /*25b0*/                   IADD3 R22, R2.reuse, 0x300, RZ ;                          /* 0x0000030002167810 */
                                                                                             /* 0x040fe20007ffe0ff */
        /*25c0*/                   LDG.E.CONSTANT R13, [R12.64] ;                            /* 0x000000040c0d7981 */
                                                                                             /* 0x000ee2000c1e9900 */
        /*25d0*/                   IADD3 R21, R2, 0x400, RZ ;                                /* 0x0000040002157810 */
                                                                                             /* 0x000fe20007ffe0ff */
        /*25e0*/                   IMAD.WIDE.U32 R16, R16, R23, c[0x0][0x160] ;              /* 0x0000580010107625 */
                                                                                             /* 0x000fc400078e0017 */
        /*25f0*/                   LDG.E.CONSTANT R14, [R14.64] ;                            /* 0x000000040e0e7981 */
                                                                                             /* 0x000ee4000c1e9900 */
        /*2600*/                   IMAD.WIDE.U32 R18, R18, R23.reuse, c[0x0][0x160] ;        /* 0x0000580012127625 */
                                                                                             /* 0x080fe400078e0017 */
        /*2610*/                   LDG.E.CONSTANT R17, [R16.64] ;                            /* 0x0000000410117981 */
                                                                                             /* 0x000f24000c1e9900 */
        /*2620*/                   IMAD.WIDE.U32 R8, R22, R23.reuse, c[0x0][0x160] ;         /* 0x0000580016087625 */
                                                                                             /* 0x081fe400078e0017 */
        /*2630*/                   LDG.E.CONSTANT R18, [R18.64] ;                            /* 0x0000000412127981 */
                                                                                             /* 0x000f24000c1e9900 */
        /*2640*/                   IMAD.WIDE.U32 R10, R21, R23, c[0x0][0x160] ;              /* 0x00005800150a7625 */
                                                                                             /* 0x002fc400078e0017 */
        /*2650*/                   LDG.E.CONSTANT R9, [R8.64] ;                              /* 0x0000000408097981 */
                                                                                             /* 0x000f68000c1e9900 */
        /*2660*/                   LDG.E.CONSTANT R10, [R10.64] ;                            /* 0x000000040a0a7981 */
                                                                                             /* 0x000f62000c1e9900 */
        /*2670*/                   PLOP3.LUT P0, PT, PT, PT, PT, 0x8, 0x0 ;                  /* 0x000000000000781c */
                                                                                             /* 0x000fe40003f0e170 */
        /*2680*/                   IADD3 R4, R4, 0x800, RZ ;                                 /* 0x0000080004047810 */
                                                                                             /* 0x000fe40007ffe0ff */
        /*2690*/                   IADD3 R2, R2, 0x800, RZ ;                                 /* 0x0000080002027810 */
                                                                                             /* 0x000fe40007ffe0ff */
        /*26a0*/                   IADD3 R6, R20, R6, R3 ;                                   /* 0x0000000614067210 */
                                                                                             /* 0x004fc80007ffe003 */
        /*26b0*/                   IADD3 R6, R14, R13, R6 ;                                  /* 0x0000000d0e067210 */
                                                                                             /* 0x008fc80007ffe006 */
        /*26c0*/                   IADD3 R6, R18, R17, R6 ;                                  /* 0x0000001112067210 */
                                                                                             /* 0x010fc80007ffe006 */
        /*26d0*/                   IADD3 R3, R10, R9, R6 ;                                   /* 0x000000090a037210 */
                                                                                             /* 0x020fe40007ffe006 */
        /*26e0*/                   BSYNC B2 ;                                                /* 0x0000000000027941 */
                                                                                             /* 0x000fea0003800000 */
        /*26f0*/                   ISETP.LT.OR P0, PT, R4, R7, P0 ;                          /* 0x000000070400720c */
                                                                                             /* 0x000fda0000701670 */
        /*2700*/              @!P0 BRA 0x27f0 ;                                              /* 0x000000e000008947 */
                                                                                             /* 0x000fea0003800000 */
        /*2710*/                   IADD3 R6, R2, -0x200, RZ ;                                /* 0xfffffe0002067810 */
                                                                                             /* 0x000fe20007ffe0ff */
        /*2720*/                   IMAD.IADD R5, R4, 0x1, R5 ;                               /* 0x0000000104057824 */
                                                                                             /* 0x000fe200078e0205 */
        /*2730*/                   IADD3 R8, R2, -0x100, RZ ;                                /* 0xffffff0002087810 */
                                                                                             /* 0x000fe20007ffe0ff */
        /*2740*/                   IMAD.MOV.U32 R11, RZ, RZ, 0x4 ;                           /* 0x00000004ff0b7424 */
                                                                                             /* 0x000fc800078e00ff */
        /*2750*/                   IMAD.WIDE.U32 R4, R5, R11, c[0x0][0x160] ;                /* 0x0000580005047625 */
                                                                                             /* 0x000fc800078e000b */
        /*2760*/                   IMAD.WIDE.U32 R6, R6, R11.reuse, c[0x0][0x160] ;          /* 0x0000580006067625 */
                                                                                             /* 0x080fe400078e000b */
        /*2770*/                   LDG.E.CONSTANT R4, [R4.64] ;                              /* 0x0000000404047981 */
                                                                                             /* 0x000ea4000c1e9900 */
        /*2780*/                   IMAD.WIDE.U32 R8, R8, R11.reuse, c[0x0][0x160] ;          /* 0x0000580008087625 */
                                                                                             /* 0x080fe400078e000b */
        /*2790*/                   LDG.E.CONSTANT R6, [R6.64] ;                              /* 0x0000000406067981 */
                                                                                             /* 0x000ea4000c1e9900 */
        /*27a0*/                   IMAD.WIDE.U32 R10, R2, R11, c[0x0][0x160] ;               /* 0x00005800020a7625 */
                                                                                             /* 0x000fe400078e000b */
        /*27b0*/                   LDG.E.CONSTANT R8, [R8.64] ;                              /* 0x0000000408087981 */
                                                                                             /* 0x000ee8000c1e9900 */
        /*27c0*/                   LDG.E.CONSTANT R10, [R10.64] ;                            /* 0x000000040a0a7981 */
                                                                                             /* 0x000ee2000c1e9900 */
        /*27d0*/                   IADD3 R3, R6, R4, R3 ;                                    /* 0x0000000406037210 */
                                                                                             /* 0x004fc80007ffe003 */
        /*27e0*/                   IADD3 R3, R10, R8, R3 ;                                   /* 0x000000080a037210 */
                                                                                             /* 0x008fe40007ffe003 */
        /*27f0*/                   BSYNC B1 ;                                                /* 0x0000000000017941 */
                                                                                             /* 0x000fea0003800000 */
        /*2800*/                   S2R R2, SR_LANEID ;                                       /* 0x0000000000027919 */
                                                                                             /* 0x000e220000000000 */
        /*2810*/                   REDUX.SUM.S32 UR6, R3 ;                                   /* 0x00000000030673c4 */
                                                                                             /* 0x000e62000000c200 */
        /*2820*/                   ISETP.NE.AND P0, PT, R2, RZ, PT ;                         /* 0x000000ff0200720c */
                                                                                             /* 0x001fda0003f05270 */
        /*2830*/              @!P0 SHF.R.S32.HI R5, RZ, 0x1f, R0 ;                           /* 0x0000001fff058819 */
                                                                                             /* 0x000fc80000011400 */
        /*2840*/              @!P0 LEA.HI R2, R5, R0, RZ, 0x5 ;                              /* 0x0000000005028211 */
                                                                                             /* 0x000fe200078f28ff */
        /*2850*/                   IMAD.U32 R5, RZ, RZ, UR6 ;                                /* 0x00000006ff057e24 */
                                                                                             /* 0x002fc6000f8e00ff */
        /*2860*/              @!P0 SHF.R.S32.HI R2, RZ, 0x5, R2 ;                            /* 0x00000005ff028819 */
                                                                                             /* 0x000fca0000011402 */
        /*2870*/              @!P0 STS [R2.X4+0x8], R5 ;                                     /* 0x0000080502008388 */
                                                                                             /* 0x0001e80000004800 */
        /*2880*/                   BAR.SYNC.DEFER_BLOCKING 0x0 ;                             /* 0x0000000000007b1d */
                                                                                             /* 0x000fe20000010000 */
        /*2890*/                   ISETP.NE.AND P0, PT, R0, RZ, PT ;                         /* 0x000000ff0000720c */
                                                                                             /* 0x000fda0003f05270 */
        /*28a0*/               @P0 BRA 0x4030 ;                                              /* 0x0000178000000947 */
                                                                                             /* 0x000fea0003800000 */
        /*28b0*/                   LDS R0, [0xc] ;                                           /* 0x00000c00ff007984 */
                                                                                             /* 0x001fe80000000800 */
        /*28c0*/                   LDS.128 R8, [0x10] ;                                      /* 0x00001000ff087984 */
                                                                                             /* 0x000e280000000c00 */
        /*28d0*/                   LDS.64 R2, [0x20] ;                                       /* 0x00002000ff027984 */
                                                                                             /* 0x000e620000000a00 */
        /*28e0*/                   IADD3 R0, R8, R0, R5 ;                                    /* 0x0000000008007210 */
                                                                                             /* 0x001fc80007ffe005 */
        /*28f0*/                   IADD3 R0, R10, R9, R0 ;                                   /* 0x000000090a007210 */
                                                                                             /* 0x000fc80007ffe000 */
        /*2900*/                   IADD3 R0, R2, R11, R0 ;                                   /* 0x0000000b02007210 */
                                                                                             /* 0x002fca0007ffe000 */
        /*2910*/                   IMAD.IADD R5, R0, 0x1, R3 ;                               /* 0x0000000100057824 */
                                                                                             /* 0x000fe200078e0203 */
        /*2920*/                   BRA 0x4030 ;                                              /* 0x0000170000007947 */
                                                                                             /* 0x000fea0003800000 */
        /*2930*/                   ISETP.GT.AND P0, PT, R68, 0x3ff, PT ;                     /* 0x000003ff4400780c */
                                                                                             /* 0x000fe20003f04270 */
        /*2940*/                   BSSY B1, 0x3cd0 ;                                         /* 0x0000138000017945 */
                                                                                             /* 0x000fd80003800000 */
        /*2950*/               @P0 BRA 0x32a0 ;                                              /* 0x0000094000000947 */
                                                                                             /* 0x000fea0003800000 */
        /*2960*/                   ISETP.GE.AND P0, PT, R0, c[0x0][0x170], PT ;              /* 0x00005c0000007a0c */
                                                                                             /* 0x001fe20003f06270 */
        /*2970*/                   BSSY B2, 0x2a00 ;                                         /* 0x0000008000027945 */
                                                                                             /* 0x000fe20003800000 */
        /*2980*/                   IMAD.MOV.U32 R73, RZ, RZ, RZ ;                            /* 0x000000ffff497224 */
                                                                                             /* 0x000fe400078e00ff */
        /*2990*/                   IMAD.MOV.U32 R2, RZ, RZ, R0 ;                             /* 0x000000ffff027224 */
                                                                                             /* 0x000fd200078e0000 */
        /*29a0*/               @P0 BRA 0x29f0 ;                                              /* 0x0000004000000947 */
                                                                                             /* 0x000fea0003800000 */
        /*29b0*/                   IMAD.MOV.U32 R5, RZ, RZ, 0x4 ;                            /* 0x00000004ff057424 */
                                                                                             /* 0x000fc800078e00ff */
        /*29c0*/                   IMAD.WIDE.U32 R4, R0, R5, c[0x0][0x160] ;                 /* 0x0000580000047625 */
                                                                                             /* 0x000fca00078e0005 */
        /*29d0*/                   LDG.E.CONSTANT R73, [R4.64] ;                             /* 0x0000000404497981 */
                                                                                             /* 0x000162000c1e9900 */
        /*29e0*/                   IADD3 R2, R0, 0x100, RZ ;                                 /* 0x0000010000027810 */
                                                                                             /* 0x000fc60007ffe0ff */
        /*29f0*/                   BSYNC B2 ;                                                /* 0x0000000000027941 */
                                                                                             /* 0x000fea0003800000 */
        /*2a00*/                   ISETP.GE.AND P0, PT, R2, c[0x0][0x170], PT ;              /* 0x00005c0002007a0c */
                                                                                             /* 0x000fda0003f06270 */
        /*2a10*/               @P0 BRA 0x3cc0 ;                                              /* 0x000012a000000947 */
                                                                                             /* 0x000fea0003800000 */
        /*2a20*/                   LOP3.LUT R3, RZ, R2, RZ, 0x33, !PT ;                      /* 0x00000002ff037212 */
                                                                                             /* 0x000fe200078e33ff */
        /*2a30*/                   BSSY B2, 0x2b20 ;                                         /* 0x000000e000027945 */
                                                                                             /* 0x000fe60003800000 */
        /*2a40*/                   IADD3 R4, R3, c[0x0][0x170], RZ ;                         /* 0x00005c0003047a10 */
                                                                                             /* 0x001fc80007ffe0ff */
        /*2a50*/                   LEA.HI R3, R4.reuse, 0x1, RZ, 0x18 ;                      /* 0x0000000104037811 */
                                                                                             /* 0x040fe400078fc0ff */
        /*2a60*/                   ISETP.GE.U32.AND P1, PT, R4, 0x300, PT ;                  /* 0x000003000400780c */
                                                                                             /* 0x000fe40003f26070 */
        /*2a70*/                   LOP3.LUT P0, R3, R3, 0x3, RZ, 0xc0, !PT ;                 /* 0x0000000303037812 */
                                                                                             /* 0x000fda000780c0ff */
        /*2a80*/              @!P0 BRA 0x2b10 ;                                              /* 0x0000008000008947 */
                                                                                             /* 0x000fea0003800000 */
        /*2a90*/                   IMAD.MOV.U32 R5, RZ, RZ, 0x4 ;                            /* 0x00000004ff057424 */
                                                                                             /* 0x000fc800078e00ff */
        /*2aa0*/                   IMAD.WIDE.U32 R4, R2, R5, c[0x0][0x160] ;                 /* 0x0000580002047625 */
                                                                                             /* 0x000fcc00078e0005 */
        /*2ab0*/                   LDG.E.CONSTANT R4, [R4.64] ;                              /* 0x0000000404047981 */
                                                                                             /* 0x000ea2000c1e9900 */
        /*2ac0*/                   IADD3 R3, R3, -0x1, RZ ;                                  /* 0xffffffff03037810 */
                                                                                             /* 0x000fe40007ffe0ff */
        /*2ad0*/                   IADD3 R2, R2, 0x100, RZ ;                                 /* 0x0000010002027810 */
                                                                                             /* 0x000fe40007ffe0ff */
        /*2ae0*/                   ISETP.NE.AND P0, PT, R3, RZ, PT ;                         /* 0x000000ff0300720c */
                                                                                             /* 0x000fe20003f05270 */
        /*2af0*/                   IMAD.IADD R73, R4, 0x1, R73 ;                             /* 0x0000000104497824 */
                                                                                             /* 0x024fd800078e0249 */
        /*2b00*/               @P0 BRA 0x2a90 ;                                              /* 0xffffff8000000947 */
                                                                                             /* 0x000fea000383ffff */
        /*2b10*/                   BSYNC B2 ;                                                /* 0x0000000000027941 */
                                                                                             /* 0x000fea0003800000 */
        /*2b20*/              @!P1 BRA 0x3cc0 ;                                              /* 0x0000119000009947 */
                                                                                             /* 0x000fea0003800000 */
        /*2b30*/                   IADD3 R3, -R2, c[0x0][0x170], RZ ;                        /* 0x00005c0002037a10 */
                                                                                             /* 0x000fe20007ffe1ff */
        /*2b40*/                   BSSY B2, 0x2f60 ;                                         /* 0x0000041000027945 */
                                                                                             /* 0x000fe20003800000 */
        /*2b50*/                   PLOP3.LUT P0, PT, PT, PT, PT, 0x80, 0x0 ;                 /* 0x000000000000781c */
                                                                                             /* 0x000fe40003f0f070 */
        /*2b60*/                   ISETP.GT.AND P1, PT, R3, 0xc00, PT ;                      /* 0x00000c000300780c */
                                                                                             /* 0x000fda0003f24270 */
        /*2b70*/              @!P1 BRA 0x2f50 ;                                              /* 0x000003d000009947 */
                                                                                             /* 0x000fea0003800000 */
        /*2b80*/                   PLOP3.LUT P0, PT, PT, PT, PT, 0x8, 0x0 ;                  /* 0x000000000000781c */
                                                                                             /* 0x000fe40003f0e170 */
        /*2b90*/                   IADD3 R27, R68, -0xc00, RZ ;                              /* 0xfffff400441b7810 */
                                                                                             /* 0x000fe40007ffe0ff */
        /*2ba0*/                   IADD3 R4, R2.reuse, 0x100, RZ ;                           /* 0x0000010002047810 */
                                                                                             /* 0x040fe20007ffe0ff */
        /*2bb0*/                   IMAD.MOV.U32 R29, RZ, RZ, 0x4 ;                           /* 0x00000004ff1d7424 */
                                                                                             /* 0x000fe200078e00ff */
        /*2bc0*/                   IADD3 R6, R2.reuse, 0x200, RZ ;                           /* 0x0000020002067810 */
                                                                                             /* 0x040fe40007ffe0ff */
        /*2bd0*/                   IADD3 R8, R2, 0x300, RZ ;                                 /* 0x0000030002087810 */
                                                                                             /* 0x000fe20007ffe0ff */
        /*2be0*/                   IMAD.WIDE.U32 R4, R4, R29, c[0x0][0x160] ;                /* 0x0000580004047625 */
                                                                                             /* 0x000fe200078e001d */
        /*2bf0*/                   IADD3 R10, R2, 0x400, RZ ;                                /* 0x00000400020a7810 */
                                                                                             /* 0x000fc60007ffe0ff */
        /*2c00*/                   IMAD.WIDE.U32 R14, R2.reuse, R29.reuse, c[0x0][0x160] ;   /* 0x00005800020e7625 */
                                                                                             /* 0x0c0fe200078e001d */
        /*2c10*/                   IADD3 R12, R2, 0x500, RZ ;                                /* 0x00000500020c7810 */
                                                                                             /* 0x000fe20007ffe0ff */
        /*2c20*/                   LDG.E.CONSTANT R16, [R4.64] ;                             /* 0x0000000404107981 */
                                                                                             /* 0x0000a4000c1e9900 */
        /*2c30*/                   IMAD.WIDE.U32 R6, R6, R29.reuse, c[0x0][0x160] ;          /* 0x0000580006067625 */
                                                                                             /* 0x080fe400078e001d */
        /*2c40*/                   LDG.E.CONSTANT R28, [R14.64] ;                            /* 0x000000040e1c7981 */
                                                                                             /* 0x0002a4000c1e9900 */
        /*2c50*/                   IMAD.WIDE.U32 R8, R8, R29.reuse, c[0x0][0x160] ;          /* 0x0000580008087625 */
                                                                                             /* 0x080fe200078e001d */
        /*2c60*/                   IADD3 R20, R2.reuse, 0x700, RZ ;                          /* 0x0000070002147810 */
                                                                                             /* 0x040fe20007ffe0ff */
        /*2c70*/                   LDG.E.CONSTANT R3, [R6.64] ;                              /* 0x0000000406037981 */
                                                                                             /* 0x000722000c1e9900 */
        /*2c80*/                   IADD3 R4, R2, 0x600, RZ ;                                 /* 0x0000060002047810 */
                                                                                             /* 0x001fe20007ffe0ff */
        /*2c90*/                   IMAD.WIDE.U32 R10, R10, R29, c[0x0][0x160] ;              /* 0x000058000a0a7625 */
                                                                                             /* 0x000fc400078e001d */
        /*2ca0*/                   LDG.E.CONSTANT R17, [R8.64] ;                             /* 0x0000000408117981 */
                                                                                             /* 0x000124000c1e9900 */
        /*2cb0*/                   IMAD.WIDE.U32 R12, R12, R29.reuse, c[0x0][0x160] ;        /* 0x000058000c0c7625 */
                                                                                             /* 0x080fe200078e001d */
        /*2cc0*/                   IADD3 R21, R2.reuse, 0x800, RZ ;                          /* 0x0000080002157810 */
                                                                                             /* 0x040fe20007ffe0ff */
        /*2cd0*/                   LDG.E.CONSTANT R18, [R10.64] ;                            /* 0x000000040a127981 */
                                                                                             /* 0x000122000c1e9900 */
        /*2ce0*/                   IADD3 R22, R2, 0x900, RZ ;                                /* 0x0000090002167810 */
                                                                                             /* 0x000fe20007ffe0ff */
        /*2cf0*/                   IMAD.WIDE.U32 R4, R4, R29.reuse, c[0x0][0x160] ;          /* 0x0000580004047625 */
                                                                                             /* 0x080fe200078e001d */
        /*2d00*/                   IADD3 R23, R2, 0xa00, RZ ;                                /* 0x00000a0002177810 */
                                                                                             /* 0x000fe20007ffe0ff */
        /*2d10*/                   LDG.E.CONSTANT R19, [R12.64] ;                            /* 0x000000040c137981 */
                                                                                             /* 0x000124000c1e9900 */
        /*2d20*/                   IMAD.WIDE.U32 R14, R20, R29.reuse, c[0x0][0x160] ;        /* 0x00005800140e7625 */
                                                                                             /* 0x082fe200078e001d */
        /*2d30*/                   IADD3 R24, R2.reuse, 0xc00, RZ ;                          /* 0x00000c0002187810 */
                                                                                             /* 0x040fe20007ffe0ff */
        /*2d40*/                   LDG.E.CONSTANT R20, [R4.64] ;                             /* 0x0000000404147981 */
                                                                                             /* 0x000324000c1e9900 */
        /*2d50*/                   IMAD.WIDE.U32 R6, R21, R29.reuse, c[0x0][0x160] ;         /* 0x0000580015067625 */
                                                                                             /* 0x088fe200078e001d */
        /*2d60*/                   IADD3 R25, R2.reuse, 0xd00, RZ ;                          /* 0x00000d0002197810 */
                                                                                             /* 0x040fe20007ffe0ff */
        /*2d70*/                   LDG.E.CONSTANT R21, [R14.64] ;                            /* 0x000000040e157981 */
                                                                                             /* 0x000722000c1e9900 */
        /*2d80*/                   IADD3 R12, R2, 0xb00, RZ ;                                /* 0x00000b00020c7810 */
                                                                                             /* 0x001fe20007ffe0ff */
        /*2d90*/                   IMAD.WIDE.U32 R8, R22, R29.reuse, c[0x0][0x160] ;         /* 0x0000580016087625 */
                                                                                             /* 0x080fe200078e001d */
        /*2da0*/                   IADD3 R26, R2, 0xf00, RZ ;                                /* 0x00000f00021a7810 */
                                                                                             /* 0x000fe20007ffe0ff */
        /*2db0*/                   LDG.E.CONSTANT R22, [R6.64] ;                             /* 0x0000000406167981 */
                                                                                             /* 0x000124000c1e9900 */
        /*2dc0*/                   IMAD.WIDE.U32 R10, R23, R29, c[0x0][0x160] ;              /* 0x00005800170a7625 */
                                                                                             /* 0x000fc400078e001d */
        /*2dd0*/                   LDG.E.CONSTANT R23, [R8.64] ;                             /* 0x0000000408177981 */
                                                                                             /* 0x000124000c1e9900 */
        /*2de0*/                   IMAD.WIDE.U32 R12, R12, R29.reuse, c[0x0][0x160] ;        /* 0x000058000c0c7625 */
                                                                                             /* 0x080fe400078e001d */
        /*2df0*/                   LDG.E.CONSTANT R10, [R10.64] ;                            /* 0x000000040a0a7981 */
                                                                                             /* 0x000f24000c1e9900 */
        /*2e00*/                   IMAD.WIDE.U32 R4, R24, R29.reuse, c[0x0][0x160] ;         /* 0x0000580018047625 */
                                                                                             /* 0x082fe200078e001d */
        /*2e10*/                   IADD3 R24, R2, 0xe00, RZ ;                                /* 0x00000e0002187810 */
                                                                                             /* 0x000fe20007ffe0ff */
        /*2e20*/                   LDG.E.CONSTANT R12, [R12.64] ;                            /* 0x000000040c0c7981 */
                                                                                             /* 0x000f24000c1e9900 */
        /*2e30*/                   IMAD.WIDE.U32 R14, R25, R29, c[0x0][0x160] ;              /* 0x00005800190e7625 */
                                                                                             /* 0x008fc400078e001d */
        /*2e40*/                   LDG.E.CONSTANT R4, [R4.64] ;                              /* 0x0000000404047981 */
                                                                                             /* 0x000ee4000c1e9900 */
        /*2e50*/                   IMAD.WIDE.U32 R6, R24, R29.reuse, c[0x0][0x160] ;         /* 0x0000580018067625 */
                                                                                             /* 0x081fe400078e001d */
        /*2e60*/                   LDG.E.CONSTANT R14, [R14.64] ;                            /* 0x000000040e0e7981 */
                                                                                             /* 0x000ee4000c1e9900 */
        /*2e70*/                   IMAD.WIDE.U32 R8, R26, R29, c[0x0][0x160] ;               /* 0x000058001a087625 */
                                                                                             /* 0x000fe400078e001d */
        /*2e80*/                   LDG.E.CONSTANT R6, [R6.64] ;                              /* 0x0000000406067981 */
                                                                                             /* 0x000ee8000c1e9900 */
        /*2e90*/                   LDG.E.CONSTANT R8, [R8.64] ;                              /* 0x0000000408087981 */
                                                                                             /* 0x000ee2000c1e9900 */
        /*2ea0*/                   IADD3 R2, R2, 0x1000, RZ ;                                /* 0x0000100002027810 */
                                                                                             /* 0x000fc80007ffe0ff */
        /*2eb0*/                   ISETP.GE.AND P1, PT, R2, R27, PT ;                        /* 0x0000001b0200720c */
                                                                                             /* 0x000fe40003f26270 */
        /*2ec0*/                   IADD3 R16, R16, R28, R73 ;                                /* 0x0000001c10107210 */
                                                                                             /* 0x024fc80007ffe049 */
        /*2ed0*/                   IADD3 R3, R17, R3, R16 ;                                  /* 0x0000000311037210 */
                                                                                             /* 0x010fc80007ffe010 */
        /*2ee0*/                   IADD3 R3, R19, R18, R3 ;                                  /* 0x0000001213037210 */
                                                                                             /* 0x000fc80007ffe003 */
        /*2ef0*/                   IADD3 R3, R21, R20, R3 ;                                  /* 0x0000001415037210 */
                                                                                             /* 0x000fc80007ffe003 */
        /*2f00*/                   IADD3 R3, R23, R22, R3 ;                                  /* 0x0000001617037210 */
                                                                                             /* 0x000fc80007ffe003 */
        /*2f10*/                   IADD3 R3, R12, R10, R3 ;                                  /* 0x0000000a0c037210 */
                                                                                             /* 0x000fc80007ffe003 */
        /*2f20*/                   IADD3 R3, R14, R4, R3 ;                                   /* 0x000000040e037210 */
                                                                                             /* 0x008fc80007ffe003 */
        /*2f30*/                   IADD3 R73, R8, R6, R3 ;                                   /* 0x0000000608497210 */
                                                                                             /* 0x000fe20007ffe003 */
        /*2f40*/              @!P1 BRA 0x2ba0 ;                                              /* 0xfffffc5000009947 */
                                                                                             /* 0x000fea000383ffff */
        /*2f50*/                   BSYNC B2 ;                                                /* 0x0000000000027941 */
                                                                                             /* 0x000fea0003800000 */
        /*2f60*/                   IADD3 R3, -R2, c[0x0][0x170], RZ ;                        /* 0x00005c0002037a10 */
                                                                                             /* 0x000fe20007ffe1ff */
        /*2f70*/                   BSSY B2, 0x3190 ;                                         /* 0x0000021000027945 */
                                                                                             /* 0x000fe60003800000 */
        /*2f80*/                   ISETP.GT.AND P1, PT, R3, 0x400, PT ;                      /* 0x000004000300780c */
                                                                                             /* 0x000fda0003f24270 */
        /*2f90*/              @!P1 BRA 0x3180 ;                                              /* 0x000001e000009947 */
                                                                                             /* 0x000fea0003800000 */
        /*2fa0*/                   IADD3 R6, R2.reuse, 0x100, RZ ;                           /* 0x0000010002067810 */
                                                                                             /* 0x040fe20007ffe0ff */
        /*2fb0*/                   IMAD.MOV.U32 R19, RZ, RZ, 0x4 ;                           /* 0x00000004ff137424 */
                                                                                             /* 0x000fe200078e00ff */
        /*2fc0*/                   IADD3 R8, R2.reuse, 0x200, RZ ;                           /* 0x0000020002087810 */
                                                                                             /* 0x040fe40007ffe0ff */
        /*2fd0*/                   IADD3 R10, R2, 0x300, RZ ;                                /* 0x00000300020a7810 */
                                                                                             /* 0x000fe20007ffe0ff */
        /*2fe0*/                   IMAD.WIDE.U32 R6, R6, R19, c[0x0][0x160] ;                /* 0x0000580006067625 */
                                                                                             /* 0x000fe200078e0013 */
        /*2ff0*/                   IADD3 R12, R2, 0x400, RZ ;                                /* 0x00000400020c7810 */
                                                                                             /* 0x000fc60007ffe0ff */
        /*3000*/                   IMAD.WIDE.U32 R4, R2.reuse, R19.reuse, c[0x0][0x160] ;    /* 0x0000580002047625 */
                                                                                             /* 0x0c0fe200078e0013 */
        /*3010*/                   IADD3 R14, R2, 0x500, RZ ;                                /* 0x00000500020e7810 */
                                                                                             /* 0x000fe20007ffe0ff */
        /*3020*/                   LDG.E.CONSTANT R3, [R6.64] ;                              /* 0x0000000406037981 */
                                                                                             /* 0x0000a4000c1e9900 */
        /*3030*/                   IMAD.WIDE.U32 R8, R8, R19.reuse, c[0x0][0x160] ;          /* 0x0000580008087625 */
                                                                                             /* 0x080fe200078e0013 */
        /*3040*/                   IADD3 R17, R2, 0x600, RZ ;                                /* 0x0000060002117810 */
                                                                                             /* 0x000fe20007ffe0ff */
        /*3050*/                   LDG.E.CONSTANT R16, [R4.64] ;                             /* 0x0000000404107981 */
                                                                                             /* 0x0002a4000c1e9900 */
        /*3060*/                   IMAD.WIDE.U32 R10, R10, R19.reuse, c[0x0][0x160] ;        /* 0x000058000a0a7625 */
                                                                                             /* 0x080fe200078e0013 */
        /*3070*/                   IADD3 R18, R2, 0x700, RZ ;                                /* 0x0000070002127810 */
                                                                                             /* 0x000fe20007ffe0ff */
        /*3080*/                   LDG.E.CONSTANT R8, [R8.64] ;                              /* 0x0000000408087981 */
                                                                                             /* 0x000ee4000c1e9900 */
        /*3090*/                   IMAD.WIDE.U32 R12, R12, R19, c[0x0][0x160] ;              /* 0x000058000c0c7625 */
                                                                                             /* 0x000fc400078e0013 */
        /*30a0*/                   LDG.E.CONSTANT R10, [R10.64] ;                            /* 0x000000040a0a7981 */
                                                                                             /* 0x000ee4000c1e9900 */
        /*30b0*/                   IMAD.WIDE.U32 R14, R14, R19.reuse, c[0x0][0x160] ;        /* 0x000058000e0e7625 */
                                                                                             /* 0x080fe400078e0013 */
        /*30c0*/                   LDG.E.CONSTANT R12, [R12.64] ;                            /* 0x000000040c0c7981 */
                                                                                             /* 0x000f24000c1e9900 */
        /*30d0*/                   IMAD.WIDE.U32 R6, R17, R19.reuse, c[0x0][0x160] ;         /* 0x0000580011067625 */
                                                                                             /* 0x081fe400078e0013 */
        /*30e0*/                   LDG.E.CONSTANT R14, [R14.64] ;                            /* 0x000000040e0e7981 */
                                                                                             /* 0x000f24000c1e9900 */
        /*30f0*/                   IMAD.WIDE.U32 R4, R18, R19, c[0x0][0x160] ;               /* 0x0000580012047625 */
                                                                                             /* 0x002fc400078e0013 */
        /*3100*/                   LDG.E.CONSTANT R6, [R6.64] ;                              /* 0x0000000406067981 */
                                                                                             /* 0x000f28000c1e9900 */
        /*3110*/                   LDG.E.CONSTANT R4, [R4.64] ;                              /* 0x0000000404047981 */
                                                                                             /* 0x000f22000c1e9900 */
        /*3120*/                   PLOP3.LUT P0, PT, PT, PT, PT, 0x8, 0x0 ;                  /* 0x000000000000781c */
                                                                                             /* 0x000fe40003f0e170 */
        /*3130*/                   IADD3 R2, R2, 0x800, RZ ;                                 /* 0x0000080002027810 */
                                                                                             /* 0x000fe40007ffe0ff */
        /*3140*/                   IADD3 R3, R3, R16, R73 ;                                  /* 0x0000001003037210 */
                                                                                             /* 0x024fc80007ffe049 */
        /*3150*/                   IADD3 R3, R10, R8, R3 ;                                   /* 0x000000080a037210 */
                                                                                             /* 0x008fc80007ffe003 */
        /*3160*/                   IADD3 R3, R14, R12, R3 ;                                  /* 0x0000000c0e037210 */
                                                                                             /* 0x010fc80007ffe003 */
        /*3170*/                   IADD3 R73, R4, R6, R3 ;                                   /* 0x0000000604497210 */
                                                                                             /* 0x000fe40007ffe003 */
        /*3180*/                   BSYNC B2 ;                                                /* 0x0000000000027941 */
                                                                                             /* 0x000fea0003800000 */
        /*3190*/                   ISETP.LT.OR P0, PT, R2, c[0x0][0x170], P0 ;               /* 0x00005c0002007a0c */
                                                                                             /* 0x000fda0000701670 */
        /*31a0*/              @!P0 BRA 0x3cc0 ;                                              /* 0x00000b1000008947 */
                                                                                             /* 0x000fea0003800000 */
        /*31b0*/                   IADD3 R4, R2.reuse, 0x100, RZ ;                           /* 0x0000010002047810 */
                                                                                             /* 0x040fe20007ffe0ff */
        /*31c0*/                   IMAD.MOV.U32 R9, RZ, RZ, 0x4 ;                            /* 0x00000004ff097424 */
                                                                                             /* 0x000fe200078e00ff */
        /*31d0*/                   IADD3 R6, R2.reuse, 0x200, RZ ;                           /* 0x0000020002067810 */
                                                                                             /* 0x040fe40007ffe0ff */
        /*31e0*/                   IADD3 R8, R2, 0x300, RZ ;                                 /* 0x0000030002087810 */
                                                                                             /* 0x000fe20007ffe0ff */
        /*31f0*/                   IMAD.WIDE.U32 R4, R4, R9, c[0x0][0x160] ;                 /* 0x0000580004047625 */
                                                                                             /* 0x000fc800078e0009 */
        /*3200*/                   IMAD.WIDE.U32 R2, R2, R9.reuse, c[0x0][0x160] ;           /* 0x0000580002027625 */
                                                                                             /* 0x080fe400078e0009 */
        /*3210*/                   LDG.E.CONSTANT R4, [R4.64] ;                              /* 0x0000000404047981 */
                                                                                             /* 0x000ea4000c1e9900 */
        /*3220*/                   IMAD.WIDE.U32 R6, R6, R9.reuse, c[0x0][0x160] ;           /* 0x0000580006067625 */
                                                                                             /* 0x080fe400078e0009 */
        /*3230*/                   LDG.E.CONSTANT R2, [R2.64] ;                              /* 0x0000000402027981 */
                                                                                             /* 0x000ea4000c1e9900 */
        /*3240*/                   IMAD.WIDE.U32 R8, R8, R9, c[0x0][0x160] ;                 /* 0x0000580008087625 */
                                                                                             /* 0x000fe400078e0009 */
        /*3250*/                   LDG.E.CONSTANT R6, [R6.64] ;                              /* 0x0000000406067981 */
                                                                                             /* 0x000ee8000c1e9900 */
        /*3260*/                   LDG.E.CONSTANT R8, [R8.64] ;                              /* 0x0000000408087981 */
                                                                                             /* 0x000ee2000c1e9900 */
        /*3270*/                   IADD3 R73, R4, R2, R73 ;                                  /* 0x0000000204497210 */
                                                                                             /* 0x024fc80007ffe049 */
        /*3280*/                   IADD3 R73, R8, R6, R73 ;                                  /* 0x0000000608497210 */
                                                                                             /* 0x008fe20007ffe049 */
        /*3290*/                   BRA 0x3cc0 ;                                              /* 0x00000a2000007947 */
                                                                                             /* 0x000fea0003800000 */
        /*32a0*/                   SHF.R.U32.HI R71, RZ, 0x2, R68 ;                          /* 0x00000002ff477819 */
                                                                                             /* 0x000fe20000011644 */
        /*32b0*/                   BSSY B4, 0x3c50 ;                                         /* 0x0000099000047945 */
                                                                                             /* 0x000fe20003800000 */
        /*32c0*/                   IMAD.MOV.U32 R73, RZ, RZ, RZ ;                            /* 0x000000ffff497224 */
                                                                                             /* 0x000fe400078e00ff */
        /*32d0*/                   LOP3.LUT R71, R71, 0x3fff, RZ, 0xc0, !PT ;                /* 0x00003fff47477812 */
                                                                                             /* 0x000fc800078ec0ff */
        /*32e0*/                   ISETP.GE.AND P0, PT, R0, R71, PT ;                        /* 0x000000470000720c */
                                                                                             /* 0x001fda0003f06270 */
        /*32f0*/               @P0 BRA 0x3c40 ;                                              /* 0x0000094000000947 */
                                                                                             /* 0x000fea0003800000 */
        /*3300*/                   LOP3.LUT R2, RZ, R0, RZ, 0x33, !PT ;                      /* 0x00000000ff027212 */
                                                                                             /* 0x000fe200078e33ff */
        /*3310*/                   BSSY B3, 0x3b80 ;                                         /* 0x0000086000037945 */
                                                                                             /* 0x000fe20003800000 */
        /*3320*/                   IMAD.MOV.U32 R73, RZ, RZ, RZ ;                            /* 0x000000ffff497224 */
                                                                                             /* 0x000fe400078e00ff */
        /*3330*/                   IMAD.MOV.U32 R69, RZ, RZ, R0 ;                            /* 0x000000ffff457224 */
                                                                                             /* 0x000fe400078e0000 */
        /*3340*/                   IMAD.IADD R3, R71, 0x1, R2 ;                              /* 0x0000000147037824 */
                                                                                             /* 0x000fca00078e0202 */
        /*3350*/                   ISETP.GE.U32.AND P0, PT, R3.reuse, 0x300, PT ;            /* 0x000003000300780c */
                                                                                             /* 0x040fe40003f06070 */
        /*3360*/                   LEA.HI R72, R3, 0x1, RZ, 0x18 ;                           /* 0x0000000103487811 */
                                                                                             /* 0x000fc800078fc0ff */
        /*3370*/                   LOP3.LUT R72, R72, 0x3, RZ, 0xc0, !PT ;                   /* 0x0000000348487812 */
                                                                                             /* 0x000fce00078ec0ff */
        /*3380*/              @!P0 BRA 0x3b70 ;                                              /* 0x000007e000008947 */
                                                                                             /* 0x000fea0003800000 */
        /*3390*/                   LEA.HI R70, R3, -R72, RZ, 0x18 ;                          /* 0x8000004803467211 */
                                                                                             /* 0x000fe200078fc0ff */
        /*33a0*/                   IMAD.MOV.U32 R3, RZ, RZ, 0x10 ;                           /* 0x00000010ff037424 */
                                                                                             /* 0x000fe200078e00ff */
        /*33b0*/                   BSSY B2, 0x3a40 ;                                         /* 0x0000068000027945 */
                                                                                             /* 0x000fe20003800000 */
        /*33c0*/                   IMAD.MOV.U32 R73, RZ, RZ, RZ ;                            /* 0x000000ffff497224 */
                                                                                             /* 0x000fe200078e00ff */
        /*33d0*/                   ISETP.GT.AND P0, PT, R70, -0x1, PT ;                      /* 0xffffffff4600780c */
                                                                                             /* 0x000fe20003f04270 */
        /*33e0*/                   IMAD.MOV.U32 R69, RZ, RZ, R0 ;                            /* 0x000000ffff457224 */
                                                                                             /* 0x000fe400078e0000 */
        /*33f0*/                   IMAD.WIDE R2, R0, R3, c[0x0][0x160] ;                     /* 0x0000580000027625 */
                                                                                             /* 0x000fd400078e0203 */
        /*3400*/              @!P0 BRA 0x3a30 ;                                              /* 0x0000062000008947 */
                                                                                             /* 0x000fea0003800000 */
        /*3410*/                   IADD3 R4, R70, 0x1, RZ ;                                  /* 0x0000000146047810 */
                                                                                             /* 0x000fe20007ffe0ff */
        /*3420*/                   BSSY B5, 0x37e0 ;                                         /* 0x000003b000057945 */
                                                                                             /* 0x000fe20003800000 */
        /*3430*/                   PLOP3.LUT P0, PT, PT, PT, PT, 0x80, 0x0 ;                 /* 0x000000000000781c */
                                                                                             /* 0x000fe40003f0f070 */
        /*3440*/                   ISETP.GT.AND P1, PT, R4, 0xc, PT ;                        /* 0x0000000c0400780c */
                                                                                             /* 0x000fda0003f24270 */
        /*3450*/              @!P1 BRA 0x37d0 ;                                              /* 0x0000037000009947 */
                                                                                             /* 0x000fea0003800000 */
        /*3460*/                   PLOP3.LUT P0, PT, PT, PT, PT, 0x8, 0x0 ;                  /* 0x000000000000781c */
                                                                                             /* 0x000fe40003f0e170 */
        /*3470*/                   LDG.E.128.CONSTANT R4, [R2.64] ;                          /* 0x0000000402047981 */
                                                                                             /* 0x0000a8000c1e9d00 */
        /*3480*/                   LDG.E.128.CONSTANT R8, [R2.64+0x1000] ;                   /* 0x0010000402087981 */
                                                                                             /* 0x0000e8000c1e9d00 */
        /*3490*/                   LDG.E.128.CONSTANT R12, [R2.64+0x2000] ;                  /* 0x00200004020c7981 */
                                                                                             /* 0x000128000c1e9d00 */
        /*34a0*/                   LDG.E.128.CONSTANT R16, [R2.64+0x3000] ;                  /* 0x0030000402107981 */
                                                                                             /* 0x000168000c1e9d00 */
        /*34b0*/                   LDG.E.128.CONSTANT R20, [R2.64+0x4000] ;                  /* 0x0040000402147981 */
                                                                                             /* 0x000128000c1e9d00 */
        /*34c0*/                   LDG.E.128.CONSTANT R24, [R2.64+0x5000] ;                  /* 0x0050000402187981 */
                                                                                             /* 0x000168000c1e9d00 */
        /*34d0*/                   LDG.E.128.CONSTANT R28, [R2.64+0x6000] ;                  /* 0x00600004021c7981 */
                                                                                             /* 0x000168000c1e9d00 */
        /*34e0*/                   LDG.E.128.CONSTANT R32, [R2.64+0x7000] ;                  /* 0x0070000402207981 */
                                                                                             /* 0x000168000c1e9d00 */
        /*34f0*/                   LDG.E.128.CONSTANT R36, [R2.64+0x8000] ;                  /* 0x0080000402247981 */
                                                                                             /* 0x000168000c1e9d00 */
        /*3500*/                   LDG.E.128.CONSTANT R40, [R2.64+0x9000] ;                  /* 0x0090000402287981 */
                                                                                             /* 0x000168000c1e9d00 */
        /*3510*/                   LDG.E.128.CONSTANT R44, [R2.64+0xa000] ;                  /* 0x00a00004022c7981 */
                                                                                             /* 0x000168000c1e9d00 */
        /*3520*/                   LDG.E.128.CONSTANT R48, [R2.64+0xb000] ;                  /* 0x00b0000402307981 */
                                                                                             /* 0x000168000c1e9d00 */
        /*3530*/                   LDG.E.128.CONSTANT R52, [R2.64+0xc000] ;                  /* 0x00c0000402347981 */
                                                                                             /* 0x000168000c1e9d00 */
        /*3540*/                   LDG.E.128.CONSTANT R56, [R2.64+0xd000] ;                  /* 0x00d0000402387981 */
                                                                                             /* 0x000168000c1e9d00 */
        /*3550*/                   LDG.E.128.CONSTANT R60, [R2.64+0xe000] ;                  /* 0x00e00004023c7981 */
                                                                                             /* 0x000168000c1e9d00 */
        /*3560*/                   LDG.E.128.CONSTANT R64, [R2.64+0xf000] ;                  /* 0x00f0000402407981 */
                                                                                             /* 0x000162000c1e9d00 */
        /*3570*/                   IADD3 R70, R70, -0x10, RZ ;                               /* 0xfffffff046467810 */
                                                                                             /* 0x000fc40007ffe0ff */
        /*3580*/                   IADD3 R69, R69, 0x1000, RZ ;                              /* 0x0000100045457810 */
                                                                                             /* 0x000fe40007ffe0ff */
        /*3590*/                   ISETP.GT.AND P1, PT, R70, 0xb, PT ;                       /* 0x0000000b4600780c */
                                                                                             /* 0x000fe40003f24270 */
        /*35a0*/                   IADD3 R2, P2, R2, 0x10000, RZ ;                           /* 0x0001000002027810 */
                                                                                             /* 0x001fca0007f5e0ff */
        /*35b0*/                   IMAD.X R3, RZ, RZ, R3, P2 ;                               /* 0x000000ffff037224 */
                                                                                             /* 0x000fe200010e0603 */
        /*35c0*/                   IADD3 R5, R5, R4, R73 ;                                   /* 0x0000000405057210 */
                                                                                             /* 0x004fc80007ffe049 */
        /*35d0*/                   IADD3 R5, R7, R5, R6 ;                                    /* 0x0000000507057210 */
                                                                                             /* 0x000fc80007ffe006 */
        /*35e0*/                   IADD3 R5, R9, R8, R5 ;                                    /* 0x0000000809057210 */
                                                                                             /* 0x008fc80007ffe005 */
        /*35f0*/                   IADD3 R5, R11, R5, R10 ;                                  /* 0x000000050b057210 */
                                                                                             /* 0x000fc80007ffe00a */
        /*3600*/                   IADD3 R5, R13, R12, R5 ;                                  /* 0x0000000c0d057210 */
                                                                                             /* 0x010fc80007ffe005 */
        /*3610*/                   IADD3 R5, R15, R5, R14 ;                                  /* 0x000000050f057210 */
                                                                                             /* 0x000fc80007ffe00e */
        /*3620*/                   IADD3 R5, R17, R16, R5 ;                                  /* 0x0000001011057210 */
                                                                                             /* 0x020fc80007ffe005 */
        /*3630*/                   IADD3 R5, R19, R5, R18 ;                                  /* 0x0000000513057210 */
                                                                                             /* 0x000fc80007ffe012 */
        /*3640*/                   IADD3 R5, R21, R20, R5 ;                                  /* 0x0000001415057210 */
                                                                                             /* 0x000fc80007ffe005 */
        /*3650*/                   IADD3 R5, R23, R5, R22 ;                                  /* 0x0000000517057210 */
                                                                                             /* 0x000fc80007ffe016 */
        /*3660*/                   IADD3 R5, R25, R24, R5 ;                                  /* 0x0000001819057210 */
                                                                                             /* 0x000fc80007ffe005 */
        /*3670*/                   IADD3 R5, R27, R5, R26 ;                                  /* 0x000000051b057210 */
                                                                                             /* 0x000fc80007ffe01a */
        /*3680*/                   IADD3 R5, R29, R28, R5 ;                                  /* 0x0000001c1d057210 */
                                                                                             /* 0x000fc80007ffe005 */
        /*3690*/                   IADD3 R5, R31, R5, R30 ;                                  /* 0x000000051f057210 */
                                                                                             /* 0x000fc80007ffe01e */
        /*36a0*/                   IADD3 R5, R33, R32, R5 ;                                  /* 0x0000002021057210 */
                                                                                             /* 0x000fc80007ffe005 */
        /*36b0*/                   IADD3 R5, R35, R5, R34 ;                                  /* 0x0000000523057210 */
                                                                                             /* 0x000fc80007ffe022 */
        /*36c0*/                   IADD3 R5, R37, R36, R5 ;                                  /* 0x0000002425057210 */
                                                                                             /* 0x000fc80007ffe005 */
        /*36d0*/                   IADD3 R5, R39, R5, R38 ;                                  /* 0x0000000527057210 */
                                                                                             /* 0x000fc80007ffe026 */
        /*36e0*/                   IADD3 R5, R41, R40, R5 ;                                  /* 0x0000002829057210 */
                                                                                             /* 0x000fc80007ffe005 */
        /*36f0*/                   IADD3 R5, R43, R5, R42 ;                                  /* 0x000000052b057210 */
                                                                                             /* 0x000fc80007ffe02a */
        /*3700*/                   IADD3 R5, R45, R44, R5 ;                                  /* 0x0000002c2d057210 */
                                                                                             /* 0x000fc80007ffe005 */
        /*3710*/                   IADD3 R5, R47, R5, R46 ;                                  /* 0x000000052f057210 */
                                                                                             /* 0x000fc80007ffe02e */
        /*3720*/                   IADD3 R5, R49, R48, R5 ;                                  /* 0x0000003031057210 */
                                                                                             /* 0x000fc80007ffe005 */
        /*3730*/                   IADD3 R5, R51, R5, R50 ;                                  /* 0x0000000533057210 */
                                                                                             /* 0x000fc80007ffe032 */
        /*3740*/                   IADD3 R5, R53, R52, R5 ;                                  /* 0x0000003435057210 */
                                                                                             /* 0x000fc80007ffe005 */
        /*3750*/                   IADD3 R5, R55, R5, R54 ;                                  /* 0x0000000537057210 */
                                                                                             /* 0x000fc80007ffe036 */
        /*3760*/                   IADD3 R5, R57, R56, R5 ;                                  /* 0x0000003839057210 */
                                                                                             /* 0x000fc80007ffe005 */
        /*3770*/                   IADD3 R5, R59, R5, R58 ;                                  /* 0x000000053b057210 */
                                                                                             /* 0x000fc80007ffe03a */
        /*3780*/                   IADD3 R5, R61, R60, R5 ;                                  /* 0x0000003c3d057210 */
                                                                                             /* 0x000fc80007ffe005 */
        /*3790*/                   IADD3 R5, R63, R5, R62 ;                                  /* 0x000000053f057210 */
                                                                                             /* 0x000fc80007ffe03e */
        /*37a0*/                   IADD3 R5, R65, R64, R5 ;                                  /* 0x0000004041057210 */
                                                                                             /* 0x000fc80007ffe005 */
        /*37b0*/                   IADD3 R73, R67, R5, R66 ;                                 /* 0x0000000543497210 */
                                                                                             /* 0x000fe20007ffe042 */
        /*37c0*/               @P1 BRA 0x3470 ;                                              /* 0xfffffca000001947 */
                                                                                             /* 0x000fea000383ffff */
        /*37d0*/                   BSYNC B5 ;                                                /* 0x0000000000057941 */
                                                                                             /* 0x000fea0003800000 */
        /*37e0*/                   IADD3 R4, R70, 0x1, RZ ;                                  /* 0x0000000146047810 */
                                                                                             /* 0x000fe20007ffe0ff */
        /*37f0*/                   BSSY B5, 0x3a00 ;                                         /* 0x0000020000057945 */
                                                                                             /* 0x000fe60003800000 */
        /*3800*/                   ISETP.GT.AND P1, PT, R4, 0x4, PT ;                        /* 0x000000040400780c */
                                                                                             /* 0x000fda0003f24270 */
        /*3810*/              @!P1 BRA 0x39f0 ;                                              /* 0x000001d000009947 */
                                                                                             /* 0x000fea0003800000 */
        /*3820*/                   LDG.E.128.CONSTANT R32, [R2.64] ;                         /* 0x0000000402207981 */
                                                                                             /* 0x0000a8000c1e9d00 */
        /*3830*/                   LDG.E.128.CONSTANT R28, [R2.64+0x1000] ;                  /* 0x00100004021c7981 */
                                                                                             /* 0x0000e8000c1e9d00 */
        /*3840*/                   LDG.E.128.CONSTANT R24, [R2.64+0x2000] ;                  /* 0x0020000402187981 */
                                                                                             /* 0x000128000c1e9d00 */
        /*3850*/                   LDG.E.128.CONSTANT R20, [R2.64+0x3000] ;                  /* 0x0030000402147981 */
                                                                                             /* 0x000168000c1e9d00 */
        /*3860*/                   LDG.E.128.CONSTANT R16, [R2.64+0x4000] ;                  /* 0x0040000402107981 */
                                                                                             /* 0x000128000c1e9d00 */
        /*3870*/                   LDG.E.128.CONSTANT R12, [R2.64+0x5000] ;                  /* 0x00500004020c7981 */
                                                                                             /* 0x000168000c1e9d00 */
        /*3880*/                   LDG.E.128.CONSTANT R8, [R2.64+0x6000] ;                   /* 0x0060000402087981 */
                                                                                             /* 0x000168000c1e9d00 */
        /*3890*/                   LDG.E.128.CONSTANT R4, [R2.64+0x7000] ;                   /* 0x0070000402047981 */
                                                                                             /* 0x000162000c1e9d00 */
        /*38a0*/                   PLOP3.LUT P0, PT, PT, PT, PT, 0x8, 0x0 ;                  /* 0x000000000000781c */
                                                                                             /* 0x000fc40003f0e170 */
        /*38b0*/                   IADD3 R69, R69, 0x800, RZ ;                               /* 0x0000080045457810 */
                                                                                             /* 0x000fe40007ffe0ff */
        /*38c0*/                   IADD3 R70, R70, -0x8, RZ ;                                /* 0xfffffff846467810 */
                                                                                             /* 0x000fe40007ffe0ff */
        /*38d0*/                   IADD3 R2, P1, R2, 0x8000, RZ ;                            /* 0x0000800002027810 */
                                                                                             /* 0x001fca0007f3e0ff */
        /*38e0*/                   IMAD.X R3, RZ, RZ, R3, P1 ;                               /* 0x000000ffff037224 */
                                                                                             /* 0x000fe200008e0603 */
        /*38f0*/                   IADD3 R33, R33, R32, R73 ;                                /* 0x0000002021217210 */
                                                                                             /* 0x004fc80007ffe049 */
        /*3900*/                   IADD3 R33, R35, R33, R34 ;                                /* 0x0000002123217210 */
                                                                                             /* 0x000fc80007ffe022 */
        /*3910*/                   IADD3 R33, R29, R28, R33 ;                                /* 0x0000001c1d217210 */
                                                                                             /* 0x008fc80007ffe021 */
        /*3920*/                   IADD3 R33, R31, R33, R30 ;                                /* 0x000000211f217210 */
                                                                                             /* 0x000fc80007ffe01e */
        /*3930*/                   IADD3 R33, R25, R24, R33 ;                                /* 0x0000001819217210 */
                                                                                             /* 0x010fc80007ffe021 */
        /*3940*/                   IADD3 R33, R27, R33, R26 ;                                /* 0x000000211b217210 */
                                                                                             /* 0x000fc80007ffe01a */
        /*3950*/                   IADD3 R33, R21, R20, R33 ;                                /* 0x0000001415217210 */
                                                                                             /* 0x020fc80007ffe021 */
        /*3960*/                   IADD3 R33, R23, R33, R22 ;                                /* 0x0000002117217210 */
                                                                                             /* 0x000fc80007ffe016 */
        /*3970*/                   IADD3 R33, R17, R16, R33 ;                                /* 0x0000001011217210 */
                                                                                             /* 0x000fc80007ffe021 */
        /*3980*/                   IADD3 R33, R19, R33, R18 ;                                /* 0x0000002113217210 */
                                                                                             /* 0x000fc80007ffe012 */
        /*3990*/                   IADD3 R33, R13, R12, R33 ;                                /* 0x0000000c0d217210 */
                                                                                             /* 0x000fc80007ffe021 */
        /*39a0*/                   IADD3 R33, R15, R33, R14 ;                                /* 0x000000210f217210 */
                                                                                             /* 0x000fc80007ffe00e */
        /*39b0*/                   IADD3 R33, R9, R8, R33 ;                                  /* 0x0000000809217210 */
                                                                                             /* 0x000fc80007ffe021 */
        /*39c0*/                   IADD3 R33, R11, R33, R10 ;                                /* 0x000000210b217210 */
                                                                                             /* 0x000fc80007ffe00a */
        /*39d0*/                   IADD3 R33, R5, R4, R33 ;                                  /* 0x0000000405217210 */
                                                                                             /* 0x000fc80007ffe021 */
        /*39e0*/                   IADD3 R73, R7, R33, R6 ;                                  /* 0x0000002107497210 */
                                                                                             /* 0x000fe40007ffe006 */
        /*39f0*/                   BSYNC B5 ;                                                /* 0x0000000000057941 */
                                                                                             /* 0x000fea0003800000 */
        /*3a00*/                   ISETP.NE.OR P0, PT, R70, -0x1, P0 ;                       /* 0xffffffff4600780c */
                                                                                             /* 0x000fda0000705670 */
        /*3a10*/              @!P0 BREAK B2 ;                                                /* 0x0000000000028942 */
                                                                                             /* 0x000fe20003800000 */
        /*3a20*/              @!P0 BRA 0x3b70 ;                                              /* 0x0000014000008947 */
                                                                                             /* 0x000fea0003800000 */
        /*3a30*/                   BSYNC B2 ;                                                /* 0x0000000000027941 */
                                                                                             /* 0x000fea0003800000 */
        /*3a40*/                   LDG.E.128.CONSTANT R8, [R2.64] ;                          /* 0x0000000402087981 */
                                                                                             /* 0x000ea8000c1e9d00 */
        /*3a50*/                   LDG.E.128.CONSTANT R12, [R2.64+0x1000] ;                  /* 0x00100004020c7981 */
                                                                                             /* 0x0000e8000c1e9d00 */
        /*3a60*/                   LDG.E.128.CONSTANT R16, [R2.64+0x2000] ;                  /* 0x0020000402107981 */
                                                                                             /* 0x000128000c1e9d00 */
        /*3a70*/                   LDG.E.128.CONSTANT R4, [R2.64+0x3000] ;                   /* 0x0030000402047981 */
                                                                                             /* 0x000162000c1e9d00 */
        /*3a80*/                   IADD3 R70, R70, -0x4, RZ ;                                /* 0xfffffffc46467810 */
                                                                                             /* 0x000fc40007ffe0ff */
        /*3a90*/                   IADD3 R69, R69, 0x400, RZ ;                               /* 0x0000040045457810 */
                                                                                             /* 0x000fe40007ffe0ff */
        /*3aa0*/                   ISETP.NE.AND P0, PT, R70, -0x1, PT ;                      /* 0xffffffff4600780c */
                                                                                             /* 0x000fe40003f05270 */
        /*3ab0*/                   IADD3 R9, R9, R8, R73 ;                                   /* 0x0000000809097210 */
                                                                                             /* 0x004fe40007ffe049 */
        /*3ac0*/                   IADD3 R8, P1, R2, 0x4000, RZ ;                            /* 0x0000400002087810 */
                                                                                             /* 0x000fe40007f3e0ff */
        /*3ad0*/                   IADD3 R9, R11, R9, R10 ;                                  /* 0x000000090b097210 */
                                                                                             /* 0x000fc60007ffe00a */
        /*3ae0*/                   IMAD.X R3, RZ, RZ, R3, P1 ;                               /* 0x000000ffff037224 */
                                                                                             /* 0x001fe200008e0603 */
        /*3af0*/                   IADD3 R9, R13, R12, R9 ;                                  /* 0x0000000c0d097210 */
                                                                                             /* 0x008fe20007ffe009 */
        /*3b00*/                   IMAD.MOV.U32 R2, RZ, RZ, R8 ;                             /* 0x000000ffff027224 */
                                                                                             /* 0x000fc600078e0008 */
        /*3b10*/                   IADD3 R9, R15, R9, R14 ;                                  /* 0x000000090f097210 */
                                                                                             /* 0x000fc80007ffe00e */
        /*3b20*/                   IADD3 R9, R17, R16, R9 ;                                  /* 0x0000001011097210 */
                                                                                             /* 0x010fc80007ffe009 */
        /*3b30*/                   IADD3 R9, R19, R9, R18 ;                                  /* 0x0000000913097210 */
                                                                                             /* 0x000fc80007ffe012 */
        /*3b40*/                   IADD3 R9, R5, R4, R9 ;                                    /* 0x0000000405097210 */
                                                                                             /* 0x020fc80007ffe009 */
        /*3b50*/                   IADD3 R73, R7, R9, R6 ;                                   /* 0x0000000907497210 */
                                                                                             /* 0x000fe20007ffe006 */
        /*3b60*/               @P0 BRA 0x3a40 ;                                              /* 0xfffffed000000947 */
                                                                                             /* 0x000fea000383ffff */
        /*3b70*/                   BSYNC B3 ;                                                /* 0x0000000000037941 */
                                                                                             /* 0x000fea0003800000 */
        /*3b80*/                   ISETP.NE.AND P0, PT, R72, RZ, PT ;                        /* 0x000000ff4800720c */
                                                                                             /* 0x000fda0003f05270 */
        /*3b90*/              @!P0 BRA 0x3c40 ;                                              /* 0x000000a000008947 */
                                                                                             /* 0x000fea0003800000 */
        /*3ba0*/                   IMAD.MOV.U32 R2, RZ, RZ, 0x10 ;                           /* 0x00000010ff027424 */
                                                                                             /* 0x000fc800078e00ff */
        /*3bb0*/                   IMAD.WIDE R2, R69, R2, c[0x0][0x160] ;                    /* 0x0000580045027625 */
                                                                                             /* 0x000fca00078e0202 */
        /*3bc0*/                   LDG.E.128.CONSTANT R4, [R2.64] ;                          /* 0x0000000402047981 */
                                                                                             /* 0x0000a2000c1e9d00 */
        /*3bd0*/                   IADD3 R72, R72, -0x1, RZ ;                                /* 0xffffffff48487810 */
                                                                                             /* 0x000fc80007ffe0ff */
        /*3be0*/                   ISETP.NE.AND P0, PT, R72, RZ, PT ;                        /* 0x000000ff4800720c */
                                                                                             /* 0x000fe40003f05270 */
        /*3bf0*/                   IADD3 R2, P1, R2, 0x1000, RZ ;                            /* 0x0000100002027810 */
                                                                                             /* 0x001fca0007f3e0ff */
        /*3c00*/                   IMAD.X R3, RZ, RZ, R3, P1 ;                               /* 0x000000ffff037224 */
                                                                                             /* 0x000fe200008e0603 */
        /*3c10*/                   IADD3 R73, R5, R4, R73 ;                                  /* 0x0000000405497210 */
                                                                                             /* 0x004fc80007ffe049 */
        /*3c20*/                   IADD3 R73, R7, R73, R6 ;                                  /* 0x0000004907497210 */
                                                                                             /* 0x000fe20007ffe006 */
        /*3c30*/               @P0 BRA 0x3bc0 ;                                              /* 0xffffff8000000947 */
                                                                                             /* 0x000fea000383ffff */
        /*3c40*/                   BSYNC B4 ;                                                /* 0x0000000000047941 */
                                                                                             /* 0x000fea0003800000 */
        /*3c50*/                   IMAD R2, R71, 0x4, R0 ;                                   /* 0x0000000447027824 */
                                                                                             /* 0x000fca00078e0200 */
        /*3c60*/                   ISETP.GE.AND P0, PT, R2, c[0x0][0x170], PT ;              /* 0x00005c0002007a0c */
                                                                                             /* 0x000fda0003f06270 */
        /*3c70*/               @P0 BRA 0x3cc0 ;                                              /* 0x0000004000000947 */
                                                                                             /* 0x000fea0003800000 */
        /*3c80*/                   IMAD.MOV.U32 R3, RZ, RZ, 0x4 ;                            /* 0x00000004ff037424 */
                                                                                             /* 0x000fc800078e00ff */
        /*3c90*/                   IMAD.WIDE.U32 R2, R2, R3, c[0x0][0x160] ;                 /* 0x0000580002027625 */
                                                                                             /* 0x000fcc00078e0003 */
        /*3ca0*/                   LDG.E.CONSTANT R2, [R2.64] ;                              /* 0x0000000402027981 */
                                                                                             /* 0x000ea4000c1e9900 */
        /*3cb0*/                   IMAD.IADD R73, R73, 0x1, R2 ;                             /* 0x0000000149497824 */
                                                                                             /* 0x004fe400078e0202 */
        /*3cc0*/                   BSYNC B1 ;                                                /* 0x0000000000017941 */
                                                                                             /* 0x000fea0003800000 */
        /*3cd0*/                   S2R R2, SR_LANEID ;                                       /* 0x0000000000027919 */
                                                                                             /* 0x000e620000000000 */
        /*3ce0*/                   ISETP.GT.AND P0, PT, R68, 0xff, PT ;                      /* 0x000000ff4400780c */
                                                                                             /* 0x000fe40003f04270 */
        /*3cf0*/                   SHF.R.S32.HI R3, RZ, 0x1f, R0 ;                           /* 0x0000001fff037819 */
                                                                                             /* 0x000fc80000011400 */
        /*3d00*/                   LEA.HI R3, R3, R0, RZ, 0x5 ;                              /* 0x0000000003037211 */
                                                                                             /* 0x000fc800078f28ff */
        /*3d10*/                   SHF.R.S32.HI R4, RZ, 0x5, R3 ;                            /* 0x00000005ff047819 */
                                                                                             /* 0x001fc60000011403 */
        /*3d20*/               @P0 BRA 0x3f60 ;                                              /* 0x0000023000000947 */
                                                                                             /* 0x000fea0003800000 */
        /*3d30*/                   LEA R5, R4.reuse, 0x20, 0x5 ;                             /* 0x0000002004057811 */
                                                                                             /* 0x040fe200078e28ff */
        /*3d40*/                   IMAD R3, R4, -0x20, R68 ;                                 /* 0xffffffe004037824 */
                                                                                             /* 0x000fc600078e0244 */
        /*3d50*/                   ISETP.GT.AND P0, PT, R5, c[0x0][0x170], PT ;              /* 0x00005c0005007a0c */
                                                                                             /* 0x000fc80003f04270 */
        /*3d60*/                   SEL R3, R3, 0x20, P0 ;                                    /* 0x0000002003037807 */
                                                                                             /* 0x000fc80000000000 */
        /*3d70*/                   ISETP.GE.AND P0, PT, R2, R3, PT ;                         /* 0x000000030200720c */
                                                                                             /* 0x002fc80003f06270 */
        /*3d80*/                   SEL R73, R73, RZ, !P0 ;                                   /* 0x000000ff49497207 */
                                                                                             /* 0x020fe40004000000 */
        /*3d90*/                   ISETP.NE.AND P0, PT, R2, RZ, PT ;                         /* 0x000000ff0200720c */
                                                                                             /* 0x000fe40003f05270 */
        /*3da0*/                   REDUX.SUM.S32 UR6, R73 ;                                  /* 0x00000000490673c4 */
                                                                                             /* 0x000e24000000c200 */
        /*3db0*/                   IMAD.U32 R5, RZ, RZ, UR6 ;                                /* 0x00000006ff057e24 */
                                                                                             /* 0x001fd2000f8e00ff */
        /*3dc0*/              @!P0 STS [R4.X4+0x8], R5 ;                                     /* 0x0000080504008388 */
                                                                                             /* 0x0001e80000004800 */
        /*3dd0*/                   BAR.SYNC.DEFER_BLOCKING 0x0 ;                             /* 0x0000000000007b1d */
                                                                                             /* 0x000fe20000010000 */
        /*3de0*/                   ISETP.NE.AND P0, PT, R0, RZ, PT ;                         /* 0x000000ff0000720c */
                                                                                             /* 0x000fda0003f05270 */
        /*3df0*/               @P0 BRA 0x4030 ;                                              /* 0x0000023000000947 */
                                                                                             /* 0x000fea0003800000 */
        /*3e00*/                   LDS.128 R8, [0x10] ;                                      /* 0x00001000ff087984 */
                                                                                             /* 0x001e220000000c00 */
        /*3e10*/                   ISETP.GT.AND P2, PT, R68.reuse, 0x40, PT ;                /* 0x000000404400780c */
                                                                                             /* 0x040fe40003f44270 */
        /*3e20*/                   ISETP.GT.AND P1, PT, R68.reuse, 0x20, PT ;                /* 0x000000204400780c */
                                                                                             /* 0x040fe20003f24270 */
        /*3e30*/                   LDS R0, [0xc] ;                                           /* 0x00000c00ff007984 */
                                                                                             /* 0x000e620000000800 */
        /*3e40*/                   ISETP.GT.AND P3, PT, R68, 0x80, PT ;                      /* 0x000000804400780c */
                                                                                             /* 0x000fc60003f64270 */
        /*3e50*/                   LDS.64 R2, [0x20] ;                                       /* 0x00002000ff027984 */
                                                                                             /* 0x000ea20000000a00 */
        /*3e60*/                   SEL R8, R8, RZ, P2 ;                                      /* 0x000000ff08087207 */
                                                                                             /* 0x001fe40001000000 */
        /*3e70*/                   ISETP.GT.AND P2, PT, R68, 0x60, PT ;                      /* 0x000000604400780c */
                                                                                             /* 0x000fe40003f44270 */
        /*3e80*/                   SEL R0, R0, RZ, P1 ;                                      /* 0x000000ff00007207 */
                                                                                             /* 0x002fe40000800000 */
        /*3e90*/                   SEL R9, R9, RZ, P2 ;                                      /* 0x000000ff09097207 */
                                                                                             /* 0x000fe40001000000 */
        /*3ea0*/                   IADD3 R0, R8, R5, R0 ;                                    /* 0x0000000508007210 */
                                                                                             /* 0x000fe40007ffe000 */
        /*3eb0*/                   ISETP.GT.AND P1, PT, R68, 0xa0, PT ;                      /* 0x000000a04400780c */
                                                                                             /* 0x000fc40003f24270 */
        /*3ec0*/                   SEL R10, R10, RZ, P3 ;                                    /* 0x000000ff0a0a7207 */
                                                                                             /* 0x000fe40001800000 */
        /*3ed0*/                   ISETP.GT.AND P2, PT, R68.reuse, 0xc0, PT ;                /* 0x000000c04400780c */
                                                                                             /* 0x040fe40003f44270 */
        /*3ee0*/                   ISETP.GT.AND P3, PT, R68, 0xe0, PT ;                      /* 0x000000e04400780c */
                                                                                             /* 0x000fe40003f64270 */
        /*3ef0*/                   SEL R11, R11, RZ, P1 ;                                    /* 0x000000ff0b0b7207 */
                                                                                             /* 0x000fe40000800000 */
        /*3f00*/                   IADD3 R0, R10, R0, R9 ;                                   /* 0x000000000a007210 */
                                                                                             /* 0x000fe40007ffe009 */
        /*3f10*/                   SEL R2, R2, RZ, P2 ;                                      /* 0x000000ff02027207 */
                                                                                             /* 0x004fc40001000000 */
        /*3f20*/                   SEL R3, R3, RZ, P3 ;                                      /* 0x000000ff03037207 */
                                                                                             /* 0x000fe40001800000 */
        /*3f30*/                   IADD3 R0, R2, R0, R11 ;                                   /* 0x0000000002007210 */
                                                                                             /* 0x000fca0007ffe00b */
        /*3f40*/                   IMAD.IADD R5, R0, 0x1, R3 ;                               /* 0x0000000100057824 */
                                                                                             /* 0x000fe200078e0203 */
        /*3f50*/                   BRA 0x4030 ;                                              /* 0x000000d000007947 */
                                                                                             /* 0x000fea0003800000 */
        /*3f60*/                   REDUX.SUM.S32 UR6, R73 ;                                  /* 0x00000000490673c4 */
                                                                                             /* 0x020e22000000c200 */
        /*3f70*/                   ISETP.NE.AND P1, PT, R2, RZ, PT ;                         /* 0x000000ff0200720c */
                                                                                             /* 0x002fe40003f25270 */
        /*3f80*/                   ISETP.NE.AND P0, PT, R0, RZ, PT ;                         /* 0x000000ff0000720c */
                                                                                             /* 0x000fe20003f05270 */
        /*3f90*/                   IMAD.U32 R5, RZ, RZ, UR6 ;                                /* 0x00000006ff057e24 */
                                                                                             /* 0x001fd4000f8e00ff */
        /*3fa0*/              @!P1 STS [R4.X4+0x8], R5 ;                                     /* 0x0000080504009388 */
                                                                                             /* 0x000fe80000004800 */
        /*3fb0*/                   BAR.SYNC.DEFER_BLOCKING 0x0 ;                             /* 0x0000000000007b1d */
                                                                                             /* 0x000fec0000010000 */
        /*3fc0*/              @!P0 LDS R0, [0xc] ;                                           /* 0x00000c00ff008984 */
                                                                                             /* 0x000fe80000000800 */
        /*3fd0*/              @!P0 LDS.128 R8, [0x10] ;                                      /* 0x00001000ff088984 */
                                                                                             /* 0x000e280000000c00 */
        /*3fe0*/              @!P0 LDS.64 R2, [0x20] ;                                       /* 0x00002000ff028984 */
                                                                                             /* 0x000e620000000a00 */
        /*3ff0*/              @!P0 IADD3 R0, R8, R0, R5 ;                                    /* 0x0000000008008210 */
                                                                                             /* 0x001fc80007ffe005 */
        /*4000*/              @!P0 IADD3 R0, R10, R9, R0 ;                                   /* 0x000000090a008210 */
                                                                                             /* 0x000fc80007ffe000 */
        /*4010*/              @!P0 IADD3 R0, R2, R11, R0 ;                                   /* 0x0000000b02008210 */
                                                                                             /* 0x002fca0007ffe000 */
        /*4020*/              @!P0 IMAD.IADD R5, R0, 0x1, R3 ;                               /* 0x0000000100058824 */
                                                                                             /* 0x000fe400078e0203 */
        /*4030*/                   BSYNC B0 ;                                                /* 0x0000000000007941 */
                                                                                             /* 0x001fea0003800000 */
        /*4040*/                   WARPSYNC 0xffffffff ;                                     /* 0xffffffff00007948 */
                                                                                             /* 0x000fe20003800000 */
        /*4050*/               @P0 EXIT ;                                                    /* 0x000000000000094d */
                                                                                             /* 0x000fea0003800000 */
        /*4060*/                   IADD3 R5, R5, c[0x0][0x178], RZ ;                         /* 0x00005e0005057a10 */
                                                                                             /* 0x000fe20007ffe0ff */
        /*4070*/                   IMAD.MOV.U32 R2, RZ, RZ, c[0x0][0x168] ;                  /* 0x00005a00ff027624 */
                                                                                             /* 0x000fe400078e00ff */
        /*4080*/                   IMAD.MOV.U32 R3, RZ, RZ, c[0x0][0x16c] ;                  /* 0x00005b00ff037624 */
                                                                                             /* 0x000fca00078e00ff */
        /*4090*/                   STG.E [R2.64], R5 ;                                       /* 0x0000000502007986 */
                                                                                             /* 0x000fe2000c101904 */
        /*40a0*/                   EXIT ;                                                    /* 0x000000000000794d */
                                                                                             /* 0x000fea0003800000 */
        /*40b0*/                   S2R R0, SR_TID.X ;                                        /* 0x0000000000007919 */
                                                                                             /* 0x000e240000002100 */
        /*40c0*/                   ISETP.NE.AND P0, PT, R0, RZ, PT ;                         /* 0x000000ff0000720c */
                                                                                             /* 0x001fda0003f05270 */
        /*40d0*/               @P0 EXIT ;                                                    /* 0x000000000000094d */
                                                                                             /* 0x000fea0003800000 */
        /*40e0*/                   IMAD.MOV.U32 R5, RZ, RZ, c[0x0][0x178] ;                  /* 0x00005e00ff057624 */
                                                                                             /* 0x000fe400078e00ff */
        /*40f0*/                   IMAD.MOV.U32 R2, RZ, RZ, c[0x0][0x168] ;                  /* 0x00005a00ff027624 */
                                                                                             /* 0x000fe400078e00ff */
        /*4100*/                   IMAD.MOV.U32 R3, RZ, RZ, c[0x0][0x16c] ;                  /* 0x00005b00ff037624 */
                                                                                             /* 0x000fca00078e00ff */
        /*4110*/                   STG.E [R2.64], R5 ;                                       /* 0x0000000502007986 */
                                                                                             /* 0x000fe2000c101904 */
        /*4120*/                   EXIT ;                                                    /* 0x000000000000794d */
                                                                                             /* 0x000fea0003800000 */
        /*4130*/                   BRA 0x4130;                                               /* 0xfffffff000007947 */
                                                                                             /* 0x000fc0000383ffff */
        /*4140*/                   NOP;                                                      /* 0x0000000000007918 */
                                                                                             /* 0x000fc00000000000 */
        /*4150*/                   NOP;                                                      /* 0x0000000000007918 */
                                                                                             /* 0x000fc00000000000 */
        /*4160*/                   NOP;                                                      /* 0x0000000000007918 */
                                                                                             /* 0x000fc00000000000 */
        /*4170*/                   NOP;                                                      /* 0x0000000000007918 */
                                                                                             /* 0x000fc00000000000 */
        /*4180*/                   NOP;                                                      /* 0x0000000000007918 */
                                                                                             /* 0x000fc00000000000 */
        /*4190*/                   NOP;                                                      /* 0x0000000000007918 */
                                                                                             /* 0x000fc00000000000 */
        /*41a0*/                   NOP;                                                      /* 0x0000000000007918 */
                                                                                             /* 0x000fc00000000000 */
        /*41b0*/                   NOP;                                                      /* 0x0000000000007918 */
                                                                                             /* 0x000fc00000000000 */
        /*41c0*/                   NOP;                                                      /* 0x0000000000007918 */
                                                                                             /* 0x000fc00000000000 */
        /*41d0*/                   NOP;                                                      /* 0x0000000000007918 */
                                                                                             /* 0x000fc00000000000 */
        /*41e0*/                   NOP;                                                      /* 0x0000000000007918 */
                                                                                             /* 0x000fc00000000000 */
        /*41f0*/                   NOP;                                                      /* 0x0000000000007918 */
                                                                                             /* 0x000fc00000000000 */
		..........


		Function : _ZN11tail_vector3cub6detail11EmptyKernelIvEEvv
	.headerflags	@"EF_CUDA_SM89 EF_CUDA_VIRTUAL_SM(EF_CUDA_SM89)"
        /*0000*/                   MOV R1, c[0x0][0x28] ;                                    /* 0x00000a0000017a02 */
                                                                                             /* 0x000fe40000000f00 */
        /*0010*/                   EXIT ;                                                    /* 0x000000000000794d */
                                                                                             /* 0x000fea0003800000 */
        /*0020*/                   BRA 0x20;                                                 /* 0xfffffff000007947 */
                                                                                             /* 0x000fc0000383ffff */
        /*0030*/                   NOP;                                                      /* 0x0000000000007918 */
                                                                                             /* 0x000fc00000000000 */
        /*0040*/                   NOP;                                                      /* 0x0000000000007918 */
                                                                                             /* 0x000fc00000000000 */
        /*0050*/                   NOP;                                                      /* 0x0000000000007918 */
                                                                                             /* 0x000fc00000000000 */
        /*0060*/                   NOP;                                                      /* 0x0000000000007918 */
                                                                                             /* 0x000fc00000000000 */
        /*0070*/                   NOP;                                                      /* 0x0000000000007918 */
                                                                                             /* 0x000fc00000000000 */
        /*0080*/                   NOP;                                                      /* 0x0000000000007918 */
                                                                                             /* 0x000fc00000000000 */
        /*0090*/                   NOP;                                                      /* 0x0000000000007918 */
                                                                                             /* 0x000fc00000000000 */
        /*00a0*/                   NOP;                                                      /* 0x0000000000007918 */
                                                                                             /* 0x000fc00000000000 */
        /*00b0*/                   NOP;                                                      /* 0x0000000000007918 */
                                                                                             /* 0x000fc00000000000 */
        /*00c0*/                   NOP;                                                      /* 0x0000000000007918 */
                                                                                             /* 0x000fc00000000000 */
        /*00d0*/                   NOP;                                                      /* 0x0000000000007918 */
                                                                                             /* 0x000fc00000000000 */
        /*00e0*/                   NOP;                                                      /* 0x0000000000007918 */
                                                                                             /* 0x000fc00000000000 */
        /*00f0*/                   NOP;                                                      /* 0x0000000000007918 */
                                                                                             /* 0x000fc00000000000 */
		..........


