# Command Line

```
'/mnt/d/Projects/Open-Source Contribution/evidence/raw/phase2/2026-09-06-tail-ab-v2/build/tail_ab' -a 'Case=[8,9]' --profile
```

# Devices

## [0] `NVIDIA GeForce RTX 4060 Laptop GPU`
* SM Version: 890 (PTX Version: 890)
* Number of SMs: 24
* SM Default Clock Rate: 2250 MHz
* Global Memory: 7096 MiB Free / 8187 MiB Total
* Global Memory Bus Peak: 256 GB/sec (128-bit DDR @8001MHz)
* Max Shared Memory: 100 KiB/SM, 48 KiB/Block
* L2 Cache Size: 32768 KiB
* Maximum Active Blocks: 24/SM
* Maximum Active Threads: 1536/SM, 1024/Block
* Available Registers: 65536/SM, 65536/Block
* ECC Enabled: No

# Log

```
Run:  [1/2] tail_ab [Device=0 Case=8]
Dispatching DeviceReduce on compute capability 8.9 with tuning: ReducePolicy { .multi_tile = ReducePassPolicy { .threads_per_block = 256, .items_per_thread = 16, .vec_size = 4, .reduce_algorithm = BLOCK_REDUCE_WARP_REDUCTIONS, .load_modifier = LOAD_LDG }, .single_tile = ReducePassPolicy { .threads_per_block = 256, .items_per_thread = 16, .vec_size = 4, .reduce_algorithm = BLOCK_REDUCE_WARP_REDUCTIONS, .load_modifier = LOAD_LDG } }
Dispatching DeviceReduce on compute capability 8.9 with tuning: ReducePolicy { .multi_tile = ReducePassPolicy { .threads_per_block = 256, .items_per_thread = 16, .vec_size = 4, .reduce_algorithm = BLOCK_REDUCE_WARP_REDUCTIONS, .load_modifier = LOAD_LDG }, .single_tile = ReducePassPolicy { .threads_per_block = 256, .items_per_thread = 16, .vec_size = 4, .reduce_algorithm = BLOCK_REDUCE_WARP_REDUCTIONS, .load_modifier = LOAD_LDG } }
Dispatching DeviceReduce on compute capability 8.9 with tuning: ReducePolicy { .multi_tile = ReducePassPolicy { .threads_per_block = 256, .items_per_thread = 16, .vec_size = 4, .reduce_algorithm = BLOCK_REDUCE_WARP_REDUCTIONS, .load_modifier = LOAD_LDG }, .single_tile = ReducePassPolicy { .threads_per_block = 256, .items_per_thread = 16, .vec_size = 4, .reduce_algorithm = BLOCK_REDUCE_WARP_REDUCTIONS, .load_modifier = LOAD_LDG } }
Invoking DeviceReduceKernel<<<719, 256, 0, 102321612979792>>>(), 16 items per thread, 6 SM occupancy
Invoking DeviceReduceSingleTileKernel<<<1, 256, 0, 102321612979792>>>(), 16 items per thread
Dispatching DeviceReduce on compute capability 8.9 with tuning: ReducePolicy { .multi_tile = ReducePassPolicy { .threads_per_block = 256, .items_per_thread = 16, .vec_size = 4, .reduce_algorithm = BLOCK_REDUCE_WARP_REDUCTIONS, .load_modifier = LOAD_LDG }, .single_tile = ReducePassPolicy { .threads_per_block = 256, .items_per_thread = 16, .vec_size = 4, .reduce_algorithm = BLOCK_REDUCE_WARP_REDUCTIONS, .load_modifier = LOAD_LDG } }
Invoking DeviceReduceKernel<<<719, 256, 0, 102321612979792>>>(), 16 items per thread, 6 SM occupancy
Invoking DeviceReduceSingleTileKernel<<<1, 256, 0, 102321612979792>>>(), 16 items per thread
Dispatching DeviceReduce on compute capability 8.9 with tuning: ReducePolicy { .multi_tile = ReducePassPolicy { .threads_per_block = 256, .items_per_thread = 16, .vec_size = 4, .reduce_algorithm = BLOCK_REDUCE_WARP_REDUCTIONS, .load_modifier = LOAD_LDG }, .single_tile = ReducePassPolicy { .threads_per_block = 256, .items_per_thread = 16, .vec_size = 4, .reduce_algorithm = BLOCK_REDUCE_WARP_REDUCTIONS, .load_modifier = LOAD_LDG } }
Invoking DeviceReduceKernel<<<720, 256, 0, 102321612979792>>>(), 16 items per thread, 6 SM occupancy
Invoking DeviceReduceSingleTileKernel<<<1, 256, 0, 102321612979792>>>(), 16 items per thread
Dispatching DeviceReduce on compute capability 8.9 with tuning: ReducePolicy { .multi_tile = ReducePassPolicy { .threads_per_block = 256, .items_per_thread = 16, .vec_size = 4, .reduce_algorithm = BLOCK_REDUCE_WARP_REDUCTIONS, .load_modifier = LOAD_LDG }, .single_tile = ReducePassPolicy { .threads_per_block = 256, .items_per_thread = 16, .vec_size = 4, .reduce_algorithm = BLOCK_REDUCE_WARP_REDUCTIONS, .load_modifier = LOAD_LDG } }
Invoking DeviceReduceKernel<<<720, 256, 0, 102321612979792>>>(), 16 items per thread, 6 SM occupancy
Invoking DeviceReduceSingleTileKernel<<<1, 256, 0, 102321612979792>>>(), 16 items per thread
Dispatching DeviceReduce on compute capability 8.9 with tuning: ReducePolicy { .multi_tile = ReducePassPolicy { .threads_per_block = 256, .items_per_thread = 16, .vec_size = 4, .reduce_algorithm = BLOCK_REDUCE_WARP_REDUCTIONS, .load_modifier = LOAD_LDG }, .single_tile = ReducePassPolicy { .threads_per_block = 256, .items_per_thread = 16, .vec_size = 4, .reduce_algorithm = BLOCK_REDUCE_WARP_REDUCTIONS, .load_modifier = LOAD_LDG } }
Invoking DeviceReduceKernel<<<720, 256, 0, 102321612979792>>>(), 16 items per thread, 6 SM occupancy
Invoking DeviceReduceSingleTileKernel<<<1, 256, 0, 102321612979792>>>(), 16 items per thread
Dispatching DeviceReduce on compute capability 8.9 with tuning: ReducePolicy { .multi_tile = ReducePassPolicy { .threads_per_block = 256, .items_per_thread = 16, .vec_size = 4, .reduce_algorithm = BLOCK_REDUCE_WARP_REDUCTIONS, .load_modifier = LOAD_LDG }, .single_tile = ReducePassPolicy { .threads_per_block = 256, .items_per_thread = 16, .vec_size = 4, .reduce_algorithm = BLOCK_REDUCE_WARP_REDUCTIONS, .load_modifier = LOAD_LDG } }
Invoking DeviceReduceKernel<<<720, 256, 0, 102321612979792>>>(), 16 items per thread, 6 SM occupancy
Invoking DeviceReduceSingleTileKernel<<<1, 256, 0, 102321612979792>>>(), 16 items per thread
Dispatching DeviceReduce on compute capability 8.9 with tuning: ReducePolicy { .multi_tile = ReducePassPolicy { .threads_per_block = 256, .items_per_thread = 16, .vec_size = 4, .reduce_algorithm = BLOCK_REDUCE_WARP_REDUCTIONS, .load_modifier = LOAD_LDG }, .single_tile = ReducePassPolicy { .threads_per_block = 256, .items_per_thread = 16, .vec_size = 4, .reduce_algorithm = BLOCK_REDUCE_WARP_REDUCTIONS, .load_modifier = LOAD_LDG } }
Invoking DeviceReduceKernel<<<720, 256, 0, 102321612979792>>>(), 16 items per thread, 6 SM occupancy
Invoking DeviceReduceSingleTileKernel<<<1, 256, 0, 102321612979792>>>(), 16 items per thread
Dispatching DeviceReduce on compute capability 8.9 with tuning: ReducePolicy { .multi_tile = ReducePassPolicy { .threads_per_block = 256, .items_per_thread = 16, .vec_size = 4, .reduce_algorithm = BLOCK_REDUCE_WARP_REDUCTIONS, .load_modifier = LOAD_LDG }, .single_tile = ReducePassPolicy { .threads_per_block = 256, .items_per_thread = 16, .vec_size = 4, .reduce_algorithm = BLOCK_REDUCE_WARP_REDUCTIONS, .load_modifier = LOAD_LDG } }
Invoking DeviceReduceKernel<<<720, 256, 0, 102321612979792>>>(), 16 items per thread, 6 SM occupancy
Invoking DeviceReduceSingleTileKernel<<<1, 256, 0, 102321612979792>>>(), 16 items per thread
Dispatching DeviceReduce on compute capability 8.9 with tuning: ReducePolicy { .multi_tile = ReducePassPolicy { .threads_per_block = 256, .items_per_thread = 16, .vec_size = 4, .reduce_algorithm = BLOCK_REDUCE_WARP_REDUCTIONS, .load_modifier = LOAD_LDG }, .single_tile = ReducePassPolicy { .threads_per_block = 256, .items_per_thread = 16, .vec_size = 4, .reduce_algorithm = BLOCK_REDUCE_WARP_REDUCTIONS, .load_modifier = LOAD_LDG } }
Invoking DeviceReduceKernel<<<720, 256, 0, 102321612979792>>>(), 16 items per thread, 6 SM occupancy
Invoking DeviceReduceSingleTileKernel<<<1, 256, 0, 102321612979792>>>(), 16 items per thread
Dispatching DeviceReduce on compute capability 8.9 with tuning: ReducePolicy { .multi_tile = ReducePassPolicy { .threads_per_block = 256, .items_per_thread = 16, .vec_size = 4, .reduce_algorithm = BLOCK_REDUCE_WARP_REDUCTIONS, .load_modifier = LOAD_LDG }, .single_tile = ReducePassPolicy { .threads_per_block = 256, .items_per_thread = 16, .vec_size = 4, .reduce_algorithm = BLOCK_REDUCE_WARP_REDUCTIONS, .load_modifier = LOAD_LDG } }
Invoking DeviceReduceKernel<<<720, 256, 0, 102321612979792>>>(), 16 items per thread, 6 SM occupancy
Invoking DeviceReduceSingleTileKernel<<<1, 256, 0, 102321612979792>>>(), 16 items per thread
Dispatching DeviceReduce on compute capability 8.9 with tuning: ReducePolicy { .multi_tile = ReducePassPolicy { .threads_per_block = 256, .items_per_thread = 16, .vec_size = 4, .reduce_algorithm = BLOCK_REDUCE_WARP_REDUCTIONS, .load_modifier = LOAD_LDG }, .single_tile = ReducePassPolicy { .threads_per_block = 256, .items_per_thread = 16, .vec_size = 4, .reduce_algorithm = BLOCK_REDUCE_WARP_REDUCTIONS, .load_modifier = LOAD_LDG } }
Invoking DeviceReduceKernel<<<720, 256, 0, 102321612979792>>>(), 16 items per thread, 6 SM occupancy
Invoking DeviceReduceSingleTileKernel<<<1, 256, 0, 102321612979792>>>(), 16 items per thread
Dispatching DeviceReduce on compute capability 8.9 with tuning: ReducePolicy { .multi_tile = ReducePassPolicy { .threads_per_block = 256, .items_per_thread = 16, .vec_size = 4, .reduce_algorithm = BLOCK_REDUCE_WARP_REDUCTIONS, .load_modifier = LOAD_LDG }, .single_tile = ReducePassPolicy { .threads_per_block = 256, .items_per_thread = 16, .vec_size = 4, .reduce_algorithm = BLOCK_REDUCE_WARP_REDUCTIONS, .load_modifier = LOAD_LDG } }
Invoking DeviceReduceKernel<<<720, 256, 0, 102321612979792>>>(), 16 items per thread, 6 SM occupancy
Invoking DeviceReduceSingleTileKernel<<<1, 256, 0, 102321612979792>>>(), 16 items per thread
Dispatching DeviceReduce on compute capability 8.9 with tuning: ReducePolicy { .multi_tile = ReducePassPolicy { .threads_per_block = 256, .items_per_thread = 16, .vec_size = 4, .reduce_algorithm = BLOCK_REDUCE_WARP_REDUCTIONS, .load_modifier = LOAD_LDG }, .single_tile = ReducePassPolicy { .threads_per_block = 256, .items_per_thread = 16, .vec_size = 4, .reduce_algorithm = BLOCK_REDUCE_WARP_REDUCTIONS, .load_modifier = LOAD_LDG } }
Invoking DeviceReduceKernel<<<720, 256, 0, 102321612979792>>>(), 16 items per thread, 6 SM occupancy
Invoking DeviceReduceSingleTileKernel<<<1, 256, 0, 102321612979792>>>(), 16 items per thread
Dispatching DeviceReduce on compute capability 8.9 with tuning: ReducePolicy { .multi_tile = ReducePassPolicy { .threads_per_block = 256, .items_per_thread = 16, .vec_size = 4, .reduce_algorithm = BLOCK_REDUCE_WARP_REDUCTIONS, .load_modifier = LOAD_LDG }, .single_tile = ReducePassPolicy { .threads_per_block = 256, .items_per_thread = 16, .vec_size = 4, .reduce_algorithm = BLOCK_REDUCE_WARP_REDUCTIONS, .load_modifier = LOAD_LDG } }
Invoking DeviceReduceKernel<<<720, 256, 0, 102321612979792>>>(), 16 items per thread, 6 SM occupancy
Invoking DeviceReduceSingleTileKernel<<<1, 256, 0, 102321612979792>>>(), 16 items per thread
Dispatching DeviceReduce on compute capability 8.9 with tuning: ReducePolicy { .multi_tile = ReducePassPolicy { .threads_per_block = 256, .items_per_thread = 16, .vec_size = 4, .reduce_algorithm = BLOCK_REDUCE_WARP_REDUCTIONS, .load_modifier = LOAD_LDG }, .single_tile = ReducePassPolicy { .threads_per_block = 256, .items_per_thread = 16, .vec_size = 4, .reduce_algorithm = BLOCK_REDUCE_WARP_REDUCTIONS, .load_modifier = LOAD_LDG } }
Invoking DeviceReduceKernel<<<720, 256, 0, 102321612979792>>>(), 16 items per thread, 6 SM occupancy
Invoking DeviceReduceSingleTileKernel<<<1, 256, 0, 102321612979792>>>(), 16 items per thread
Dispatching DeviceReduce on compute capability 8.9 with tuning: ReducePolicy { .multi_tile = ReducePassPolicy { .threads_per_block = 256, .items_per_thread = 16, .vec_size = 4, .reduce_algorithm = BLOCK_REDUCE_WARP_REDUCTIONS, .load_modifier = LOAD_LDG }, .single_tile = ReducePassPolicy { .threads_per_block = 256, .items_per_thread = 16, .vec_size = 4, .reduce_algorithm = BLOCK_REDUCE_WARP_REDUCTIONS, .load_modifier = LOAD_LDG } }
Invoking DeviceReduceKernel<<<720, 256, 0, 102321612979792>>>(), 16 items per thread, 6 SM occupancy
Invoking DeviceReduceSingleTileKernel<<<1, 256, 0, 102321612979792>>>(), 16 items per thread
Dispatching DeviceReduce on compute capability 8.9 with tuning: ReducePolicy { .multi_tile = ReducePassPolicy { .threads_per_block = 256, .items_per_thread = 16, .vec_size = 4, .reduce_algorithm = BLOCK_REDUCE_WARP_REDUCTIONS, .load_modifier = LOAD_LDG }, .single_tile = ReducePassPolicy { .threads_per_block = 256, .items_per_thread = 16, .vec_size = 4, .reduce_algorithm = BLOCK_REDUCE_WARP_REDUCTIONS, .load_modifier = LOAD_LDG } }
Invoking DeviceReduceKernel<<<720, 256, 0, 102321612979792>>>(), 16 items per thread, 6 SM occupancy
Invoking DeviceReduceSingleTileKernel<<<1, 256, 0, 102321612979792>>>(), 16 items per thread
Dispatching DeviceReduce on compute capability 8.9 with tuning: ReducePolicy { .multi_tile = ReducePassPolicy { .threads_per_block = 256, .items_per_thread = 16, .vec_size = 4, .reduce_algorithm = BLOCK_REDUCE_WARP_REDUCTIONS, .load_modifier = LOAD_LDG }, .single_tile = ReducePassPolicy { .threads_per_block = 256, .items_per_thread = 16, .vec_size = 4, .reduce_algorithm = BLOCK_REDUCE_WARP_REDUCTIONS, .load_modifier = LOAD_LDG } }
Invoking DeviceReduceKernel<<<720, 256, 0, 102321612979792>>>(), 16 items per thread, 6 SM occupancy
Invoking DeviceReduceSingleTileKernel<<<1, 256, 0, 102321612979792>>>(), 16 items per thread
Dispatching DeviceReduce on compute capability 8.9 with tuning: ReducePolicy { .multi_tile = ReducePassPolicy { .threads_per_block = 256, .items_per_thread = 16, .vec_size = 4, .reduce_algorithm = BLOCK_REDUCE_WARP_REDUCTIONS, .load_modifier = LOAD_LDG }, .single_tile = ReducePassPolicy { .threads_per_block = 256, .items_per_thread = 16, .vec_size = 4, .reduce_algorithm = BLOCK_REDUCE_WARP_REDUCTIONS, .load_modifier = LOAD_LDG } }
Invoking DeviceReduceKernel<<<720, 256, 0, 102321612979792>>>(), 16 items per thread, 6 SM occupancy
Invoking DeviceReduceSingleTileKernel<<<1, 256, 0, 102321612979792>>>(), 16 items per thread
Dispatching DeviceReduce on compute capability 8.9 with tuning: ReducePolicy { .multi_tile = ReducePassPolicy { .threads_per_block = 256, .items_per_thread = 16, .vec_size = 4, .reduce_algorithm = BLOCK_REDUCE_WARP_REDUCTIONS, .load_modifier = LOAD_LDG }, .single_tile = ReducePassPolicy { .threads_per_block = 256, .items_per_thread = 16, .vec_size = 4, .reduce_algorithm = BLOCK_REDUCE_WARP_REDUCTIONS, .load_modifier = LOAD_LDG } }
Invoking DeviceReduceKernel<<<720, 256, 0, 102321612979792>>>(), 16 items per thread, 6 SM occupancy
Invoking DeviceReduceSingleTileKernel<<<1, 256, 0, 102321612979792>>>(), 16 items per thread
Dispatching DeviceReduce on compute capability 8.9 with tuning: ReducePolicy { .multi_tile = ReducePassPolicy { .threads_per_block = 256, .items_per_thread = 16, .vec_size = 4, .reduce_algorithm = BLOCK_REDUCE_WARP_REDUCTIONS, .load_modifier = LOAD_LDG }, .single_tile = ReducePassPolicy { .threads_per_block = 256, .items_per_thread = 16, .vec_size = 4, .reduce_algorithm = BLOCK_REDUCE_WARP_REDUCTIONS, .load_modifier = LOAD_LDG } }
Invoking DeviceReduceKernel<<<720, 256, 0, 102321612979792>>>(), 16 items per thread, 6 SM occupancy
Invoking DeviceReduceSingleTileKernel<<<1, 256, 0, 102321612979792>>>(), 16 items per thread
Dispatching DeviceReduce on compute capability 8.9 with tuning: ReducePolicy { .multi_tile = ReducePassPolicy { .threads_per_block = 256, .items_per_thread = 16, .vec_size = 4, .reduce_algorithm = BLOCK_REDUCE_WARP_REDUCTIONS, .load_modifier = LOAD_LDG }, .single_tile = ReducePassPolicy { .threads_per_block = 256, .items_per_thread = 16, .vec_size = 4, .reduce_algorithm = BLOCK_REDUCE_WARP_REDUCTIONS, .load_modifier = LOAD_LDG } }
Invoking DeviceReduceKernel<<<720, 256, 0, 102321612979792>>>(), 16 items per thread, 6 SM occupancy
Invoking DeviceReduceSingleTileKernel<<<1, 256, 0, 102321612979792>>>(), 16 items per thread
Dispatching DeviceReduce on compute capability 8.9 with tuning: ReducePolicy { .multi_tile = ReducePassPolicy { .threads_per_block = 256, .items_per_thread = 16, .vec_size = 4, .reduce_algorithm = BLOCK_REDUCE_WARP_REDUCTIONS, .load_modifier = LOAD_LDG }, .single_tile = ReducePassPolicy { .threads_per_block = 256, .items_per_thread = 16, .vec_size = 4, .reduce_algorithm = BLOCK_REDUCE_WARP_REDUCTIONS, .load_modifier = LOAD_LDG } }
Invoking DeviceReduceKernel<<<720, 256, 0, 102321612979792>>>(), 16 items per thread, 6 SM occupancy
Invoking DeviceReduceSingleTileKernel<<<1, 256, 0, 102321612979792>>>(), 16 items per thread
Dispatching DeviceReduce on compute capability 8.9 with tuning: ReducePolicy { .multi_tile = ReducePassPolicy { .threads_per_block = 256, .items_per_thread = 16, .vec_size = 4, .reduce_algorithm = BLOCK_REDUCE_WARP_REDUCTIONS, .load_modifier = LOAD_LDG }, .single_tile = ReducePassPolicy { .threads_per_block = 256, .items_per_thread = 16, .vec_size = 4, .reduce_algorithm = BLOCK_REDUCE_WARP_REDUCTIONS, .load_modifier = LOAD_LDG } }
Invoking DeviceReduceKernel<<<720, 256, 0, 102321612979792>>>(), 16 items per thread, 6 SM occupancy
Invoking DeviceReduceSingleTileKernel<<<1, 256, 0, 102321612979792>>>(), 16 items per thread
Dispatching DeviceReduce on compute capability 8.9 with tuning: ReducePolicy { .multi_tile = ReducePassPolicy { .threads_per_block = 256, .items_per_thread = 16, .vec_size = 4, .reduce_algorithm = BLOCK_REDUCE_WARP_REDUCTIONS, .load_modifier = LOAD_LDG }, .single_tile = ReducePassPolicy { .threads_per_block = 256, .items_per_thread = 16, .vec_size = 4, .reduce_algorithm = BLOCK_REDUCE_WARP_REDUCTIONS, .load_modifier = LOAD_LDG } }
Invoking DeviceReduceKernel<<<720, 256, 0, 102321612979792>>>(), 16 items per thread, 6 SM occupancy
Invoking DeviceReduceSingleTileKernel<<<1, 256, 0, 102321612979792>>>(), 16 items per thread
Dispatching DeviceReduce on compute capability 8.9 with tuning: ReducePolicy { .multi_tile = ReducePassPolicy { .threads_per_block = 256, .items_per_thread = 16, .vec_size = 4, .reduce_algorithm = BLOCK_REDUCE_WARP_REDUCTIONS, .load_modifier = LOAD_LDG }, .single_tile = ReducePassPolicy { .threads_per_block = 256, .items_per_thread = 16, .vec_size = 4, .reduce_algorithm = BLOCK_REDUCE_WARP_REDUCTIONS, .load_modifier = LOAD_LDG } }
Invoking DeviceReduceKernel<<<720, 256, 0, 102321612979792>>>(), 16 items per thread, 6 SM occupancy
Invoking DeviceReduceSingleTileKernel<<<1, 256, 0, 102321612979792>>>(), 16 items per thread
Dispatching DeviceReduce on compute capability 8.9 with tuning: ReducePolicy { .multi_tile = ReducePassPolicy { .threads_per_block = 256, .items_per_thread = 16, .vec_size = 4, .reduce_algorithm = BLOCK_REDUCE_WARP_REDUCTIONS, .load_modifier = LOAD_LDG }, .single_tile = ReducePassPolicy { .threads_per_block = 256, .items_per_thread = 16, .vec_size = 4, .reduce_algorithm = BLOCK_REDUCE_WARP_REDUCTIONS, .load_modifier = LOAD_LDG } }
Invoking DeviceReduceKernel<<<720, 256, 0, 102321612979792>>>(), 16 items per thread, 6 SM occupancy
Invoking DeviceReduceSingleTileKernel<<<1, 256, 0, 102321612979792>>>(), 16 items per thread
Dispatching DeviceReduce on compute capability 8.9 with tuning: ReducePolicy { .multi_tile = ReducePassPolicy { .threads_per_block = 256, .items_per_thread = 16, .vec_size = 4, .reduce_algorithm = BLOCK_REDUCE_WARP_REDUCTIONS, .load_modifier = LOAD_LDG }, .single_tile = ReducePassPolicy { .threads_per_block = 256, .items_per_thread = 16, .vec_size = 4, .reduce_algorithm = BLOCK_REDUCE_WARP_REDUCTIONS, .load_modifier = LOAD_LDG } }
Invoking DeviceReduceKernel<<<720, 256, 0, 102321612979792>>>(), 16 items per thread, 6 SM occupancy
Invoking DeviceReduceSingleTileKernel<<<1, 256, 0, 102321612979792>>>(), 16 items per thread
Dispatching DeviceReduce on compute capability 8.9 with tuning: ReducePolicy { .multi_tile = ReducePassPolicy { .threads_per_block = 256, .items_per_thread = 16, .vec_size = 4, .reduce_algorithm = BLOCK_REDUCE_WARP_REDUCTIONS, .load_modifier = LOAD_LDG }, .single_tile = ReducePassPolicy { .threads_per_block = 256, .items_per_thread = 16, .vec_size = 4, .reduce_algorithm = BLOCK_REDUCE_WARP_REDUCTIONS, .load_modifier = LOAD_LDG } }
Invoking DeviceReduceKernel<<<720, 256, 0, 102321612979792>>>(), 16 items per thread, 6 SM occupancy
Invoking DeviceReduceSingleTileKernel<<<1, 256, 0, 102321612979792>>>(), 16 items per thread
Dispatching DeviceReduce on compute capability 8.9 with tuning: ReducePolicy { .multi_tile = ReducePassPolicy { .threads_per_block = 256, .items_per_thread = 16, .vec_size = 4, .reduce_algorithm = BLOCK_REDUCE_WARP_REDUCTIONS, .load_modifier = LOAD_LDG }, .single_tile = ReducePassPolicy { .threads_per_block = 256, .items_per_thread = 16, .vec_size = 4, .reduce_algorithm = BLOCK_REDUCE_WARP_REDUCTIONS, .load_modifier = LOAD_LDG } }
Invoking DeviceReduceKernel<<<720, 256, 0, 102321612979792>>>(), 16 items per thread, 6 SM occupancy
Invoking DeviceReduceSingleTileKernel<<<1, 256, 0, 102321612979792>>>(), 16 items per thread
Dispatching DeviceReduce on compute capability 8.9 with tuning: ReducePolicy { .multi_tile = ReducePassPolicy { .threads_per_block = 256, .items_per_thread = 16, .vec_size = 4, .reduce_algorithm = BLOCK_REDUCE_WARP_REDUCTIONS, .load_modifier = LOAD_LDG }, .single_tile = ReducePassPolicy { .threads_per_block = 256, .items_per_thread = 16, .vec_size = 4, .reduce_algorithm = BLOCK_REDUCE_WARP_REDUCTIONS, .load_modifier = LOAD_LDG } }
Invoking DeviceReduceKernel<<<720, 256, 0, 102321612979792>>>(), 16 items per thread, 6 SM occupancy
Invoking DeviceReduceSingleTileKernel<<<1, 256, 0, 102321612979792>>>(), 16 items per thread
Dispatching DeviceReduce on compute capability 8.9 with tuning: ReducePolicy { .multi_tile = ReducePassPolicy { .threads_per_block = 256, .items_per_thread = 16, .vec_size = 4, .reduce_algorithm = BLOCK_REDUCE_WARP_REDUCTIONS, .load_modifier = LOAD_LDG }, .single_tile = ReducePassPolicy { .threads_per_block = 256, .items_per_thread = 16, .vec_size = 4, .reduce_algorithm = BLOCK_REDUCE_WARP_REDUCTIONS, .load_modifier = LOAD_LDG } }
Invoking DeviceReduceKernel<<<720, 256, 0, 102321612979792>>>(), 16 items per thread, 6 SM occupancy
Invoking DeviceReduceSingleTileKernel<<<1, 256, 0, 102321612979792>>>(), 16 items per thread
Dispatching DeviceReduce on compute capability 8.9 with tuning: ReducePolicy { .multi_tile = ReducePassPolicy { .threads_per_block = 256, .items_per_thread = 16, .vec_size = 4, .reduce_algorithm = BLOCK_REDUCE_WARP_REDUCTIONS, .load_modifier = LOAD_LDG }, .single_tile = ReducePassPolicy { .threads_per_block = 256, .items_per_thread = 16, .vec_size = 4, .reduce_algorithm = BLOCK_REDUCE_WARP_REDUCTIONS, .load_modifier = LOAD_LDG } }
Invoking DeviceReduceKernel<<<720, 256, 0, 102321612979792>>>(), 16 items per thread, 6 SM occupancy
Invoking DeviceReduceSingleTileKernel<<<1, 256, 0, 102321612979792>>>(), 16 items per thread
Dispatching DeviceReduce on compute capability 8.9 with tuning: ReducePolicy { .multi_tile = ReducePassPolicy { .threads_per_block = 256, .items_per_thread = 16, .vec_size = 4, .reduce_algorithm = BLOCK_REDUCE_WARP_REDUCTIONS, .load_modifier = LOAD_LDG }, .single_tile = ReducePassPolicy { .threads_per_block = 256, .items_per_thread = 16, .vec_size = 4, .reduce_algorithm = BLOCK_REDUCE_WARP_REDUCTIONS, .load_modifier = LOAD_LDG } }
Invoking DeviceReduceKernel<<<720, 256, 0, 102321612979792>>>(), 16 items per thread, 6 SM occupancy
Invoking DeviceReduceSingleTileKernel<<<1, 256, 0, 102321612979792>>>(), 16 items per thread
Dispatching DeviceReduce on compute capability 8.9 with tuning: ReducePolicy { .multi_tile = ReducePassPolicy { .threads_per_block = 256, .items_per_thread = 16, .vec_size = 4, .reduce_algorithm = BLOCK_REDUCE_WARP_REDUCTIONS, .load_modifier = LOAD_LDG }, .single_tile = ReducePassPolicy { .threads_per_block = 256, .items_per_thread = 16, .vec_size = 4, .reduce_algorithm = BLOCK_REDUCE_WARP_REDUCTIONS, .load_modifier = LOAD_LDG } }
Invoking DeviceReduceKernel<<<720, 256, 0, 102321612979792>>>(), 16 items per thread, 6 SM occupancy
Invoking DeviceReduceSingleTileKernel<<<1, 256, 0, 102321612979792>>>(), 16 items per thread
Dispatching DeviceReduce on compute capability 8.9 with tuning: ReducePolicy { .multi_tile = ReducePassPolicy { .threads_per_block = 256, .items_per_thread = 16, .vec_size = 4, .reduce_algorithm = BLOCK_REDUCE_WARP_REDUCTIONS, .load_modifier = LOAD_LDG }, .single_tile = ReducePassPolicy { .threads_per_block = 256, .items_per_thread = 16, .vec_size = 4, .reduce_algorithm = BLOCK_REDUCE_WARP_REDUCTIONS, .load_modifier = LOAD_LDG } }
Invoking DeviceReduceKernel<<<720, 256, 0, 102321612979792>>>(), 16 items per thread, 6 SM occupancy
Invoking DeviceReduceSingleTileKernel<<<1, 256, 0, 102321612979792>>>(), 16 items per thread
Dispatching DeviceReduce on compute capability 8.9 with tuning: ReducePolicy { .multi_tile = ReducePassPolicy { .threads_per_block = 256, .items_per_thread = 16, .vec_size = 4, .reduce_algorithm = BLOCK_REDUCE_WARP_REDUCTIONS, .load_modifier = LOAD_LDG }, .single_tile = ReducePassPolicy { .threads_per_block = 256, .items_per_thread = 16, .vec_size = 4, .reduce_algorithm = BLOCK_REDUCE_WARP_REDUCTIONS, .load_modifier = LOAD_LDG } }
Invoking DeviceReduceKernel<<<720, 256, 0, 102321612979792>>>(), 16 items per thread, 6 SM occupancy
Invoking DeviceReduceSingleTileKernel<<<1, 256, 0, 102321612979792>>>(), 16 items per thread
Dispatching DeviceReduce on compute capability 8.9 with tuning: ReducePolicy { .multi_tile = ReducePassPolicy { .threads_per_block = 256, .items_per_thread = 16, .vec_size = 4, .reduce_algorithm = BLOCK_REDUCE_WARP_REDUCTIONS, .load_modifier = LOAD_LDG }, .single_tile = ReducePassPolicy { .threads_per_block = 256, .items_per_thread = 16, .vec_size = 4, .reduce_algorithm = BLOCK_REDUCE_WARP_REDUCTIONS, .load_modifier = LOAD_LDG } }
Invoking DeviceReduceKernel<<<720, 256, 0, 102321612979792>>>(), 16 items per thread, 6 SM occupancy
Invoking DeviceReduceSingleTileKernel<<<1, 256, 0, 102321612979792>>>(), 16 items per thread
Dispatching DeviceReduce on compute capability 8.9 with tuning: ReducePolicy { .multi_tile = ReducePassPolicy { .threads_per_block = 256, .items_per_thread = 16, .vec_size = 4, .reduce_algorithm = BLOCK_REDUCE_WARP_REDUCTIONS, .load_modifier = LOAD_LDG }, .single_tile = ReducePassPolicy { .threads_per_block = 256, .items_per_thread = 16, .vec_size = 4, .reduce_algorithm = BLOCK_REDUCE_WARP_REDUCTIONS, .load_modifier = LOAD_LDG } }
Invoking DeviceReduceKernel<<<720, 256, 0, 102321612979792>>>(), 16 items per thread, 6 SM occupancy
Invoking DeviceReduceSingleTileKernel<<<1, 256, 0, 102321612979792>>>(), 16 items per thread
Dispatching DeviceReduce on compute capability 8.9 with tuning: ReducePolicy { .multi_tile = ReducePassPolicy { .threads_per_block = 256, .items_per_thread = 16, .vec_size = 4, .reduce_algorithm = BLOCK_REDUCE_WARP_REDUCTIONS, .load_modifier = LOAD_LDG }, .single_tile = ReducePassPolicy { .threads_per_block = 256, .items_per_thread = 16, .vec_size = 4, .reduce_algorithm = BLOCK_REDUCE_WARP_REDUCTIONS, .load_modifier = LOAD_LDG } }
Invoking DeviceReduceKernel<<<720, 256, 0, 102321612979792>>>(), 16 items per thread, 6 SM occupancy
Invoking DeviceReduceSingleTileKernel<<<1, 256, 0, 102321612979792>>>(), 16 items per thread
Dispatching DeviceReduce on compute capability 8.9 with tuning: ReducePolicy { .multi_tile = ReducePassPolicy { .threads_per_block = 256, .items_per_thread = 16, .vec_size = 4, .reduce_algorithm = BLOCK_REDUCE_WARP_REDUCTIONS, .load_modifier = LOAD_LDG }, .single_tile = ReducePassPolicy { .threads_per_block = 256, .items_per_thread = 16, .vec_size = 4, .reduce_algorithm = BLOCK_REDUCE_WARP_REDUCTIONS, .load_modifier = LOAD_LDG } }
Invoking DeviceReduceKernel<<<720, 256, 0, 102321612979792>>>(), 16 items per thread, 6 SM occupancy
Invoking DeviceReduceSingleTileKernel<<<1, 256, 0, 102321612979792>>>(), 16 items per thread
Dispatching DeviceReduce on compute capability 8.9 with tuning: ReducePolicy { .multi_tile = ReducePassPolicy { .threads_per_block = 256, .items_per_thread = 16, .vec_size = 4, .reduce_algorithm = BLOCK_REDUCE_WARP_REDUCTIONS, .load_modifier = LOAD_LDG }, .single_tile = ReducePassPolicy { .threads_per_block = 256, .items_per_thread = 16, .vec_size = 4, .reduce_algorithm = BLOCK_REDUCE_WARP_REDUCTIONS, .load_modifier = LOAD_LDG } }
Invoking DeviceReduceKernel<<<720, 256, 0, 102321612979792>>>(), 16 items per thread, 6 SM occupancy
Invoking DeviceReduceSingleTileKernel<<<1, 256, 0, 102321612979792>>>(), 16 items per thread
Dispatching DeviceReduce on compute capability 8.9 with tuning: ReducePolicy { .multi_tile = ReducePassPolicy { .threads_per_block = 256, .items_per_thread = 16, .vec_size = 4, .reduce_algorithm = BLOCK_REDUCE_WARP_REDUCTIONS, .load_modifier = LOAD_LDG }, .single_tile = ReducePassPolicy { .threads_per_block = 256, .items_per_thread = 16, .vec_size = 4, .reduce_algorithm = BLOCK_REDUCE_WARP_REDUCTIONS, .load_modifier = LOAD_LDG } }
Invoking DeviceReduceKernel<<<720, 256, 0, 102321612979792>>>(), 16 items per thread, 6 SM occupancy
Invoking DeviceReduceSingleTileKernel<<<1, 256, 0, 102321612979792>>>(), 16 items per thread
Dispatching DeviceReduce on compute capability 8.9 with tuning: ReducePolicy { .multi_tile = ReducePassPolicy { .threads_per_block = 256, .items_per_thread = 16, .vec_size = 4, .reduce_algorithm = BLOCK_REDUCE_WARP_REDUCTIONS, .load_modifier = LOAD_LDG }, .single_tile = ReducePassPolicy { .threads_per_block = 256, .items_per_thread = 16, .vec_size = 4, .reduce_algorithm = BLOCK_REDUCE_WARP_REDUCTIONS, .load_modifier = LOAD_LDG } }
Invoking DeviceReduceKernel<<<720, 256, 0, 102321612979792>>>(), 16 items per thread, 6 SM occupancy
Invoking DeviceReduceSingleTileKernel<<<1, 256, 0, 102321612979792>>>(), 16 items per thread
Dispatching DeviceReduce on compute capability 8.9 with tuning: ReducePolicy { .multi_tile = ReducePassPolicy { .threads_per_block = 256, .items_per_thread = 16, .vec_size = 4, .reduce_algorithm = BLOCK_REDUCE_WARP_REDUCTIONS, .load_modifier = LOAD_LDG }, .single_tile = ReducePassPolicy { .threads_per_block = 256, .items_per_thread = 16, .vec_size = 4, .reduce_algorithm = BLOCK_REDUCE_WARP_REDUCTIONS, .load_modifier = LOAD_LDG } }
Invoking DeviceReduceKernel<<<720, 256, 0, 102321612979792>>>(), 16 items per thread, 6 SM occupancy
Invoking DeviceReduceSingleTileKernel<<<1, 256, 0, 102321612979792>>>(), 16 items per thread
Dispatching DeviceReduce on compute capability 8.9 with tuning: ReducePolicy { .multi_tile = ReducePassPolicy { .threads_per_block = 256, .items_per_thread = 16, .vec_size = 4, .reduce_algorithm = BLOCK_REDUCE_WARP_REDUCTIONS, .load_modifier = LOAD_LDG }, .single_tile = ReducePassPolicy { .threads_per_block = 256, .items_per_thread = 16, .vec_size = 4, .reduce_algorithm = BLOCK_REDUCE_WARP_REDUCTIONS, .load_modifier = LOAD_LDG } }
Invoking DeviceReduceKernel<<<720, 256, 0, 102321612979792>>>(), 16 items per thread, 6 SM occupancy
Invoking DeviceReduceSingleTileKernel<<<1, 256, 0, 102321612979792>>>(), 16 items per thread
Dispatching DeviceReduce on compute capability 8.9 with tuning: ReducePolicy { .multi_tile = ReducePassPolicy { .threads_per_block = 256, .items_per_thread = 16, .vec_size = 4, .reduce_algorithm = BLOCK_REDUCE_WARP_REDUCTIONS, .load_modifier = LOAD_LDG }, .single_tile = ReducePassPolicy { .threads_per_block = 256, .items_per_thread = 16, .vec_size = 4, .reduce_algorithm = BLOCK_REDUCE_WARP_REDUCTIONS, .load_modifier = LOAD_LDG } }
Invoking DeviceReduceKernel<<<720, 256, 0, 102321612979792>>>(), 16 items per thread, 6 SM occupancy
Invoking DeviceReduceSingleTileKernel<<<1, 256, 0, 102321612979792>>>(), 16 items per thread
Dispatching DeviceReduce on compute capability 8.9 with tuning: ReducePolicy { .multi_tile = ReducePassPolicy { .threads_per_block = 256, .items_per_thread = 16, .vec_size = 4, .reduce_algorithm = BLOCK_REDUCE_WARP_REDUCTIONS, .load_modifier = LOAD_LDG }, .single_tile = ReducePassPolicy { .threads_per_block = 256, .items_per_thread = 16, .vec_size = 4, .reduce_algorithm = BLOCK_REDUCE_WARP_REDUCTIONS, .load_modifier = LOAD_LDG } }
Invoking DeviceReduceKernel<<<720, 256, 0, 102321612979792>>>(), 16 items per thread, 6 SM occupancy
Invoking DeviceReduceSingleTileKernel<<<1, 256, 0, 102321612979792>>>(), 16 items per thread
Dispatching DeviceReduce on compute capability 8.9 with tuning: ReducePolicy { .multi_tile = ReducePassPolicy { .threads_per_block = 256, .items_per_thread = 16, .vec_size = 4, .reduce_algorithm = BLOCK_REDUCE_WARP_REDUCTIONS, .load_modifier = LOAD_LDG }, .single_tile = ReducePassPolicy { .threads_per_block = 256, .items_per_thread = 16, .vec_size = 4, .reduce_algorithm = BLOCK_REDUCE_WARP_REDUCTIONS, .load_modifier = LOAD_LDG } }
Invoking DeviceReduceKernel<<<720, 256, 0, 102321612979792>>>(), 16 items per thread, 6 SM occupancy
Invoking DeviceReduceSingleTileKernel<<<1, 256, 0, 102321612979792>>>(), 16 items per thread
Dispatching DeviceReduce on compute capability 8.9 with tuning: ReducePolicy { .multi_tile = ReducePassPolicy { .threads_per_block = 256, .items_per_thread = 16, .vec_size = 4, .reduce_algorithm = BLOCK_REDUCE_WARP_REDUCTIONS, .load_modifier = LOAD_LDG }, .single_tile = ReducePassPolicy { .threads_per_block = 256, .items_per_thread = 16, .vec_size = 4, .reduce_algorithm = BLOCK_REDUCE_WARP_REDUCTIONS, .load_modifier = LOAD_LDG } }
Invoking DeviceReduceKernel<<<720, 256, 0, 102321612979792>>>(), 16 items per thread, 6 SM occupancy
Invoking DeviceReduceSingleTileKernel<<<1, 256, 0, 102321612979792>>>(), 16 items per thread
Dispatching DeviceReduce on compute capability 8.9 with tuning: ReducePolicy { .multi_tile = ReducePassPolicy { .threads_per_block = 256, .items_per_thread = 16, .vec_size = 4, .reduce_algorithm = BLOCK_REDUCE_WARP_REDUCTIONS, .load_modifier = LOAD_LDG }, .single_tile = ReducePassPolicy { .threads_per_block = 256, .items_per_thread = 16, .vec_size = 4, .reduce_algorithm = BLOCK_REDUCE_WARP_REDUCTIONS, .load_modifier = LOAD_LDG } }
Invoking DeviceReduceKernel<<<720, 256, 0, 102321612979792>>>(), 16 items per thread, 6 SM occupancy
Invoking DeviceReduceSingleTileKernel<<<1, 256, 0, 102321612979792>>>(), 16 items per thread
Dispatching DeviceReduce on compute capability 8.9 with tuning: ReducePolicy { .multi_tile = ReducePassPolicy { .threads_per_block = 256, .items_per_thread = 16, .vec_size = 4, .reduce_algorithm = BLOCK_REDUCE_WARP_REDUCTIONS, .load_modifier = LOAD_LDG }, .single_tile = ReducePassPolicy { .threads_per_block = 256, .items_per_thread = 16, .vec_size = 4, .reduce_algorithm = BLOCK_REDUCE_WARP_REDUCTIONS, .load_modifier = LOAD_LDG } }
Invoking DeviceReduceKernel<<<720, 256, 0, 102321612979792>>>(), 16 items per thread, 6 SM occupancy
Invoking DeviceReduceSingleTileKernel<<<1, 256, 0, 102321612979792>>>(), 16 items per thread
Dispatching DeviceReduce on compute capability 8.9 with tuning: ReducePolicy { .multi_tile = ReducePassPolicy { .threads_per_block = 256, .items_per_thread = 16, .vec_size = 4, .reduce_algorithm = BLOCK_REDUCE_WARP_REDUCTIONS, .load_modifier = LOAD_LDG }, .single_tile = ReducePassPolicy { .threads_per_block = 256, .items_per_thread = 16, .vec_size = 4, .reduce_algorithm = BLOCK_REDUCE_WARP_REDUCTIONS, .load_modifier = LOAD_LDG } }
Invoking DeviceReduceKernel<<<720, 256, 0, 102321612979792>>>(), 16 items per thread, 6 SM occupancy
Invoking DeviceReduceSingleTileKernel<<<1, 256, 0, 102321612979792>>>(), 16 items per thread
Dispatching DeviceReduce on compute capability 8.9 with tuning: ReducePolicy { .multi_tile = ReducePassPolicy { .threads_per_block = 256, .items_per_thread = 16, .vec_size = 4, .reduce_algorithm = BLOCK_REDUCE_WARP_REDUCTIONS, .load_modifier = LOAD_LDG }, .single_tile = ReducePassPolicy { .threads_per_block = 256, .items_per_thread = 16, .vec_size = 4, .reduce_algorithm = BLOCK_REDUCE_WARP_REDUCTIONS, .load_modifier = LOAD_LDG } }
Invoking DeviceReduceKernel<<<720, 256, 0, 102321612979792>>>(), 16 items per thread, 6 SM occupancy
Invoking DeviceReduceSingleTileKernel<<<1, 256, 0, 102321612979792>>>(), 16 items per thread
Dispatching DeviceReduce on compute capability 8.9 with tuning: ReducePolicy { .multi_tile = ReducePassPolicy { .threads_per_block = 256, .items_per_thread = 16, .vec_size = 4, .reduce_algorithm = BLOCK_REDUCE_WARP_REDUCTIONS, .load_modifier = LOAD_LDG }, .single_tile = ReducePassPolicy { .threads_per_block = 256, .items_per_thread = 16, .vec_size = 4, .reduce_algorithm = BLOCK_REDUCE_WARP_REDUCTIONS, .load_modifier = LOAD_LDG } }
Invoking DeviceReduceKernel<<<720, 256, 0, 102321612979792>>>(), 16 items per thread, 6 SM occupancy
Invoking DeviceReduceSingleTileKernel<<<1, 256, 0, 102321612979792>>>(), 16 items per thread
Dispatching DeviceReduce on compute capability 8.9 with tuning: ReducePolicy { .multi_tile = ReducePassPolicy { .threads_per_block = 256, .items_per_thread = 16, .vec_size = 4, .reduce_algorithm = BLOCK_REDUCE_WARP_REDUCTIONS, .load_modifier = LOAD_LDG }, .single_tile = ReducePassPolicy { .threads_per_block = 256, .items_per_thread = 16, .vec_size = 4, .reduce_algorithm = BLOCK_REDUCE_WARP_REDUCTIONS, .load_modifier = LOAD_LDG } }
Invoking DeviceReduceKernel<<<720, 256, 0, 102321612979792>>>(), 16 items per thread, 6 SM occupancy
Invoking DeviceReduceSingleTileKernel<<<1, 256, 0, 102321612979792>>>(), 16 items per thread
Dispatching DeviceReduce on compute capability 8.9 with tuning: ReducePolicy { .multi_tile = ReducePassPolicy { .threads_per_block = 256, .items_per_thread = 16, .vec_size = 4, .reduce_algorithm = BLOCK_REDUCE_WARP_REDUCTIONS, .load_modifier = LOAD_LDG }, .single_tile = ReducePassPolicy { .threads_per_block = 256, .items_per_thread = 16, .vec_size = 4, .reduce_algorithm = BLOCK_REDUCE_WARP_REDUCTIONS, .load_modifier = LOAD_LDG } }
Invoking DeviceReduceKernel<<<720, 256, 0, 102321612979792>>>(), 16 items per thread, 6 SM occupancy
Invoking DeviceReduceSingleTileKernel<<<1, 256, 0, 102321612979792>>>(), 16 items per thread
Dispatching DeviceReduce on compute capability 8.9 with tuning: ReducePolicy { .multi_tile = ReducePassPolicy { .threads_per_block = 256, .items_per_thread = 16, .vec_size = 4, .reduce_algorithm = BLOCK_REDUCE_WARP_REDUCTIONS, .load_modifier = LOAD_LDG }, .single_tile = ReducePassPolicy { .threads_per_block = 256, .items_per_thread = 16, .vec_size = 4, .reduce_algorithm = BLOCK_REDUCE_WARP_REDUCTIONS, .load_modifier = LOAD_LDG } }
Invoking DeviceReduceKernel<<<720, 256, 0, 102321612979792>>>(), 16 items per thread, 6 SM occupancy
Invoking DeviceReduceSingleTileKernel<<<1, 256, 0, 102321612979792>>>(), 16 items per thread
Dispatching DeviceReduce on compute capability 8.9 with tuning: ReducePolicy { .multi_tile = ReducePassPolicy { .threads_per_block = 256, .items_per_thread = 16, .vec_size = 4, .reduce_algorithm = BLOCK_REDUCE_WARP_REDUCTIONS, .load_modifier = LOAD_LDG }, .single_tile = ReducePassPolicy { .threads_per_block = 256, .items_per_thread = 16, .vec_size = 4, .reduce_algorithm = BLOCK_REDUCE_WARP_REDUCTIONS, .load_modifier = LOAD_LDG } }
Invoking DeviceReduceKernel<<<720, 256, 0, 102321612979792>>>(), 16 items per thread, 6 SM occupancy
Invoking DeviceReduceSingleTileKernel<<<1, 256, 0, 102321612979792>>>(), 16 items per thread
Dispatching DeviceReduce on compute capability 8.9 with tuning: ReducePolicy { .multi_tile = ReducePassPolicy { .threads_per_block = 256, .items_per_thread = 16, .vec_size = 4, .reduce_algorithm = BLOCK_REDUCE_WARP_REDUCTIONS, .load_modifier = LOAD_LDG }, .single_tile = ReducePassPolicy { .threads_per_block = 256, .items_per_thread = 16, .vec_size = 4, .reduce_algorithm = BLOCK_REDUCE_WARP_REDUCTIONS, .load_modifier = LOAD_LDG } }
Invoking DeviceReduceKernel<<<720, 256, 0, 102321612979792>>>(), 16 items per thread, 6 SM occupancy
Invoking DeviceReduceSingleTileKernel<<<1, 256, 0, 102321612979792>>>(), 16 items per thread
Dispatching DeviceReduce on compute capability 8.9 with tuning: ReducePolicy { .multi_tile = ReducePassPolicy { .threads_per_block = 256, .items_per_thread = 16, .vec_size = 4, .reduce_algorithm = BLOCK_REDUCE_WARP_REDUCTIONS, .load_modifier = LOAD_LDG }, .single_tile = ReducePassPolicy { .threads_per_block = 256, .items_per_thread = 16, .vec_size = 4, .reduce_algorithm = BLOCK_REDUCE_WARP_REDUCTIONS, .load_modifier = LOAD_LDG } }
Invoking DeviceReduceKernel<<<720, 256, 0, 102321612979792>>>(), 16 items per thread, 6 SM occupancy
Invoking DeviceReduceSingleTileKernel<<<1, 256, 0, 102321612979792>>>(), 16 items per thread
Dispatching DeviceReduce on compute capability 8.9 with tuning: ReducePolicy { .multi_tile = ReducePassPolicy { .threads_per_block = 256, .items_per_thread = 16, .vec_size = 4, .reduce_algorithm = BLOCK_REDUCE_WARP_REDUCTIONS, .load_modifier = LOAD_LDG }, .single_tile = ReducePassPolicy { .threads_per_block = 256, .items_per_thread = 16, .vec_size = 4, .reduce_algorithm = BLOCK_REDUCE_WARP_REDUCTIONS, .load_modifier = LOAD_LDG } }
Invoking DeviceReduceKernel<<<720, 256, 0, 102321612979792>>>(), 16 items per thread, 6 SM occupancy
Invoking DeviceReduceSingleTileKernel<<<1, 256, 0, 102321612979792>>>(), 16 items per thread
Dispatching DeviceReduce on compute capability 8.9 with tuning: ReducePolicy { .multi_tile = ReducePassPolicy { .threads_per_block = 256, .items_per_thread = 16, .vec_size = 4, .reduce_algorithm = BLOCK_REDUCE_WARP_REDUCTIONS, .load_modifier = LOAD_LDG }, .single_tile = ReducePassPolicy { .threads_per_block = 256, .items_per_thread = 16, .vec_size = 4, .reduce_algorithm = BLOCK_REDUCE_WARP_REDUCTIONS, .load_modifier = LOAD_LDG } }
Invoking DeviceReduceKernel<<<720, 256, 0, 102321612979792>>>(), 16 items per thread, 6 SM occupancy
Invoking DeviceReduceSingleTileKernel<<<1, 256, 0, 102321612979792>>>(), 16 items per thread
Dispatching DeviceReduce on compute capability 8.9 with tuning: ReducePolicy { .multi_tile = ReducePassPolicy { .threads_per_block = 256, .items_per_thread = 16, .vec_size = 4, .reduce_algorithm = BLOCK_REDUCE_WARP_REDUCTIONS, .load_modifier = LOAD_LDG }, .single_tile = ReducePassPolicy { .threads_per_block = 256, .items_per_thread = 16, .vec_size = 4, .reduce_algorithm = BLOCK_REDUCE_WARP_REDUCTIONS, .load_modifier = LOAD_LDG } }
Invoking DeviceReduceKernel<<<720, 256, 0, 102321612979792>>>(), 16 items per thread, 6 SM occupancy
Invoking DeviceReduceSingleTileKernel<<<1, 256, 0, 102321612979792>>>(), 16 items per thread
Dispatching DeviceReduce on compute capability 8.9 with tuning: ReducePolicy { .multi_tile = ReducePassPolicy { .threads_per_block = 256, .items_per_thread = 16, .vec_size = 4, .reduce_algorithm = BLOCK_REDUCE_WARP_REDUCTIONS, .load_modifier = LOAD_LDG }, .single_tile = ReducePassPolicy { .threads_per_block = 256, .items_per_thread = 16, .vec_size = 4, .reduce_algorithm = BLOCK_REDUCE_WARP_REDUCTIONS, .load_modifier = LOAD_LDG } }
Invoking DeviceReduceKernel<<<720, 256, 0, 102321612979792>>>(), 16 items per thread, 6 SM occupancy
Invoking DeviceReduceSingleTileKernel<<<1, 256, 0, 102321612979792>>>(), 16 items per thread
Dispatching DeviceReduce on compute capability 8.9 with tuning: ReducePolicy { .multi_tile = ReducePassPolicy { .threads_per_block = 256, .items_per_thread = 16, .vec_size = 4, .reduce_algorithm = BLOCK_REDUCE_WARP_REDUCTIONS, .load_modifier = LOAD_LDG }, .single_tile = ReducePassPolicy { .threads_per_block = 256, .items_per_thread = 16, .vec_size = 4, .reduce_algorithm = BLOCK_REDUCE_WARP_REDUCTIONS, .load_modifier = LOAD_LDG } }
Invoking DeviceReduceKernel<<<720, 256, 0, 102321612979792>>>(), 16 items per thread, 6 SM occupancy
Invoking DeviceReduceSingleTileKernel<<<1, 256, 0, 102321612979792>>>(), 16 items per thread
Dispatching DeviceReduce on compute capability 8.9 with tuning: ReducePolicy { .multi_tile = ReducePassPolicy { .threads_per_block = 256, .items_per_thread = 16, .vec_size = 4, .reduce_algorithm = BLOCK_REDUCE_WARP_REDUCTIONS, .load_modifier = LOAD_LDG }, .single_tile = ReducePassPolicy { .threads_per_block = 256, .items_per_thread = 16, .vec_size = 4, .reduce_algorithm = BLOCK_REDUCE_WARP_REDUCTIONS, .load_modifier = LOAD_LDG } }
Invoking DeviceReduceKernel<<<720, 256, 0, 102321612979792>>>(), 16 items per thread, 6 SM occupancy
Invoking DeviceReduceSingleTileKernel<<<1, 256, 0, 102321612979792>>>(), 16 items per thread
Dispatching DeviceReduce on compute capability 8.9 with tuning: ReducePolicy { .multi_tile = ReducePassPolicy { .threads_per_block = 256, .items_per_thread = 16, .vec_size = 4, .reduce_algorithm = BLOCK_REDUCE_WARP_REDUCTIONS, .load_modifier = LOAD_LDG }, .single_tile = ReducePassPolicy { .threads_per_block = 256, .items_per_thread = 16, .vec_size = 4, .reduce_algorithm = BLOCK_REDUCE_WARP_REDUCTIONS, .load_modifier = LOAD_LDG } }
Invoking DeviceReduceKernel<<<720, 256, 0, 102321612979792>>>(), 16 items per thread, 6 SM occupancy
Invoking DeviceReduceSingleTileKernel<<<1, 256, 0, 102321612979792>>>(), 16 items per thread
Dispatching DeviceReduce on compute capability 8.9 with tuning: ReducePolicy { .multi_tile = ReducePassPolicy { .threads_per_block = 256, .items_per_thread = 16, .vec_size = 4, .reduce_algorithm = BLOCK_REDUCE_WARP_REDUCTIONS, .load_modifier = LOAD_LDG }, .single_tile = ReducePassPolicy { .threads_per_block = 256, .items_per_thread = 16, .vec_size = 4, .reduce_algorithm = BLOCK_REDUCE_WARP_REDUCTIONS, .load_modifier = LOAD_LDG } }
Invoking DeviceReduceKernel<<<720, 256, 0, 102321612979792>>>(), 16 items per thread, 6 SM occupancy
Invoking DeviceReduceSingleTileKernel<<<1, 256, 0, 102321612979792>>>(), 16 items per thread
Dispatching DeviceReduce on compute capability 8.9 with tuning: ReducePolicy { .multi_tile = ReducePassPolicy { .threads_per_block = 256, .items_per_thread = 16, .vec_size = 4, .reduce_algorithm = BLOCK_REDUCE_WARP_REDUCTIONS, .load_modifier = LOAD_LDG }, .single_tile = ReducePassPolicy { .threads_per_block = 256, .items_per_thread = 16, .vec_size = 4, .reduce_algorithm = BLOCK_REDUCE_WARP_REDUCTIONS, .load_modifier = LOAD_LDG } }
Invoking DeviceReduceKernel<<<720, 256, 0, 102321612979792>>>(), 16 items per thread, 6 SM occupancy
Invoking DeviceReduceSingleTileKernel<<<1, 256, 0, 102321612979792>>>(), 16 items per thread
Dispatching DeviceReduce on compute capability 8.9 with tuning: ReducePolicy { .multi_tile = ReducePassPolicy { .threads_per_block = 256, .items_per_thread = 16, .vec_size = 4, .reduce_algorithm = BLOCK_REDUCE_WARP_REDUCTIONS, .load_modifier = LOAD_LDG }, .single_tile = ReducePassPolicy { .threads_per_block = 256, .items_per_thread = 16, .vec_size = 4, .reduce_algorithm = BLOCK_REDUCE_WARP_REDUCTIONS, .load_modifier = LOAD_LDG } }
Invoking DeviceReduceKernel<<<720, 256, 0, 102321612979792>>>(), 16 items per thread, 6 SM occupancy
Invoking DeviceReduceSingleTileKernel<<<1, 256, 0, 102321612979792>>>(), 16 items per thread
Dispatching DeviceReduce on compute capability 8.9 with tuning: ReducePolicy { .multi_tile = ReducePassPolicy { .threads_per_block = 256, .items_per_thread = 16, .vec_size = 4, .reduce_algorithm = BLOCK_REDUCE_WARP_REDUCTIONS, .load_modifier = LOAD_LDG }, .single_tile = ReducePassPolicy { .threads_per_block = 256, .items_per_thread = 16, .vec_size = 4, .reduce_algorithm = BLOCK_REDUCE_WARP_REDUCTIONS, .load_modifier = LOAD_LDG } }
Invoking DeviceReduceKernel<<<720, 256, 0, 102321612979792>>>(), 16 items per thread, 6 SM occupancy
Invoking DeviceReduceSingleTileKernel<<<1, 256, 0, 102321612979792>>>(), 16 items per thread
Dispatching DeviceReduce on compute capability 8.9 with tuning: ReducePolicy { .multi_tile = ReducePassPolicy { .threads_per_block = 256, .items_per_thread = 16, .vec_size = 4, .reduce_algorithm = BLOCK_REDUCE_WARP_REDUCTIONS, .load_modifier = LOAD_LDG }, .single_tile = ReducePassPolicy { .threads_per_block = 256, .items_per_thread = 16, .vec_size = 4, .reduce_algorithm = BLOCK_REDUCE_WARP_REDUCTIONS, .load_modifier = LOAD_LDG } }
Invoking DeviceReduceKernel<<<720, 256, 0, 102321612979792>>>(), 16 items per thread, 6 SM occupancy
Invoking DeviceReduceSingleTileKernel<<<1, 256, 0, 102321612979792>>>(), 16 items per thread
Dispatching DeviceReduce on compute capability 8.9 with tuning: ReducePolicy { .multi_tile = ReducePassPolicy { .threads_per_block = 256, .items_per_thread = 16, .vec_size = 4, .reduce_algorithm = BLOCK_REDUCE_WARP_REDUCTIONS, .load_modifier = LOAD_LDG }, .single_tile = ReducePassPolicy { .threads_per_block = 256, .items_per_thread = 16, .vec_size = 4, .reduce_algorithm = BLOCK_REDUCE_WARP_REDUCTIONS, .load_modifier = LOAD_LDG } }
Invoking DeviceReduceKernel<<<720, 256, 0, 102321612979792>>>(), 16 items per thread, 6 SM occupancy
Invoking DeviceReduceSingleTileKernel<<<1, 256, 0, 102321612979792>>>(), 16 items per thread
Dispatching DeviceReduce on compute capability 8.9 with tuning: ReducePolicy { .multi_tile = ReducePassPolicy { .threads_per_block = 256, .items_per_thread = 16, .vec_size = 4, .reduce_algorithm = BLOCK_REDUCE_WARP_REDUCTIONS, .load_modifier = LOAD_LDG }, .single_tile = ReducePassPolicy { .threads_per_block = 256, .items_per_thread = 16, .vec_size = 4, .reduce_algorithm = BLOCK_REDUCE_WARP_REDUCTIONS, .load_modifier = LOAD_LDG } }
Invoking DeviceReduceKernel<<<720, 256, 0, 102321612979792>>>(), 16 items per thread, 6 SM occupancy
Invoking DeviceReduceSingleTileKernel<<<1, 256, 0, 102321612979792>>>(), 16 items per thread
Dispatching DeviceReduce on compute capability 8.9 with tuning: ReducePolicy { .multi_tile = ReducePassPolicy { .threads_per_block = 256, .items_per_thread = 16, .vec_size = 4, .reduce_algorithm = BLOCK_REDUCE_WARP_REDUCTIONS, .load_modifier = LOAD_LDG }, .single_tile = ReducePassPolicy { .threads_per_block = 256, .items_per_thread = 16, .vec_size = 4, .reduce_algorithm = BLOCK_REDUCE_WARP_REDUCTIONS, .load_modifier = LOAD_LDG } }
Invoking DeviceReduceKernel<<<720, 256, 0, 102321612979792>>>(), 16 items per thread, 6 SM occupancy
Invoking DeviceReduceSingleTileKernel<<<1, 256, 0, 102321612979792>>>(), 16 items per thread
Dispatching DeviceReduce on compute capability 8.9 with tuning: ReducePolicy { .multi_tile = ReducePassPolicy { .threads_per_block = 256, .items_per_thread = 16, .vec_size = 4, .reduce_algorithm = BLOCK_REDUCE_WARP_REDUCTIONS, .load_modifier = LOAD_LDG }, .single_tile = ReducePassPolicy { .threads_per_block = 256, .items_per_thread = 16, .vec_size = 4, .reduce_algorithm = BLOCK_REDUCE_WARP_REDUCTIONS, .load_modifier = LOAD_LDG } }
Invoking DeviceReduceKernel<<<720, 256, 0, 102321612979792>>>(), 16 items per thread, 6 SM occupancy
Invoking DeviceReduceSingleTileKernel<<<1, 256, 0, 102321612979792>>>(), 16 items per thread
Dispatching DeviceReduce on compute capability 8.9 with tuning: ReducePolicy { .multi_tile = ReducePassPolicy { .threads_per_block = 256, .items_per_thread = 16, .vec_size = 4, .reduce_algorithm = BLOCK_REDUCE_WARP_REDUCTIONS, .load_modifier = LOAD_LDG }, .single_tile = ReducePassPolicy { .threads_per_block = 256, .items_per_thread = 16, .vec_size = 4, .reduce_algorithm = BLOCK_REDUCE_WARP_REDUCTIONS, .load_modifier = LOAD_LDG } }
Invoking DeviceReduceKernel<<<720, 256, 0, 102321612979792>>>(), 16 items per thread, 6 SM occupancy
Invoking DeviceReduceSingleTileKernel<<<1, 256, 0, 102321612979792>>>(), 16 items per thread
Dispatching DeviceReduce on compute capability 8.9 with tuning: ReducePolicy { .multi_tile = ReducePassPolicy { .threads_per_block = 256, .items_per_thread = 16, .vec_size = 4, .reduce_algorithm = BLOCK_REDUCE_WARP_REDUCTIONS, .load_modifier = LOAD_LDG }, .single_tile = ReducePassPolicy { .threads_per_block = 256, .items_per_thread = 16, .vec_size = 4, .reduce_algorithm = BLOCK_REDUCE_WARP_REDUCTIONS, .load_modifier = LOAD_LDG } }
Invoking DeviceReduceKernel<<<720, 256, 0, 102321612979792>>>(), 16 items per thread, 6 SM occupancy
Invoking DeviceReduceSingleTileKernel<<<1, 256, 0, 102321612979792>>>(), 16 items per thread
Dispatching DeviceReduce on compute capability 8.9 with tuning: ReducePolicy { .multi_tile = ReducePassPolicy { .threads_per_block = 256, .items_per_thread = 16, .vec_size = 4, .reduce_algorithm = BLOCK_REDUCE_WARP_REDUCTIONS, .load_modifier = LOAD_LDG }, .single_tile = ReducePassPolicy { .threads_per_block = 256, .items_per_thread = 16, .vec_size = 4, .reduce_algorithm = BLOCK_REDUCE_WARP_REDUCTIONS, .load_modifier = LOAD_LDG } }
Invoking DeviceReduceKernel<<<720, 256, 0, 102321612979792>>>(), 16 items per thread, 6 SM occupancy
Invoking DeviceReduceSingleTileKernel<<<1, 256, 0, 102321612979792>>>(), 16 items per thread
Dispatching DeviceReduce on compute capability 8.9 with tuning: ReducePolicy { .multi_tile = ReducePassPolicy { .threads_per_block = 256, .items_per_thread = 16, .vec_size = 4, .reduce_algorithm = BLOCK_REDUCE_WARP_REDUCTIONS, .load_modifier = LOAD_LDG }, .single_tile = ReducePassPolicy { .threads_per_block = 256, .items_per_thread = 16, .vec_size = 4, .reduce_algorithm = BLOCK_REDUCE_WARP_REDUCTIONS, .load_modifier = LOAD_LDG } }
Invoking DeviceReduceKernel<<<720, 256, 0, 102321612979792>>>(), 16 items per thread, 6 SM occupancy
Invoking DeviceReduceSingleTileKernel<<<1, 256, 0, 102321612979792>>>(), 16 items per thread
Dispatching DeviceReduce on compute capability 8.9 with tuning: ReducePolicy { .multi_tile = ReducePassPolicy { .threads_per_block = 256, .items_per_thread = 16, .vec_size = 4, .reduce_algorithm = BLOCK_REDUCE_WARP_REDUCTIONS, .load_modifier = LOAD_LDG }, .single_tile = ReducePassPolicy { .threads_per_block = 256, .items_per_thread = 16, .vec_size = 4, .reduce_algorithm = BLOCK_REDUCE_WARP_REDUCTIONS, .load_modifier = LOAD_LDG } }
Invoking DeviceReduceKernel<<<720, 256, 0, 102321612979792>>>(), 16 items per thread, 6 SM occupancy
Invoking DeviceReduceSingleTileKernel<<<1, 256, 0, 102321612979792>>>(), 16 items per thread
Dispatching DeviceReduce on compute capability 8.9 with tuning: ReducePolicy { .multi_tile = ReducePassPolicy { .threads_per_block = 256, .items_per_thread = 16, .vec_size = 4, .reduce_algorithm = BLOCK_REDUCE_WARP_REDUCTIONS, .load_modifier = LOAD_LDG }, .single_tile = ReducePassPolicy { .threads_per_block = 256, .items_per_thread = 16, .vec_size = 4, .reduce_algorithm = BLOCK_REDUCE_WARP_REDUCTIONS, .load_modifier = LOAD_LDG } }
Invoking DeviceReduceKernel<<<720, 256, 0, 102321612979792>>>(), 16 items per thread, 6 SM occupancy
Invoking DeviceReduceSingleTileKernel<<<1, 256, 0, 102321612979792>>>(), 16 items per thread
Dispatching DeviceReduce on compute capability 8.9 with tuning: ReducePolicy { .multi_tile = ReducePassPolicy { .threads_per_block = 256, .items_per_thread = 16, .vec_size = 4, .reduce_algorithm = BLOCK_REDUCE_WARP_REDUCTIONS, .load_modifier = LOAD_LDG }, .single_tile = ReducePassPolicy { .threads_per_block = 256, .items_per_thread = 16, .vec_size = 4, .reduce_algorithm = BLOCK_REDUCE_WARP_REDUCTIONS, .load_modifier = LOAD_LDG } }
Invoking DeviceReduceKernel<<<720, 256, 0, 102321612979792>>>(), 16 items per thread, 6 SM occupancy
Invoking DeviceReduceSingleTileKernel<<<1, 256, 0, 102321612979792>>>(), 16 items per thread
Dispatching DeviceReduce on compute capability 8.9 with tuning: ReducePolicy { .multi_tile = ReducePassPolicy { .threads_per_block = 256, .items_per_thread = 16, .vec_size = 4, .reduce_algorithm = BLOCK_REDUCE_WARP_REDUCTIONS, .load_modifier = LOAD_LDG }, .single_tile = ReducePassPolicy { .threads_per_block = 256, .items_per_thread = 16, .vec_size = 4, .reduce_algorithm = BLOCK_REDUCE_WARP_REDUCTIONS, .load_modifier = LOAD_LDG } }
Invoking DeviceReduceKernel<<<720, 256, 0, 102321612979792>>>(), 16 items per thread, 6 SM occupancy
Invoking DeviceReduceSingleTileKernel<<<1, 256, 0, 102321612979792>>>(), 16 items per thread
Dispatching DeviceReduce on compute capability 8.9 with tuning: ReducePolicy { .multi_tile = ReducePassPolicy { .threads_per_block = 256, .items_per_thread = 16, .vec_size = 4, .reduce_algorithm = BLOCK_REDUCE_WARP_REDUCTIONS, .load_modifier = LOAD_LDG }, .single_tile = ReducePassPolicy { .threads_per_block = 256, .items_per_thread = 16, .vec_size = 4, .reduce_algorithm = BLOCK_REDUCE_WARP_REDUCTIONS, .load_modifier = LOAD_LDG } }
Invoking DeviceReduceKernel<<<720, 256, 0, 102321612979792>>>(), 16 items per thread, 6 SM occupancy
Invoking DeviceReduceSingleTileKernel<<<1, 256, 0, 102321612979792>>>(), 16 items per thread
Dispatching DeviceReduce on compute capability 8.9 with tuning: ReducePolicy { .multi_tile = ReducePassPolicy { .threads_per_block = 256, .items_per_thread = 16, .vec_size = 4, .reduce_algorithm = BLOCK_REDUCE_WARP_REDUCTIONS, .load_modifier = LOAD_LDG }, .single_tile = ReducePassPolicy { .threads_per_block = 256, .items_per_thread = 16, .vec_size = 4, .reduce_algorithm = BLOCK_REDUCE_WARP_REDUCTIONS, .load_modifier = LOAD_LDG } }
Invoking DeviceReduceKernel<<<720, 256, 0, 102321612979792>>>(), 16 items per thread, 6 SM occupancy
Invoking DeviceReduceSingleTileKernel<<<1, 256, 0, 102321612979792>>>(), 16 items per thread
Dispatching DeviceReduce on compute capability 8.9 with tuning: ReducePolicy { .multi_tile = ReducePassPolicy { .threads_per_block = 256, .items_per_thread = 16, .vec_size = 4, .reduce_algorithm = BLOCK_REDUCE_WARP_REDUCTIONS, .load_modifier = LOAD_LDG }, .single_tile = ReducePassPolicy { .threads_per_block = 256, .items_per_thread = 16, .vec_size = 4, .reduce_algorithm = BLOCK_REDUCE_WARP_REDUCTIONS, .load_modifier = LOAD_LDG } }
Invoking DeviceReduceKernel<<<720, 256, 0, 102321612979792>>>(), 16 items per thread, 6 SM occupancy
Invoking DeviceReduceSingleTileKernel<<<1, 256, 0, 102321612979792>>>(), 16 items per thread
Dispatching DeviceReduce on compute capability 8.9 with tuning: ReducePolicy { .multi_tile = ReducePassPolicy { .threads_per_block = 256, .items_per_thread = 16, .vec_size = 4, .reduce_algorithm = BLOCK_REDUCE_WARP_REDUCTIONS, .load_modifier = LOAD_LDG }, .single_tile = ReducePassPolicy { .threads_per_block = 256, .items_per_thread = 16, .vec_size = 4, .reduce_algorithm = BLOCK_REDUCE_WARP_REDUCTIONS, .load_modifier = LOAD_LDG } }
Invoking DeviceReduceKernel<<<720, 256, 0, 102321612979792>>>(), 16 items per thread, 6 SM occupancy
Invoking DeviceReduceSingleTileKernel<<<1, 256, 0, 102321612979792>>>(), 16 items per thread
Dispatching DeviceReduce on compute capability 8.9 with tuning: ReducePolicy { .multi_tile = ReducePassPolicy { .threads_per_block = 256, .items_per_thread = 16, .vec_size = 4, .reduce_algorithm = BLOCK_REDUCE_WARP_REDUCTIONS, .load_modifier = LOAD_LDG }, .single_tile = ReducePassPolicy { .threads_per_block = 256, .items_per_thread = 16, .vec_size = 4, .reduce_algorithm = BLOCK_REDUCE_WARP_REDUCTIONS, .load_modifier = LOAD_LDG } }
Invoking DeviceReduceKernel<<<720, 256, 0, 102321612979792>>>(), 16 items per thread, 6 SM occupancy
Invoking DeviceReduceSingleTileKernel<<<1, 256, 0, 102321612979792>>>(), 16 items per thread
Dispatching DeviceReduce on compute capability 8.9 with tuning: ReducePolicy { .multi_tile = ReducePassPolicy { .threads_per_block = 256, .items_per_thread = 16, .vec_size = 4, .reduce_algorithm = BLOCK_REDUCE_WARP_REDUCTIONS, .load_modifier = LOAD_LDG }, .single_tile = ReducePassPolicy { .threads_per_block = 256, .items_per_thread = 16, .vec_size = 4, .reduce_algorithm = BLOCK_REDUCE_WARP_REDUCTIONS, .load_modifier = LOAD_LDG } }
Invoking DeviceReduceKernel<<<720, 256, 0, 102321612979792>>>(), 16 items per thread, 6 SM occupancy
Invoking DeviceReduceSingleTileKernel<<<1, 256, 0, 102321612979792>>>(), 16 items per thread
Dispatching DeviceReduce on compute capability 8.9 with tuning: ReducePolicy { .multi_tile = ReducePassPolicy { .threads_per_block = 256, .items_per_thread = 16, .vec_size = 4, .reduce_algorithm = BLOCK_REDUCE_WARP_REDUCTIONS, .load_modifier = LOAD_LDG }, .single_tile = ReducePassPolicy { .threads_per_block = 256, .items_per_thread = 16, .vec_size = 4, .reduce_algorithm = BLOCK_REDUCE_WARP_REDUCTIONS, .load_modifier = LOAD_LDG } }
Invoking DeviceReduceKernel<<<720, 256, 0, 102321612979792>>>(), 16 items per thread, 6 SM occupancy
Invoking DeviceReduceSingleTileKernel<<<1, 256, 0, 102321612979792>>>(), 16 items per thread
Dispatching DeviceReduce on compute capability 8.9 with tuning: ReducePolicy { .multi_tile = ReducePassPolicy { .threads_per_block = 256, .items_per_thread = 16, .vec_size = 4, .reduce_algorithm = BLOCK_REDUCE_WARP_REDUCTIONS, .load_modifier = LOAD_LDG }, .single_tile = ReducePassPolicy { .threads_per_block = 256, .items_per_thread = 16, .vec_size = 4, .reduce_algorithm = BLOCK_REDUCE_WARP_REDUCTIONS, .load_modifier = LOAD_LDG } }
Invoking DeviceReduceKernel<<<720, 256, 0, 102321612979792>>>(), 16 items per thread, 6 SM occupancy
Invoking DeviceReduceSingleTileKernel<<<1, 256, 0, 102321612979792>>>(), 16 items per thread
Dispatching DeviceReduce on compute capability 8.9 with tuning: ReducePolicy { .multi_tile = ReducePassPolicy { .threads_per_block = 256, .items_per_thread = 16, .vec_size = 4, .reduce_algorithm = BLOCK_REDUCE_WARP_REDUCTIONS, .load_modifier = LOAD_LDG }, .single_tile = ReducePassPolicy { .threads_per_block = 256, .items_per_thread = 16, .vec_size = 4, .reduce_algorithm = BLOCK_REDUCE_WARP_REDUCTIONS, .load_modifier = LOAD_LDG } }
Invoking DeviceReduceKernel<<<720, 256, 0, 102321612979792>>>(), 16 items per thread, 6 SM occupancy
Invoking DeviceReduceSingleTileKernel<<<1, 256, 0, 102321612979792>>>(), 16 items per thread
Dispatching DeviceReduce on compute capability 8.9 with tuning: ReducePolicy { .multi_tile = ReducePassPolicy { .threads_per_block = 256, .items_per_thread = 16, .vec_size = 4, .reduce_algorithm = BLOCK_REDUCE_WARP_REDUCTIONS, .load_modifier = LOAD_LDG }, .single_tile = ReducePassPolicy { .threads_per_block = 256, .items_per_thread = 16, .vec_size = 4, .reduce_algorithm = BLOCK_REDUCE_WARP_REDUCTIONS, .load_modifier = LOAD_LDG } }
Invoking DeviceReduceKernel<<<720, 256, 0, 102321612979792>>>(), 16 items per thread, 6 SM occupancy
Invoking DeviceReduceSingleTileKernel<<<1, 256, 0, 102321612979792>>>(), 16 items per thread
Dispatching DeviceReduce on compute capability 8.9 with tuning: ReducePolicy { .multi_tile = ReducePassPolicy { .threads_per_block = 256, .items_per_thread = 16, .vec_size = 4, .reduce_algorithm = BLOCK_REDUCE_WARP_REDUCTIONS, .load_modifier = LOAD_LDG }, .single_tile = ReducePassPolicy { .threads_per_block = 256, .items_per_thread = 16, .vec_size = 4, .reduce_algorithm = BLOCK_REDUCE_WARP_REDUCTIONS, .load_modifier = LOAD_LDG } }
Invoking DeviceReduceKernel<<<720, 256, 0, 102321612979792>>>(), 16 items per thread, 6 SM occupancy
Invoking DeviceReduceSingleTileKernel<<<1, 256, 0, 102321612979792>>>(), 16 items per thread
Dispatching DeviceReduce on compute capability 8.9 with tuning: ReducePolicy { .multi_tile = ReducePassPolicy { .threads_per_block = 256, .items_per_thread = 16, .vec_size = 4, .reduce_algorithm = BLOCK_REDUCE_WARP_REDUCTIONS, .load_modifier = LOAD_LDG }, .single_tile = ReducePassPolicy { .threads_per_block = 256, .items_per_thread = 16, .vec_size = 4, .reduce_algorithm = BLOCK_REDUCE_WARP_REDUCTIONS, .load_modifier = LOAD_LDG } }
Invoking DeviceReduceKernel<<<720, 256, 0, 102321612979792>>>(), 16 items per thread, 6 SM occupancy
Invoking DeviceReduceSingleTileKernel<<<1, 256, 0, 102321612979792>>>(), 16 items per thread
Dispatching DeviceReduce on compute capability 8.9 with tuning: ReducePolicy { .multi_tile = ReducePassPolicy { .threads_per_block = 256, .items_per_thread = 16, .vec_size = 4, .reduce_algorithm = BLOCK_REDUCE_WARP_REDUCTIONS, .load_modifier = LOAD_LDG }, .single_tile = ReducePassPolicy { .threads_per_block = 256, .items_per_thread = 16, .vec_size = 4, .reduce_algorithm = BLOCK_REDUCE_WARP_REDUCTIONS, .load_modifier = LOAD_LDG } }
Invoking DeviceReduceKernel<<<720, 256, 0, 102321612979792>>>(), 16 items per thread, 6 SM occupancy
Invoking DeviceReduceSingleTileKernel<<<1, 256, 0, 102321612979792>>>(), 16 items per thread
Dispatching DeviceReduce on compute capability 8.9 with tuning: ReducePolicy { .multi_tile = ReducePassPolicy { .threads_per_block = 256, .items_per_thread = 16, .vec_size = 4, .reduce_algorithm = BLOCK_REDUCE_WARP_REDUCTIONS, .load_modifier = LOAD_LDG }, .single_tile = ReducePassPolicy { .threads_per_block = 256, .items_per_thread = 16, .vec_size = 4, .reduce_algorithm = BLOCK_REDUCE_WARP_REDUCTIONS, .load_modifier = LOAD_LDG } }
Invoking DeviceReduceKernel<<<720, 256, 0, 102321612979792>>>(), 16 items per thread, 6 SM occupancy
Invoking DeviceReduceSingleTileKernel<<<1, 256, 0, 102321612979792>>>(), 16 items per thread
Dispatching DeviceReduce on compute capability 8.9 with tuning: ReducePolicy { .multi_tile = ReducePassPolicy { .threads_per_block = 256, .items_per_thread = 16, .vec_size = 4, .reduce_algorithm = BLOCK_REDUCE_WARP_REDUCTIONS, .load_modifier = LOAD_LDG }, .single_tile = ReducePassPolicy { .threads_per_block = 256, .items_per_thread = 16, .vec_size = 4, .reduce_algorithm = BLOCK_REDUCE_WARP_REDUCTIONS, .load_modifier = LOAD_LDG } }
Invoking DeviceReduceKernel<<<720, 256, 0, 102321612979792>>>(), 16 items per thread, 6 SM occupancy
Invoking DeviceReduceSingleTileKernel<<<1, 256, 0, 102321612979792>>>(), 16 items per thread
Dispatching DeviceReduce on compute capability 8.9 with tuning: ReducePolicy { .multi_tile = ReducePassPolicy { .threads_per_block = 256, .items_per_thread = 16, .vec_size = 4, .reduce_algorithm = BLOCK_REDUCE_WARP_REDUCTIONS, .load_modifier = LOAD_LDG }, .single_tile = ReducePassPolicy { .threads_per_block = 256, .items_per_thread = 16, .vec_size = 4, .reduce_algorithm = BLOCK_REDUCE_WARP_REDUCTIONS, .load_modifier = LOAD_LDG } }
Invoking DeviceReduceKernel<<<720, 256, 0, 102321612979792>>>(), 16 items per thread, 6 SM occupancy
Invoking DeviceReduceSingleTileKernel<<<1, 256, 0, 102321612979792>>>(), 16 items per thread
Dispatching DeviceReduce on compute capability 8.9 with tuning: ReducePolicy { .multi_tile = ReducePassPolicy { .threads_per_block = 256, .items_per_thread = 16, .vec_size = 4, .reduce_algorithm = BLOCK_REDUCE_WARP_REDUCTIONS, .load_modifier = LOAD_LDG }, .single_tile = ReducePassPolicy { .threads_per_block = 256, .items_per_thread = 16, .vec_size = 4, .reduce_algorithm = BLOCK_REDUCE_WARP_REDUCTIONS, .load_modifier = LOAD_LDG } }
Invoking DeviceReduceKernel<<<720, 256, 0, 102321612979792>>>(), 16 items per thread, 6 SM occupancy
Invoking DeviceReduceSingleTileKernel<<<1, 256, 0, 102321612979792>>>(), 16 items per thread
Dispatching DeviceReduce on compute capability 8.9 with tuning: ReducePolicy { .multi_tile = ReducePassPolicy { .threads_per_block = 256, .items_per_thread = 16, .vec_size = 4, .reduce_algorithm = BLOCK_REDUCE_WARP_REDUCTIONS, .load_modifier = LOAD_LDG }, .single_tile = ReducePassPolicy { .threads_per_block = 256, .items_per_thread = 16, .vec_size = 4, .reduce_algorithm = BLOCK_REDUCE_WARP_REDUCTIONS, .load_modifier = LOAD_LDG } }
Invoking DeviceReduceKernel<<<720, 256, 0, 102321612979792>>>(), 16 items per thread, 6 SM occupancy
Invoking DeviceReduceSingleTileKernel<<<1, 256, 0, 102321612979792>>>(), 16 items per thread
Dispatching DeviceReduce on compute capability 8.9 with tuning: ReducePolicy { .multi_tile = ReducePassPolicy { .threads_per_block = 256, .items_per_thread = 16, .vec_size = 4, .reduce_algorithm = BLOCK_REDUCE_WARP_REDUCTIONS, .load_modifier = LOAD_LDG }, .single_tile = ReducePassPolicy { .threads_per_block = 256, .items_per_thread = 16, .vec_size = 4, .reduce_algorithm = BLOCK_REDUCE_WARP_REDUCTIONS, .load_modifier = LOAD_LDG } }
Invoking DeviceReduceKernel<<<720, 256, 0, 102321612979792>>>(), 16 items per thread, 6 SM occupancy
Invoking DeviceReduceSingleTileKernel<<<1, 256, 0, 102321612979792>>>(), 16 items per thread
Dispatching DeviceReduce on compute capability 8.9 with tuning: ReducePolicy { .multi_tile = ReducePassPolicy { .threads_per_block = 256, .items_per_thread = 16, .vec_size = 4, .reduce_algorithm = BLOCK_REDUCE_WARP_REDUCTIONS, .load_modifier = LOAD_LDG }, .single_tile = ReducePassPolicy { .threads_per_block = 256, .items_per_thread = 16, .vec_size = 4, .reduce_algorithm = BLOCK_REDUCE_WARP_REDUCTIONS, .load_modifier = LOAD_LDG } }
Invoking DeviceReduceKernel<<<720, 256, 0, 102321612979792>>>(), 16 items per thread, 6 SM occupancy
Invoking DeviceReduceSingleTileKernel<<<1, 256, 0, 102321612979792>>>(), 16 items per thread
Dispatching DeviceReduce on compute capability 8.9 with tuning: ReducePolicy { .multi_tile = ReducePassPolicy { .threads_per_block = 256, .items_per_thread = 16, .vec_size = 4, .reduce_algorithm = BLOCK_REDUCE_WARP_REDUCTIONS, .load_modifier = LOAD_LDG }, .single_tile = ReducePassPolicy { .threads_per_block = 256, .items_per_thread = 16, .vec_size = 4, .reduce_algorithm = BLOCK_REDUCE_WARP_REDUCTIONS, .load_modifier = LOAD_LDG } }
Invoking DeviceReduceKernel<<<720, 256, 0, 102321612979792>>>(), 16 items per thread, 6 SM occupancy
Invoking DeviceReduceSingleTileKernel<<<1, 256, 0, 102321612979792>>>(), 16 items per thread
Dispatching DeviceReduce on compute capability 8.9 with tuning: ReducePolicy { .multi_tile = ReducePassPolicy { .threads_per_block = 256, .items_per_thread = 16, .vec_size = 4, .reduce_algorithm = BLOCK_REDUCE_WARP_REDUCTIONS, .load_modifier = LOAD_LDG }, .single_tile = ReducePassPolicy { .threads_per_block = 256, .items_per_thread = 16, .vec_size = 4, .reduce_algorithm = BLOCK_REDUCE_WARP_REDUCTIONS, .load_modifier = LOAD_LDG } }
Invoking DeviceReduceKernel<<<720, 256, 0, 102321612979792>>>(), 16 items per thread, 6 SM occupancy
Invoking DeviceReduceSingleTileKernel<<<1, 256, 0, 102321612979792>>>(), 16 items per thread
Dispatching DeviceReduce on compute capability 8.9 with tuning: ReducePolicy { .multi_tile = ReducePassPolicy { .threads_per_block = 256, .items_per_thread = 16, .vec_size = 4, .reduce_algorithm = BLOCK_REDUCE_WARP_REDUCTIONS, .load_modifier = LOAD_LDG }, .single_tile = ReducePassPolicy { .threads_per_block = 256, .items_per_thread = 16, .vec_size = 4, .reduce_algorithm = BLOCK_REDUCE_WARP_REDUCTIONS, .load_modifier = LOAD_LDG } }
Invoking DeviceReduceKernel<<<720, 256, 0, 102321612979792>>>(), 16 items per thread, 6 SM occupancy
Invoking DeviceReduceSingleTileKernel<<<1, 256, 0, 102321612979792>>>(), 16 items per thread
Dispatching DeviceReduce on compute capability 8.9 with tuning: ReducePolicy { .multi_tile = ReducePassPolicy { .threads_per_block = 256, .items_per_thread = 16, .vec_size = 4, .reduce_algorithm = BLOCK_REDUCE_WARP_REDUCTIONS, .load_modifier = LOAD_LDG }, .single_tile = ReducePassPolicy { .threads_per_block = 256, .items_per_thread = 16, .vec_size = 4, .reduce_algorithm = BLOCK_REDUCE_WARP_REDUCTIONS, .load_modifier = LOAD_LDG } }
Invoking DeviceReduceKernel<<<720, 256, 0, 102321612979792>>>(), 16 items per thread, 6 SM occupancy
Invoking DeviceReduceSingleTileKernel<<<1, 256, 0, 102321612979792>>>(), 16 items per thread
Dispatching DeviceReduce on compute capability 8.9 with tuning: ReducePolicy { .multi_tile = ReducePassPolicy { .threads_per_block = 256, .items_per_thread = 16, .vec_size = 4, .reduce_algorithm = BLOCK_REDUCE_WARP_REDUCTIONS, .load_modifier = LOAD_LDG }, .single_tile = ReducePassPolicy { .threads_per_block = 256, .items_per_thread = 16, .vec_size = 4, .reduce_algorithm = BLOCK_REDUCE_WARP_REDUCTIONS, .load_modifier = LOAD_LDG } }
Invoking DeviceReduceKernel<<<720, 256, 0, 102321612979792>>>(), 16 items per thread, 6 SM occupancy
Invoking DeviceReduceSingleTileKernel<<<1, 256, 0, 102321612979792>>>(), 16 items per thread
Dispatching DeviceReduce on compute capability 8.9 with tuning: ReducePolicy { .multi_tile = ReducePassPolicy { .threads_per_block = 256, .items_per_thread = 16, .vec_size = 4, .reduce_algorithm = BLOCK_REDUCE_WARP_REDUCTIONS, .load_modifier = LOAD_LDG }, .single_tile = ReducePassPolicy { .threads_per_block = 256, .items_per_thread = 16, .vec_size = 4, .reduce_algorithm = BLOCK_REDUCE_WARP_REDUCTIONS, .load_modifier = LOAD_LDG } }
Invoking DeviceReduceKernel<<<720, 256, 0, 102321612979792>>>(), 16 items per thread, 6 SM occupancy
Invoking DeviceReduceSingleTileKernel<<<1, 256, 0, 102321612979792>>>(), 16 items per thread
Dispatching DeviceReduce on compute capability 8.9 with tuning: ReducePolicy { .multi_tile = ReducePassPolicy { .threads_per_block = 256, .items_per_thread = 16, .vec_size = 4, .reduce_algorithm = BLOCK_REDUCE_WARP_REDUCTIONS, .load_modifier = LOAD_LDG }, .single_tile = ReducePassPolicy { .threads_per_block = 256, .items_per_thread = 16, .vec_size = 4, .reduce_algorithm = BLOCK_REDUCE_WARP_REDUCTIONS, .load_modifier = LOAD_LDG } }
Invoking DeviceReduceKernel<<<720, 256, 0, 102321612979792>>>(), 16 items per thread, 6 SM occupancy
Invoking DeviceReduceSingleTileKernel<<<1, 256, 0, 102321612979792>>>(), 16 items per thread
Dispatching DeviceReduce on compute capability 8.9 with tuning: ReducePolicy { .multi_tile = ReducePassPolicy { .threads_per_block = 256, .items_per_thread = 16, .vec_size = 4, .reduce_algorithm = BLOCK_REDUCE_WARP_REDUCTIONS, .load_modifier = LOAD_LDG }, .single_tile = ReducePassPolicy { .threads_per_block = 256, .items_per_thread = 16, .vec_size = 4, .reduce_algorithm = BLOCK_REDUCE_WARP_REDUCTIONS, .load_modifier = LOAD_LDG } }
Invoking DeviceReduceKernel<<<720, 256, 0, 102321612979792>>>(), 16 items per thread, 6 SM occupancy
Invoking DeviceReduceSingleTileKernel<<<1, 256, 0, 102321612979792>>>(), 16 items per thread
Dispatching DeviceReduce on compute capability 8.9 with tuning: ReducePolicy { .multi_tile = ReducePassPolicy { .threads_per_block = 256, .items_per_thread = 16, .vec_size = 4, .reduce_algorithm = BLOCK_REDUCE_WARP_REDUCTIONS, .load_modifier = LOAD_LDG }, .single_tile = ReducePassPolicy { .threads_per_block = 256, .items_per_thread = 16, .vec_size = 4, .reduce_algorithm = BLOCK_REDUCE_WARP_REDUCTIONS, .load_modifier = LOAD_LDG } }
Invoking DeviceReduceKernel<<<720, 256, 0, 102321612979792>>>(), 16 items per thread, 6 SM occupancy
Invoking DeviceReduceSingleTileKernel<<<1, 256, 0, 102321612979792>>>(), 16 items per thread
Dispatching DeviceReduce on compute capability 8.9 with tuning: ReducePolicy { .multi_tile = ReducePassPolicy { .threads_per_block = 256, .items_per_thread = 16, .vec_size = 4, .reduce_algorithm = BLOCK_REDUCE_WARP_REDUCTIONS, .load_modifier = LOAD_LDG }, .single_tile = ReducePassPolicy { .threads_per_block = 256, .items_per_thread = 16, .vec_size = 4, .reduce_algorithm = BLOCK_REDUCE_WARP_REDUCTIONS, .load_modifier = LOAD_LDG } }
Invoking DeviceReduceKernel<<<720, 256, 0, 102321612979792>>>(), 16 items per thread, 6 SM occupancy
Invoking DeviceReduceSingleTileKernel<<<1, 256, 0, 102321612979792>>>(), 16 items per thread
Dispatching DeviceReduce on compute capability 8.9 with tuning: ReducePolicy { .multi_tile = ReducePassPolicy { .threads_per_block = 256, .items_per_thread = 16, .vec_size = 4, .reduce_algorithm = BLOCK_REDUCE_WARP_REDUCTIONS, .load_modifier = LOAD_LDG }, .single_tile = ReducePassPolicy { .threads_per_block = 256, .items_per_thread = 16, .vec_size = 4, .reduce_algorithm = BLOCK_REDUCE_WARP_REDUCTIONS, .load_modifier = LOAD_LDG } }
Invoking DeviceReduceKernel<<<720, 256, 0, 102321612979792>>>(), 16 items per thread, 6 SM occupancy
Invoking DeviceReduceSingleTileKernel<<<1, 256, 0, 102321612979792>>>(), 16 items per thread
Dispatching DeviceReduce on compute capability 8.9 with tuning: ReducePolicy { .multi_tile = ReducePassPolicy { .threads_per_block = 256, .items_per_thread = 16, .vec_size = 4, .reduce_algorithm = BLOCK_REDUCE_WARP_REDUCTIONS, .load_modifier = LOAD_LDG }, .single_tile = ReducePassPolicy { .threads_per_block = 256, .items_per_thread = 16, .vec_size = 4, .reduce_algorithm = BLOCK_REDUCE_WARP_REDUCTIONS, .load_modifier = LOAD_LDG } }
Invoking DeviceReduceKernel<<<720, 256, 0, 102321612979792>>>(), 16 items per thread, 6 SM occupancy
Invoking DeviceReduceSingleTileKernel<<<1, 256, 0, 102321612979792>>>(), 16 items per thread
Dispatching DeviceReduce on compute capability 8.9 with tuning: ReducePolicy { .multi_tile = ReducePassPolicy { .threads_per_block = 256, .items_per_thread = 16, .vec_size = 4, .reduce_algorithm = BLOCK_REDUCE_WARP_REDUCTIONS, .load_modifier = LOAD_LDG }, .single_tile = ReducePassPolicy { .threads_per_block = 256, .items_per_thread = 16, .vec_size = 4, .reduce_algorithm = BLOCK_REDUCE_WARP_REDUCTIONS, .load_modifier = LOAD_LDG } }
Invoking DeviceReduceKernel<<<720, 256, 0, 102321612979792>>>(), 16 items per thread, 6 SM occupancy
Invoking DeviceReduceSingleTileKernel<<<1, 256, 0, 102321612979792>>>(), 16 items per thread
Dispatching DeviceReduce on compute capability 8.9 with tuning: ReducePolicy { .multi_tile = ReducePassPolicy { .threads_per_block = 256, .items_per_thread = 16, .vec_size = 4, .reduce_algorithm = BLOCK_REDUCE_WARP_REDUCTIONS, .load_modifier = LOAD_LDG }, .single_tile = ReducePassPolicy { .threads_per_block = 256, .items_per_thread = 16, .vec_size = 4, .reduce_algorithm = BLOCK_REDUCE_WARP_REDUCTIONS, .load_modifier = LOAD_LDG } }
Invoking DeviceReduceKernel<<<720, 256, 0, 102321612979792>>>(), 16 items per thread, 6 SM occupancy
Invoking DeviceReduceSingleTileKernel<<<1, 256, 0, 102321612979792>>>(), 16 items per thread
Dispatching DeviceReduce on compute capability 8.9 with tuning: ReducePolicy { .multi_tile = ReducePassPolicy { .threads_per_block = 256, .items_per_thread = 16, .vec_size = 4, .reduce_algorithm = BLOCK_REDUCE_WARP_REDUCTIONS, .load_modifier = LOAD_LDG }, .single_tile = ReducePassPolicy { .threads_per_block = 256, .items_per_thread = 16, .vec_size = 4, .reduce_algorithm = BLOCK_REDUCE_WARP_REDUCTIONS, .load_modifier = LOAD_LDG } }
Invoking DeviceReduceKernel<<<720, 256, 0, 102321612979792>>>(), 16 items per thread, 6 SM occupancy
Invoking DeviceReduceSingleTileKernel<<<1, 256, 0, 102321612979792>>>(), 16 items per thread
Dispatching DeviceReduce on compute capability 8.9 with tuning: ReducePolicy { .multi_tile = ReducePassPolicy { .threads_per_block = 256, .items_per_thread = 16, .vec_size = 4, .reduce_algorithm = BLOCK_REDUCE_WARP_REDUCTIONS, .load_modifier = LOAD_LDG }, .single_tile = ReducePassPolicy { .threads_per_block = 256, .items_per_thread = 16, .vec_size = 4, .reduce_algorithm = BLOCK_REDUCE_WARP_REDUCTIONS, .load_modifier = LOAD_LDG } }
Invoking DeviceReduceKernel<<<720, 256, 0, 102321612979792>>>(), 16 items per thread, 6 SM occupancy
Invoking DeviceReduceSingleTileKernel<<<1, 256, 0, 102321612979792>>>(), 16 items per thread
Dispatching DeviceReduce on compute capability 8.9 with tuning: ReducePolicy { .multi_tile = ReducePassPolicy { .threads_per_block = 256, .items_per_thread = 16, .vec_size = 4, .reduce_algorithm = BLOCK_REDUCE_WARP_REDUCTIONS, .load_modifier = LOAD_LDG }, .single_tile = ReducePassPolicy { .threads_per_block = 256, .items_per_thread = 16, .vec_size = 4, .reduce_algorithm = BLOCK_REDUCE_WARP_REDUCTIONS, .load_modifier = LOAD_LDG } }
Invoking DeviceReduceKernel<<<720, 256, 0, 102321612979792>>>(), 16 items per thread, 6 SM occupancy
Invoking DeviceReduceSingleTileKernel<<<1, 256, 0, 102321612979792>>>(), 16 items per thread
Dispatching DeviceReduce on compute capability 8.9 with tuning: ReducePolicy { .multi_tile = ReducePassPolicy { .threads_per_block = 256, .items_per_thread = 16, .vec_size = 4, .reduce_algorithm = BLOCK_REDUCE_WARP_REDUCTIONS, .load_modifier = LOAD_LDG }, .single_tile = ReducePassPolicy { .threads_per_block = 256, .items_per_thread = 16, .vec_size = 4, .reduce_algorithm = BLOCK_REDUCE_WARP_REDUCTIONS, .load_modifier = LOAD_LDG } }
Invoking DeviceReduceKernel<<<720, 256, 0, 102321612979792>>>(), 16 items per thread, 6 SM occupancy
Invoking DeviceReduceSingleTileKernel<<<1, 256, 0, 102321612979792>>>(), 16 items per thread
Dispatching DeviceReduce on compute capability 8.9 with tuning: ReducePolicy { .multi_tile = ReducePassPolicy { .threads_per_block = 256, .items_per_thread = 16, .vec_size = 4, .reduce_algorithm = BLOCK_REDUCE_WARP_REDUCTIONS, .load_modifier = LOAD_LDG }, .single_tile = ReducePassPolicy { .threads_per_block = 256, .items_per_thread = 16, .vec_size = 4, .reduce_algorithm = BLOCK_REDUCE_WARP_REDUCTIONS, .load_modifier = LOAD_LDG } }
Invoking DeviceReduceKernel<<<720, 256, 0, 102321612979792>>>(), 16 items per thread, 6 SM occupancy
Invoking DeviceReduceSingleTileKernel<<<1, 256, 0, 102321612979792>>>(), 16 items per thread
Dispatching DeviceReduce on compute capability 8.9 with tuning: ReducePolicy { .multi_tile = ReducePassPolicy { .threads_per_block = 256, .items_per_thread = 16, .vec_size = 4, .reduce_algorithm = BLOCK_REDUCE_WARP_REDUCTIONS, .load_modifier = LOAD_LDG }, .single_tile = ReducePassPolicy { .threads_per_block = 256, .items_per_thread = 16, .vec_size = 4, .reduce_algorithm = BLOCK_REDUCE_WARP_REDUCTIONS, .load_modifier = LOAD_LDG } }
Invoking DeviceReduceKernel<<<720, 256, 0, 102321612979792>>>(), 16 items per thread, 6 SM occupancy
Invoking DeviceReduceSingleTileKernel<<<1, 256, 0, 102321612979792>>>(), 16 items per thread
Dispatching DeviceReduce on compute capability 8.9 with tuning: ReducePolicy { .multi_tile = ReducePassPolicy { .threads_per_block = 256, .items_per_thread = 16, .vec_size = 4, .reduce_algorithm = BLOCK_REDUCE_WARP_REDUCTIONS, .load_modifier = LOAD_LDG }, .single_tile = ReducePassPolicy { .threads_per_block = 256, .items_per_thread = 16, .vec_size = 4, .reduce_algorithm = BLOCK_REDUCE_WARP_REDUCTIONS, .load_modifier = LOAD_LDG } }
Invoking DeviceReduceKernel<<<720, 256, 0, 102321612979792>>>(), 16 items per thread, 6 SM occupancy
Invoking DeviceReduceSingleTileKernel<<<1, 256, 0, 102321612979792>>>(), 16 items per thread
Dispatching DeviceReduce on compute capability 8.9 with tuning: ReducePolicy { .multi_tile = ReducePassPolicy { .threads_per_block = 256, .items_per_thread = 16, .vec_size = 4, .reduce_algorithm = BLOCK_REDUCE_WARP_REDUCTIONS, .load_modifier = LOAD_LDG }, .single_tile = ReducePassPolicy { .threads_per_block = 256, .items_per_thread = 16, .vec_size = 4, .reduce_algorithm = BLOCK_REDUCE_WARP_REDUCTIONS, .load_modifier = LOAD_LDG } }
Invoking DeviceReduceKernel<<<720, 256, 0, 102321612979792>>>(), 16 items per thread, 6 SM occupancy
Invoking DeviceReduceSingleTileKernel<<<1, 256, 0, 102321612979792>>>(), 16 items per thread
Dispatching DeviceReduce on compute capability 8.9 with tuning: ReducePolicy { .multi_tile = ReducePassPolicy { .threads_per_block = 256, .items_per_thread = 16, .vec_size = 4, .reduce_algorithm = BLOCK_REDUCE_WARP_REDUCTIONS, .load_modifier = LOAD_LDG }, .single_tile = ReducePassPolicy { .threads_per_block = 256, .items_per_thread = 16, .vec_size = 4, .reduce_algorithm = BLOCK_REDUCE_WARP_REDUCTIONS, .load_modifier = LOAD_LDG } }
Invoking DeviceReduceKernel<<<720, 256, 0, 102321612979792>>>(), 16 items per thread, 6 SM occupancy
Invoking DeviceReduceSingleTileKernel<<<1, 256, 0, 102321612979792>>>(), 16 items per thread
Dispatching DeviceReduce on compute capability 8.9 with tuning: ReducePolicy { .multi_tile = ReducePassPolicy { .threads_per_block = 256, .items_per_thread = 16, .vec_size = 4, .reduce_algorithm = BLOCK_REDUCE_WARP_REDUCTIONS, .load_modifier = LOAD_LDG }, .single_tile = ReducePassPolicy { .threads_per_block = 256, .items_per_thread = 16, .vec_size = 4, .reduce_algorithm = BLOCK_REDUCE_WARP_REDUCTIONS, .load_modifier = LOAD_LDG } }
Invoking DeviceReduceKernel<<<720, 256, 0, 102321612979792>>>(), 16 items per thread, 6 SM occupancy
Invoking DeviceReduceSingleTileKernel<<<1, 256, 0, 102321612979792>>>(), 16 items per thread
Dispatching DeviceReduce on compute capability 8.9 with tuning: ReducePolicy { .multi_tile = ReducePassPolicy { .threads_per_block = 256, .items_per_thread = 16, .vec_size = 4, .reduce_algorithm = BLOCK_REDUCE_WARP_REDUCTIONS, .load_modifier = LOAD_LDG }, .single_tile = ReducePassPolicy { .threads_per_block = 256, .items_per_thread = 16, .vec_size = 4, .reduce_algorithm = BLOCK_REDUCE_WARP_REDUCTIONS, .load_modifier = LOAD_LDG } }
Invoking DeviceReduceKernel<<<720, 256, 0, 102321612979792>>>(), 16 items per thread, 6 SM occupancy
Invoking DeviceReduceSingleTileKernel<<<1, 256, 0, 102321612979792>>>(), 16 items per thread
Dispatching DeviceReduce on compute capability 8.9 with tuning: ReducePolicy { .multi_tile = ReducePassPolicy { .threads_per_block = 256, .items_per_thread = 16, .vec_size = 4, .reduce_algorithm = BLOCK_REDUCE_WARP_REDUCTIONS, .load_modifier = LOAD_LDG }, .single_tile = ReducePassPolicy { .threads_per_block = 256, .items_per_thread = 16, .vec_size = 4, .reduce_algorithm = BLOCK_REDUCE_WARP_REDUCTIONS, .load_modifier = LOAD_LDG } }
Invoking DeviceReduceKernel<<<720, 256, 0, 102321612979792>>>(), 16 items per thread, 6 SM occupancy
Invoking DeviceReduceSingleTileKernel<<<1, 256, 0, 102321612979792>>>(), 16 items per thread
Dispatching DeviceReduce on compute capability 8.9 with tuning: ReducePolicy { .multi_tile = ReducePassPolicy { .threads_per_block = 256, .items_per_thread = 16, .vec_size = 4, .reduce_algorithm = BLOCK_REDUCE_WARP_REDUCTIONS, .load_modifier = LOAD_LDG }, .single_tile = ReducePassPolicy { .threads_per_block = 256, .items_per_thread = 16, .vec_size = 4, .reduce_algorithm = BLOCK_REDUCE_WARP_REDUCTIONS, .load_modifier = LOAD_LDG } }
Invoking DeviceReduceKernel<<<720, 256, 0, 102321612979792>>>(), 16 items per thread, 6 SM occupancy
Invoking DeviceReduceSingleTileKernel<<<1, 256, 0, 102321612979792>>>(), 16 items per thread
Dispatching DeviceReduce on compute capability 8.9 with tuning: ReducePolicy { .multi_tile = ReducePassPolicy { .threads_per_block = 256, .items_per_thread = 16, .vec_size = 4, .reduce_algorithm = BLOCK_REDUCE_WARP_REDUCTIONS, .load_modifier = LOAD_LDG }, .single_tile = ReducePassPolicy { .threads_per_block = 256, .items_per_thread = 16, .vec_size = 4, .reduce_algorithm = BLOCK_REDUCE_WARP_REDUCTIONS, .load_modifier = LOAD_LDG } }
Invoking DeviceReduceKernel<<<720, 256, 0, 102321612979792>>>(), 16 items per thread, 6 SM occupancy
Invoking DeviceReduceSingleTileKernel<<<1, 256, 0, 102321612979792>>>(), 16 items per thread
Dispatching DeviceReduce on compute capability 8.9 with tuning: ReducePolicy { .multi_tile = ReducePassPolicy { .threads_per_block = 256, .items_per_thread = 16, .vec_size = 4, .reduce_algorithm = BLOCK_REDUCE_WARP_REDUCTIONS, .load_modifier = LOAD_LDG }, .single_tile = ReducePassPolicy { .threads_per_block = 256, .items_per_thread = 16, .vec_size = 4, .reduce_algorithm = BLOCK_REDUCE_WARP_REDUCTIONS, .load_modifier = LOAD_LDG } }
Invoking DeviceReduceKernel<<<720, 256, 0, 102321612979792>>>(), 16 items per thread, 6 SM occupancy
Invoking DeviceReduceSingleTileKernel<<<1, 256, 0, 102321612979792>>>(), 16 items per thread
Dispatching DeviceReduce on compute capability 8.9 with tuning: ReducePolicy { .multi_tile = ReducePassPolicy { .threads_per_block = 256, .items_per_thread = 16, .vec_size = 4, .reduce_algorithm = BLOCK_REDUCE_WARP_REDUCTIONS, .load_modifier = LOAD_LDG }, .single_tile = ReducePassPolicy { .threads_per_block = 256, .items_per_thread = 16, .vec_size = 4, .reduce_algorithm = BLOCK_REDUCE_WARP_REDUCTIONS, .load_modifier = LOAD_LDG } }
Invoking DeviceReduceKernel<<<720, 256, 0, 102321612979792>>>(), 16 items per thread, 6 SM occupancy
Invoking DeviceReduceSingleTileKernel<<<1, 256, 0, 102321612979792>>>(), 16 items per thread
Dispatching DeviceReduce on compute capability 8.9 with tuning: ReducePolicy { .multi_tile = ReducePassPolicy { .threads_per_block = 256, .items_per_thread = 16, .vec_size = 4, .reduce_algorithm = BLOCK_REDUCE_WARP_REDUCTIONS, .load_modifier = LOAD_LDG }, .single_tile = ReducePassPolicy { .threads_per_block = 256, .items_per_thread = 16, .vec_size = 4, .reduce_algorithm = BLOCK_REDUCE_WARP_REDUCTIONS, .load_modifier = LOAD_LDG } }
Invoking DeviceReduceKernel<<<720, 256, 0, 102321612979792>>>(), 16 items per thread, 6 SM occupancy
Invoking DeviceReduceSingleTileKernel<<<1, 256, 0, 102321612979792>>>(), 16 items per thread
Dispatching DeviceReduce on compute capability 8.9 with tuning: ReducePolicy { .multi_tile = ReducePassPolicy { .threads_per_block = 256, .items_per_thread = 16, .vec_size = 4, .reduce_algorithm = BLOCK_REDUCE_WARP_REDUCTIONS, .load_modifier = LOAD_LDG }, .single_tile = ReducePassPolicy { .threads_per_block = 256, .items_per_thread = 16, .vec_size = 4, .reduce_algorithm = BLOCK_REDUCE_WARP_REDUCTIONS, .load_modifier = LOAD_LDG } }
Invoking DeviceReduceKernel<<<720, 256, 0, 102321612979792>>>(), 16 items per thread, 6 SM occupancy
Invoking DeviceReduceSingleTileKernel<<<1, 256, 0, 102321612979792>>>(), 16 items per thread
Dispatching DeviceReduce on compute capability 8.9 with tuning: ReducePolicy { .multi_tile = ReducePassPolicy { .threads_per_block = 256, .items_per_thread = 16, .vec_size = 4, .reduce_algorithm = BLOCK_REDUCE_WARP_REDUCTIONS, .load_modifier = LOAD_LDG }, .single_tile = ReducePassPolicy { .threads_per_block = 256, .items_per_thread = 16, .vec_size = 4, .reduce_algorithm = BLOCK_REDUCE_WARP_REDUCTIONS, .load_modifier = LOAD_LDG } }
Invoking DeviceReduceKernel<<<720, 256, 0, 102321612979792>>>(), 16 items per thread, 6 SM occupancy
Invoking DeviceReduceSingleTileKernel<<<1, 256, 0, 102321612979792>>>(), 16 items per thread
Dispatching DeviceReduce on compute capability 8.9 with tuning: ReducePolicy { .multi_tile = ReducePassPolicy { .threads_per_block = 256, .items_per_thread = 16, .vec_size = 4, .reduce_algorithm = BLOCK_REDUCE_WARP_REDUCTIONS, .load_modifier = LOAD_LDG }, .single_tile = ReducePassPolicy { .threads_per_block = 256, .items_per_thread = 16, .vec_size = 4, .reduce_algorithm = BLOCK_REDUCE_WARP_REDUCTIONS, .load_modifier = LOAD_LDG } }
Invoking DeviceReduceKernel<<<720, 256, 0, 102321612979792>>>(), 16 items per thread, 6 SM occupancy
Invoking DeviceReduceSingleTileKernel<<<1, 256, 0, 102321612979792>>>(), 16 items per thread
Dispatching DeviceReduce on compute capability 8.9 with tuning: ReducePolicy { .multi_tile = ReducePassPolicy { .threads_per_block = 256, .items_per_thread = 16, .vec_size = 4, .reduce_algorithm = BLOCK_REDUCE_WARP_REDUCTIONS, .load_modifier = LOAD_LDG }, .single_tile = ReducePassPolicy { .threads_per_block = 256, .items_per_thread = 16, .vec_size = 4, .reduce_algorithm = BLOCK_REDUCE_WARP_REDUCTIONS, .load_modifier = LOAD_LDG } }
Invoking DeviceReduceKernel<<<720, 256, 0, 102321612979792>>>(), 16 items per thread, 6 SM occupancy
Invoking DeviceReduceSingleTileKernel<<<1, 256, 0, 102321612979792>>>(), 16 items per thread
Dispatching DeviceReduce on compute capability 8.9 with tuning: ReducePolicy { .multi_tile = ReducePassPolicy { .threads_per_block = 256, .items_per_thread = 16, .vec_size = 4, .reduce_algorithm = BLOCK_REDUCE_WARP_REDUCTIONS, .load_modifier = LOAD_LDG }, .single_tile = ReducePassPolicy { .threads_per_block = 256, .items_per_thread = 16, .vec_size = 4, .reduce_algorithm = BLOCK_REDUCE_WARP_REDUCTIONS, .load_modifier = LOAD_LDG } }
Invoking DeviceReduceKernel<<<720, 256, 0, 102321612979792>>>(), 16 items per thread, 6 SM occupancy
Invoking DeviceReduceSingleTileKernel<<<1, 256, 0, 102321612979792>>>(), 16 items per thread
Dispatching DeviceReduce on compute capability 8.9 with tuning: ReducePolicy { .multi_tile = ReducePassPolicy { .threads_per_block = 256, .items_per_thread = 16, .vec_size = 4, .reduce_algorithm = BLOCK_REDUCE_WARP_REDUCTIONS, .load_modifier = LOAD_LDG }, .single_tile = ReducePassPolicy { .threads_per_block = 256, .items_per_thread = 16, .vec_size = 4, .reduce_algorithm = BLOCK_REDUCE_WARP_REDUCTIONS, .load_modifier = LOAD_LDG } }
Invoking DeviceReduceKernel<<<720, 256, 0, 102321612979792>>>(), 16 items per thread, 6 SM occupancy
Invoking DeviceReduceSingleTileKernel<<<1, 256, 0, 102321612979792>>>(), 16 items per thread
Dispatching DeviceReduce on compute capability 8.9 with tuning: ReducePolicy { .multi_tile = ReducePassPolicy { .threads_per_block = 256, .items_per_thread = 16, .vec_size = 4, .reduce_algorithm = BLOCK_REDUCE_WARP_REDUCTIONS, .load_modifier = LOAD_LDG }, .single_tile = ReducePassPolicy { .threads_per_block = 256, .items_per_thread = 16, .vec_size = 4, .reduce_algorithm = BLOCK_REDUCE_WARP_REDUCTIONS, .load_modifier = LOAD_LDG } }
Invoking DeviceReduceKernel<<<720, 256, 0, 102321612979792>>>(), 16 items per thread, 6 SM occupancy
Invoking DeviceReduceSingleTileKernel<<<1, 256, 0, 102321612979792>>>(), 16 items per thread
Dispatching DeviceReduce on compute capability 8.9 with tuning: ReducePolicy { .multi_tile = ReducePassPolicy { .threads_per_block = 256, .items_per_thread = 16, .vec_size = 4, .reduce_algorithm = BLOCK_REDUCE_WARP_REDUCTIONS, .load_modifier = LOAD_LDG }, .single_tile = ReducePassPolicy { .threads_per_block = 256, .items_per_thread = 16, .vec_size = 4, .reduce_algorithm = BLOCK_REDUCE_WARP_REDUCTIONS, .load_modifier = LOAD_LDG } }
Invoking DeviceReduceKernel<<<720, 256, 0, 102321612979792>>>(), 16 items per thread, 6 SM occupancy
Invoking DeviceReduceSingleTileKernel<<<1, 256, 0, 102321612979792>>>(), 16 items per thread
Dispatching DeviceReduce on compute capability 8.9 with tuning: ReducePolicy { .multi_tile = ReducePassPolicy { .threads_per_block = 256, .items_per_thread = 16, .vec_size = 4, .reduce_algorithm = BLOCK_REDUCE_WARP_REDUCTIONS, .load_modifier = LOAD_LDG }, .single_tile = ReducePassPolicy { .threads_per_block = 256, .items_per_thread = 16, .vec_size = 4, .reduce_algorithm = BLOCK_REDUCE_WARP_REDUCTIONS, .load_modifier = LOAD_LDG } }
Invoking DeviceReduceKernel<<<720, 256, 0, 102321612979792>>>(), 16 items per thread, 6 SM occupancy
Invoking DeviceReduceSingleTileKernel<<<1, 256, 0, 102321612979792>>>(), 16 items per thread
Dispatching DeviceReduce on compute capability 8.9 with tuning: ReducePolicy { .multi_tile = ReducePassPolicy { .threads_per_block = 256, .items_per_thread = 16, .vec_size = 4, .reduce_algorithm = BLOCK_REDUCE_WARP_REDUCTIONS, .load_modifier = LOAD_LDG }, .single_tile = ReducePassPolicy { .threads_per_block = 256, .items_per_thread = 16, .vec_size = 4, .reduce_algorithm = BLOCK_REDUCE_WARP_REDUCTIONS, .load_modifier = LOAD_LDG } }
Invoking DeviceReduceKernel<<<720, 256, 0, 102321612979792>>>(), 16 items per thread, 6 SM occupancy
Invoking DeviceReduceSingleTileKernel<<<1, 256, 0, 102321612979792>>>(), 16 items per thread
Dispatching DeviceReduce on compute capability 8.9 with tuning: ReducePolicy { .multi_tile = ReducePassPolicy { .threads_per_block = 256, .items_per_thread = 16, .vec_size = 4, .reduce_algorithm = BLOCK_REDUCE_WARP_REDUCTIONS, .load_modifier = LOAD_LDG }, .single_tile = ReducePassPolicy { .threads_per_block = 256, .items_per_thread = 16, .vec_size = 4, .reduce_algorithm = BLOCK_REDUCE_WARP_REDUCTIONS, .load_modifier = LOAD_LDG } }
Invoking DeviceReduceKernel<<<720, 256, 0, 102321612979792>>>(), 16 items per thread, 6 SM occupancy
Invoking DeviceReduceSingleTileKernel<<<1, 256, 0, 102321612979792>>>(), 16 items per thread
Dispatching DeviceReduce on compute capability 8.9 with tuning: ReducePolicy { .multi_tile = ReducePassPolicy { .threads_per_block = 256, .items_per_thread = 16, .vec_size = 4, .reduce_algorithm = BLOCK_REDUCE_WARP_REDUCTIONS, .load_modifier = LOAD_LDG }, .single_tile = ReducePassPolicy { .threads_per_block = 256, .items_per_thread = 16, .vec_size = 4, .reduce_algorithm = BLOCK_REDUCE_WARP_REDUCTIONS, .load_modifier = LOAD_LDG } }
Invoking DeviceReduceKernel<<<720, 256, 0, 102321612979792>>>(), 16 items per thread, 6 SM occupancy
Invoking DeviceReduceSingleTileKernel<<<1, 256, 0, 102321612979792>>>(), 16 items per thread
Dispatching DeviceReduce on compute capability 8.9 with tuning: ReducePolicy { .multi_tile = ReducePassPolicy { .threads_per_block = 256, .items_per_thread = 16, .vec_size = 4, .reduce_algorithm = BLOCK_REDUCE_WARP_REDUCTIONS, .load_modifier = LOAD_LDG }, .single_tile = ReducePassPolicy { .threads_per_block = 256, .items_per_thread = 16, .vec_size = 4, .reduce_algorithm = BLOCK_REDUCE_WARP_REDUCTIONS, .load_modifier = LOAD_LDG } }
Invoking DeviceReduceKernel<<<720, 256, 0, 102321612979792>>>(), 16 items per thread, 6 SM occupancy
Invoking DeviceReduceSingleTileKernel<<<1, 256, 0, 102321612979792>>>(), 16 items per thread
Dispatching DeviceReduce on compute capability 8.9 with tuning: ReducePolicy { .multi_tile = ReducePassPolicy { .threads_per_block = 256, .items_per_thread = 16, .vec_size = 4, .reduce_algorithm = BLOCK_REDUCE_WARP_REDUCTIONS, .load_modifier = LOAD_LDG }, .single_tile = ReducePassPolicy { .threads_per_block = 256, .items_per_thread = 16, .vec_size = 4, .reduce_algorithm = BLOCK_REDUCE_WARP_REDUCTIONS, .load_modifier = LOAD_LDG } }
Invoking DeviceReduceKernel<<<720, 256, 0, 102321612979792>>>(), 16 items per thread, 6 SM occupancy
Invoking DeviceReduceSingleTileKernel<<<1, 256, 0, 102321612979792>>>(), 16 items per thread
Dispatching DeviceReduce on compute capability 8.9 with tuning: ReducePolicy { .multi_tile = ReducePassPolicy { .threads_per_block = 256, .items_per_thread = 16, .vec_size = 4, .reduce_algorithm = BLOCK_REDUCE_WARP_REDUCTIONS, .load_modifier = LOAD_LDG }, .single_tile = ReducePassPolicy { .threads_per_block = 256, .items_per_thread = 16, .vec_size = 4, .reduce_algorithm = BLOCK_REDUCE_WARP_REDUCTIONS, .load_modifier = LOAD_LDG } }
Invoking DeviceReduceKernel<<<720, 256, 0, 102321612979792>>>(), 16 items per thread, 6 SM occupancy
Invoking DeviceReduceSingleTileKernel<<<1, 256, 0, 102321612979792>>>(), 16 items per thread
Dispatching DeviceReduce on compute capability 8.9 with tuning: ReducePolicy { .multi_tile = ReducePassPolicy { .threads_per_block = 256, .items_per_thread = 16, .vec_size = 4, .reduce_algorithm = BLOCK_REDUCE_WARP_REDUCTIONS, .load_modifier = LOAD_LDG }, .single_tile = ReducePassPolicy { .threads_per_block = 256, .items_per_thread = 16, .vec_size = 4, .reduce_algorithm = BLOCK_REDUCE_WARP_REDUCTIONS, .load_modifier = LOAD_LDG } }
Invoking DeviceReduceKernel<<<720, 256, 0, 102321612979792>>>(), 16 items per thread, 6 SM occupancy
Invoking DeviceReduceSingleTileKernel<<<1, 256, 0, 102321612979792>>>(), 16 items per thread
Dispatching DeviceReduce on compute capability 8.9 with tuning: ReducePolicy { .multi_tile = ReducePassPolicy { .threads_per_block = 256, .items_per_thread = 16, .vec_size = 4, .reduce_algorithm = BLOCK_REDUCE_WARP_REDUCTIONS, .load_modifier = LOAD_LDG }, .single_tile = ReducePassPolicy { .threads_per_block = 256, .items_per_thread = 16, .vec_size = 4, .reduce_algorithm = BLOCK_REDUCE_WARP_REDUCTIONS, .load_modifier = LOAD_LDG } }
Invoking DeviceReduceKernel<<<720, 256, 0, 102321612979792>>>(), 16 items per thread, 6 SM occupancy
Invoking DeviceReduceSingleTileKernel<<<1, 256, 0, 102321612979792>>>(), 16 items per thread
Dispatching DeviceReduce on compute capability 8.9 with tuning: ReducePolicy { .multi_tile = ReducePassPolicy { .threads_per_block = 256, .items_per_thread = 16, .vec_size = 4, .reduce_algorithm = BLOCK_REDUCE_WARP_REDUCTIONS, .load_modifier = LOAD_LDG }, .single_tile = ReducePassPolicy { .threads_per_block = 256, .items_per_thread = 16, .vec_size = 4, .reduce_algorithm = BLOCK_REDUCE_WARP_REDUCTIONS, .load_modifier = LOAD_LDG } }
Invoking DeviceReduceKernel<<<720, 256, 0, 102321612979792>>>(), 16 items per thread, 6 SM occupancy
Invoking DeviceReduceSingleTileKernel<<<1, 256, 0, 102321612979792>>>(), 16 items per thread
Dispatching DeviceReduce on compute capability 8.9 with tuning: ReducePolicy { .multi_tile = ReducePassPolicy { .threads_per_block = 256, .items_per_thread = 16, .vec_size = 4, .reduce_algorithm = BLOCK_REDUCE_WARP_REDUCTIONS, .load_modifier = LOAD_LDG }, .single_tile = ReducePassPolicy { .threads_per_block = 256, .items_per_thread = 16, .vec_size = 4, .reduce_algorithm = BLOCK_REDUCE_WARP_REDUCTIONS, .load_modifier = LOAD_LDG } }
Invoking DeviceReduceKernel<<<720, 256, 0, 102321612979792>>>(), 16 items per thread, 6 SM occupancy
Invoking DeviceReduceSingleTileKernel<<<1, 256, 0, 102321612979792>>>(), 16 items per thread
Dispatching DeviceReduce on compute capability 8.9 with tuning: ReducePolicy { .multi_tile = ReducePassPolicy { .threads_per_block = 256, .items_per_thread = 16, .vec_size = 4, .reduce_algorithm = BLOCK_REDUCE_WARP_REDUCTIONS, .load_modifier = LOAD_LDG }, .single_tile = ReducePassPolicy { .threads_per_block = 256, .items_per_thread = 16, .vec_size = 4, .reduce_algorithm = BLOCK_REDUCE_WARP_REDUCTIONS, .load_modifier = LOAD_LDG } }
Invoking DeviceReduceKernel<<<720, 256, 0, 102321612979792>>>(), 16 items per thread, 6 SM occupancy
Invoking DeviceReduceSingleTileKernel<<<1, 256, 0, 102321612979792>>>(), 16 items per thread
Dispatching DeviceReduce on compute capability 8.9 with tuning: ReducePolicy { .multi_tile = ReducePassPolicy { .threads_per_block = 256, .items_per_thread = 16, .vec_size = 4, .reduce_algorithm = BLOCK_REDUCE_WARP_REDUCTIONS, .load_modifier = LOAD_LDG }, .single_tile = ReducePassPolicy { .threads_per_block = 256, .items_per_thread = 16, .vec_size = 4, .reduce_algorithm = BLOCK_REDUCE_WARP_REDUCTIONS, .load_modifier = LOAD_LDG } }
Invoking DeviceReduceKernel<<<720, 256, 0, 102321612979792>>>(), 16 items per thread, 6 SM occupancy
Invoking DeviceReduceSingleTileKernel<<<1, 256, 0, 102321612979792>>>(), 16 items per thread
Dispatching DeviceReduce on compute capability 8.9 with tuning: ReducePolicy { .multi_tile = ReducePassPolicy { .threads_per_block = 256, .items_per_thread = 16, .vec_size = 4, .reduce_algorithm = BLOCK_REDUCE_WARP_REDUCTIONS, .load_modifier = LOAD_LDG }, .single_tile = ReducePassPolicy { .threads_per_block = 256, .items_per_thread = 16, .vec_size = 4, .reduce_algorithm = BLOCK_REDUCE_WARP_REDUCTIONS, .load_modifier = LOAD_LDG } }
Invoking DeviceReduceKernel<<<720, 256, 0, 102321612979792>>>(), 16 items per thread, 6 SM occupancy
Invoking DeviceReduceSingleTileKernel<<<1, 256, 0, 102321612979792>>>(), 16 items per thread
Dispatching DeviceReduce on compute capability 8.9 with tuning: ReducePolicy { .multi_tile = ReducePassPolicy { .threads_per_block = 256, .items_per_thread = 16, .vec_size = 4, .reduce_algorithm = BLOCK_REDUCE_WARP_REDUCTIONS, .load_modifier = LOAD_LDG }, .single_tile = ReducePassPolicy { .threads_per_block = 256, .items_per_thread = 16, .vec_size = 4, .reduce_algorithm = BLOCK_REDUCE_WARP_REDUCTIONS, .load_modifier = LOAD_LDG } }
Invoking DeviceReduceKernel<<<720, 256, 0, 102321612979792>>>(), 16 items per thread, 6 SM occupancy
Invoking DeviceReduceSingleTileKernel<<<1, 256, 0, 102321612979792>>>(), 16 items per thread
Dispatching DeviceReduce on compute capability 8.9 with tuning: ReducePolicy { .multi_tile = ReducePassPolicy { .threads_per_block = 256, .items_per_thread = 16, .vec_size = 4, .reduce_algorithm = BLOCK_REDUCE_WARP_REDUCTIONS, .load_modifier = LOAD_LDG }, .single_tile = ReducePassPolicy { .threads_per_block = 256, .items_per_thread = 16, .vec_size = 4, .reduce_algorithm = BLOCK_REDUCE_WARP_REDUCTIONS, .load_modifier = LOAD_LDG } }
Invoking DeviceReduceKernel<<<720, 256, 0, 102321612979792>>>(), 16 items per thread, 6 SM occupancy
Invoking DeviceReduceSingleTileKernel<<<1, 256, 0, 102321612979792>>>(), 16 items per thread
Dispatching DeviceReduce on compute capability 8.9 with tuning: ReducePolicy { .multi_tile = ReducePassPolicy { .threads_per_block = 256, .items_per_thread = 16, .vec_size = 4, .reduce_algorithm = BLOCK_REDUCE_WARP_REDUCTIONS, .load_modifier = LOAD_LDG }, .single_tile = ReducePassPolicy { .threads_per_block = 256, .items_per_thread = 16, .vec_size = 4, .reduce_algorithm = BLOCK_REDUCE_WARP_REDUCTIONS, .load_modifier = LOAD_LDG } }
Invoking DeviceReduceKernel<<<720, 256, 0, 102321612979792>>>(), 16 items per thread, 6 SM occupancy
Invoking DeviceReduceSingleTileKernel<<<1, 256, 0, 102321612979792>>>(), 16 items per thread
Dispatching DeviceReduce on compute capability 8.9 with tuning: ReducePolicy { .multi_tile = ReducePassPolicy { .threads_per_block = 256, .items_per_thread = 16, .vec_size = 4, .reduce_algorithm = BLOCK_REDUCE_WARP_REDUCTIONS, .load_modifier = LOAD_LDG }, .single_tile = ReducePassPolicy { .threads_per_block = 256, .items_per_thread = 16, .vec_size = 4, .reduce_algorithm = BLOCK_REDUCE_WARP_REDUCTIONS, .load_modifier = LOAD_LDG } }
Invoking DeviceReduceKernel<<<720, 256, 0, 102321612979792>>>(), 16 items per thread, 6 SM occupancy
Invoking DeviceReduceSingleTileKernel<<<1, 256, 0, 102321612979792>>>(), 16 items per thread
Dispatching DeviceReduce on compute capability 8.9 with tuning: ReducePolicy { .multi_tile = ReducePassPolicy { .threads_per_block = 256, .items_per_thread = 16, .vec_size = 4, .reduce_algorithm = BLOCK_REDUCE_WARP_REDUCTIONS, .load_modifier = LOAD_LDG }, .single_tile = ReducePassPolicy { .threads_per_block = 256, .items_per_thread = 16, .vec_size = 4, .reduce_algorithm = BLOCK_REDUCE_WARP_REDUCTIONS, .load_modifier = LOAD_LDG } }
Invoking DeviceReduceKernel<<<720, 256, 0, 102321612979792>>>(), 16 items per thread, 6 SM occupancy
Invoking DeviceReduceSingleTileKernel<<<1, 256, 0, 102321612979792>>>(), 16 items per thread
Dispatching DeviceReduce on compute capability 8.9 with tuning: ReducePolicy { .multi_tile = ReducePassPolicy { .threads_per_block = 256, .items_per_thread = 16, .vec_size = 4, .reduce_algorithm = BLOCK_REDUCE_WARP_REDUCTIONS, .load_modifier = LOAD_LDG }, .single_tile = ReducePassPolicy { .threads_per_block = 256, .items_per_thread = 16, .vec_size = 4, .reduce_algorithm = BLOCK_REDUCE_WARP_REDUCTIONS, .load_modifier = LOAD_LDG } }
Invoking DeviceReduceKernel<<<720, 256, 0, 102321612979792>>>(), 16 items per thread, 6 SM occupancy
Invoking DeviceReduceSingleTileKernel<<<1, 256, 0, 102321612979792>>>(), 16 items per thread
Dispatching DeviceReduce on compute capability 8.9 with tuning: ReducePolicy { .multi_tile = ReducePassPolicy { .threads_per_block = 256, .items_per_thread = 16, .vec_size = 4, .reduce_algorithm = BLOCK_REDUCE_WARP_REDUCTIONS, .load_modifier = LOAD_LDG }, .single_tile = ReducePassPolicy { .threads_per_block = 256, .items_per_thread = 16, .vec_size = 4, .reduce_algorithm = BLOCK_REDUCE_WARP_REDUCTIONS, .load_modifier = LOAD_LDG } }
Invoking DeviceReduceKernel<<<720, 256, 0, 102321612979792>>>(), 16 items per thread, 6 SM occupancy
Invoking DeviceReduceSingleTileKernel<<<1, 256, 0, 102321612979792>>>(), 16 items per thread
Dispatching DeviceReduce on compute capability 8.9 with tuning: ReducePolicy { .multi_tile = ReducePassPolicy { .threads_per_block = 256, .items_per_thread = 16, .vec_size = 4, .reduce_algorithm = BLOCK_REDUCE_WARP_REDUCTIONS, .load_modifier = LOAD_LDG }, .single_tile = ReducePassPolicy { .threads_per_block = 256, .items_per_thread = 16, .vec_size = 4, .reduce_algorithm = BLOCK_REDUCE_WARP_REDUCTIONS, .load_modifier = LOAD_LDG } }
Invoking DeviceReduceKernel<<<720, 256, 0, 102321612979792>>>(), 16 items per thread, 6 SM occupancy
Invoking DeviceReduceSingleTileKernel<<<1, 256, 0, 102321612979792>>>(), 16 items per thread
Dispatching DeviceReduce on compute capability 8.9 with tuning: ReducePolicy { .multi_tile = ReducePassPolicy { .threads_per_block = 256, .items_per_thread = 16, .vec_size = 4, .reduce_algorithm = BLOCK_REDUCE_WARP_REDUCTIONS, .load_modifier = LOAD_LDG }, .single_tile = ReducePassPolicy { .threads_per_block = 256, .items_per_thread = 16, .vec_size = 4, .reduce_algorithm = BLOCK_REDUCE_WARP_REDUCTIONS, .load_modifier = LOAD_LDG } }
Invoking DeviceReduceKernel<<<720, 256, 0, 102321612979792>>>(), 16 items per thread, 6 SM occupancy
Invoking DeviceReduceSingleTileKernel<<<1, 256, 0, 102321612979792>>>(), 16 items per thread
Dispatching DeviceReduce on compute capability 8.9 with tuning: ReducePolicy { .multi_tile = ReducePassPolicy { .threads_per_block = 256, .items_per_thread = 16, .vec_size = 4, .reduce_algorithm = BLOCK_REDUCE_WARP_REDUCTIONS, .load_modifier = LOAD_LDG }, .single_tile = ReducePassPolicy { .threads_per_block = 256, .items_per_thread = 16, .vec_size = 4, .reduce_algorithm = BLOCK_REDUCE_WARP_REDUCTIONS, .load_modifier = LOAD_LDG } }
Invoking DeviceReduceKernel<<<720, 256, 0, 102321612979792>>>(), 16 items per thread, 6 SM occupancy
Invoking DeviceReduceSingleTileKernel<<<1, 256, 0, 102321612979792>>>(), 16 items per thread
Dispatching DeviceReduce on compute capability 8.9 with tuning: ReducePolicy { .multi_tile = ReducePassPolicy { .threads_per_block = 256, .items_per_thread = 16, .vec_size = 4, .reduce_algorithm = BLOCK_REDUCE_WARP_REDUCTIONS, .load_modifier = LOAD_LDG }, .single_tile = ReducePassPolicy { .threads_per_block = 256, .items_per_thread = 16, .vec_size = 4, .reduce_algorithm = BLOCK_REDUCE_WARP_REDUCTIONS, .load_modifier = LOAD_LDG } }
Invoking DeviceReduceKernel<<<720, 256, 0, 102321612979792>>>(), 16 items per thread, 6 SM occupancy
Invoking DeviceReduceSingleTileKernel<<<1, 256, 0, 102321612979792>>>(), 16 items per thread
Dispatching DeviceReduce on compute capability 8.9 with tuning: ReducePolicy { .multi_tile = ReducePassPolicy { .threads_per_block = 256, .items_per_thread = 16, .vec_size = 4, .reduce_algorithm = BLOCK_REDUCE_WARP_REDUCTIONS, .load_modifier = LOAD_LDG }, .single_tile = ReducePassPolicy { .threads_per_block = 256, .items_per_thread = 16, .vec_size = 4, .reduce_algorithm = BLOCK_REDUCE_WARP_REDUCTIONS, .load_modifier = LOAD_LDG } }
Invoking DeviceReduceKernel<<<720, 256, 0, 102321612979792>>>(), 16 items per thread, 6 SM occupancy
Invoking DeviceReduceSingleTileKernel<<<1, 256, 0, 102321612979792>>>(), 16 items per thread
Dispatching DeviceReduce on compute capability 8.9 with tuning: ReducePolicy { .multi_tile = ReducePassPolicy { .threads_per_block = 256, .items_per_thread = 16, .vec_size = 4, .reduce_algorithm = BLOCK_REDUCE_WARP_REDUCTIONS, .load_modifier = LOAD_LDG }, .single_tile = ReducePassPolicy { .threads_per_block = 256, .items_per_thread = 16, .vec_size = 4, .reduce_algorithm = BLOCK_REDUCE_WARP_REDUCTIONS, .load_modifier = LOAD_LDG } }
Invoking DeviceReduceKernel<<<720, 256, 0, 102321612979792>>>(), 16 items per thread, 6 SM occupancy
Invoking DeviceReduceSingleTileKernel<<<1, 256, 0, 102321612979792>>>(), 16 items per thread
Dispatching DeviceReduce on compute capability 8.9 with tuning: ReducePolicy { .multi_tile = ReducePassPolicy { .threads_per_block = 256, .items_per_thread = 16, .vec_size = 4, .reduce_algorithm = BLOCK_REDUCE_WARP_REDUCTIONS, .load_modifier = LOAD_LDG }, .single_tile = ReducePassPolicy { .threads_per_block = 256, .items_per_thread = 16, .vec_size = 4, .reduce_algorithm = BLOCK_REDUCE_WARP_REDUCTIONS, .load_modifier = LOAD_LDG } }
Invoking DeviceReduceKernel<<<720, 256, 0, 102321612979792>>>(), 16 items per thread, 6 SM occupancy
Invoking DeviceReduceSingleTileKernel<<<1, 256, 0, 102321612979792>>>(), 16 items per thread
Dispatching DeviceReduce on compute capability 8.9 with tuning: ReducePolicy { .multi_tile = ReducePassPolicy { .threads_per_block = 256, .items_per_thread = 16, .vec_size = 4, .reduce_algorithm = BLOCK_REDUCE_WARP_REDUCTIONS, .load_modifier = LOAD_LDG }, .single_tile = ReducePassPolicy { .threads_per_block = 256, .items_per_thread = 16, .vec_size = 4, .reduce_algorithm = BLOCK_REDUCE_WARP_REDUCTIONS, .load_modifier = LOAD_LDG } }
Invoking DeviceReduceKernel<<<720, 256, 0, 102321612979792>>>(), 16 items per thread, 6 SM occupancy
Invoking DeviceReduceSingleTileKernel<<<1, 256, 0, 102321612979792>>>(), 16 items per thread
Dispatching DeviceReduce on compute capability 8.9 with tuning: ReducePolicy { .multi_tile = ReducePassPolicy { .threads_per_block = 256, .items_per_thread = 16, .vec_size = 4, .reduce_algorithm = BLOCK_REDUCE_WARP_REDUCTIONS, .load_modifier = LOAD_LDG }, .single_tile = ReducePassPolicy { .threads_per_block = 256, .items_per_thread = 16, .vec_size = 4, .reduce_algorithm = BLOCK_REDUCE_WARP_REDUCTIONS, .load_modifier = LOAD_LDG } }
Invoking DeviceReduceKernel<<<720, 256, 0, 102321612979792>>>(), 16 items per thread, 6 SM occupancy
Invoking DeviceReduceSingleTileKernel<<<1, 256, 0, 102321612979792>>>(), 16 items per thread
Dispatching DeviceReduce on compute capability 8.9 with tuning: ReducePolicy { .multi_tile = ReducePassPolicy { .threads_per_block = 256, .items_per_thread = 16, .vec_size = 4, .reduce_algorithm = BLOCK_REDUCE_WARP_REDUCTIONS, .load_modifier = LOAD_LDG }, .single_tile = ReducePassPolicy { .threads_per_block = 256, .items_per_thread = 16, .vec_size = 4, .reduce_algorithm = BLOCK_REDUCE_WARP_REDUCTIONS, .load_modifier = LOAD_LDG } }
Invoking DeviceReduceKernel<<<720, 256, 0, 102321612979792>>>(), 16 items per thread, 6 SM occupancy
Invoking DeviceReduceSingleTileKernel<<<1, 256, 0, 102321612979792>>>(), 16 items per thread
Dispatching DeviceReduce on compute capability 8.9 with tuning: ReducePolicy { .multi_tile = ReducePassPolicy { .threads_per_block = 256, .items_per_thread = 16, .vec_size = 4, .reduce_algorithm = BLOCK_REDUCE_WARP_REDUCTIONS, .load_modifier = LOAD_LDG }, .single_tile = ReducePassPolicy { .threads_per_block = 256, .items_per_thread = 16, .vec_size = 4, .reduce_algorithm = BLOCK_REDUCE_WARP_REDUCTIONS, .load_modifier = LOAD_LDG } }
Invoking DeviceReduceKernel<<<720, 256, 0, 102321612979792>>>(), 16 items per thread, 6 SM occupancy
Invoking DeviceReduceSingleTileKernel<<<1, 256, 0, 102321612979792>>>(), 16 items per thread
Dispatching DeviceReduce on compute capability 8.9 with tuning: ReducePolicy { .multi_tile = ReducePassPolicy { .threads_per_block = 256, .items_per_thread = 16, .vec_size = 4, .reduce_algorithm = BLOCK_REDUCE_WARP_REDUCTIONS, .load_modifier = LOAD_LDG }, .single_tile = ReducePassPolicy { .threads_per_block = 256, .items_per_thread = 16, .vec_size = 4, .reduce_algorithm = BLOCK_REDUCE_WARP_REDUCTIONS, .load_modifier = LOAD_LDG } }
Invoking DeviceReduceKernel<<<720, 256, 0, 102321612979792>>>(), 16 items per thread, 6 SM occupancy
Invoking DeviceReduceSingleTileKernel<<<1, 256, 0, 102321612979792>>>(), 16 items per thread
Dispatching DeviceReduce on compute capability 8.9 with tuning: ReducePolicy { .multi_tile = ReducePassPolicy { .threads_per_block = 256, .items_per_thread = 16, .vec_size = 4, .reduce_algorithm = BLOCK_REDUCE_WARP_REDUCTIONS, .load_modifier = LOAD_LDG }, .single_tile = ReducePassPolicy { .threads_per_block = 256, .items_per_thread = 16, .vec_size = 4, .reduce_algorithm = BLOCK_REDUCE_WARP_REDUCTIONS, .load_modifier = LOAD_LDG } }
Invoking DeviceReduceKernel<<<720, 256, 0, 102321612979792>>>(), 16 items per thread, 6 SM occupancy
Invoking DeviceReduceSingleTileKernel<<<1, 256, 0, 102321612979792>>>(), 16 items per thread
Dispatching DeviceReduce on compute capability 8.9 with tuning: ReducePolicy { .multi_tile = ReducePassPolicy { .threads_per_block = 256, .items_per_thread = 16, .vec_size = 4, .reduce_algorithm = BLOCK_REDUCE_WARP_REDUCTIONS, .load_modifier = LOAD_LDG }, .single_tile = ReducePassPolicy { .threads_per_block = 256, .items_per_thread = 16, .vec_size = 4, .reduce_algorithm = BLOCK_REDUCE_WARP_REDUCTIONS, .load_modifier = LOAD_LDG } }
Invoking DeviceReduceKernel<<<720, 256, 0, 102321612979792>>>(), 16 items per thread, 6 SM occupancy
Invoking DeviceReduceSingleTileKernel<<<1, 256, 0, 102321612979792>>>(), 16 items per thread
Dispatching DeviceReduce on compute capability 8.9 with tuning: ReducePolicy { .multi_tile = ReducePassPolicy { .threads_per_block = 256, .items_per_thread = 16, .vec_size = 4, .reduce_algorithm = BLOCK_REDUCE_WARP_REDUCTIONS, .load_modifier = LOAD_LDG }, .single_tile = ReducePassPolicy { .threads_per_block = 256, .items_per_thread = 16, .vec_size = 4, .reduce_algorithm = BLOCK_REDUCE_WARP_REDUCTIONS, .load_modifier = LOAD_LDG } }
Invoking DeviceReduceKernel<<<720, 256, 0, 102321612979792>>>(), 16 items per thread, 6 SM occupancy
Invoking DeviceReduceSingleTileKernel<<<1, 256, 0, 102321612979792>>>(), 16 items per thread
Dispatching DeviceReduce on compute capability 8.9 with tuning: ReducePolicy { .multi_tile = ReducePassPolicy { .threads_per_block = 256, .items_per_thread = 16, .vec_size = 4, .reduce_algorithm = BLOCK_REDUCE_WARP_REDUCTIONS, .load_modifier = LOAD_LDG }, .single_tile = ReducePassPolicy { .threads_per_block = 256, .items_per_thread = 16, .vec_size = 4, .reduce_algorithm = BLOCK_REDUCE_WARP_REDUCTIONS, .load_modifier = LOAD_LDG } }
Invoking DeviceReduceKernel<<<720, 256, 0, 102321612979792>>>(), 16 items per thread, 6 SM occupancy
Invoking DeviceReduceSingleTileKernel<<<1, 256, 0, 102321612979792>>>(), 16 items per thread
Dispatching DeviceReduce on compute capability 8.9 with tuning: ReducePolicy { .multi_tile = ReducePassPolicy { .threads_per_block = 256, .items_per_thread = 16, .vec_size = 4, .reduce_algorithm = BLOCK_REDUCE_WARP_REDUCTIONS, .load_modifier = LOAD_LDG }, .single_tile = ReducePassPolicy { .threads_per_block = 256, .items_per_thread = 16, .vec_size = 4, .reduce_algorithm = BLOCK_REDUCE_WARP_REDUCTIONS, .load_modifier = LOAD_LDG } }
Invoking DeviceReduceKernel<<<720, 256, 0, 102321612979792>>>(), 16 items per thread, 6 SM occupancy
Invoking DeviceReduceSingleTileKernel<<<1, 256, 0, 102321612979792>>>(), 16 items per thread
Dispatching DeviceReduce on compute capability 8.9 with tuning: ReducePolicy { .multi_tile = ReducePassPolicy { .threads_per_block = 256, .items_per_thread = 16, .vec_size = 4, .reduce_algorithm = BLOCK_REDUCE_WARP_REDUCTIONS, .load_modifier = LOAD_LDG }, .single_tile = ReducePassPolicy { .threads_per_block = 256, .items_per_thread = 16, .vec_size = 4, .reduce_algorithm = BLOCK_REDUCE_WARP_REDUCTIONS, .load_modifier = LOAD_LDG } }
Invoking DeviceReduceKernel<<<720, 256, 0, 102321612979792>>>(), 16 items per thread, 6 SM occupancy
Invoking DeviceReduceSingleTileKernel<<<1, 256, 0, 102321612979792>>>(), 16 items per thread
Dispatching DeviceReduce on compute capability 8.9 with tuning: ReducePolicy { .multi_tile = ReducePassPolicy { .threads_per_block = 256, .items_per_thread = 16, .vec_size = 4, .reduce_algorithm = BLOCK_REDUCE_WARP_REDUCTIONS, .load_modifier = LOAD_LDG }, .single_tile = ReducePassPolicy { .threads_per_block = 256, .items_per_thread = 16, .vec_size = 4, .reduce_algorithm = BLOCK_REDUCE_WARP_REDUCTIONS, .load_modifier = LOAD_LDG } }
Invoking DeviceReduceKernel<<<720, 256, 0, 102321612979792>>>(), 16 items per thread, 6 SM occupancy
Invoking DeviceReduceSingleTileKernel<<<1, 256, 0, 102321612979792>>>(), 16 items per thread
Dispatching DeviceReduce on compute capability 8.9 with tuning: ReducePolicy { .multi_tile = ReducePassPolicy { .threads_per_block = 256, .items_per_thread = 16, .vec_size = 4, .reduce_algorithm = BLOCK_REDUCE_WARP_REDUCTIONS, .load_modifier = LOAD_LDG }, .single_tile = ReducePassPolicy { .threads_per_block = 256, .items_per_thread = 16, .vec_size = 4, .reduce_algorithm = BLOCK_REDUCE_WARP_REDUCTIONS, .load_modifier = LOAD_LDG } }
Invoking DeviceReduceKernel<<<720, 256, 0, 102321612979792>>>(), 16 items per thread, 6 SM occupancy
Invoking DeviceReduceSingleTileKernel<<<1, 256, 0, 102321612979792>>>(), 16 items per thread
Dispatching DeviceReduce on compute capability 8.9 with tuning: ReducePolicy { .multi_tile = ReducePassPolicy { .threads_per_block = 256, .items_per_thread = 16, .vec_size = 4, .reduce_algorithm = BLOCK_REDUCE_WARP_REDUCTIONS, .load_modifier = LOAD_LDG }, .single_tile = ReducePassPolicy { .threads_per_block = 256, .items_per_thread = 16, .vec_size = 4, .reduce_algorithm = BLOCK_REDUCE_WARP_REDUCTIONS, .load_modifier = LOAD_LDG } }
Invoking DeviceReduceKernel<<<720, 256, 0, 102321612979792>>>(), 16 items per thread, 6 SM occupancy
Invoking DeviceReduceSingleTileKernel<<<1, 256, 0, 102321612979792>>>(), 16 items per thread
Dispatching DeviceReduce on compute capability 8.9 with tuning: ReducePolicy { .multi_tile = ReducePassPolicy { .threads_per_block = 256, .items_per_thread = 16, .vec_size = 4, .reduce_algorithm = BLOCK_REDUCE_WARP_REDUCTIONS, .load_modifier = LOAD_LDG }, .single_tile = ReducePassPolicy { .threads_per_block = 256, .items_per_thread = 16, .vec_size = 4, .reduce_algorithm = BLOCK_REDUCE_WARP_REDUCTIONS, .load_modifier = LOAD_LDG } }
Invoking DeviceReduceKernel<<<720, 256, 0, 102321612979792>>>(), 16 items per thread, 6 SM occupancy
Invoking DeviceReduceSingleTileKernel<<<1, 256, 0, 102321612979792>>>(), 16 items per thread
Dispatching DeviceReduce on compute capability 8.9 with tuning: ReducePolicy { .multi_tile = ReducePassPolicy { .threads_per_block = 256, .items_per_thread = 16, .vec_size = 4, .reduce_algorithm = BLOCK_REDUCE_WARP_REDUCTIONS, .load_modifier = LOAD_LDG }, .single_tile = ReducePassPolicy { .threads_per_block = 256, .items_per_thread = 16, .vec_size = 4, .reduce_algorithm = BLOCK_REDUCE_WARP_REDUCTIONS, .load_modifier = LOAD_LDG } }
Invoking DeviceReduceKernel<<<720, 256, 0, 102321612979792>>>(), 16 items per thread, 6 SM occupancy
Invoking DeviceReduceSingleTileKernel<<<1, 256, 0, 102321612979792>>>(), 16 items per thread
Dispatching DeviceReduce on compute capability 8.9 with tuning: ReducePolicy { .multi_tile = ReducePassPolicy { .threads_per_block = 256, .items_per_thread = 16, .vec_size = 4, .reduce_algorithm = BLOCK_REDUCE_WARP_REDUCTIONS, .load_modifier = LOAD_LDG }, .single_tile = ReducePassPolicy { .threads_per_block = 256, .items_per_thread = 16, .vec_size = 4, .reduce_algorithm = BLOCK_REDUCE_WARP_REDUCTIONS, .load_modifier = LOAD_LDG } }
Invoking DeviceReduceKernel<<<720, 256, 0, 102321612979792>>>(), 16 items per thread, 6 SM occupancy
Invoking DeviceReduceSingleTileKernel<<<1, 256, 0, 102321612979792>>>(), 16 items per thread
Dispatching DeviceReduce on compute capability 8.9 with tuning: ReducePolicy { .multi_tile = ReducePassPolicy { .threads_per_block = 256, .items_per_thread = 16, .vec_size = 4, .reduce_algorithm = BLOCK_REDUCE_WARP_REDUCTIONS, .load_modifier = LOAD_LDG }, .single_tile = ReducePassPolicy { .threads_per_block = 256, .items_per_thread = 16, .vec_size = 4, .reduce_algorithm = BLOCK_REDUCE_WARP_REDUCTIONS, .load_modifier = LOAD_LDG } }
Invoking DeviceReduceKernel<<<720, 256, 0, 102321612979792>>>(), 16 items per thread, 6 SM occupancy
Invoking DeviceReduceSingleTileKernel<<<1, 256, 0, 102321612979792>>>(), 16 items per thread
Dispatching DeviceReduce on compute capability 8.9 with tuning: ReducePolicy { .multi_tile = ReducePassPolicy { .threads_per_block = 256, .items_per_thread = 16, .vec_size = 4, .reduce_algorithm = BLOCK_REDUCE_WARP_REDUCTIONS, .load_modifier = LOAD_LDG }, .single_tile = ReducePassPolicy { .threads_per_block = 256, .items_per_thread = 16, .vec_size = 4, .reduce_algorithm = BLOCK_REDUCE_WARP_REDUCTIONS, .load_modifier = LOAD_LDG } }
Invoking DeviceReduceKernel<<<720, 256, 0, 102321612979792>>>(), 16 items per thread, 6 SM occupancy
Invoking DeviceReduceSingleTileKernel<<<1, 256, 0, 102321612979792>>>(), 16 items per thread
Dispatching DeviceReduce on compute capability 8.9 with tuning: ReducePolicy { .multi_tile = ReducePassPolicy { .threads_per_block = 256, .items_per_thread = 16, .vec_size = 4, .reduce_algorithm = BLOCK_REDUCE_WARP_REDUCTIONS, .load_modifier = LOAD_LDG }, .single_tile = ReducePassPolicy { .threads_per_block = 256, .items_per_thread = 16, .vec_size = 4, .reduce_algorithm = BLOCK_REDUCE_WARP_REDUCTIONS, .load_modifier = LOAD_LDG } }
Invoking DeviceReduceKernel<<<720, 256, 0, 102321612979792>>>(), 16 items per thread, 6 SM occupancy
Invoking DeviceReduceSingleTileKernel<<<1, 256, 0, 102321612979792>>>(), 16 items per thread
Dispatching DeviceReduce on compute capability 8.9 with tuning: ReducePolicy { .multi_tile = ReducePassPolicy { .threads_per_block = 256, .items_per_thread = 16, .vec_size = 4, .reduce_algorithm = BLOCK_REDUCE_WARP_REDUCTIONS, .load_modifier = LOAD_LDG }, .single_tile = ReducePassPolicy { .threads_per_block = 256, .items_per_thread = 16, .vec_size = 4, .reduce_algorithm = BLOCK_REDUCE_WARP_REDUCTIONS, .load_modifier = LOAD_LDG } }
Invoking DeviceReduceKernel<<<720, 256, 0, 102321612979792>>>(), 16 items per thread, 6 SM occupancy
Invoking DeviceReduceSingleTileKernel<<<1, 256, 0, 102321612979792>>>(), 16 items per thread
Dispatching DeviceReduce on compute capability 8.9 with tuning: ReducePolicy { .multi_tile = ReducePassPolicy { .threads_per_block = 256, .items_per_thread = 16, .vec_size = 4, .reduce_algorithm = BLOCK_REDUCE_WARP_REDUCTIONS, .load_modifier = LOAD_LDG }, .single_tile = ReducePassPolicy { .threads_per_block = 256, .items_per_thread = 16, .vec_size = 4, .reduce_algorithm = BLOCK_REDUCE_WARP_REDUCTIONS, .load_modifier = LOAD_LDG } }
Invoking DeviceReduceKernel<<<720, 256, 0, 102321612979792>>>(), 16 items per thread, 6 SM occupancy
Invoking DeviceReduceSingleTileKernel<<<1, 256, 0, 102321612979792>>>(), 16 items per thread
Dispatching DeviceReduce on compute capability 8.9 with tuning: ReducePolicy { .multi_tile = ReducePassPolicy { .threads_per_block = 256, .items_per_thread = 16, .vec_size = 4, .reduce_algorithm = BLOCK_REDUCE_WARP_REDUCTIONS, .load_modifier = LOAD_LDG }, .single_tile = ReducePassPolicy { .threads_per_block = 256, .items_per_thread = 16, .vec_size = 4, .reduce_algorithm = BLOCK_REDUCE_WARP_REDUCTIONS, .load_modifier = LOAD_LDG } }
Invoking DeviceReduceKernel<<<720, 256, 0, 102321612979792>>>(), 16 items per thread, 6 SM occupancy
Invoking DeviceReduceSingleTileKernel<<<1, 256, 0, 102321612979792>>>(), 16 items per thread
Dispatching DeviceReduce on compute capability 8.9 with tuning: ReducePolicy { .multi_tile = ReducePassPolicy { .threads_per_block = 256, .items_per_thread = 16, .vec_size = 4, .reduce_algorithm = BLOCK_REDUCE_WARP_REDUCTIONS, .load_modifier = LOAD_LDG }, .single_tile = ReducePassPolicy { .threads_per_block = 256, .items_per_thread = 16, .vec_size = 4, .reduce_algorithm = BLOCK_REDUCE_WARP_REDUCTIONS, .load_modifier = LOAD_LDG } }
Invoking DeviceReduceKernel<<<720, 256, 0, 102321612979792>>>(), 16 items per thread, 6 SM occupancy
Invoking DeviceReduceSingleTileKernel<<<1, 256, 0, 102321612979792>>>(), 16 items per thread
Dispatching DeviceReduce on compute capability 8.9 with tuning: ReducePolicy { .multi_tile = ReducePassPolicy { .threads_per_block = 256, .items_per_thread = 16, .vec_size = 4, .reduce_algorithm = BLOCK_REDUCE_WARP_REDUCTIONS, .load_modifier = LOAD_LDG }, .single_tile = ReducePassPolicy { .threads_per_block = 256, .items_per_thread = 16, .vec_size = 4, .reduce_algorithm = BLOCK_REDUCE_WARP_REDUCTIONS, .load_modifier = LOAD_LDG } }
Invoking DeviceReduceKernel<<<720, 256, 0, 102321612979792>>>(), 16 items per thread, 6 SM occupancy
Invoking DeviceReduceSingleTileKernel<<<1, 256, 0, 102321612979792>>>(), 16 items per thread
Dispatching DeviceReduce on compute capability 8.9 with tuning: ReducePolicy { .multi_tile = ReducePassPolicy { .threads_per_block = 256, .items_per_thread = 16, .vec_size = 4, .reduce_algorithm = BLOCK_REDUCE_WARP_REDUCTIONS, .load_modifier = LOAD_LDG }, .single_tile = ReducePassPolicy { .threads_per_block = 256, .items_per_thread = 16, .vec_size = 4, .reduce_algorithm = BLOCK_REDUCE_WARP_REDUCTIONS, .load_modifier = LOAD_LDG } }
Invoking DeviceReduceKernel<<<720, 256, 0, 102321612979792>>>(), 16 items per thread, 6 SM occupancy
Invoking DeviceReduceSingleTileKernel<<<1, 256, 0, 102321612979792>>>(), 16 items per thread
Dispatching DeviceReduce on compute capability 8.9 with tuning: ReducePolicy { .multi_tile = ReducePassPolicy { .threads_per_block = 256, .items_per_thread = 16, .vec_size = 4, .reduce_algorithm = BLOCK_REDUCE_WARP_REDUCTIONS, .load_modifier = LOAD_LDG }, .single_tile = ReducePassPolicy { .threads_per_block = 256, .items_per_thread = 16, .vec_size = 4, .reduce_algorithm = BLOCK_REDUCE_WARP_REDUCTIONS, .load_modifier = LOAD_LDG } }
Invoking DeviceReduceKernel<<<720, 256, 0, 102321612979792>>>(), 16 items per thread, 6 SM occupancy
Invoking DeviceReduceSingleTileKernel<<<1, 256, 0, 102321612979792>>>(), 16 items per thread
Dispatching DeviceReduce on compute capability 8.9 with tuning: ReducePolicy { .multi_tile = ReducePassPolicy { .threads_per_block = 256, .items_per_thread = 16, .vec_size = 4, .reduce_algorithm = BLOCK_REDUCE_WARP_REDUCTIONS, .load_modifier = LOAD_LDG }, .single_tile = ReducePassPolicy { .threads_per_block = 256, .items_per_thread = 16, .vec_size = 4, .reduce_algorithm = BLOCK_REDUCE_WARP_REDUCTIONS, .load_modifier = LOAD_LDG } }
Invoking DeviceReduceKernel<<<720, 256, 0, 102321612979792>>>(), 16 items per thread, 6 SM occupancy
Invoking DeviceReduceSingleTileKernel<<<1, 256, 0, 102321612979792>>>(), 16 items per thread
Dispatching DeviceReduce on compute capability 8.9 with tuning: ReducePolicy { .multi_tile = ReducePassPolicy { .threads_per_block = 256, .items_per_thread = 16, .vec_size = 4, .reduce_algorithm = BLOCK_REDUCE_WARP_REDUCTIONS, .load_modifier = LOAD_LDG }, .single_tile = ReducePassPolicy { .threads_per_block = 256, .items_per_thread = 16, .vec_size = 4, .reduce_algorithm = BLOCK_REDUCE_WARP_REDUCTIONS, .load_modifier = LOAD_LDG } }
Invoking DeviceReduceKernel<<<720, 256, 0, 102321612979792>>>(), 16 items per thread, 6 SM occupancy
Invoking DeviceReduceSingleTileKernel<<<1, 256, 0, 102321612979792>>>(), 16 items per thread
Dispatching DeviceReduce on compute capability 8.9 with tuning: ReducePolicy { .multi_tile = ReducePassPolicy { .threads_per_block = 256, .items_per_thread = 16, .vec_size = 4, .reduce_algorithm = BLOCK_REDUCE_WARP_REDUCTIONS, .load_modifier = LOAD_LDG }, .single_tile = ReducePassPolicy { .threads_per_block = 256, .items_per_thread = 16, .vec_size = 4, .reduce_algorithm = BLOCK_REDUCE_WARP_REDUCTIONS, .load_modifier = LOAD_LDG } }
Invoking DeviceReduceKernel<<<720, 256, 0, 102321612979792>>>(), 16 items per thread, 6 SM occupancy
Invoking DeviceReduceSingleTileKernel<<<1, 256, 0, 102321612979792>>>(), 16 items per thread
Dispatching DeviceReduce on compute capability 8.9 with tuning: ReducePolicy { .multi_tile = ReducePassPolicy { .threads_per_block = 256, .items_per_thread = 16, .vec_size = 4, .reduce_algorithm = BLOCK_REDUCE_WARP_REDUCTIONS, .load_modifier = LOAD_LDG }, .single_tile = ReducePassPolicy { .threads_per_block = 256, .items_per_thread = 16, .vec_size = 4, .reduce_algorithm = BLOCK_REDUCE_WARP_REDUCTIONS, .load_modifier = LOAD_LDG } }
Invoking DeviceReduceKernel<<<720, 256, 0, 102321612979792>>>(), 16 items per thread, 6 SM occupancy
Invoking DeviceReduceSingleTileKernel<<<1, 256, 0, 102321612979792>>>(), 16 items per thread
Dispatching DeviceReduce on compute capability 8.9 with tuning: ReducePolicy { .multi_tile = ReducePassPolicy { .threads_per_block = 256, .items_per_thread = 16, .vec_size = 4, .reduce_algorithm = BLOCK_REDUCE_WARP_REDUCTIONS, .load_modifier = LOAD_LDG }, .single_tile = ReducePassPolicy { .threads_per_block = 256, .items_per_thread = 16, .vec_size = 4, .reduce_algorithm = BLOCK_REDUCE_WARP_REDUCTIONS, .load_modifier = LOAD_LDG } }
Invoking DeviceReduceKernel<<<720, 256, 0, 102321612979792>>>(), 16 items per thread, 6 SM occupancy
Invoking DeviceReduceSingleTileKernel<<<1, 256, 0, 102321612979792>>>(), 16 items per thread
Dispatching DeviceReduce on compute capability 8.9 with tuning: ReducePolicy { .multi_tile = ReducePassPolicy { .threads_per_block = 256, .items_per_thread = 16, .vec_size = 4, .reduce_algorithm = BLOCK_REDUCE_WARP_REDUCTIONS, .load_modifier = LOAD_LDG }, .single_tile = ReducePassPolicy { .threads_per_block = 256, .items_per_thread = 16, .vec_size = 4, .reduce_algorithm = BLOCK_REDUCE_WARP_REDUCTIONS, .load_modifier = LOAD_LDG } }
Invoking DeviceReduceKernel<<<720, 256, 0, 102321612979792>>>(), 16 items per thread, 6 SM occupancy
Invoking DeviceReduceSingleTileKernel<<<1, 256, 0, 102321612979792>>>(), 16 items per thread
Dispatching DeviceReduce on compute capability 8.9 with tuning: ReducePolicy { .multi_tile = ReducePassPolicy { .threads_per_block = 256, .items_per_thread = 16, .vec_size = 4, .reduce_algorithm = BLOCK_REDUCE_WARP_REDUCTIONS, .load_modifier = LOAD_LDG }, .single_tile = ReducePassPolicy { .threads_per_block = 256, .items_per_thread = 16, .vec_size = 4, .reduce_algorithm = BLOCK_REDUCE_WARP_REDUCTIONS, .load_modifier = LOAD_LDG } }
Invoking DeviceReduceKernel<<<720, 256, 0, 102321612979792>>>(), 16 items per thread, 6 SM occupancy
Invoking DeviceReduceSingleTileKernel<<<1, 256, 0, 102321612979792>>>(), 16 items per thread
Dispatching DeviceReduce on compute capability 8.9 with tuning: ReducePolicy { .multi_tile = ReducePassPolicy { .threads_per_block = 256, .items_per_thread = 16, .vec_size = 4, .reduce_algorithm = BLOCK_REDUCE_WARP_REDUCTIONS, .load_modifier = LOAD_LDG }, .single_tile = ReducePassPolicy { .threads_per_block = 256, .items_per_thread = 16, .vec_size = 4, .reduce_algorithm = BLOCK_REDUCE_WARP_REDUCTIONS, .load_modifier = LOAD_LDG } }
Invoking DeviceReduceKernel<<<720, 256, 0, 102321612979792>>>(), 16 items per thread, 6 SM occupancy
Invoking DeviceReduceSingleTileKernel<<<1, 256, 0, 102321612979792>>>(), 16 items per thread
Dispatching DeviceReduce on compute capability 8.9 with tuning: ReducePolicy { .multi_tile = ReducePassPolicy { .threads_per_block = 256, .items_per_thread = 16, .vec_size = 4, .reduce_algorithm = BLOCK_REDUCE_WARP_REDUCTIONS, .load_modifier = LOAD_LDG }, .single_tile = ReducePassPolicy { .threads_per_block = 256, .items_per_thread = 16, .vec_size = 4, .reduce_algorithm = BLOCK_REDUCE_WARP_REDUCTIONS, .load_modifier = LOAD_LDG } }
Invoking DeviceReduceKernel<<<720, 256, 0, 102321612979792>>>(), 16 items per thread, 6 SM occupancy
Invoking DeviceReduceSingleTileKernel<<<1, 256, 0, 102321612979792>>>(), 16 items per thread
Dispatching DeviceReduce on compute capability 8.9 with tuning: ReducePolicy { .multi_tile = ReducePassPolicy { .threads_per_block = 256, .items_per_thread = 16, .vec_size = 4, .reduce_algorithm = BLOCK_REDUCE_WARP_REDUCTIONS, .load_modifier = LOAD_LDG }, .single_tile = ReducePassPolicy { .threads_per_block = 256, .items_per_thread = 16, .vec_size = 4, .reduce_algorithm = BLOCK_REDUCE_WARP_REDUCTIONS, .load_modifier = LOAD_LDG } }
Invoking DeviceReduceKernel<<<720, 256, 0, 102321612979792>>>(), 16 items per thread, 6 SM occupancy
Invoking DeviceReduceSingleTileKernel<<<1, 256, 0, 102321612979792>>>(), 16 items per thread
Dispatching DeviceReduce on compute capability 8.9 with tuning: ReducePolicy { .multi_tile = ReducePassPolicy { .threads_per_block = 256, .items_per_thread = 16, .vec_size = 4, .reduce_algorithm = BLOCK_REDUCE_WARP_REDUCTIONS, .load_modifier = LOAD_LDG }, .single_tile = ReducePassPolicy { .threads_per_block = 256, .items_per_thread = 16, .vec_size = 4, .reduce_algorithm = BLOCK_REDUCE_WARP_REDUCTIONS, .load_modifier = LOAD_LDG } }
Invoking DeviceReduceKernel<<<720, 256, 0, 102321612979792>>>(), 16 items per thread, 6 SM occupancy
Invoking DeviceReduceSingleTileKernel<<<1, 256, 0, 102321612979792>>>(), 16 items per thread
Dispatching DeviceReduce on compute capability 8.9 with tuning: ReducePolicy { .multi_tile = ReducePassPolicy { .threads_per_block = 256, .items_per_thread = 16, .vec_size = 4, .reduce_algorithm = BLOCK_REDUCE_WARP_REDUCTIONS, .load_modifier = LOAD_LDG }, .single_tile = ReducePassPolicy { .threads_per_block = 256, .items_per_thread = 16, .vec_size = 4, .reduce_algorithm = BLOCK_REDUCE_WARP_REDUCTIONS, .load_modifier = LOAD_LDG } }
Invoking DeviceReduceKernel<<<720, 256, 0, 102321612979792>>>(), 16 items per thread, 6 SM occupancy
Invoking DeviceReduceSingleTileKernel<<<1, 256, 0, 102321612979792>>>(), 16 items per thread
Dispatching DeviceReduce on compute capability 8.9 with tuning: ReducePolicy { .multi_tile = ReducePassPolicy { .threads_per_block = 256, .items_per_thread = 16, .vec_size = 4, .reduce_algorithm = BLOCK_REDUCE_WARP_REDUCTIONS, .load_modifier = LOAD_LDG }, .single_tile = ReducePassPolicy { .threads_per_block = 256, .items_per_thread = 16, .vec_size = 4, .reduce_algorithm = BLOCK_REDUCE_WARP_REDUCTIONS, .load_modifier = LOAD_LDG } }
Invoking DeviceReduceKernel<<<720, 256, 0, 102321612979792>>>(), 16 items per thread, 6 SM occupancy
Invoking DeviceReduceSingleTileKernel<<<1, 256, 0, 102321612979792>>>(), 16 items per thread
Dispatching DeviceReduce on compute capability 8.9 with tuning: ReducePolicy { .multi_tile = ReducePassPolicy { .threads_per_block = 256, .items_per_thread = 16, .vec_size = 4, .reduce_algorithm = BLOCK_REDUCE_WARP_REDUCTIONS, .load_modifier = LOAD_LDG }, .single_tile = ReducePassPolicy { .threads_per_block = 256, .items_per_thread = 16, .vec_size = 4, .reduce_algorithm = BLOCK_REDUCE_WARP_REDUCTIONS, .load_modifier = LOAD_LDG } }
Invoking DeviceReduceKernel<<<720, 256, 0, 102321612979792>>>(), 16 items per thread, 6 SM occupancy
Invoking DeviceReduceSingleTileKernel<<<1, 256, 0, 102321612979792>>>(), 16 items per thread
Dispatching DeviceReduce on compute capability 8.9 with tuning: ReducePolicy { .multi_tile = ReducePassPolicy { .threads_per_block = 256, .items_per_thread = 16, .vec_size = 4, .reduce_algorithm = BLOCK_REDUCE_WARP_REDUCTIONS, .load_modifier = LOAD_LDG }, .single_tile = ReducePassPolicy { .threads_per_block = 256, .items_per_thread = 16, .vec_size = 4, .reduce_algorithm = BLOCK_REDUCE_WARP_REDUCTIONS, .load_modifier = LOAD_LDG } }
Invoking DeviceReduceKernel<<<720, 256, 0, 102321612979792>>>(), 16 items per thread, 6 SM occupancy
Invoking DeviceReduceSingleTileKernel<<<1, 256, 0, 102321612979792>>>(), 16 items per thread
Dispatching DeviceReduce on compute capability 8.9 with tuning: ReducePolicy { .multi_tile = ReducePassPolicy { .threads_per_block = 256, .items_per_thread = 16, .vec_size = 4, .reduce_algorithm = BLOCK_REDUCE_WARP_REDUCTIONS, .load_modifier = LOAD_LDG }, .single_tile = ReducePassPolicy { .threads_per_block = 256, .items_per_thread = 16, .vec_size = 4, .reduce_algorithm = BLOCK_REDUCE_WARP_REDUCTIONS, .load_modifier = LOAD_LDG } }
Invoking DeviceReduceKernel<<<720, 256, 0, 102321612979792>>>(), 16 items per thread, 6 SM occupancy
Invoking DeviceReduceSingleTileKernel<<<1, 256, 0, 102321612979792>>>(), 16 items per thread
Dispatching DeviceReduce on compute capability 8.9 with tuning: ReducePolicy { .multi_tile = ReducePassPolicy { .threads_per_block = 256, .items_per_thread = 16, .vec_size = 4, .reduce_algorithm = BLOCK_REDUCE_WARP_REDUCTIONS, .load_modifier = LOAD_LDG }, .single_tile = ReducePassPolicy { .threads_per_block = 256, .items_per_thread = 16, .vec_size = 4, .reduce_algorithm = BLOCK_REDUCE_WARP_REDUCTIONS, .load_modifier = LOAD_LDG } }
Invoking DeviceReduceKernel<<<720, 256, 0, 102321612979792>>>(), 16 items per thread, 6 SM occupancy
Invoking DeviceReduceSingleTileKernel<<<1, 256, 0, 102321612979792>>>(), 16 items per thread
Dispatching DeviceReduce on compute capability 8.9 with tuning: ReducePolicy { .multi_tile = ReducePassPolicy { .threads_per_block = 256, .items_per_thread = 16, .vec_size = 4, .reduce_algorithm = BLOCK_REDUCE_WARP_REDUCTIONS, .load_modifier = LOAD_LDG }, .single_tile = ReducePassPolicy { .threads_per_block = 256, .items_per_thread = 16, .vec_size = 4, .reduce_algorithm = BLOCK_REDUCE_WARP_REDUCTIONS, .load_modifier = LOAD_LDG } }
Invoking DeviceReduceKernel<<<720, 256, 0, 102321612979792>>>(), 16 items per thread, 6 SM occupancy
Invoking DeviceReduceSingleTileKernel<<<1, 256, 0, 102321612979792>>>(), 16 items per thread
Dispatching DeviceReduce on compute capability 8.9 with tuning: ReducePolicy { .multi_tile = ReducePassPolicy { .threads_per_block = 256, .items_per_thread = 16, .vec_size = 4, .reduce_algorithm = BLOCK_REDUCE_WARP_REDUCTIONS, .load_modifier = LOAD_LDG }, .single_tile = ReducePassPolicy { .threads_per_block = 256, .items_per_thread = 16, .vec_size = 4, .reduce_algorithm = BLOCK_REDUCE_WARP_REDUCTIONS, .load_modifier = LOAD_LDG } }
Invoking DeviceReduceKernel<<<720, 256, 0, 102321612979792>>>(), 16 items per thread, 6 SM occupancy
Invoking DeviceReduceSingleTileKernel<<<1, 256, 0, 102321612979792>>>(), 16 items per thread
Dispatching DeviceReduce on compute capability 8.9 with tuning: ReducePolicy { .multi_tile = ReducePassPolicy { .threads_per_block = 256, .items_per_thread = 16, .vec_size = 4, .reduce_algorithm = BLOCK_REDUCE_WARP_REDUCTIONS, .load_modifier = LOAD_LDG }, .single_tile = ReducePassPolicy { .threads_per_block = 256, .items_per_thread = 16, .vec_size = 4, .reduce_algorithm = BLOCK_REDUCE_WARP_REDUCTIONS, .load_modifier = LOAD_LDG } }
Invoking DeviceReduceKernel<<<720, 256, 0, 102321612979792>>>(), 16 items per thread, 6 SM occupancy
Invoking DeviceReduceSingleTileKernel<<<1, 256, 0, 102321612979792>>>(), 16 items per thread
Dispatching DeviceReduce on compute capability 8.9 with tuning: ReducePolicy { .multi_tile = ReducePassPolicy { .threads_per_block = 256, .items_per_thread = 16, .vec_size = 4, .reduce_algorithm = BLOCK_REDUCE_WARP_REDUCTIONS, .load_modifier = LOAD_LDG }, .single_tile = ReducePassPolicy { .threads_per_block = 256, .items_per_thread = 16, .vec_size = 4, .reduce_algorithm = BLOCK_REDUCE_WARP_REDUCTIONS, .load_modifier = LOAD_LDG } }
Invoking DeviceReduceKernel<<<720, 256, 0, 102321612979792>>>(), 16 items per thread, 6 SM occupancy
Invoking DeviceReduceSingleTileKernel<<<1, 256, 0, 102321612979792>>>(), 16 items per thread
Dispatching DeviceReduce on compute capability 8.9 with tuning: ReducePolicy { .multi_tile = ReducePassPolicy { .threads_per_block = 256, .items_per_thread = 16, .vec_size = 4, .reduce_algorithm = BLOCK_REDUCE_WARP_REDUCTIONS, .load_modifier = LOAD_LDG }, .single_tile = ReducePassPolicy { .threads_per_block = 256, .items_per_thread = 16, .vec_size = 4, .reduce_algorithm = BLOCK_REDUCE_WARP_REDUCTIONS, .load_modifier = LOAD_LDG } }
Invoking DeviceReduceKernel<<<720, 256, 0, 102321612979792>>>(), 16 items per thread, 6 SM occupancy
Invoking DeviceReduceSingleTileKernel<<<1, 256, 0, 102321612979792>>>(), 16 items per thread
Dispatching DeviceReduce on compute capability 8.9 with tuning: ReducePolicy { .multi_tile = ReducePassPolicy { .threads_per_block = 256, .items_per_thread = 16, .vec_size = 4, .reduce_algorithm = BLOCK_REDUCE_WARP_REDUCTIONS, .load_modifier = LOAD_LDG }, .single_tile = ReducePassPolicy { .threads_per_block = 256, .items_per_thread = 16, .vec_size = 4, .reduce_algorithm = BLOCK_REDUCE_WARP_REDUCTIONS, .load_modifier = LOAD_LDG } }
Invoking DeviceReduceKernel<<<720, 256, 0, 102321612979792>>>(), 16 items per thread, 6 SM occupancy
Invoking DeviceReduceSingleTileKernel<<<1, 256, 0, 102321612979792>>>(), 16 items per thread
Dispatching DeviceReduce on compute capability 8.9 with tuning: ReducePolicy { .multi_tile = ReducePassPolicy { .threads_per_block = 256, .items_per_thread = 16, .vec_size = 4, .reduce_algorithm = BLOCK_REDUCE_WARP_REDUCTIONS, .load_modifier = LOAD_LDG }, .single_tile = ReducePassPolicy { .threads_per_block = 256, .items_per_thread = 16, .vec_size = 4, .reduce_algorithm = BLOCK_REDUCE_WARP_REDUCTIONS, .load_modifier = LOAD_LDG } }
Invoking DeviceReduceKernel<<<720, 256, 0, 102321612979792>>>(), 16 items per thread, 6 SM occupancy
Invoking DeviceReduceSingleTileKernel<<<1, 256, 0, 102321612979792>>>(), 16 items per thread
Dispatching DeviceReduce on compute capability 8.9 with tuning: ReducePolicy { .multi_tile = ReducePassPolicy { .threads_per_block = 256, .items_per_thread = 16, .vec_size = 4, .reduce_algorithm = BLOCK_REDUCE_WARP_REDUCTIONS, .load_modifier = LOAD_LDG }, .single_tile = ReducePassPolicy { .threads_per_block = 256, .items_per_thread = 16, .vec_size = 4, .reduce_algorithm = BLOCK_REDUCE_WARP_REDUCTIONS, .load_modifier = LOAD_LDG } }
Invoking DeviceReduceKernel<<<720, 256, 0, 102321612979792>>>(), 16 items per thread, 6 SM occupancy
Invoking DeviceReduceSingleTileKernel<<<1, 256, 0, 102321612979792>>>(), 16 items per thread
Dispatching DeviceReduce on compute capability 8.9 with tuning: ReducePolicy { .multi_tile = ReducePassPolicy { .threads_per_block = 256, .items_per_thread = 16, .vec_size = 4, .reduce_algorithm = BLOCK_REDUCE_WARP_REDUCTIONS, .load_modifier = LOAD_LDG }, .single_tile = ReducePassPolicy { .threads_per_block = 256, .items_per_thread = 16, .vec_size = 4, .reduce_algorithm = BLOCK_REDUCE_WARP_REDUCTIONS, .load_modifier = LOAD_LDG } }
Invoking DeviceReduceKernel<<<720, 256, 0, 102321612979792>>>(), 16 items per thread, 6 SM occupancy
Invoking DeviceReduceSingleTileKernel<<<1, 256, 0, 102321612979792>>>(), 16 items per thread
Dispatching DeviceReduce on compute capability 8.9 with tuning: ReducePolicy { .multi_tile = ReducePassPolicy { .threads_per_block = 256, .items_per_thread = 16, .vec_size = 4, .reduce_algorithm = BLOCK_REDUCE_WARP_REDUCTIONS, .load_modifier = LOAD_LDG }, .single_tile = ReducePassPolicy { .threads_per_block = 256, .items_per_thread = 16, .vec_size = 4, .reduce_algorithm = BLOCK_REDUCE_WARP_REDUCTIONS, .load_modifier = LOAD_LDG } }
Invoking DeviceReduceKernel<<<720, 256, 0, 102321612979792>>>(), 16 items per thread, 6 SM occupancy
Invoking DeviceReduceSingleTileKernel<<<1, 256, 0, 102321612979792>>>(), 16 items per thread
Dispatching DeviceReduce on compute capability 8.9 with tuning: ReducePolicy { .multi_tile = ReducePassPolicy { .threads_per_block = 256, .items_per_thread = 16, .vec_size = 4, .reduce_algorithm = BLOCK_REDUCE_WARP_REDUCTIONS, .load_modifier = LOAD_LDG }, .single_tile = ReducePassPolicy { .threads_per_block = 256, .items_per_thread = 16, .vec_size = 4, .reduce_algorithm = BLOCK_REDUCE_WARP_REDUCTIONS, .load_modifier = LOAD_LDG } }
Invoking DeviceReduceKernel<<<720, 256, 0, 102321612979792>>>(), 16 items per thread, 6 SM occupancy
Invoking DeviceReduceSingleTileKernel<<<1, 256, 0, 102321612979792>>>(), 16 items per thread
Dispatching DeviceReduce on compute capability 8.9 with tuning: ReducePolicy { .multi_tile = ReducePassPolicy { .threads_per_block = 256, .items_per_thread = 16, .vec_size = 4, .reduce_algorithm = BLOCK_REDUCE_WARP_REDUCTIONS, .load_modifier = LOAD_LDG }, .single_tile = ReducePassPolicy { .threads_per_block = 256, .items_per_thread = 16, .vec_size = 4, .reduce_algorithm = BLOCK_REDUCE_WARP_REDUCTIONS, .load_modifier = LOAD_LDG } }
Invoking DeviceReduceKernel<<<720, 256, 0, 102321612979792>>>(), 16 items per thread, 6 SM occupancy
Invoking DeviceReduceSingleTileKernel<<<1, 256, 0, 102321612979792>>>(), 16 items per thread
Dispatching DeviceReduce on compute capability 8.9 with tuning: ReducePolicy { .multi_tile = ReducePassPolicy { .threads_per_block = 256, .items_per_thread = 16, .vec_size = 4, .reduce_algorithm = BLOCK_REDUCE_WARP_REDUCTIONS, .load_modifier = LOAD_LDG }, .single_tile = ReducePassPolicy { .threads_per_block = 256, .items_per_thread = 16, .vec_size = 4, .reduce_algorithm = BLOCK_REDUCE_WARP_REDUCTIONS, .load_modifier = LOAD_LDG } }
Invoking DeviceReduceKernel<<<720, 256, 0, 102321612979792>>>(), 16 items per thread, 6 SM occupancy
Invoking DeviceReduceSingleTileKernel<<<1, 256, 0, 102321612979792>>>(), 16 items per thread
Dispatching DeviceReduce on compute capability 8.9 with tuning: ReducePolicy { .multi_tile = ReducePassPolicy { .threads_per_block = 256, .items_per_thread = 16, .vec_size = 4, .reduce_algorithm = BLOCK_REDUCE_WARP_REDUCTIONS, .load_modifier = LOAD_LDG }, .single_tile = ReducePassPolicy { .threads_per_block = 256, .items_per_thread = 16, .vec_size = 4, .reduce_algorithm = BLOCK_REDUCE_WARP_REDUCTIONS, .load_modifier = LOAD_LDG } }
Invoking DeviceReduceKernel<<<720, 256, 0, 102321612979792>>>(), 16 items per thread, 6 SM occupancy
Invoking DeviceReduceSingleTileKernel<<<1, 256, 0, 102321612979792>>>(), 16 items per thread
Dispatching DeviceReduce on compute capability 8.9 with tuning: ReducePolicy { .multi_tile = ReducePassPolicy { .threads_per_block = 256, .items_per_thread = 16, .vec_size = 4, .reduce_algorithm = BLOCK_REDUCE_WARP_REDUCTIONS, .load_modifier = LOAD_LDG }, .single_tile = ReducePassPolicy { .threads_per_block = 256, .items_per_thread = 16, .vec_size = 4, .reduce_algorithm = BLOCK_REDUCE_WARP_REDUCTIONS, .load_modifier = LOAD_LDG } }
Invoking DeviceReduceKernel<<<720, 256, 0, 102321612979792>>>(), 16 items per thread, 6 SM occupancy
Invoking DeviceReduceSingleTileKernel<<<1, 256, 0, 102321612979792>>>(), 16 items per thread
Dispatching DeviceReduce on compute capability 8.9 with tuning: ReducePolicy { .multi_tile = ReducePassPolicy { .threads_per_block = 256, .items_per_thread = 16, .vec_size = 4, .reduce_algorithm = BLOCK_REDUCE_WARP_REDUCTIONS, .load_modifier = LOAD_LDG }, .single_tile = ReducePassPolicy { .threads_per_block = 256, .items_per_thread = 16, .vec_size = 4, .reduce_algorithm = BLOCK_REDUCE_WARP_REDUCTIONS, .load_modifier = LOAD_LDG } }
Invoking DeviceReduceKernel<<<720, 256, 0, 102321612979792>>>(), 16 items per thread, 6 SM occupancy
Invoking DeviceReduceSingleTileKernel<<<1, 256, 0, 102321612979792>>>(), 16 items per thread
Dispatching DeviceReduce on compute capability 8.9 with tuning: ReducePolicy { .multi_tile = ReducePassPolicy { .threads_per_block = 256, .items_per_thread = 16, .vec_size = 4, .reduce_algorithm = BLOCK_REDUCE_WARP_REDUCTIONS, .load_modifier = LOAD_LDG }, .single_tile = ReducePassPolicy { .threads_per_block = 256, .items_per_thread = 16, .vec_size = 4, .reduce_algorithm = BLOCK_REDUCE_WARP_REDUCTIONS, .load_modifier = LOAD_LDG } }
Invoking DeviceReduceKernel<<<720, 256, 0, 102321612979792>>>(), 16 items per thread, 6 SM occupancy
Invoking DeviceReduceSingleTileKernel<<<1, 256, 0, 102321612979792>>>(), 16 items per thread
Dispatching DeviceReduce on compute capability 8.9 with tuning: ReducePolicy { .multi_tile = ReducePassPolicy { .threads_per_block = 256, .items_per_thread = 16, .vec_size = 4, .reduce_algorithm = BLOCK_REDUCE_WARP_REDUCTIONS, .load_modifier = LOAD_LDG }, .single_tile = ReducePassPolicy { .threads_per_block = 256, .items_per_thread = 16, .vec_size = 4, .reduce_algorithm = BLOCK_REDUCE_WARP_REDUCTIONS, .load_modifier = LOAD_LDG } }
Invoking DeviceReduceKernel<<<720, 256, 0, 102321612979792>>>(), 16 items per thread, 6 SM occupancy
Invoking DeviceReduceSingleTileKernel<<<1, 256, 0, 102321612979792>>>(), 16 items per thread
Dispatching DeviceReduce on compute capability 8.9 with tuning: ReducePolicy { .multi_tile = ReducePassPolicy { .threads_per_block = 256, .items_per_thread = 16, .vec_size = 4, .reduce_algorithm = BLOCK_REDUCE_WARP_REDUCTIONS, .load_modifier = LOAD_LDG }, .single_tile = ReducePassPolicy { .threads_per_block = 256, .items_per_thread = 16, .vec_size = 4, .reduce_algorithm = BLOCK_REDUCE_WARP_REDUCTIONS, .load_modifier = LOAD_LDG } }
Invoking DeviceReduceKernel<<<720, 256, 0, 102321612979792>>>(), 16 items per thread, 6 SM occupancy
Invoking DeviceReduceSingleTileKernel<<<1, 256, 0, 102321612979792>>>(), 16 items per thread
Dispatching DeviceReduce on compute capability 8.9 with tuning: ReducePolicy { .multi_tile = ReducePassPolicy { .threads_per_block = 256, .items_per_thread = 16, .vec_size = 4, .reduce_algorithm = BLOCK_REDUCE_WARP_REDUCTIONS, .load_modifier = LOAD_LDG }, .single_tile = ReducePassPolicy { .threads_per_block = 256, .items_per_thread = 16, .vec_size = 4, .reduce_algorithm = BLOCK_REDUCE_WARP_REDUCTIONS, .load_modifier = LOAD_LDG } }
Invoking DeviceReduceKernel<<<720, 256, 0, 102321612979792>>>(), 16 items per thread, 6 SM occupancy
Invoking DeviceReduceSingleTileKernel<<<1, 256, 0, 102321612979792>>>(), 16 items per thread
Dispatching DeviceReduce on compute capability 8.9 with tuning: ReducePolicy { .multi_tile = ReducePassPolicy { .threads_per_block = 256, .items_per_thread = 16, .vec_size = 4, .reduce_algorithm = BLOCK_REDUCE_WARP_REDUCTIONS, .load_modifier = LOAD_LDG }, .single_tile = ReducePassPolicy { .threads_per_block = 256, .items_per_thread = 16, .vec_size = 4, .reduce_algorithm = BLOCK_REDUCE_WARP_REDUCTIONS, .load_modifier = LOAD_LDG } }
Invoking DeviceReduceKernel<<<720, 256, 0, 102321612979792>>>(), 16 items per thread, 6 SM occupancy
Invoking DeviceReduceSingleTileKernel<<<1, 256, 0, 102321612979792>>>(), 16 items per thread
Dispatching DeviceReduce on compute capability 8.9 with tuning: ReducePolicy { .multi_tile = ReducePassPolicy { .threads_per_block = 256, .items_per_thread = 16, .vec_size = 4, .reduce_algorithm = BLOCK_REDUCE_WARP_REDUCTIONS, .load_modifier = LOAD_LDG }, .single_tile = ReducePassPolicy { .threads_per_block = 256, .items_per_thread = 16, .vec_size = 4, .reduce_algorithm = BLOCK_REDUCE_WARP_REDUCTIONS, .load_modifier = LOAD_LDG } }
Invoking DeviceReduceKernel<<<720, 256, 0, 102321612979792>>>(), 16 items per thread, 6 SM occupancy
Invoking DeviceReduceSingleTileKernel<<<1, 256, 0, 102321612979792>>>(), 16 items per thread
Dispatching DeviceReduce on compute capability 8.9 with tuning: ReducePolicy { .multi_tile = ReducePassPolicy { .threads_per_block = 256, .items_per_thread = 16, .vec_size = 4, .reduce_algorithm = BLOCK_REDUCE_WARP_REDUCTIONS, .load_modifier = LOAD_LDG }, .single_tile = ReducePassPolicy { .threads_per_block = 256, .items_per_thread = 16, .vec_size = 4, .reduce_algorithm = BLOCK_REDUCE_WARP_REDUCTIONS, .load_modifier = LOAD_LDG } }
Invoking DeviceReduceKernel<<<720, 256, 0, 102321612979792>>>(), 16 items per thread, 6 SM occupancy
Invoking DeviceReduceSingleTileKernel<<<1, 256, 0, 102321612979792>>>(), 16 items per thread
Dispatching DeviceReduce on compute capability 8.9 with tuning: ReducePolicy { .multi_tile = ReducePassPolicy { .threads_per_block = 256, .items_per_thread = 16, .vec_size = 4, .reduce_algorithm = BLOCK_REDUCE_WARP_REDUCTIONS, .load_modifier = LOAD_LDG }, .single_tile = ReducePassPolicy { .threads_per_block = 256, .items_per_thread = 16, .vec_size = 4, .reduce_algorithm = BLOCK_REDUCE_WARP_REDUCTIONS, .load_modifier = LOAD_LDG } }
Invoking DeviceReduceKernel<<<720, 256, 0, 102321612979792>>>(), 16 items per thread, 6 SM occupancy
Invoking DeviceReduceSingleTileKernel<<<1, 256, 0, 102321612979792>>>(), 16 items per thread
Dispatching DeviceReduce on compute capability 8.9 with tuning: ReducePolicy { .multi_tile = ReducePassPolicy { .threads_per_block = 256, .items_per_thread = 16, .vec_size = 4, .reduce_algorithm = BLOCK_REDUCE_WARP_REDUCTIONS, .load_modifier = LOAD_LDG }, .single_tile = ReducePassPolicy { .threads_per_block = 256, .items_per_thread = 16, .vec_size = 4, .reduce_algorithm = BLOCK_REDUCE_WARP_REDUCTIONS, .load_modifier = LOAD_LDG } }
Invoking DeviceReduceKernel<<<720, 256, 0, 102321612979792>>>(), 16 items per thread, 6 SM occupancy
Invoking DeviceReduceSingleTileKernel<<<1, 256, 0, 102321612979792>>>(), 16 items per thread
Dispatching DeviceReduce on compute capability 8.9 with tuning: ReducePolicy { .multi_tile = ReducePassPolicy { .threads_per_block = 256, .items_per_thread = 16, .vec_size = 4, .reduce_algorithm = BLOCK_REDUCE_WARP_REDUCTIONS, .load_modifier = LOAD_LDG }, .single_tile = ReducePassPolicy { .threads_per_block = 256, .items_per_thread = 16, .vec_size = 4, .reduce_algorithm = BLOCK_REDUCE_WARP_REDUCTIONS, .load_modifier = LOAD_LDG } }
Invoking DeviceReduceKernel<<<720, 256, 0, 102321612979792>>>(), 16 items per thread, 6 SM occupancy
Invoking DeviceReduceSingleTileKernel<<<1, 256, 0, 102321612979792>>>(), 16 items per thread
Dispatching DeviceReduce on compute capability 8.9 with tuning: ReducePolicy { .multi_tile = ReducePassPolicy { .threads_per_block = 256, .items_per_thread = 16, .vec_size = 4, .reduce_algorithm = BLOCK_REDUCE_WARP_REDUCTIONS, .load_modifier = LOAD_LDG }, .single_tile = ReducePassPolicy { .threads_per_block = 256, .items_per_thread = 16, .vec_size = 4, .reduce_algorithm = BLOCK_REDUCE_WARP_REDUCTIONS, .load_modifier = LOAD_LDG } }
Invoking DeviceReduceKernel<<<720, 256, 0, 102321612979792>>>(), 16 items per thread, 6 SM occupancy
Invoking DeviceReduceSingleTileKernel<<<1, 256, 0, 102321612979792>>>(), 16 items per thread
Dispatching DeviceReduce on compute capability 8.9 with tuning: ReducePolicy { .multi_tile = ReducePassPolicy { .threads_per_block = 256, .items_per_thread = 16, .vec_size = 4, .reduce_algorithm = BLOCK_REDUCE_WARP_REDUCTIONS, .load_modifier = LOAD_LDG }, .single_tile = ReducePassPolicy { .threads_per_block = 256, .items_per_thread = 16, .vec_size = 4, .reduce_algorithm = BLOCK_REDUCE_WARP_REDUCTIONS, .load_modifier = LOAD_LDG } }
Invoking DeviceReduceKernel<<<720, 256, 0, 102321612979792>>>(), 16 items per thread, 6 SM occupancy
Invoking DeviceReduceSingleTileKernel<<<1, 256, 0, 102321612979792>>>(), 16 items per thread
Dispatching DeviceReduce on compute capability 8.9 with tuning: ReducePolicy { .multi_tile = ReducePassPolicy { .threads_per_block = 256, .items_per_thread = 16, .vec_size = 4, .reduce_algorithm = BLOCK_REDUCE_WARP_REDUCTIONS, .load_modifier = LOAD_LDG }, .single_tile = ReducePassPolicy { .threads_per_block = 256, .items_per_thread = 16, .vec_size = 4, .reduce_algorithm = BLOCK_REDUCE_WARP_REDUCTIONS, .load_modifier = LOAD_LDG } }
Invoking DeviceReduceKernel<<<720, 256, 0, 102321612979792>>>(), 16 items per thread, 6 SM occupancy
Invoking DeviceReduceSingleTileKernel<<<1, 256, 0, 102321612979792>>>(), 16 items per thread
Dispatching DeviceReduce on compute capability 8.9 with tuning: ReducePolicy { .multi_tile = ReducePassPolicy { .threads_per_block = 256, .items_per_thread = 16, .vec_size = 4, .reduce_algorithm = BLOCK_REDUCE_WARP_REDUCTIONS, .load_modifier = LOAD_LDG }, .single_tile = ReducePassPolicy { .threads_per_block = 256, .items_per_thread = 16, .vec_size = 4, .reduce_algorithm = BLOCK_REDUCE_WARP_REDUCTIONS, .load_modifier = LOAD_LDG } }
Invoking DeviceReduceKernel<<<720, 256, 0, 102321612979792>>>(), 16 items per thread, 6 SM occupancy
Invoking DeviceReduceSingleTileKernel<<<1, 256, 0, 102321612979792>>>(), 16 items per thread
Dispatching DeviceReduce on compute capability 8.9 with tuning: ReducePolicy { .multi_tile = ReducePassPolicy { .threads_per_block = 256, .items_per_thread = 16, .vec_size = 4, .reduce_algorithm = BLOCK_REDUCE_WARP_REDUCTIONS, .load_modifier = LOAD_LDG }, .single_tile = ReducePassPolicy { .threads_per_block = 256, .items_per_thread = 16, .vec_size = 4, .reduce_algorithm = BLOCK_REDUCE_WARP_REDUCTIONS, .load_modifier = LOAD_LDG } }
Invoking DeviceReduceKernel<<<720, 256, 0, 102321612979792>>>(), 16 items per thread, 6 SM occupancy
Invoking DeviceReduceSingleTileKernel<<<1, 256, 0, 102321612979792>>>(), 16 items per thread
Dispatching DeviceReduce on compute capability 8.9 with tuning: ReducePolicy { .multi_tile = ReducePassPolicy { .threads_per_block = 256, .items_per_thread = 16, .vec_size = 4, .reduce_algorithm = BLOCK_REDUCE_WARP_REDUCTIONS, .load_modifier = LOAD_LDG }, .single_tile = ReducePassPolicy { .threads_per_block = 256, .items_per_thread = 16, .vec_size = 4, .reduce_algorithm = BLOCK_REDUCE_WARP_REDUCTIONS, .load_modifier = LOAD_LDG } }
Invoking DeviceReduceKernel<<<720, 256, 0, 102321612979792>>>(), 16 items per thread, 6 SM occupancy
Invoking DeviceReduceSingleTileKernel<<<1, 256, 0, 102321612979792>>>(), 16 items per thread
Dispatching DeviceReduce on compute capability 8.9 with tuning: ReducePolicy { .multi_tile = ReducePassPolicy { .threads_per_block = 256, .items_per_thread = 16, .vec_size = 4, .reduce_algorithm = BLOCK_REDUCE_WARP_REDUCTIONS, .load_modifier = LOAD_LDG }, .single_tile = ReducePassPolicy { .threads_per_block = 256, .items_per_thread = 16, .vec_size = 4, .reduce_algorithm = BLOCK_REDUCE_WARP_REDUCTIONS, .load_modifier = LOAD_LDG } }
Invoking DeviceReduceKernel<<<720, 256, 0, 102321612979792>>>(), 16 items per thread, 6 SM occupancy
Invoking DeviceReduceSingleTileKernel<<<1, 256, 0, 102321612979792>>>(), 16 items per thread
Dispatching DeviceReduce on compute capability 8.9 with tuning: ReducePolicy { .multi_tile = ReducePassPolicy { .threads_per_block = 256, .items_per_thread = 16, .vec_size = 4, .reduce_algorithm = BLOCK_REDUCE_WARP_REDUCTIONS, .load_modifier = LOAD_LDG }, .single_tile = ReducePassPolicy { .threads_per_block = 256, .items_per_thread = 16, .vec_size = 4, .reduce_algorithm = BLOCK_REDUCE_WARP_REDUCTIONS, .load_modifier = LOAD_LDG } }
Invoking DeviceReduceKernel<<<720, 256, 0, 102321612979792>>>(), 16 items per thread, 6 SM occupancy
Invoking DeviceReduceSingleTileKernel<<<1, 256, 0, 102321612979792>>>(), 16 items per thread
Dispatching DeviceReduce on compute capability 8.9 with tuning: ReducePolicy { .multi_tile = ReducePassPolicy { .threads_per_block = 256, .items_per_thread = 16, .vec_size = 4, .reduce_algorithm = BLOCK_REDUCE_WARP_REDUCTIONS, .load_modifier = LOAD_LDG }, .single_tile = ReducePassPolicy { .threads_per_block = 256, .items_per_thread = 16, .vec_size = 4, .reduce_algorithm = BLOCK_REDUCE_WARP_REDUCTIONS, .load_modifier = LOAD_LDG } }
Invoking DeviceReduceKernel<<<720, 256, 0, 102321612979792>>>(), 16 items per thread, 6 SM occupancy
Invoking DeviceReduceSingleTileKernel<<<1, 256, 0, 102321612979792>>>(), 16 items per thread
Dispatching DeviceReduce on compute capability 8.9 with tuning: ReducePolicy { .multi_tile = ReducePassPolicy { .threads_per_block = 256, .items_per_thread = 16, .vec_size = 4, .reduce_algorithm = BLOCK_REDUCE_WARP_REDUCTIONS, .load_modifier = LOAD_LDG }, .single_tile = ReducePassPolicy { .threads_per_block = 256, .items_per_thread = 16, .vec_size = 4, .reduce_algorithm = BLOCK_REDUCE_WARP_REDUCTIONS, .load_modifier = LOAD_LDG } }
Invoking DeviceReduceKernel<<<720, 256, 0, 102321612979792>>>(), 16 items per thread, 6 SM occupancy
Invoking DeviceReduceSingleTileKernel<<<1, 256, 0, 102321612979792>>>(), 16 items per thread
Dispatching DeviceReduce on compute capability 8.9 with tuning: ReducePolicy { .multi_tile = ReducePassPolicy { .threads_per_block = 256, .items_per_thread = 16, .vec_size = 4, .reduce_algorithm = BLOCK_REDUCE_WARP_REDUCTIONS, .load_modifier = LOAD_LDG }, .single_tile = ReducePassPolicy { .threads_per_block = 256, .items_per_thread = 16, .vec_size = 4, .reduce_algorithm = BLOCK_REDUCE_WARP_REDUCTIONS, .load_modifier = LOAD_LDG } }
Invoking DeviceReduceKernel<<<720, 256, 0, 102321612979792>>>(), 16 items per thread, 6 SM occupancy
Invoking DeviceReduceSingleTileKernel<<<1, 256, 0, 102321612979792>>>(), 16 items per thread
Dispatching DeviceReduce on compute capability 8.9 with tuning: ReducePolicy { .multi_tile = ReducePassPolicy { .threads_per_block = 256, .items_per_thread = 16, .vec_size = 4, .reduce_algorithm = BLOCK_REDUCE_WARP_REDUCTIONS, .load_modifier = LOAD_LDG }, .single_tile = ReducePassPolicy { .threads_per_block = 256, .items_per_thread = 16, .vec_size = 4, .reduce_algorithm = BLOCK_REDUCE_WARP_REDUCTIONS, .load_modifier = LOAD_LDG } }
Invoking DeviceReduceKernel<<<720, 256, 0, 102321612979792>>>(), 16 items per thread, 6 SM occupancy
Invoking DeviceReduceSingleTileKernel<<<1, 256, 0, 102321612979792>>>(), 16 items per thread
Dispatching DeviceReduce on compute capability 8.9 with tuning: ReducePolicy { .multi_tile = ReducePassPolicy { .threads_per_block = 256, .items_per_thread = 16, .vec_size = 4, .reduce_algorithm = BLOCK_REDUCE_WARP_REDUCTIONS, .load_modifier = LOAD_LDG }, .single_tile = ReducePassPolicy { .threads_per_block = 256, .items_per_thread = 16, .vec_size = 4, .reduce_algorithm = BLOCK_REDUCE_WARP_REDUCTIONS, .load_modifier = LOAD_LDG } }
Invoking DeviceReduceKernel<<<720, 256, 0, 102321612979792>>>(), 16 items per thread, 6 SM occupancy
Invoking DeviceReduceSingleTileKernel<<<1, 256, 0, 102321612979792>>>(), 16 items per thread
Dispatching DeviceReduce on compute capability 8.9 with tuning: ReducePolicy { .multi_tile = ReducePassPolicy { .threads_per_block = 256, .items_per_thread = 16, .vec_size = 4, .reduce_algorithm = BLOCK_REDUCE_WARP_REDUCTIONS, .load_modifier = LOAD_LDG }, .single_tile = ReducePassPolicy { .threads_per_block = 256, .items_per_thread = 16, .vec_size = 4, .reduce_algorithm = BLOCK_REDUCE_WARP_REDUCTIONS, .load_modifier = LOAD_LDG } }
Invoking DeviceReduceKernel<<<720, 256, 0, 102321612979792>>>(), 16 items per thread, 6 SM occupancy
Invoking DeviceReduceSingleTileKernel<<<1, 256, 0, 102321612979792>>>(), 16 items per thread
Dispatching DeviceReduce on compute capability 8.9 with tuning: ReducePolicy { .multi_tile = ReducePassPolicy { .threads_per_block = 256, .items_per_thread = 16, .vec_size = 4, .reduce_algorithm = BLOCK_REDUCE_WARP_REDUCTIONS, .load_modifier = LOAD_LDG }, .single_tile = ReducePassPolicy { .threads_per_block = 256, .items_per_thread = 16, .vec_size = 4, .reduce_algorithm = BLOCK_REDUCE_WARP_REDUCTIONS, .load_modifier = LOAD_LDG } }
Invoking DeviceReduceKernel<<<720, 256, 0, 102321612979792>>>(), 16 items per thread, 6 SM occupancy
Invoking DeviceReduceSingleTileKernel<<<1, 256, 0, 102321612979792>>>(), 16 items per thread
Dispatching DeviceReduce on compute capability 8.9 with tuning: ReducePolicy { .multi_tile = ReducePassPolicy { .threads_per_block = 256, .items_per_thread = 16, .vec_size = 4, .reduce_algorithm = BLOCK_REDUCE_WARP_REDUCTIONS, .load_modifier = LOAD_LDG }, .single_tile = ReducePassPolicy { .threads_per_block = 256, .items_per_thread = 16, .vec_size = 4, .reduce_algorithm = BLOCK_REDUCE_WARP_REDUCTIONS, .load_modifier = LOAD_LDG } }
Invoking DeviceReduceKernel<<<720, 256, 0, 102321612979792>>>(), 16 items per thread, 6 SM occupancy
Invoking DeviceReduceSingleTileKernel<<<1, 256, 0, 102321612979792>>>(), 16 items per thread
Dispatching DeviceReduce on compute capability 8.9 with tuning: ReducePolicy { .multi_tile = ReducePassPolicy { .threads_per_block = 256, .items_per_thread = 16, .vec_size = 4, .reduce_algorithm = BLOCK_REDUCE_WARP_REDUCTIONS, .load_modifier = LOAD_LDG }, .single_tile = ReducePassPolicy { .threads_per_block = 256, .items_per_thread = 16, .vec_size = 4, .reduce_algorithm = BLOCK_REDUCE_WARP_REDUCTIONS, .load_modifier = LOAD_LDG } }
Invoking DeviceReduceKernel<<<720, 256, 0, 102321612979792>>>(), 16 items per thread, 6 SM occupancy
Invoking DeviceReduceSingleTileKernel<<<1, 256, 0, 102321612979792>>>(), 16 items per thread
Dispatching DeviceReduce on compute capability 8.9 with tuning: ReducePolicy { .multi_tile = ReducePassPolicy { .threads_per_block = 256, .items_per_thread = 16, .vec_size = 4, .reduce_algorithm = BLOCK_REDUCE_WARP_REDUCTIONS, .load_modifier = LOAD_LDG }, .single_tile = ReducePassPolicy { .threads_per_block = 256, .items_per_thread = 16, .vec_size = 4, .reduce_algorithm = BLOCK_REDUCE_WARP_REDUCTIONS, .load_modifier = LOAD_LDG } }
Invoking DeviceReduceKernel<<<720, 256, 0, 102321612979792>>>(), 16 items per thread, 6 SM occupancy
Invoking DeviceReduceSingleTileKernel<<<1, 256, 0, 102321612979792>>>(), 16 items per thread
Dispatching DeviceReduce on compute capability 8.9 with tuning: ReducePolicy { .multi_tile = ReducePassPolicy { .threads_per_block = 256, .items_per_thread = 16, .vec_size = 4, .reduce_algorithm = BLOCK_REDUCE_WARP_REDUCTIONS, .load_modifier = LOAD_LDG }, .single_tile = ReducePassPolicy { .threads_per_block = 256, .items_per_thread = 16, .vec_size = 4, .reduce_algorithm = BLOCK_REDUCE_WARP_REDUCTIONS, .load_modifier = LOAD_LDG } }
Invoking DeviceReduceKernel<<<720, 256, 0, 102321612979792>>>(), 16 items per thread, 6 SM occupancy
Invoking DeviceReduceSingleTileKernel<<<1, 256, 0, 102321612979792>>>(), 16 items per thread
Dispatching DeviceReduce on compute capability 8.9 with tuning: ReducePolicy { .multi_tile = ReducePassPolicy { .threads_per_block = 256, .items_per_thread = 16, .vec_size = 4, .reduce_algorithm = BLOCK_REDUCE_WARP_REDUCTIONS, .load_modifier = LOAD_LDG }, .single_tile = ReducePassPolicy { .threads_per_block = 256, .items_per_thread = 16, .vec_size = 4, .reduce_algorithm = BLOCK_REDUCE_WARP_REDUCTIONS, .load_modifier = LOAD_LDG } }
Invoking DeviceReduceKernel<<<720, 256, 0, 102321612979792>>>(), 16 items per thread, 6 SM occupancy
Invoking DeviceReduceSingleTileKernel<<<1, 256, 0, 102321612979792>>>(), 16 items per thread
Dispatching DeviceReduce on compute capability 8.9 with tuning: ReducePolicy { .multi_tile = ReducePassPolicy { .threads_per_block = 256, .items_per_thread = 16, .vec_size = 4, .reduce_algorithm = BLOCK_REDUCE_WARP_REDUCTIONS, .load_modifier = LOAD_LDG }, .single_tile = ReducePassPolicy { .threads_per_block = 256, .items_per_thread = 16, .vec_size = 4, .reduce_algorithm = BLOCK_REDUCE_WARP_REDUCTIONS, .load_modifier = LOAD_LDG } }
Invoking DeviceReduceKernel<<<720, 256, 0, 102321612979792>>>(), 16 items per thread, 6 SM occupancy
Invoking DeviceReduceSingleTileKernel<<<1, 256, 0, 102321612979792>>>(), 16 items per thread
Dispatching DeviceReduce on compute capability 8.9 with tuning: ReducePolicy { .multi_tile = ReducePassPolicy { .threads_per_block = 256, .items_per_thread = 16, .vec_size = 4, .reduce_algorithm = BLOCK_REDUCE_WARP_REDUCTIONS, .load_modifier = LOAD_LDG }, .single_tile = ReducePassPolicy { .threads_per_block = 256, .items_per_thread = 16, .vec_size = 4, .reduce_algorithm = BLOCK_REDUCE_WARP_REDUCTIONS, .load_modifier = LOAD_LDG } }
Invoking DeviceReduceKernel<<<720, 256, 0, 102321612979792>>>(), 16 items per thread, 6 SM occupancy
Invoking DeviceReduceSingleTileKernel<<<1, 256, 0, 102321612979792>>>(), 16 items per thread
Dispatching DeviceReduce on compute capability 8.9 with tuning: ReducePolicy { .multi_tile = ReducePassPolicy { .threads_per_block = 256, .items_per_thread = 16, .vec_size = 4, .reduce_algorithm = BLOCK_REDUCE_WARP_REDUCTIONS, .load_modifier = LOAD_LDG }, .single_tile = ReducePassPolicy { .threads_per_block = 256, .items_per_thread = 16, .vec_size = 4, .reduce_algorithm = BLOCK_REDUCE_WARP_REDUCTIONS, .load_modifier = LOAD_LDG } }
Invoking DeviceReduceKernel<<<720, 256, 0, 102321612979792>>>(), 16 items per thread, 6 SM occupancy
Invoking DeviceReduceSingleTileKernel<<<1, 256, 0, 102321612979792>>>(), 16 items per thread
Dispatching DeviceReduce on compute capability 8.9 with tuning: ReducePolicy { .multi_tile = ReducePassPolicy { .threads_per_block = 256, .items_per_thread = 16, .vec_size = 4, .reduce_algorithm = BLOCK_REDUCE_WARP_REDUCTIONS, .load_modifier = LOAD_LDG }, .single_tile = ReducePassPolicy { .threads_per_block = 256, .items_per_thread = 16, .vec_size = 4, .reduce_algorithm = BLOCK_REDUCE_WARP_REDUCTIONS, .load_modifier = LOAD_LDG } }
Invoking DeviceReduceKernel<<<720, 256, 0, 102321612979792>>>(), 16 items per thread, 6 SM occupancy
Invoking DeviceReduceSingleTileKernel<<<1, 256, 0, 102321612979792>>>(), 16 items per thread
Dispatching DeviceReduce on compute capability 8.9 with tuning: ReducePolicy { .multi_tile = ReducePassPolicy { .threads_per_block = 256, .items_per_thread = 16, .vec_size = 4, .reduce_algorithm = BLOCK_REDUCE_WARP_REDUCTIONS, .load_modifier = LOAD_LDG }, .single_tile = ReducePassPolicy { .threads_per_block = 256, .items_per_thread = 16, .vec_size = 4, .reduce_algorithm = BLOCK_REDUCE_WARP_REDUCTIONS, .load_modifier = LOAD_LDG } }
Invoking DeviceReduceKernel<<<720, 256, 0, 102321612979792>>>(), 16 items per thread, 6 SM occupancy
Invoking DeviceReduceSingleTileKernel<<<1, 256, 0, 102321612979792>>>(), 16 items per thread
Dispatching DeviceReduce on compute capability 8.9 with tuning: ReducePolicy { .multi_tile = ReducePassPolicy { .threads_per_block = 256, .items_per_thread = 16, .vec_size = 4, .reduce_algorithm = BLOCK_REDUCE_WARP_REDUCTIONS, .load_modifier = LOAD_LDG }, .single_tile = ReducePassPolicy { .threads_per_block = 256, .items_per_thread = 16, .vec_size = 4, .reduce_algorithm = BLOCK_REDUCE_WARP_REDUCTIONS, .load_modifier = LOAD_LDG } }
Invoking DeviceReduceKernel<<<720, 256, 0, 102321612979792>>>(), 16 items per thread, 6 SM occupancy
Invoking DeviceReduceSingleTileKernel<<<1, 256, 0, 102321612979792>>>(), 16 items per thread
Dispatching DeviceReduce on compute capability 8.9 with tuning: ReducePolicy { .multi_tile = ReducePassPolicy { .threads_per_block = 256, .items_per_thread = 16, .vec_size = 4, .reduce_algorithm = BLOCK_REDUCE_WARP_REDUCTIONS, .load_modifier = LOAD_LDG }, .single_tile = ReducePassPolicy { .threads_per_block = 256, .items_per_thread = 16, .vec_size = 4, .reduce_algorithm = BLOCK_REDUCE_WARP_REDUCTIONS, .load_modifier = LOAD_LDG } }
Invoking DeviceReduceKernel<<<720, 256, 0, 102321612979792>>>(), 16 items per thread, 6 SM occupancy
Invoking DeviceReduceSingleTileKernel<<<1, 256, 0, 102321612979792>>>(), 16 items per thread
Dispatching DeviceReduce on compute capability 8.9 with tuning: ReducePolicy { .multi_tile = ReducePassPolicy { .threads_per_block = 256, .items_per_thread = 16, .vec_size = 4, .reduce_algorithm = BLOCK_REDUCE_WARP_REDUCTIONS, .load_modifier = LOAD_LDG }, .single_tile = ReducePassPolicy { .threads_per_block = 256, .items_per_thread = 16, .vec_size = 4, .reduce_algorithm = BLOCK_REDUCE_WARP_REDUCTIONS, .load_modifier = LOAD_LDG } }
Invoking DeviceReduceKernel<<<720, 256, 0, 102321612979792>>>(), 16 items per thread, 6 SM occupancy
Invoking DeviceReduceSingleTileKernel<<<1, 256, 0, 102321612979792>>>(), 16 items per thread
Dispatching DeviceReduce on compute capability 8.9 with tuning: ReducePolicy { .multi_tile = ReducePassPolicy { .threads_per_block = 256, .items_per_thread = 16, .vec_size = 4, .reduce_algorithm = BLOCK_REDUCE_WARP_REDUCTIONS, .load_modifier = LOAD_LDG }, .single_tile = ReducePassPolicy { .threads_per_block = 256, .items_per_thread = 16, .vec_size = 4, .reduce_algorithm = BLOCK_REDUCE_WARP_REDUCTIONS, .load_modifier = LOAD_LDG } }
Invoking DeviceReduceKernel<<<720, 256, 0, 102321612979792>>>(), 16 items per thread, 6 SM occupancy
Invoking DeviceReduceSingleTileKernel<<<1, 256, 0, 102321612979792>>>(), 16 items per thread
Dispatching DeviceReduce on compute capability 8.9 with tuning: ReducePolicy { .multi_tile = ReducePassPolicy { .threads_per_block = 256, .items_per_thread = 16, .vec_size = 4, .reduce_algorithm = BLOCK_REDUCE_WARP_REDUCTIONS, .load_modifier = LOAD_LDG }, .single_tile = ReducePassPolicy { .threads_per_block = 256, .items_per_thread = 16, .vec_size = 4, .reduce_algorithm = BLOCK_REDUCE_WARP_REDUCTIONS, .load_modifier = LOAD_LDG } }
Invoking DeviceReduceKernel<<<720, 256, 0, 102321612979792>>>(), 16 items per thread, 6 SM occupancy
Invoking DeviceReduceSingleTileKernel<<<1, 256, 0, 102321612979792>>>(), 16 items per thread
Dispatching DeviceReduce on compute capability 8.9 with tuning: ReducePolicy { .multi_tile = ReducePassPolicy { .threads_per_block = 256, .items_per_thread = 16, .vec_size = 4, .reduce_algorithm = BLOCK_REDUCE_WARP_REDUCTIONS, .load_modifier = LOAD_LDG }, .single_tile = ReducePassPolicy { .threads_per_block = 256, .items_per_thread = 16, .vec_size = 4, .reduce_algorithm = BLOCK_REDUCE_WARP_REDUCTIONS, .load_modifier = LOAD_LDG } }
Invoking DeviceReduceKernel<<<720, 256, 0, 102321612979792>>>(), 16 items per thread, 6 SM occupancy
Invoking DeviceReduceSingleTileKernel<<<1, 256, 0, 102321612979792>>>(), 16 items per thread
Dispatching DeviceReduce on compute capability 8.9 with tuning: ReducePolicy { .multi_tile = ReducePassPolicy { .threads_per_block = 256, .items_per_thread = 16, .vec_size = 4, .reduce_algorithm = BLOCK_REDUCE_WARP_REDUCTIONS, .load_modifier = LOAD_LDG }, .single_tile = ReducePassPolicy { .threads_per_block = 256, .items_per_thread = 16, .vec_size = 4, .reduce_algorithm = BLOCK_REDUCE_WARP_REDUCTIONS, .load_modifier = LOAD_LDG } }
Invoking DeviceReduceKernel<<<720, 256, 0, 102321612979792>>>(), 16 items per thread, 6 SM occupancy
Invoking DeviceReduceSingleTileKernel<<<1, 256, 0, 102321612979792>>>(), 16 items per thread
Dispatching DeviceReduce on compute capability 8.9 with tuning: ReducePolicy { .multi_tile = ReducePassPolicy { .threads_per_block = 256, .items_per_thread = 16, .vec_size = 4, .reduce_algorithm = BLOCK_REDUCE_WARP_REDUCTIONS, .load_modifier = LOAD_LDG }, .single_tile = ReducePassPolicy { .threads_per_block = 256, .items_per_thread = 16, .vec_size = 4, .reduce_algorithm = BLOCK_REDUCE_WARP_REDUCTIONS, .load_modifier = LOAD_LDG } }
Invoking DeviceReduceKernel<<<720, 256, 0, 102321612979792>>>(), 16 items per thread, 6 SM occupancy
Invoking DeviceReduceSingleTileKernel<<<1, 256, 0, 102321612979792>>>(), 16 items per thread
Dispatching DeviceReduce on compute capability 8.9 with tuning: ReducePolicy { .multi_tile = ReducePassPolicy { .threads_per_block = 256, .items_per_thread = 16, .vec_size = 4, .reduce_algorithm = BLOCK_REDUCE_WARP_REDUCTIONS, .load_modifier = LOAD_LDG }, .single_tile = ReducePassPolicy { .threads_per_block = 256, .items_per_thread = 16, .vec_size = 4, .reduce_algorithm = BLOCK_REDUCE_WARP_REDUCTIONS, .load_modifier = LOAD_LDG } }
Invoking DeviceReduceKernel<<<720, 256, 0, 102321612979792>>>(), 16 items per thread, 6 SM occupancy
Invoking DeviceReduceSingleTileKernel<<<1, 256, 0, 102321612979792>>>(), 16 items per thread
Dispatching DeviceReduce on compute capability 8.9 with tuning: ReducePolicy { .multi_tile = ReducePassPolicy { .threads_per_block = 256, .items_per_thread = 16, .vec_size = 4, .reduce_algorithm = BLOCK_REDUCE_WARP_REDUCTIONS, .load_modifier = LOAD_LDG }, .single_tile = ReducePassPolicy { .threads_per_block = 256, .items_per_thread = 16, .vec_size = 4, .reduce_algorithm = BLOCK_REDUCE_WARP_REDUCTIONS, .load_modifier = LOAD_LDG } }
Invoking DeviceReduceKernel<<<720, 256, 0, 102321612979792>>>(), 16 items per thread, 6 SM occupancy
Invoking DeviceReduceSingleTileKernel<<<1, 256, 0, 102321612979792>>>(), 16 items per thread
Dispatching DeviceReduce on compute capability 8.9 with tuning: ReducePolicy { .multi_tile = ReducePassPolicy { .threads_per_block = 256, .items_per_thread = 16, .vec_size = 4, .reduce_algorithm = BLOCK_REDUCE_WARP_REDUCTIONS, .load_modifier = LOAD_LDG }, .single_tile = ReducePassPolicy { .threads_per_block = 256, .items_per_thread = 16, .vec_size = 4, .reduce_algorithm = BLOCK_REDUCE_WARP_REDUCTIONS, .load_modifier = LOAD_LDG } }
Invoking DeviceReduceKernel<<<720, 256, 0, 102321612979792>>>(), 16 items per thread, 6 SM occupancy
Invoking DeviceReduceSingleTileKernel<<<1, 256, 0, 102321612979792>>>(), 16 items per thread
Dispatching DeviceReduce on compute capability 8.9 with tuning: ReducePolicy { .multi_tile = ReducePassPolicy { .threads_per_block = 256, .items_per_thread = 16, .vec_size = 4, .reduce_algorithm = BLOCK_REDUCE_WARP_REDUCTIONS, .load_modifier = LOAD_LDG }, .single_tile = ReducePassPolicy { .threads_per_block = 256, .items_per_thread = 16, .vec_size = 4, .reduce_algorithm = BLOCK_REDUCE_WARP_REDUCTIONS, .load_modifier = LOAD_LDG } }
Invoking DeviceReduceKernel<<<720, 256, 0, 102321612979792>>>(), 16 items per thread, 6 SM occupancy
Invoking DeviceReduceSingleTileKernel<<<1, 256, 0, 102321612979792>>>(), 16 items per thread
Dispatching DeviceReduce on compute capability 8.9 with tuning: ReducePolicy { .multi_tile = ReducePassPolicy { .threads_per_block = 256, .items_per_thread = 16, .vec_size = 4, .reduce_algorithm = BLOCK_REDUCE_WARP_REDUCTIONS, .load_modifier = LOAD_LDG }, .single_tile = ReducePassPolicy { .threads_per_block = 256, .items_per_thread = 16, .vec_size = 4, .reduce_algorithm = BLOCK_REDUCE_WARP_REDUCTIONS, .load_modifier = LOAD_LDG } }
Invoking DeviceReduceKernel<<<720, 256, 0, 102321612979792>>>(), 16 items per thread, 6 SM occupancy
Invoking DeviceReduceSingleTileKernel<<<1, 256, 0, 102321612979792>>>(), 16 items per thread
Dispatching DeviceReduce on compute capability 8.9 with tuning: ReducePolicy { .multi_tile = ReducePassPolicy { .threads_per_block = 256, .items_per_thread = 16, .vec_size = 4, .reduce_algorithm = BLOCK_REDUCE_WARP_REDUCTIONS, .load_modifier = LOAD_LDG }, .single_tile = ReducePassPolicy { .threads_per_block = 256, .items_per_thread = 16, .vec_size = 4, .reduce_algorithm = BLOCK_REDUCE_WARP_REDUCTIONS, .load_modifier = LOAD_LDG } }
Invoking DeviceReduceKernel<<<720, 256, 0, 102321612979792>>>(), 16 items per thread, 6 SM occupancy
Invoking DeviceReduceSingleTileKernel<<<1, 256, 0, 102321612979792>>>(), 16 items per thread
Dispatching DeviceReduce on compute capability 8.9 with tuning: ReducePolicy { .multi_tile = ReducePassPolicy { .threads_per_block = 256, .items_per_thread = 16, .vec_size = 4, .reduce_algorithm = BLOCK_REDUCE_WARP_REDUCTIONS, .load_modifier = LOAD_LDG }, .single_tile = ReducePassPolicy { .threads_per_block = 256, .items_per_thread = 16, .vec_size = 4, .reduce_algorithm = BLOCK_REDUCE_WARP_REDUCTIONS, .load_modifier = LOAD_LDG } }
Invoking DeviceReduceKernel<<<720, 256, 0, 102321612979792>>>(), 16 items per thread, 6 SM occupancy
Invoking DeviceReduceSingleTileKernel<<<1, 256, 0, 102321612979792>>>(), 16 items per thread
Dispatching DeviceReduce on compute capability 8.9 with tuning: ReducePolicy { .multi_tile = ReducePassPolicy { .threads_per_block = 256, .items_per_thread = 16, .vec_size = 4, .reduce_algorithm = BLOCK_REDUCE_WARP_REDUCTIONS, .load_modifier = LOAD_LDG }, .single_tile = ReducePassPolicy { .threads_per_block = 256, .items_per_thread = 16, .vec_size = 4, .reduce_algorithm = BLOCK_REDUCE_WARP_REDUCTIONS, .load_modifier = LOAD_LDG } }
Invoking DeviceReduceKernel<<<720, 256, 0, 102321612979792>>>(), 16 items per thread, 6 SM occupancy
Invoking DeviceReduceSingleTileKernel<<<1, 256, 0, 102321612979792>>>(), 16 items per thread
Dispatching DeviceReduce on compute capability 8.9 with tuning: ReducePolicy { .multi_tile = ReducePassPolicy { .threads_per_block = 256, .items_per_thread = 16, .vec_size = 4, .reduce_algorithm = BLOCK_REDUCE_WARP_REDUCTIONS, .load_modifier = LOAD_LDG }, .single_tile = ReducePassPolicy { .threads_per_block = 256, .items_per_thread = 16, .vec_size = 4, .reduce_algorithm = BLOCK_REDUCE_WARP_REDUCTIONS, .load_modifier = LOAD_LDG } }
Invoking DeviceReduceKernel<<<720, 256, 0, 102321612979792>>>(), 16 items per thread, 6 SM occupancy
Invoking DeviceReduceSingleTileKernel<<<1, 256, 0, 102321612979792>>>(), 16 items per thread
Dispatching DeviceReduce on compute capability 8.9 with tuning: ReducePolicy { .multi_tile = ReducePassPolicy { .threads_per_block = 256, .items_per_thread = 16, .vec_size = 4, .reduce_algorithm = BLOCK_REDUCE_WARP_REDUCTIONS, .load_modifier = LOAD_LDG }, .single_tile = ReducePassPolicy { .threads_per_block = 256, .items_per_thread = 16, .vec_size = 4, .reduce_algorithm = BLOCK_REDUCE_WARP_REDUCTIONS, .load_modifier = LOAD_LDG } }
Invoking DeviceReduceKernel<<<720, 256, 0, 102321612979792>>>(), 16 items per thread, 6 SM occupancy
Invoking DeviceReduceSingleTileKernel<<<1, 256, 0, 102321612979792>>>(), 16 items per thread
Dispatching DeviceReduce on compute capability 8.9 with tuning: ReducePolicy { .multi_tile = ReducePassPolicy { .threads_per_block = 256, .items_per_thread = 16, .vec_size = 4, .reduce_algorithm = BLOCK_REDUCE_WARP_REDUCTIONS, .load_modifier = LOAD_LDG }, .single_tile = ReducePassPolicy { .threads_per_block = 256, .items_per_thread = 16, .vec_size = 4, .reduce_algorithm = BLOCK_REDUCE_WARP_REDUCTIONS, .load_modifier = LOAD_LDG } }
Invoking DeviceReduceKernel<<<720, 256, 0, 102321612979792>>>(), 16 items per thread, 6 SM occupancy
Invoking DeviceReduceSingleTileKernel<<<1, 256, 0, 102321612979792>>>(), 16 items per thread
Dispatching DeviceReduce on compute capability 8.9 with tuning: ReducePolicy { .multi_tile = ReducePassPolicy { .threads_per_block = 256, .items_per_thread = 16, .vec_size = 4, .reduce_algorithm = BLOCK_REDUCE_WARP_REDUCTIONS, .load_modifier = LOAD_LDG }, .single_tile = ReducePassPolicy { .threads_per_block = 256, .items_per_thread = 16, .vec_size = 4, .reduce_algorithm = BLOCK_REDUCE_WARP_REDUCTIONS, .load_modifier = LOAD_LDG } }
Invoking DeviceReduceKernel<<<720, 256, 0, 102321612979792>>>(), 16 items per thread, 6 SM occupancy
Invoking DeviceReduceSingleTileKernel<<<1, 256, 0, 102321612979792>>>(), 16 items per thread
Dispatching DeviceReduce on compute capability 8.9 with tuning: ReducePolicy { .multi_tile = ReducePassPolicy { .threads_per_block = 256, .items_per_thread = 16, .vec_size = 4, .reduce_algorithm = BLOCK_REDUCE_WARP_REDUCTIONS, .load_modifier = LOAD_LDG }, .single_tile = ReducePassPolicy { .threads_per_block = 256, .items_per_thread = 16, .vec_size = 4, .reduce_algorithm = BLOCK_REDUCE_WARP_REDUCTIONS, .load_modifier = LOAD_LDG } }
Invoking DeviceReduceKernel<<<720, 256, 0, 102321612979792>>>(), 16 items per thread, 6 SM occupancy
Invoking DeviceReduceSingleTileKernel<<<1, 256, 0, 102321612979792>>>(), 16 items per thread
Dispatching DeviceReduce on compute capability 8.9 with tuning: ReducePolicy { .multi_tile = ReducePassPolicy { .threads_per_block = 256, .items_per_thread = 16, .vec_size = 4, .reduce_algorithm = BLOCK_REDUCE_WARP_REDUCTIONS, .load_modifier = LOAD_LDG }, .single_tile = ReducePassPolicy { .threads_per_block = 256, .items_per_thread = 16, .vec_size = 4, .reduce_algorithm = BLOCK_REDUCE_WARP_REDUCTIONS, .load_modifier = LOAD_LDG } }
Invoking DeviceReduceKernel<<<720, 256, 0, 102321612979792>>>(), 16 items per thread, 6 SM occupancy
Invoking DeviceReduceSingleTileKernel<<<1, 256, 0, 102321612979792>>>(), 16 items per thread
Dispatching DeviceReduce on compute capability 8.9 with tuning: ReducePolicy { .multi_tile = ReducePassPolicy { .threads_per_block = 256, .items_per_thread = 16, .vec_size = 4, .reduce_algorithm = BLOCK_REDUCE_WARP_REDUCTIONS, .load_modifier = LOAD_LDG }, .single_tile = ReducePassPolicy { .threads_per_block = 256, .items_per_thread = 16, .vec_size = 4, .reduce_algorithm = BLOCK_REDUCE_WARP_REDUCTIONS, .load_modifier = LOAD_LDG } }
Invoking DeviceReduceKernel<<<720, 256, 0, 102321612979792>>>(), 16 items per thread, 6 SM occupancy
Invoking DeviceReduceSingleTileKernel<<<1, 256, 0, 102321612979792>>>(), 16 items per thread
Dispatching DeviceReduce on compute capability 8.9 with tuning: ReducePolicy { .multi_tile = ReducePassPolicy { .threads_per_block = 256, .items_per_thread = 16, .vec_size = 4, .reduce_algorithm = BLOCK_REDUCE_WARP_REDUCTIONS, .load_modifier = LOAD_LDG }, .single_tile = ReducePassPolicy { .threads_per_block = 256, .items_per_thread = 16, .vec_size = 4, .reduce_algorithm = BLOCK_REDUCE_WARP_REDUCTIONS, .load_modifier = LOAD_LDG } }
Invoking DeviceReduceKernel<<<720, 256, 0, 102321612979792>>>(), 16 items per thread, 6 SM occupancy
Invoking DeviceReduceSingleTileKernel<<<1, 256, 0, 102321612979792>>>(), 16 items per thread
Dispatching DeviceReduce on compute capability 8.9 with tuning: ReducePolicy { .multi_tile = ReducePassPolicy { .threads_per_block = 256, .items_per_thread = 16, .vec_size = 4, .reduce_algorithm = BLOCK_REDUCE_WARP_REDUCTIONS, .load_modifier = LOAD_LDG }, .single_tile = ReducePassPolicy { .threads_per_block = 256, .items_per_thread = 16, .vec_size = 4, .reduce_algorithm = BLOCK_REDUCE_WARP_REDUCTIONS, .load_modifier = LOAD_LDG } }
Invoking DeviceReduceKernel<<<720, 256, 0, 102321612979792>>>(), 16 items per thread, 6 SM occupancy
Invoking DeviceReduceSingleTileKernel<<<1, 256, 0, 102321612979792>>>(), 16 items per thread
Dispatching DeviceReduce on compute capability 8.9 with tuning: ReducePolicy { .multi_tile = ReducePassPolicy { .threads_per_block = 256, .items_per_thread = 16, .vec_size = 4, .reduce_algorithm = BLOCK_REDUCE_WARP_REDUCTIONS, .load_modifier = LOAD_LDG }, .single_tile = ReducePassPolicy { .threads_per_block = 256, .items_per_thread = 16, .vec_size = 4, .reduce_algorithm = BLOCK_REDUCE_WARP_REDUCTIONS, .load_modifier = LOAD_LDG } }
Invoking DeviceReduceKernel<<<720, 256, 0, 102321612979792>>>(), 16 items per thread, 6 SM occupancy
Invoking DeviceReduceSingleTileKernel<<<1, 256, 0, 102321612979792>>>(), 16 items per thread
Dispatching DeviceReduce on compute capability 8.9 with tuning: ReducePolicy { .multi_tile = ReducePassPolicy { .threads_per_block = 256, .items_per_thread = 16, .vec_size = 4, .reduce_algorithm = BLOCK_REDUCE_WARP_REDUCTIONS, .load_modifier = LOAD_LDG }, .single_tile = ReducePassPolicy { .threads_per_block = 256, .items_per_thread = 16, .vec_size = 4, .reduce_algorithm = BLOCK_REDUCE_WARP_REDUCTIONS, .load_modifier = LOAD_LDG } }
Invoking DeviceReduceKernel<<<720, 256, 0, 102321612979792>>>(), 16 items per thread, 6 SM occupancy
Invoking DeviceReduceSingleTileKernel<<<1, 256, 0, 102321612979792>>>(), 16 items per thread
Dispatching DeviceReduce on compute capability 8.9 with tuning: ReducePolicy { .multi_tile = ReducePassPolicy { .threads_per_block = 256, .items_per_thread = 16, .vec_size = 4, .reduce_algorithm = BLOCK_REDUCE_WARP_REDUCTIONS, .load_modifier = LOAD_LDG }, .single_tile = ReducePassPolicy { .threads_per_block = 256, .items_per_thread = 16, .vec_size = 4, .reduce_algorithm = BLOCK_REDUCE_WARP_REDUCTIONS, .load_modifier = LOAD_LDG } }
Invoking DeviceReduceKernel<<<720, 256, 0, 102321612979792>>>(), 16 items per thread, 6 SM occupancy
Invoking DeviceReduceSingleTileKernel<<<1, 256, 0, 102321612979792>>>(), 16 items per thread
Dispatching DeviceReduce on compute capability 8.9 with tuning: ReducePolicy { .multi_tile = ReducePassPolicy { .threads_per_block = 256, .items_per_thread = 16, .vec_size = 4, .reduce_algorithm = BLOCK_REDUCE_WARP_REDUCTIONS, .load_modifier = LOAD_LDG }, .single_tile = ReducePassPolicy { .threads_per_block = 256, .items_per_thread = 16, .vec_size = 4, .reduce_algorithm = BLOCK_REDUCE_WARP_REDUCTIONS, .load_modifier = LOAD_LDG } }
Invoking DeviceReduceKernel<<<720, 256, 0, 102321612979792>>>(), 16 items per thread, 6 SM occupancy
Invoking DeviceReduceSingleTileKernel<<<1, 256, 0, 102321612979792>>>(), 16 items per thread
Dispatching DeviceReduce on compute capability 8.9 with tuning: ReducePolicy { .multi_tile = ReducePassPolicy { .threads_per_block = 256, .items_per_thread = 16, .vec_size = 4, .reduce_algorithm = BLOCK_REDUCE_WARP_REDUCTIONS, .load_modifier = LOAD_LDG }, .single_tile = ReducePassPolicy { .threads_per_block = 256, .items_per_thread = 16, .vec_size = 4, .reduce_algorithm = BLOCK_REDUCE_WARP_REDUCTIONS, .load_modifier = LOAD_LDG } }
Invoking DeviceReduceKernel<<<720, 256, 0, 102321612979792>>>(), 16 items per thread, 6 SM occupancy
Invoking DeviceReduceSingleTileKernel<<<1, 256, 0, 102321612979792>>>(), 16 items per thread
Dispatching DeviceReduce on compute capability 8.9 with tuning: ReducePolicy { .multi_tile = ReducePassPolicy { .threads_per_block = 256, .items_per_thread = 16, .vec_size = 4, .reduce_algorithm = BLOCK_REDUCE_WARP_REDUCTIONS, .load_modifier = LOAD_LDG }, .single_tile = ReducePassPolicy { .threads_per_block = 256, .items_per_thread = 16, .vec_size = 4, .reduce_algorithm = BLOCK_REDUCE_WARP_REDUCTIONS, .load_modifier = LOAD_LDG } }
Invoking DeviceReduceKernel<<<720, 256, 0, 102321612979792>>>(), 16 items per thread, 6 SM occupancy
Invoking DeviceReduceSingleTileKernel<<<1, 256, 0, 102321612979792>>>(), 16 items per thread
Dispatching DeviceReduce on compute capability 8.9 with tuning: ReducePolicy { .multi_tile = ReducePassPolicy { .threads_per_block = 256, .items_per_thread = 16, .vec_size = 4, .reduce_algorithm = BLOCK_REDUCE_WARP_REDUCTIONS, .load_modifier = LOAD_LDG }, .single_tile = ReducePassPolicy { .threads_per_block = 256, .items_per_thread = 16, .vec_size = 4, .reduce_algorithm = BLOCK_REDUCE_WARP_REDUCTIONS, .load_modifier = LOAD_LDG } }
Invoking DeviceReduceKernel<<<720, 256, 0, 102321612979792>>>(), 16 items per thread, 6 SM occupancy
Invoking DeviceReduceSingleTileKernel<<<1, 256, 0, 102321612979792>>>(), 16 items per thread
Dispatching DeviceReduce on compute capability 8.9 with tuning: ReducePolicy { .multi_tile = ReducePassPolicy { .threads_per_block = 256, .items_per_thread = 16, .vec_size = 4, .reduce_algorithm = BLOCK_REDUCE_WARP_REDUCTIONS, .load_modifier = LOAD_LDG }, .single_tile = ReducePassPolicy { .threads_per_block = 256, .items_per_thread = 16, .vec_size = 4, .reduce_algorithm = BLOCK_REDUCE_WARP_REDUCTIONS, .load_modifier = LOAD_LDG } }
Invoking DeviceReduceKernel<<<720, 256, 0, 102321612979792>>>(), 16 items per thread, 6 SM occupancy
Invoking DeviceReduceSingleTileKernel<<<1, 256, 0, 102321612979792>>>(), 16 items per thread
Dispatching DeviceReduce on compute capability 8.9 with tuning: ReducePolicy { .multi_tile = ReducePassPolicy { .threads_per_block = 256, .items_per_thread = 16, .vec_size = 4, .reduce_algorithm = BLOCK_REDUCE_WARP_REDUCTIONS, .load_modifier = LOAD_LDG }, .single_tile = ReducePassPolicy { .threads_per_block = 256, .items_per_thread = 16, .vec_size = 4, .reduce_algorithm = BLOCK_REDUCE_WARP_REDUCTIONS, .load_modifier = LOAD_LDG } }
Invoking DeviceReduceKernel<<<720, 256, 0, 102321612979792>>>(), 16 items per thread, 6 SM occupancy
Invoking DeviceReduceSingleTileKernel<<<1, 256, 0, 102321612979792>>>(), 16 items per thread
Dispatching DeviceReduce on compute capability 8.9 with tuning: ReducePolicy { .multi_tile = ReducePassPolicy { .threads_per_block = 256, .items_per_thread = 16, .vec_size = 4, .reduce_algorithm = BLOCK_REDUCE_WARP_REDUCTIONS, .load_modifier = LOAD_LDG }, .single_tile = ReducePassPolicy { .threads_per_block = 256, .items_per_thread = 16, .vec_size = 4, .reduce_algorithm = BLOCK_REDUCE_WARP_REDUCTIONS, .load_modifier = LOAD_LDG } }
Invoking DeviceReduceKernel<<<720, 256, 0, 102321612979792>>>(), 16 items per thread, 6 SM occupancy
Invoking DeviceReduceSingleTileKernel<<<1, 256, 0, 102321612979792>>>(), 16 items per thread
Dispatching DeviceReduce on compute capability 8.9 with tuning: ReducePolicy { .multi_tile = ReducePassPolicy { .threads_per_block = 256, .items_per_thread = 16, .vec_size = 4, .reduce_algorithm = BLOCK_REDUCE_WARP_REDUCTIONS, .load_modifier = LOAD_LDG }, .single_tile = ReducePassPolicy { .threads_per_block = 256, .items_per_thread = 16, .vec_size = 4, .reduce_algorithm = BLOCK_REDUCE_WARP_REDUCTIONS, .load_modifier = LOAD_LDG } }
Invoking DeviceReduceKernel<<<720, 256, 0, 102321612979792>>>(), 16 items per thread, 6 SM occupancy
Invoking DeviceReduceSingleTileKernel<<<1, 256, 0, 102321612979792>>>(), 16 items per thread
Dispatching DeviceReduce on compute capability 8.9 with tuning: ReducePolicy { .multi_tile = ReducePassPolicy { .threads_per_block = 256, .items_per_thread = 16, .vec_size = 4, .reduce_algorithm = BLOCK_REDUCE_WARP_REDUCTIONS, .load_modifier = LOAD_LDG }, .single_tile = ReducePassPolicy { .threads_per_block = 256, .items_per_thread = 16, .vec_size = 4, .reduce_algorithm = BLOCK_REDUCE_WARP_REDUCTIONS, .load_modifier = LOAD_LDG } }
Invoking DeviceReduceKernel<<<720, 256, 0, 102321612979792>>>(), 16 items per thread, 6 SM occupancy
Invoking DeviceReduceSingleTileKernel<<<1, 256, 0, 102321612979792>>>(), 16 items per thread
Dispatching DeviceReduce on compute capability 8.9 with tuning: ReducePolicy { .multi_tile = ReducePassPolicy { .threads_per_block = 256, .items_per_thread = 16, .vec_size = 4, .reduce_algorithm = BLOCK_REDUCE_WARP_REDUCTIONS, .load_modifier = LOAD_LDG }, .single_tile = ReducePassPolicy { .threads_per_block = 256, .items_per_thread = 16, .vec_size = 4, .reduce_algorithm = BLOCK_REDUCE_WARP_REDUCTIONS, .load_modifier = LOAD_LDG } }
Invoking DeviceReduceKernel<<<720, 256, 0, 102321612979792>>>(), 16 items per thread, 6 SM occupancy
Invoking DeviceReduceSingleTileKernel<<<1, 256, 0, 102321612979792>>>(), 16 items per thread
Dispatching DeviceReduce on compute capability 8.9 with tuning: ReducePolicy { .multi_tile = ReducePassPolicy { .threads_per_block = 256, .items_per_thread = 16, .vec_size = 4, .reduce_algorithm = BLOCK_REDUCE_WARP_REDUCTIONS, .load_modifier = LOAD_LDG }, .single_tile = ReducePassPolicy { .threads_per_block = 256, .items_per_thread = 16, .vec_size = 4, .reduce_algorithm = BLOCK_REDUCE_WARP_REDUCTIONS, .load_modifier = LOAD_LDG } }
Invoking DeviceReduceKernel<<<720, 256, 0, 102321612979792>>>(), 16 items per thread, 6 SM occupancy
Invoking DeviceReduceSingleTileKernel<<<1, 256, 0, 102321612979792>>>(), 16 items per thread
Dispatching DeviceReduce on compute capability 8.9 with tuning: ReducePolicy { .multi_tile = ReducePassPolicy { .threads_per_block = 256, .items_per_thread = 16, .vec_size = 4, .reduce_algorithm = BLOCK_REDUCE_WARP_REDUCTIONS, .load_modifier = LOAD_LDG }, .single_tile = ReducePassPolicy { .threads_per_block = 256, .items_per_thread = 16, .vec_size = 4, .reduce_algorithm = BLOCK_REDUCE_WARP_REDUCTIONS, .load_modifier = LOAD_LDG } }
Invoking DeviceReduceKernel<<<720, 256, 0, 102321612979792>>>(), 16 items per thread, 6 SM occupancy
Invoking DeviceReduceSingleTileKernel<<<1, 256, 0, 102321612979792>>>(), 16 items per thread
Dispatching DeviceReduce on compute capability 8.9 with tuning: ReducePolicy { .multi_tile = ReducePassPolicy { .threads_per_block = 256, .items_per_thread = 16, .vec_size = 4, .reduce_algorithm = BLOCK_REDUCE_WARP_REDUCTIONS, .load_modifier = LOAD_LDG }, .single_tile = ReducePassPolicy { .threads_per_block = 256, .items_per_thread = 16, .vec_size = 4, .reduce_algorithm = BLOCK_REDUCE_WARP_REDUCTIONS, .load_modifier = LOAD_LDG } }
Invoking DeviceReduceKernel<<<720, 256, 0, 102321612979792>>>(), 16 items per thread, 6 SM occupancy
Invoking DeviceReduceSingleTileKernel<<<1, 256, 0, 102321612979792>>>(), 16 items per thread
Dispatching DeviceReduce on compute capability 8.9 with tuning: ReducePolicy { .multi_tile = ReducePassPolicy { .threads_per_block = 256, .items_per_thread = 16, .vec_size = 4, .reduce_algorithm = BLOCK_REDUCE_WARP_REDUCTIONS, .load_modifier = LOAD_LDG }, .single_tile = ReducePassPolicy { .threads_per_block = 256, .items_per_thread = 16, .vec_size = 4, .reduce_algorithm = BLOCK_REDUCE_WARP_REDUCTIONS, .load_modifier = LOAD_LDG } }
Invoking DeviceReduceKernel<<<720, 256, 0, 102321612979792>>>(), 16 items per thread, 6 SM occupancy
Invoking DeviceReduceSingleTileKernel<<<1, 256, 0, 102321612979792>>>(), 16 items per thread
Dispatching DeviceReduce on compute capability 8.9 with tuning: ReducePolicy { .multi_tile = ReducePassPolicy { .threads_per_block = 256, .items_per_thread = 16, .vec_size = 4, .reduce_algorithm = BLOCK_REDUCE_WARP_REDUCTIONS, .load_modifier = LOAD_LDG }, .single_tile = ReducePassPolicy { .threads_per_block = 256, .items_per_thread = 16, .vec_size = 4, .reduce_algorithm = BLOCK_REDUCE_WARP_REDUCTIONS, .load_modifier = LOAD_LDG } }
Invoking DeviceReduceKernel<<<720, 256, 0, 102321612979792>>>(), 16 items per thread, 6 SM occupancy
Invoking DeviceReduceSingleTileKernel<<<1, 256, 0, 102321612979792>>>(), 16 items per thread
Dispatching DeviceReduce on compute capability 8.9 with tuning: ReducePolicy { .multi_tile = ReducePassPolicy { .threads_per_block = 256, .items_per_thread = 16, .vec_size = 4, .reduce_algorithm = BLOCK_REDUCE_WARP_REDUCTIONS, .load_modifier = LOAD_LDG }, .single_tile = ReducePassPolicy { .threads_per_block = 256, .items_per_thread = 16, .vec_size = 4, .reduce_algorithm = BLOCK_REDUCE_WARP_REDUCTIONS, .load_modifier = LOAD_LDG } }
Invoking DeviceReduceKernel<<<720, 256, 0, 102321612979792>>>(), 16 items per thread, 6 SM occupancy
Invoking DeviceReduceSingleTileKernel<<<1, 256, 0, 102321612979792>>>(), 16 items per thread
Dispatching DeviceReduce on compute capability 8.9 with tuning: ReducePolicy { .multi_tile = ReducePassPolicy { .threads_per_block = 256, .items_per_thread = 16, .vec_size = 4, .reduce_algorithm = BLOCK_REDUCE_WARP_REDUCTIONS, .load_modifier = LOAD_LDG }, .single_tile = ReducePassPolicy { .threads_per_block = 256, .items_per_thread = 16, .vec_size = 4, .reduce_algorithm = BLOCK_REDUCE_WARP_REDUCTIONS, .load_modifier = LOAD_LDG } }
Invoking DeviceReduceKernel<<<720, 256, 0, 102321612979792>>>(), 16 items per thread, 6 SM occupancy
Invoking DeviceReduceSingleTileKernel<<<1, 256, 0, 102321612979792>>>(), 16 items per thread
Dispatching DeviceReduce on compute capability 8.9 with tuning: ReducePolicy { .multi_tile = ReducePassPolicy { .threads_per_block = 256, .items_per_thread = 16, .vec_size = 4, .reduce_algorithm = BLOCK_REDUCE_WARP_REDUCTIONS, .load_modifier = LOAD_LDG }, .single_tile = ReducePassPolicy { .threads_per_block = 256, .items_per_thread = 16, .vec_size = 4, .reduce_algorithm = BLOCK_REDUCE_WARP_REDUCTIONS, .load_modifier = LOAD_LDG } }
Invoking DeviceReduceKernel<<<720, 256, 0, 102321612979792>>>(), 16 items per thread, 6 SM occupancy
Invoking DeviceReduceSingleTileKernel<<<1, 256, 0, 102321612979792>>>(), 16 items per thread
Dispatching DeviceReduce on compute capability 8.9 with tuning: ReducePolicy { .multi_tile = ReducePassPolicy { .threads_per_block = 256, .items_per_thread = 16, .vec_size = 4, .reduce_algorithm = BLOCK_REDUCE_WARP_REDUCTIONS, .load_modifier = LOAD_LDG }, .single_tile = ReducePassPolicy { .threads_per_block = 256, .items_per_thread = 16, .vec_size = 4, .reduce_algorithm = BLOCK_REDUCE_WARP_REDUCTIONS, .load_modifier = LOAD_LDG } }
Invoking DeviceReduceKernel<<<720, 256, 0, 102321612979792>>>(), 16 items per thread, 6 SM occupancy
Invoking DeviceReduceSingleTileKernel<<<1, 256, 0, 102321612979792>>>(), 16 items per thread
Dispatching DeviceReduce on compute capability 8.9 with tuning: ReducePolicy { .multi_tile = ReducePassPolicy { .threads_per_block = 256, .items_per_thread = 16, .vec_size = 4, .reduce_algorithm = BLOCK_REDUCE_WARP_REDUCTIONS, .load_modifier = LOAD_LDG }, .single_tile = ReducePassPolicy { .threads_per_block = 256, .items_per_thread = 16, .vec_size = 4, .reduce_algorithm = BLOCK_REDUCE_WARP_REDUCTIONS, .load_modifier = LOAD_LDG } }
Invoking DeviceReduceKernel<<<720, 256, 0, 102321612979792>>>(), 16 items per thread, 6 SM occupancy
Invoking DeviceReduceSingleTileKernel<<<1, 256, 0, 102321612979792>>>(), 16 items per thread
Dispatching DeviceReduce on compute capability 8.9 with tuning: ReducePolicy { .multi_tile = ReducePassPolicy { .threads_per_block = 256, .items_per_thread = 16, .vec_size = 4, .reduce_algorithm = BLOCK_REDUCE_WARP_REDUCTIONS, .load_modifier = LOAD_LDG }, .single_tile = ReducePassPolicy { .threads_per_block = 256, .items_per_thread = 16, .vec_size = 4, .reduce_algorithm = BLOCK_REDUCE_WARP_REDUCTIONS, .load_modifier = LOAD_LDG } }
Invoking DeviceReduceKernel<<<720, 256, 0, 102321612979792>>>(), 16 items per thread, 6 SM occupancy
Invoking DeviceReduceSingleTileKernel<<<1, 256, 0, 102321612979792>>>(), 16 items per thread
Dispatching DeviceReduce on compute capability 8.9 with tuning: ReducePolicy { .multi_tile = ReducePassPolicy { .threads_per_block = 256, .items_per_thread = 16, .vec_size = 4, .reduce_algorithm = BLOCK_REDUCE_WARP_REDUCTIONS, .load_modifier = LOAD_LDG }, .single_tile = ReducePassPolicy { .threads_per_block = 256, .items_per_thread = 16, .vec_size = 4, .reduce_algorithm = BLOCK_REDUCE_WARP_REDUCTIONS, .load_modifier = LOAD_LDG } }
Invoking DeviceReduceKernel<<<720, 256, 0, 102321612979792>>>(), 16 items per thread, 6 SM occupancy
Invoking DeviceReduceSingleTileKernel<<<1, 256, 0, 102321612979792>>>(), 16 items per thread
Dispatching DeviceReduce on compute capability 8.9 with tuning: ReducePolicy { .multi_tile = ReducePassPolicy { .threads_per_block = 256, .items_per_thread = 16, .vec_size = 4, .reduce_algorithm = BLOCK_REDUCE_WARP_REDUCTIONS, .load_modifier = LOAD_LDG }, .single_tile = ReducePassPolicy { .threads_per_block = 256, .items_per_thread = 16, .vec_size = 4, .reduce_algorithm = BLOCK_REDUCE_WARP_REDUCTIONS, .load_modifier = LOAD_LDG } }
Invoking DeviceReduceKernel<<<720, 256, 0, 102321612979792>>>(), 16 items per thread, 6 SM occupancy
Invoking DeviceReduceSingleTileKernel<<<1, 256, 0, 102321612979792>>>(), 16 items per thread
Dispatching DeviceReduce on compute capability 8.9 with tuning: ReducePolicy { .multi_tile = ReducePassPolicy { .threads_per_block = 256, .items_per_thread = 16, .vec_size = 4, .reduce_algorithm = BLOCK_REDUCE_WARP_REDUCTIONS, .load_modifier = LOAD_LDG }, .single_tile = ReducePassPolicy { .threads_per_block = 256, .items_per_thread = 16, .vec_size = 4, .reduce_algorithm = BLOCK_REDUCE_WARP_REDUCTIONS, .load_modifier = LOAD_LDG } }
Invoking DeviceReduceKernel<<<720, 256, 0, 102321612979792>>>(), 16 items per thread, 6 SM occupancy
Invoking DeviceReduceSingleTileKernel<<<1, 256, 0, 102321612979792>>>(), 16 items per thread
Dispatching DeviceReduce on compute capability 8.9 with tuning: ReducePolicy { .multi_tile = ReducePassPolicy { .threads_per_block = 256, .items_per_thread = 16, .vec_size = 4, .reduce_algorithm = BLOCK_REDUCE_WARP_REDUCTIONS, .load_modifier = LOAD_LDG }, .single_tile = ReducePassPolicy { .threads_per_block = 256, .items_per_thread = 16, .vec_size = 4, .reduce_algorithm = BLOCK_REDUCE_WARP_REDUCTIONS, .load_modifier = LOAD_LDG } }
Invoking DeviceReduceKernel<<<720, 256, 0, 102321612979792>>>(), 16 items per thread, 6 SM occupancy
Invoking DeviceReduceSingleTileKernel<<<1, 256, 0, 102321612979792>>>(), 16 items per thread
Dispatching DeviceReduce on compute capability 8.9 with tuning: ReducePolicy { .multi_tile = ReducePassPolicy { .threads_per_block = 256, .items_per_thread = 16, .vec_size = 4, .reduce_algorithm = BLOCK_REDUCE_WARP_REDUCTIONS, .load_modifier = LOAD_LDG }, .single_tile = ReducePassPolicy { .threads_per_block = 256, .items_per_thread = 16, .vec_size = 4, .reduce_algorithm = BLOCK_REDUCE_WARP_REDUCTIONS, .load_modifier = LOAD_LDG } }
Invoking DeviceReduceKernel<<<720, 256, 0, 102321612979792>>>(), 16 items per thread, 6 SM occupancy
Invoking DeviceReduceSingleTileKernel<<<1, 256, 0, 102321612979792>>>(), 16 items per thread
Dispatching DeviceReduce on compute capability 8.9 with tuning: ReducePolicy { .multi_tile = ReducePassPolicy { .threads_per_block = 256, .items_per_thread = 16, .vec_size = 4, .reduce_algorithm = BLOCK_REDUCE_WARP_REDUCTIONS, .load_modifier = LOAD_LDG }, .single_tile = ReducePassPolicy { .threads_per_block = 256, .items_per_thread = 16, .vec_size = 4, .reduce_algorithm = BLOCK_REDUCE_WARP_REDUCTIONS, .load_modifier = LOAD_LDG } }
Invoking DeviceReduceKernel<<<720, 256, 0, 102321612979792>>>(), 16 items per thread, 6 SM occupancy
Invoking DeviceReduceSingleTileKernel<<<1, 256, 0, 102321612979792>>>(), 16 items per thread
Dispatching DeviceReduce on compute capability 8.9 with tuning: ReducePolicy { .multi_tile = ReducePassPolicy { .threads_per_block = 256, .items_per_thread = 16, .vec_size = 4, .reduce_algorithm = BLOCK_REDUCE_WARP_REDUCTIONS, .load_modifier = LOAD_LDG }, .single_tile = ReducePassPolicy { .threads_per_block = 256, .items_per_thread = 16, .vec_size = 4, .reduce_algorithm = BLOCK_REDUCE_WARP_REDUCTIONS, .load_modifier = LOAD_LDG } }
Invoking DeviceReduceKernel<<<720, 256, 0, 102321612979792>>>(), 16 items per thread, 6 SM occupancy
Invoking DeviceReduceSingleTileKernel<<<1, 256, 0, 102321612979792>>>(), 16 items per thread
Dispatching DeviceReduce on compute capability 8.9 with tuning: ReducePolicy { .multi_tile = ReducePassPolicy { .threads_per_block = 256, .items_per_thread = 16, .vec_size = 4, .reduce_algorithm = BLOCK_REDUCE_WARP_REDUCTIONS, .load_modifier = LOAD_LDG }, .single_tile = ReducePassPolicy { .threads_per_block = 256, .items_per_thread = 16, .vec_size = 4, .reduce_algorithm = BLOCK_REDUCE_WARP_REDUCTIONS, .load_modifier = LOAD_LDG } }
Invoking DeviceReduceKernel<<<720, 256, 0, 102321612979792>>>(), 16 items per thread, 6 SM occupancy
Invoking DeviceReduceSingleTileKernel<<<1, 256, 0, 102321612979792>>>(), 16 items per thread
Dispatching DeviceReduce on compute capability 8.9 with tuning: ReducePolicy { .multi_tile = ReducePassPolicy { .threads_per_block = 256, .items_per_thread = 16, .vec_size = 4, .reduce_algorithm = BLOCK_REDUCE_WARP_REDUCTIONS, .load_modifier = LOAD_LDG }, .single_tile = ReducePassPolicy { .threads_per_block = 256, .items_per_thread = 16, .vec_size = 4, .reduce_algorithm = BLOCK_REDUCE_WARP_REDUCTIONS, .load_modifier = LOAD_LDG } }
Invoking DeviceReduceKernel<<<720, 256, 0, 102321612979792>>>(), 16 items per thread, 6 SM occupancy
Invoking DeviceReduceSingleTileKernel<<<1, 256, 0, 102321612979792>>>(), 16 items per thread
Dispatching DeviceReduce on compute capability 8.9 with tuning: ReducePolicy { .multi_tile = ReducePassPolicy { .threads_per_block = 256, .items_per_thread = 16, .vec_size = 4, .reduce_algorithm = BLOCK_REDUCE_WARP_REDUCTIONS, .load_modifier = LOAD_LDG }, .single_tile = ReducePassPolicy { .threads_per_block = 256, .items_per_thread = 16, .vec_size = 4, .reduce_algorithm = BLOCK_REDUCE_WARP_REDUCTIONS, .load_modifier = LOAD_LDG } }
Invoking DeviceReduceKernel<<<720, 256, 0, 102321612979792>>>(), 16 items per thread, 6 SM occupancy
Invoking DeviceReduceSingleTileKernel<<<1, 256, 0, 102321612979792>>>(), 16 items per thread
Dispatching DeviceReduce on compute capability 8.9 with tuning: ReducePolicy { .multi_tile = ReducePassPolicy { .threads_per_block = 256, .items_per_thread = 16, .vec_size = 4, .reduce_algorithm = BLOCK_REDUCE_WARP_REDUCTIONS, .load_modifier = LOAD_LDG }, .single_tile = ReducePassPolicy { .threads_per_block = 256, .items_per_thread = 16, .vec_size = 4, .reduce_algorithm = BLOCK_REDUCE_WARP_REDUCTIONS, .load_modifier = LOAD_LDG } }
Invoking DeviceReduceKernel<<<720, 256, 0, 102321612979792>>>(), 16 items per thread, 6 SM occupancy
Invoking DeviceReduceSingleTileKernel<<<1, 256, 0, 102321612979792>>>(), 16 items per thread
Dispatching DeviceReduce on compute capability 8.9 with tuning: ReducePolicy { .multi_tile = ReducePassPolicy { .threads_per_block = 256, .items_per_thread = 16, .vec_size = 4, .reduce_algorithm = BLOCK_REDUCE_WARP_REDUCTIONS, .load_modifier = LOAD_LDG }, .single_tile = ReducePassPolicy { .threads_per_block = 256, .items_per_thread = 16, .vec_size = 4, .reduce_algorithm = BLOCK_REDUCE_WARP_REDUCTIONS, .load_modifier = LOAD_LDG } }
Invoking DeviceReduceKernel<<<720, 256, 0, 102321612979792>>>(), 16 items per thread, 6 SM occupancy
Invoking DeviceReduceSingleTileKernel<<<1, 256, 0, 102321612979792>>>(), 16 items per thread
Dispatching DeviceReduce on compute capability 8.9 with tuning: ReducePolicy { .multi_tile = ReducePassPolicy { .threads_per_block = 256, .items_per_thread = 16, .vec_size = 4, .reduce_algorithm = BLOCK_REDUCE_WARP_REDUCTIONS, .load_modifier = LOAD_LDG }, .single_tile = ReducePassPolicy { .threads_per_block = 256, .items_per_thread = 16, .vec_size = 4, .reduce_algorithm = BLOCK_REDUCE_WARP_REDUCTIONS, .load_modifier = LOAD_LDG } }
Invoking DeviceReduceKernel<<<720, 256, 0, 102321612979792>>>(), 16 items per thread, 6 SM occupancy
Invoking DeviceReduceSingleTileKernel<<<1, 256, 0, 102321612979792>>>(), 16 items per thread
Dispatching DeviceReduce on compute capability 8.9 with tuning: ReducePolicy { .multi_tile = ReducePassPolicy { .threads_per_block = 256, .items_per_thread = 16, .vec_size = 4, .reduce_algorithm = BLOCK_REDUCE_WARP_REDUCTIONS, .load_modifier = LOAD_LDG }, .single_tile = ReducePassPolicy { .threads_per_block = 256, .items_per_thread = 16, .vec_size = 4, .reduce_algorithm = BLOCK_REDUCE_WARP_REDUCTIONS, .load_modifier = LOAD_LDG } }
Invoking DeviceReduceKernel<<<720, 256, 0, 102321612979792>>>(), 16 items per thread, 6 SM occupancy
Invoking DeviceReduceSingleTileKernel<<<1, 256, 0, 102321612979792>>>(), 16 items per thread
Dispatching DeviceReduce on compute capability 8.9 with tuning: ReducePolicy { .multi_tile = ReducePassPolicy { .threads_per_block = 256, .items_per_thread = 16, .vec_size = 4, .reduce_algorithm = BLOCK_REDUCE_WARP_REDUCTIONS, .load_modifier = LOAD_LDG }, .single_tile = ReducePassPolicy { .threads_per_block = 256, .items_per_thread = 16, .vec_size = 4, .reduce_algorithm = BLOCK_REDUCE_WARP_REDUCTIONS, .load_modifier = LOAD_LDG } }
Invoking DeviceReduceKernel<<<720, 256, 0, 102321612979792>>>(), 16 items per thread, 6 SM occupancy
Invoking DeviceReduceSingleTileKernel<<<1, 256, 0, 102321612979792>>>(), 16 items per thread
Dispatching DeviceReduce on compute capability 8.9 with tuning: ReducePolicy { .multi_tile = ReducePassPolicy { .threads_per_block = 256, .items_per_thread = 16, .vec_size = 4, .reduce_algorithm = BLOCK_REDUCE_WARP_REDUCTIONS, .load_modifier = LOAD_LDG }, .single_tile = ReducePassPolicy { .threads_per_block = 256, .items_per_thread = 16, .vec_size = 4, .reduce_algorithm = BLOCK_REDUCE_WARP_REDUCTIONS, .load_modifier = LOAD_LDG } }
Invoking DeviceReduceKernel<<<720, 256, 0, 102321612979792>>>(), 16 items per thread, 6 SM occupancy
Invoking DeviceReduceSingleTileKernel<<<1, 256, 0, 102321612979792>>>(), 16 items per thread
Dispatching DeviceReduce on compute capability 8.9 with tuning: ReducePolicy { .multi_tile = ReducePassPolicy { .threads_per_block = 256, .items_per_thread = 16, .vec_size = 4, .reduce_algorithm = BLOCK_REDUCE_WARP_REDUCTIONS, .load_modifier = LOAD_LDG }, .single_tile = ReducePassPolicy { .threads_per_block = 256, .items_per_thread = 16, .vec_size = 4, .reduce_algorithm = BLOCK_REDUCE_WARP_REDUCTIONS, .load_modifier = LOAD_LDG } }
Invoking DeviceReduceKernel<<<720, 256, 0, 102321612979792>>>(), 16 items per thread, 6 SM occupancy
Invoking DeviceReduceSingleTileKernel<<<1, 256, 0, 102321612979792>>>(), 16 items per thread
Dispatching DeviceReduce on compute capability 8.9 with tuning: ReducePolicy { .multi_tile = ReducePassPolicy { .threads_per_block = 256, .items_per_thread = 16, .vec_size = 4, .reduce_algorithm = BLOCK_REDUCE_WARP_REDUCTIONS, .load_modifier = LOAD_LDG }, .single_tile = ReducePassPolicy { .threads_per_block = 256, .items_per_thread = 16, .vec_size = 4, .reduce_algorithm = BLOCK_REDUCE_WARP_REDUCTIONS, .load_modifier = LOAD_LDG } }
Invoking DeviceReduceKernel<<<720, 256, 0, 102321612979792>>>(), 16 items per thread, 6 SM occupancy
Invoking DeviceReduceSingleTileKernel<<<1, 256, 0, 102321612979792>>>(), 16 items per thread
Dispatching DeviceReduce on compute capability 8.9 with tuning: ReducePolicy { .multi_tile = ReducePassPolicy { .threads_per_block = 256, .items_per_thread = 16, .vec_size = 4, .reduce_algorithm = BLOCK_REDUCE_WARP_REDUCTIONS, .load_modifier = LOAD_LDG }, .single_tile = ReducePassPolicy { .threads_per_block = 256, .items_per_thread = 16, .vec_size = 4, .reduce_algorithm = BLOCK_REDUCE_WARP_REDUCTIONS, .load_modifier = LOAD_LDG } }
Invoking DeviceReduceKernel<<<720, 256, 0, 102321612979792>>>(), 16 items per thread, 6 SM occupancy
Invoking DeviceReduceSingleTileKernel<<<1, 256, 0, 102321612979792>>>(), 16 items per thread
Dispatching DeviceReduce on compute capability 8.9 with tuning: ReducePolicy { .multi_tile = ReducePassPolicy { .threads_per_block = 256, .items_per_thread = 16, .vec_size = 4, .reduce_algorithm = BLOCK_REDUCE_WARP_REDUCTIONS, .load_modifier = LOAD_LDG }, .single_tile = ReducePassPolicy { .threads_per_block = 256, .items_per_thread = 16, .vec_size = 4, .reduce_algorithm = BLOCK_REDUCE_WARP_REDUCTIONS, .load_modifier = LOAD_LDG } }
Invoking DeviceReduceKernel<<<720, 256, 0, 102321612979792>>>(), 16 items per thread, 6 SM occupancy
Invoking DeviceReduceSingleTileKernel<<<1, 256, 0, 102321612979792>>>(), 16 items per thread
Dispatching DeviceReduce on compute capability 8.9 with tuning: ReducePolicy { .multi_tile = ReducePassPolicy { .threads_per_block = 256, .items_per_thread = 16, .vec_size = 4, .reduce_algorithm = BLOCK_REDUCE_WARP_REDUCTIONS, .load_modifier = LOAD_LDG }, .single_tile = ReducePassPolicy { .threads_per_block = 256, .items_per_thread = 16, .vec_size = 4, .reduce_algorithm = BLOCK_REDUCE_WARP_REDUCTIONS, .load_modifier = LOAD_LDG } }
Invoking DeviceReduceKernel<<<720, 256, 0, 102321612979792>>>(), 16 items per thread, 6 SM occupancy
Invoking DeviceReduceSingleTileKernel<<<1, 256, 0, 102321612979792>>>(), 16 items per thread
Dispatching DeviceReduce on compute capability 8.9 with tuning: ReducePolicy { .multi_tile = ReducePassPolicy { .threads_per_block = 256, .items_per_thread = 16, .vec_size = 4, .reduce_algorithm = BLOCK_REDUCE_WARP_REDUCTIONS, .load_modifier = LOAD_LDG }, .single_tile = ReducePassPolicy { .threads_per_block = 256, .items_per_thread = 16, .vec_size = 4, .reduce_algorithm = BLOCK_REDUCE_WARP_REDUCTIONS, .load_modifier = LOAD_LDG } }
Invoking DeviceReduceKernel<<<720, 256, 0, 102321612979792>>>(), 16 items per thread, 6 SM occupancy
Invoking DeviceReduceSingleTileKernel<<<1, 256, 0, 102321612979792>>>(), 16 items per thread
Dispatching DeviceReduce on compute capability 8.9 with tuning: ReducePolicy { .multi_tile = ReducePassPolicy { .threads_per_block = 256, .items_per_thread = 16, .vec_size = 4, .reduce_algorithm = BLOCK_REDUCE_WARP_REDUCTIONS, .load_modifier = LOAD_LDG }, .single_tile = ReducePassPolicy { .threads_per_block = 256, .items_per_thread = 16, .vec_size = 4, .reduce_algorithm = BLOCK_REDUCE_WARP_REDUCTIONS, .load_modifier = LOAD_LDG } }
Invoking DeviceReduceKernel<<<720, 256, 0, 102321612979792>>>(), 16 items per thread, 6 SM occupancy
Invoking DeviceReduceSingleTileKernel<<<1, 256, 0, 102321612979792>>>(), 16 items per thread
Dispatching DeviceReduce on compute capability 8.9 with tuning: ReducePolicy { .multi_tile = ReducePassPolicy { .threads_per_block = 256, .items_per_thread = 16, .vec_size = 4, .reduce_algorithm = BLOCK_REDUCE_WARP_REDUCTIONS, .load_modifier = LOAD_LDG }, .single_tile = ReducePassPolicy { .threads_per_block = 256, .items_per_thread = 16, .vec_size = 4, .reduce_algorithm = BLOCK_REDUCE_WARP_REDUCTIONS, .load_modifier = LOAD_LDG } }
Invoking DeviceReduceKernel<<<720, 256, 0, 102321612979792>>>(), 16 items per thread, 6 SM occupancy
Invoking DeviceReduceSingleTileKernel<<<1, 256, 0, 102321612979792>>>(), 16 items per thread
Dispatching DeviceReduce on compute capability 8.9 with tuning: ReducePolicy { .multi_tile = ReducePassPolicy { .threads_per_block = 256, .items_per_thread = 16, .vec_size = 4, .reduce_algorithm = BLOCK_REDUCE_WARP_REDUCTIONS, .load_modifier = LOAD_LDG }, .single_tile = ReducePassPolicy { .threads_per_block = 256, .items_per_thread = 16, .vec_size = 4, .reduce_algorithm = BLOCK_REDUCE_WARP_REDUCTIONS, .load_modifier = LOAD_LDG } }
Invoking DeviceReduceKernel<<<720, 256, 0, 102321612979792>>>(), 16 items per thread, 6 SM occupancy
Invoking DeviceReduceSingleTileKernel<<<1, 256, 0, 102321612979792>>>(), 16 items per thread
Dispatching DeviceReduce on compute capability 8.9 with tuning: ReducePolicy { .multi_tile = ReducePassPolicy { .threads_per_block = 256, .items_per_thread = 16, .vec_size = 4, .reduce_algorithm = BLOCK_REDUCE_WARP_REDUCTIONS, .load_modifier = LOAD_LDG }, .single_tile = ReducePassPolicy { .threads_per_block = 256, .items_per_thread = 16, .vec_size = 4, .reduce_algorithm = BLOCK_REDUCE_WARP_REDUCTIONS, .load_modifier = LOAD_LDG } }
Invoking DeviceReduceKernel<<<720, 256, 0, 102321612979792>>>(), 16 items per thread, 6 SM occupancy
Invoking DeviceReduceSingleTileKernel<<<1, 256, 0, 102321612979792>>>(), 16 items per thread
Dispatching DeviceReduce on compute capability 8.9 with tuning: ReducePolicy { .multi_tile = ReducePassPolicy { .threads_per_block = 256, .items_per_thread = 16, .vec_size = 4, .reduce_algorithm = BLOCK_REDUCE_WARP_REDUCTIONS, .load_modifier = LOAD_LDG }, .single_tile = ReducePassPolicy { .threads_per_block = 256, .items_per_thread = 16, .vec_size = 4, .reduce_algorithm = BLOCK_REDUCE_WARP_REDUCTIONS, .load_modifier = LOAD_LDG } }
Invoking DeviceReduceKernel<<<720, 256, 0, 102321612979792>>>(), 16 items per thread, 6 SM occupancy
Invoking DeviceReduceSingleTileKernel<<<1, 256, 0, 102321612979792>>>(), 16 items per thread
Dispatching DeviceReduce on compute capability 8.9 with tuning: ReducePolicy { .multi_tile = ReducePassPolicy { .threads_per_block = 256, .items_per_thread = 16, .vec_size = 4, .reduce_algorithm = BLOCK_REDUCE_WARP_REDUCTIONS, .load_modifier = LOAD_LDG }, .single_tile = ReducePassPolicy { .threads_per_block = 256, .items_per_thread = 16, .vec_size = 4, .reduce_algorithm = BLOCK_REDUCE_WARP_REDUCTIONS, .load_modifier = LOAD_LDG } }
Invoking DeviceReduceKernel<<<720, 256, 0, 102321612979792>>>(), 16 items per thread, 6 SM occupancy
Invoking DeviceReduceSingleTileKernel<<<1, 256, 0, 102321612979792>>>(), 16 items per thread
Dispatching DeviceReduce on compute capability 8.9 with tuning: ReducePolicy { .multi_tile = ReducePassPolicy { .threads_per_block = 256, .items_per_thread = 16, .vec_size = 4, .reduce_algorithm = BLOCK_REDUCE_WARP_REDUCTIONS, .load_modifier = LOAD_LDG }, .single_tile = ReducePassPolicy { .threads_per_block = 256, .items_per_thread = 16, .vec_size = 4, .reduce_algorithm = BLOCK_REDUCE_WARP_REDUCTIONS, .load_modifier = LOAD_LDG } }
Invoking DeviceReduceKernel<<<720, 256, 0, 102321612979792>>>(), 16 items per thread, 6 SM occupancy
Invoking DeviceReduceSingleTileKernel<<<1, 256, 0, 102321612979792>>>(), 16 items per thread
Dispatching DeviceReduce on compute capability 8.9 with tuning: ReducePolicy { .multi_tile = ReducePassPolicy { .threads_per_block = 256, .items_per_thread = 16, .vec_size = 4, .reduce_algorithm = BLOCK_REDUCE_WARP_REDUCTIONS, .load_modifier = LOAD_LDG }, .single_tile = ReducePassPolicy { .threads_per_block = 256, .items_per_thread = 16, .vec_size = 4, .reduce_algorithm = BLOCK_REDUCE_WARP_REDUCTIONS, .load_modifier = LOAD_LDG } }
Invoking DeviceReduceKernel<<<720, 256, 0, 102321612979792>>>(), 16 items per thread, 6 SM occupancy
Invoking DeviceReduceSingleTileKernel<<<1, 256, 0, 102321612979792>>>(), 16 items per thread
Dispatching DeviceReduce on compute capability 8.9 with tuning: ReducePolicy { .multi_tile = ReducePassPolicy { .threads_per_block = 256, .items_per_thread = 16, .vec_size = 4, .reduce_algorithm = BLOCK_REDUCE_WARP_REDUCTIONS, .load_modifier = LOAD_LDG }, .single_tile = ReducePassPolicy { .threads_per_block = 256, .items_per_thread = 16, .vec_size = 4, .reduce_algorithm = BLOCK_REDUCE_WARP_REDUCTIONS, .load_modifier = LOAD_LDG } }
Invoking DeviceReduceKernel<<<720, 256, 0, 102321612979792>>>(), 16 items per thread, 6 SM occupancy
Invoking DeviceReduceSingleTileKernel<<<1, 256, 0, 102321612979792>>>(), 16 items per thread
Dispatching DeviceReduce on compute capability 8.9 with tuning: ReducePolicy { .multi_tile = ReducePassPolicy { .threads_per_block = 256, .items_per_thread = 16, .vec_size = 4, .reduce_algorithm = BLOCK_REDUCE_WARP_REDUCTIONS, .load_modifier = LOAD_LDG }, .single_tile = ReducePassPolicy { .threads_per_block = 256, .items_per_thread = 16, .vec_size = 4, .reduce_algorithm = BLOCK_REDUCE_WARP_REDUCTIONS, .load_modifier = LOAD_LDG } }
Invoking DeviceReduceKernel<<<720, 256, 0, 102321612979792>>>(), 16 items per thread, 6 SM occupancy
Invoking DeviceReduceSingleTileKernel<<<1, 256, 0, 102321612979792>>>(), 16 items per thread
Dispatching DeviceReduce on compute capability 8.9 with tuning: ReducePolicy { .multi_tile = ReducePassPolicy { .threads_per_block = 256, .items_per_thread = 16, .vec_size = 4, .reduce_algorithm = BLOCK_REDUCE_WARP_REDUCTIONS, .load_modifier = LOAD_LDG }, .single_tile = ReducePassPolicy { .threads_per_block = 256, .items_per_thread = 16, .vec_size = 4, .reduce_algorithm = BLOCK_REDUCE_WARP_REDUCTIONS, .load_modifier = LOAD_LDG } }
Invoking DeviceReduceKernel<<<720, 256, 0, 102321612979792>>>(), 16 items per thread, 6 SM occupancy
Invoking DeviceReduceSingleTileKernel<<<1, 256, 0, 102321612979792>>>(), 16 items per thread
Dispatching DeviceReduce on compute capability 8.9 with tuning: ReducePolicy { .multi_tile = ReducePassPolicy { .threads_per_block = 256, .items_per_thread = 16, .vec_size = 4, .reduce_algorithm = BLOCK_REDUCE_WARP_REDUCTIONS, .load_modifier = LOAD_LDG }, .single_tile = ReducePassPolicy { .threads_per_block = 256, .items_per_thread = 16, .vec_size = 4, .reduce_algorithm = BLOCK_REDUCE_WARP_REDUCTIONS, .load_modifier = LOAD_LDG } }
Invoking DeviceReduceKernel<<<720, 256, 0, 102321612979792>>>(), 16 items per thread, 6 SM occupancy
Invoking DeviceReduceSingleTileKernel<<<1, 256, 0, 102321612979792>>>(), 16 items per thread
Dispatching DeviceReduce on compute capability 8.9 with tuning: ReducePolicy { .multi_tile = ReducePassPolicy { .threads_per_block = 256, .items_per_thread = 16, .vec_size = 4, .reduce_algorithm = BLOCK_REDUCE_WARP_REDUCTIONS, .load_modifier = LOAD_LDG }, .single_tile = ReducePassPolicy { .threads_per_block = 256, .items_per_thread = 16, .vec_size = 4, .reduce_algorithm = BLOCK_REDUCE_WARP_REDUCTIONS, .load_modifier = LOAD_LDG } }
Invoking DeviceReduceKernel<<<720, 256, 0, 102321612979792>>>(), 16 items per thread, 6 SM occupancy
Invoking DeviceReduceSingleTileKernel<<<1, 256, 0, 102321612979792>>>(), 16 items per thread
Dispatching DeviceReduce on compute capability 8.9 with tuning: ReducePolicy { .multi_tile = ReducePassPolicy { .threads_per_block = 256, .items_per_thread = 16, .vec_size = 4, .reduce_algorithm = BLOCK_REDUCE_WARP_REDUCTIONS, .load_modifier = LOAD_LDG }, .single_tile = ReducePassPolicy { .threads_per_block = 256, .items_per_thread = 16, .vec_size = 4, .reduce_algorithm = BLOCK_REDUCE_WARP_REDUCTIONS, .load_modifier = LOAD_LDG } }
Invoking DeviceReduceKernel<<<720, 256, 0, 102321612979792>>>(), 16 items per thread, 6 SM occupancy
Invoking DeviceReduceSingleTileKernel<<<1, 256, 0, 102321612979792>>>(), 16 items per thread
Dispatching DeviceReduce on compute capability 8.9 with tuning: ReducePolicy { .multi_tile = ReducePassPolicy { .threads_per_block = 256, .items_per_thread = 16, .vec_size = 4, .reduce_algorithm = BLOCK_REDUCE_WARP_REDUCTIONS, .load_modifier = LOAD_LDG }, .single_tile = ReducePassPolicy { .threads_per_block = 256, .items_per_thread = 16, .vec_size = 4, .reduce_algorithm = BLOCK_REDUCE_WARP_REDUCTIONS, .load_modifier = LOAD_LDG } }
Invoking DeviceReduceKernel<<<720, 256, 0, 102321612979792>>>(), 16 items per thread, 6 SM occupancy
Invoking DeviceReduceSingleTileKernel<<<1, 256, 0, 102321612979792>>>(), 16 items per thread
Dispatching DeviceReduce on compute capability 8.9 with tuning: ReducePolicy { .multi_tile = ReducePassPolicy { .threads_per_block = 256, .items_per_thread = 16, .vec_size = 4, .reduce_algorithm = BLOCK_REDUCE_WARP_REDUCTIONS, .load_modifier = LOAD_LDG }, .single_tile = ReducePassPolicy { .threads_per_block = 256, .items_per_thread = 16, .vec_size = 4, .reduce_algorithm = BLOCK_REDUCE_WARP_REDUCTIONS, .load_modifier = LOAD_LDG } }
Invoking DeviceReduceKernel<<<720, 256, 0, 102321612979792>>>(), 16 items per thread, 6 SM occupancy
Invoking DeviceReduceSingleTileKernel<<<1, 256, 0, 102321612979792>>>(), 16 items per thread
Dispatching DeviceReduce on compute capability 8.9 with tuning: ReducePolicy { .multi_tile = ReducePassPolicy { .threads_per_block = 256, .items_per_thread = 16, .vec_size = 4, .reduce_algorithm = BLOCK_REDUCE_WARP_REDUCTIONS, .load_modifier = LOAD_LDG }, .single_tile = ReducePassPolicy { .threads_per_block = 256, .items_per_thread = 16, .vec_size = 4, .reduce_algorithm = BLOCK_REDUCE_WARP_REDUCTIONS, .load_modifier = LOAD_LDG } }
Invoking DeviceReduceKernel<<<720, 256, 0, 102321612979792>>>(), 16 items per thread, 6 SM occupancy
Invoking DeviceReduceSingleTileKernel<<<1, 256, 0, 102321612979792>>>(), 16 items per thread
Dispatching DeviceReduce on compute capability 8.9 with tuning: ReducePolicy { .multi_tile = ReducePassPolicy { .threads_per_block = 256, .items_per_thread = 16, .vec_size = 4, .reduce_algorithm = BLOCK_REDUCE_WARP_REDUCTIONS, .load_modifier = LOAD_LDG }, .single_tile = ReducePassPolicy { .threads_per_block = 256, .items_per_thread = 16, .vec_size = 4, .reduce_algorithm = BLOCK_REDUCE_WARP_REDUCTIONS, .load_modifier = LOAD_LDG } }
Invoking DeviceReduceKernel<<<720, 256, 0, 102321612979792>>>(), 16 items per thread, 6 SM occupancy
Invoking DeviceReduceSingleTileKernel<<<1, 256, 0, 102321612979792>>>(), 16 items per thread
Dispatching DeviceReduce on compute capability 8.9 with tuning: ReducePolicy { .multi_tile = ReducePassPolicy { .threads_per_block = 256, .items_per_thread = 16, .vec_size = 4, .reduce_algorithm = BLOCK_REDUCE_WARP_REDUCTIONS, .load_modifier = LOAD_LDG }, .single_tile = ReducePassPolicy { .threads_per_block = 256, .items_per_thread = 16, .vec_size = 4, .reduce_algorithm = BLOCK_REDUCE_WARP_REDUCTIONS, .load_modifier = LOAD_LDG } }
Invoking DeviceReduceKernel<<<720, 256, 0, 102321612979792>>>(), 16 items per thread, 6 SM occupancy
Invoking DeviceReduceSingleTileKernel<<<1, 256, 0, 102321612979792>>>(), 16 items per thread
Dispatching DeviceReduce on compute capability 8.9 with tuning: ReducePolicy { .multi_tile = ReducePassPolicy { .threads_per_block = 256, .items_per_thread = 16, .vec_size = 4, .reduce_algorithm = BLOCK_REDUCE_WARP_REDUCTIONS, .load_modifier = LOAD_LDG }, .single_tile = ReducePassPolicy { .threads_per_block = 256, .items_per_thread = 16, .vec_size = 4, .reduce_algorithm = BLOCK_REDUCE_WARP_REDUCTIONS, .load_modifier = LOAD_LDG } }
Invoking DeviceReduceKernel<<<720, 256, 0, 102321612979792>>>(), 16 items per thread, 6 SM occupancy
Invoking DeviceReduceSingleTileKernel<<<1, 256, 0, 102321612979792>>>(), 16 items per thread
Dispatching DeviceReduce on compute capability 8.9 with tuning: ReducePolicy { .multi_tile = ReducePassPolicy { .threads_per_block = 256, .items_per_thread = 16, .vec_size = 4, .reduce_algorithm = BLOCK_REDUCE_WARP_REDUCTIONS, .load_modifier = LOAD_LDG }, .single_tile = ReducePassPolicy { .threads_per_block = 256, .items_per_thread = 16, .vec_size = 4, .reduce_algorithm = BLOCK_REDUCE_WARP_REDUCTIONS, .load_modifier = LOAD_LDG } }
Invoking DeviceReduceKernel<<<720, 256, 0, 102321612979792>>>(), 16 items per thread, 6 SM occupancy
Invoking DeviceReduceSingleTileKernel<<<1, 256, 0, 102321612979792>>>(), 16 items per thread
Dispatching DeviceReduce on compute capability 8.9 with tuning: ReducePolicy { .multi_tile = ReducePassPolicy { .threads_per_block = 256, .items_per_thread = 16, .vec_size = 4, .reduce_algorithm = BLOCK_REDUCE_WARP_REDUCTIONS, .load_modifier = LOAD_LDG }, .single_tile = ReducePassPolicy { .threads_per_block = 256, .items_per_thread = 16, .vec_size = 4, .reduce_algorithm = BLOCK_REDUCE_WARP_REDUCTIONS, .load_modifier = LOAD_LDG } }
Invoking DeviceReduceKernel<<<720, 256, 0, 102321612979792>>>(), 16 items per thread, 6 SM occupancy
Invoking DeviceReduceSingleTileKernel<<<1, 256, 0, 102321612979792>>>(), 16 items per thread
Dispatching DeviceReduce on compute capability 8.9 with tuning: ReducePolicy { .multi_tile = ReducePassPolicy { .threads_per_block = 256, .items_per_thread = 16, .vec_size = 4, .reduce_algorithm = BLOCK_REDUCE_WARP_REDUCTIONS, .load_modifier = LOAD_LDG }, .single_tile = ReducePassPolicy { .threads_per_block = 256, .items_per_thread = 16, .vec_size = 4, .reduce_algorithm = BLOCK_REDUCE_WARP_REDUCTIONS, .load_modifier = LOAD_LDG } }
Invoking DeviceReduceKernel<<<720, 256, 0, 102321612979792>>>(), 16 items per thread, 6 SM occupancy
Invoking DeviceReduceSingleTileKernel<<<1, 256, 0, 102321612979792>>>(), 16 items per thread
Dispatching DeviceReduce on compute capability 8.9 with tuning: ReducePolicy { .multi_tile = ReducePassPolicy { .threads_per_block = 256, .items_per_thread = 16, .vec_size = 4, .reduce_algorithm = BLOCK_REDUCE_WARP_REDUCTIONS, .load_modifier = LOAD_LDG }, .single_tile = ReducePassPolicy { .threads_per_block = 256, .items_per_thread = 16, .vec_size = 4, .reduce_algorithm = BLOCK_REDUCE_WARP_REDUCTIONS, .load_modifier = LOAD_LDG } }
Invoking DeviceReduceKernel<<<720, 256, 0, 102321612979792>>>(), 16 items per thread, 6 SM occupancy
Invoking DeviceReduceSingleTileKernel<<<1, 256, 0, 102321612979792>>>(), 16 items per thread
Dispatching DeviceReduce on compute capability 8.9 with tuning: ReducePolicy { .multi_tile = ReducePassPolicy { .threads_per_block = 256, .items_per_thread = 16, .vec_size = 4, .reduce_algorithm = BLOCK_REDUCE_WARP_REDUCTIONS, .load_modifier = LOAD_LDG }, .single_tile = ReducePassPolicy { .threads_per_block = 256, .items_per_thread = 16, .vec_size = 4, .reduce_algorithm = BLOCK_REDUCE_WARP_REDUCTIONS, .load_modifier = LOAD_LDG } }
Invoking DeviceReduceKernel<<<720, 256, 0, 102321612979792>>>(), 16 items per thread, 6 SM occupancy
Invoking DeviceReduceSingleTileKernel<<<1, 256, 0, 102321612979792>>>(), 16 items per thread
Dispatching DeviceReduce on compute capability 8.9 with tuning: ReducePolicy { .multi_tile = ReducePassPolicy { .threads_per_block = 256, .items_per_thread = 16, .vec_size = 4, .reduce_algorithm = BLOCK_REDUCE_WARP_REDUCTIONS, .load_modifier = LOAD_LDG }, .single_tile = ReducePassPolicy { .threads_per_block = 256, .items_per_thread = 16, .vec_size = 4, .reduce_algorithm = BLOCK_REDUCE_WARP_REDUCTIONS, .load_modifier = LOAD_LDG } }
Invoking DeviceReduceKernel<<<720, 256, 0, 102321612979792>>>(), 16 items per thread, 6 SM occupancy
Invoking DeviceReduceSingleTileKernel<<<1, 256, 0, 102321612979792>>>(), 16 items per thread
Dispatching DeviceReduce on compute capability 8.9 with tuning: ReducePolicy { .multi_tile = ReducePassPolicy { .threads_per_block = 256, .items_per_thread = 16, .vec_size = 4, .reduce_algorithm = BLOCK_REDUCE_WARP_REDUCTIONS, .load_modifier = LOAD_LDG }, .single_tile = ReducePassPolicy { .threads_per_block = 256, .items_per_thread = 16, .vec_size = 4, .reduce_algorithm = BLOCK_REDUCE_WARP_REDUCTIONS, .load_modifier = LOAD_LDG } }
Invoking DeviceReduceKernel<<<720, 256, 0, 102321612979792>>>(), 16 items per thread, 6 SM occupancy
Invoking DeviceReduceSingleTileKernel<<<1, 256, 0, 102321612979792>>>(), 16 items per thread
Dispatching DeviceReduce on compute capability 8.9 with tuning: ReducePolicy { .multi_tile = ReducePassPolicy { .threads_per_block = 256, .items_per_thread = 16, .vec_size = 4, .reduce_algorithm = BLOCK_REDUCE_WARP_REDUCTIONS, .load_modifier = LOAD_LDG }, .single_tile = ReducePassPolicy { .threads_per_block = 256, .items_per_thread = 16, .vec_size = 4, .reduce_algorithm = BLOCK_REDUCE_WARP_REDUCTIONS, .load_modifier = LOAD_LDG } }
Invoking DeviceReduceKernel<<<720, 256, 0, 102321612979792>>>(), 16 items per thread, 6 SM occupancy
Invoking DeviceReduceSingleTileKernel<<<1, 256, 0, 102321612979792>>>(), 16 items per thread
Dispatching DeviceReduce on compute capability 8.9 with tuning: ReducePolicy { .multi_tile = ReducePassPolicy { .threads_per_block = 256, .items_per_thread = 16, .vec_size = 4, .reduce_algorithm = BLOCK_REDUCE_WARP_REDUCTIONS, .load_modifier = LOAD_LDG }, .single_tile = ReducePassPolicy { .threads_per_block = 256, .items_per_thread = 16, .vec_size = 4, .reduce_algorithm = BLOCK_REDUCE_WARP_REDUCTIONS, .load_modifier = LOAD_LDG } }
Invoking DeviceReduceKernel<<<720, 256, 0, 102321612979792>>>(), 16 items per thread, 6 SM occupancy
Invoking DeviceReduceSingleTileKernel<<<1, 256, 0, 102321612979792>>>(), 16 items per thread
Dispatching DeviceReduce on compute capability 8.9 with tuning: ReducePolicy { .multi_tile = ReducePassPolicy { .threads_per_block = 256, .items_per_thread = 16, .vec_size = 4, .reduce_algorithm = BLOCK_REDUCE_WARP_REDUCTIONS, .load_modifier = LOAD_LDG }, .single_tile = ReducePassPolicy { .threads_per_block = 256, .items_per_thread = 16, .vec_size = 4, .reduce_algorithm = BLOCK_REDUCE_WARP_REDUCTIONS, .load_modifier = LOAD_LDG } }
Invoking DeviceReduceKernel<<<720, 256, 0, 102321612979792>>>(), 16 items per thread, 6 SM occupancy
Invoking DeviceReduceSingleTileKernel<<<1, 256, 0, 102321612979792>>>(), 16 items per thread
Dispatching DeviceReduce on compute capability 8.9 with tuning: ReducePolicy { .multi_tile = ReducePassPolicy { .threads_per_block = 256, .items_per_thread = 16, .vec_size = 4, .reduce_algorithm = BLOCK_REDUCE_WARP_REDUCTIONS, .load_modifier = LOAD_LDG }, .single_tile = ReducePassPolicy { .threads_per_block = 256, .items_per_thread = 16, .vec_size = 4, .reduce_algorithm = BLOCK_REDUCE_WARP_REDUCTIONS, .load_modifier = LOAD_LDG } }
Invoking DeviceReduceKernel<<<720, 256, 0, 102321612979792>>>(), 16 items per thread, 6 SM occupancy
Invoking DeviceReduceSingleTileKernel<<<1, 256, 0, 102321612979792>>>(), 16 items per thread
Dispatching DeviceReduce on compute capability 8.9 with tuning: ReducePolicy { .multi_tile = ReducePassPolicy { .threads_per_block = 256, .items_per_thread = 16, .vec_size = 4, .reduce_algorithm = BLOCK_REDUCE_WARP_REDUCTIONS, .load_modifier = LOAD_LDG }, .single_tile = ReducePassPolicy { .threads_per_block = 256, .items_per_thread = 16, .vec_size = 4, .reduce_algorithm = BLOCK_REDUCE_WARP_REDUCTIONS, .load_modifier = LOAD_LDG } }
Invoking DeviceReduceKernel<<<720, 256, 0, 102321612979792>>>(), 16 items per thread, 6 SM occupancy
Invoking DeviceReduceSingleTileKernel<<<1, 256, 0, 102321612979792>>>(), 16 items per thread
Dispatching DeviceReduce on compute capability 8.9 with tuning: ReducePolicy { .multi_tile = ReducePassPolicy { .threads_per_block = 256, .items_per_thread = 16, .vec_size = 4, .reduce_algorithm = BLOCK_REDUCE_WARP_REDUCTIONS, .load_modifier = LOAD_LDG }, .single_tile = ReducePassPolicy { .threads_per_block = 256, .items_per_thread = 16, .vec_size = 4, .reduce_algorithm = BLOCK_REDUCE_WARP_REDUCTIONS, .load_modifier = LOAD_LDG } }
Invoking DeviceReduceKernel<<<720, 256, 0, 102321612979792>>>(), 16 items per thread, 6 SM occupancy
Invoking DeviceReduceSingleTileKernel<<<1, 256, 0, 102321612979792>>>(), 16 items per thread
Dispatching DeviceReduce on compute capability 8.9 with tuning: ReducePolicy { .multi_tile = ReducePassPolicy { .threads_per_block = 256, .items_per_thread = 16, .vec_size = 4, .reduce_algorithm = BLOCK_REDUCE_WARP_REDUCTIONS, .load_modifier = LOAD_LDG }, .single_tile = ReducePassPolicy { .threads_per_block = 256, .items_per_thread = 16, .vec_size = 4, .reduce_algorithm = BLOCK_REDUCE_WARP_REDUCTIONS, .load_modifier = LOAD_LDG } }
Invoking DeviceReduceKernel<<<720, 256, 0, 102321612979792>>>(), 16 items per thread, 6 SM occupancy
Invoking DeviceReduceSingleTileKernel<<<1, 256, 0, 102321612979792>>>(), 16 items per thread
Dispatching DeviceReduce on compute capability 8.9 with tuning: ReducePolicy { .multi_tile = ReducePassPolicy { .threads_per_block = 256, .items_per_thread = 16, .vec_size = 4, .reduce_algorithm = BLOCK_REDUCE_WARP_REDUCTIONS, .load_modifier = LOAD_LDG }, .single_tile = ReducePassPolicy { .threads_per_block = 256, .items_per_thread = 16, .vec_size = 4, .reduce_algorithm = BLOCK_REDUCE_WARP_REDUCTIONS, .load_modifier = LOAD_LDG } }
Invoking DeviceReduceKernel<<<720, 256, 0, 102321612979792>>>(), 16 items per thread, 6 SM occupancy
Invoking DeviceReduceSingleTileKernel<<<1, 256, 0, 102321612979792>>>(), 16 items per thread
Dispatching DeviceReduce on compute capability 8.9 with tuning: ReducePolicy { .multi_tile = ReducePassPolicy { .threads_per_block = 256, .items_per_thread = 16, .vec_size = 4, .reduce_algorithm = BLOCK_REDUCE_WARP_REDUCTIONS, .load_modifier = LOAD_LDG }, .single_tile = ReducePassPolicy { .threads_per_block = 256, .items_per_thread = 16, .vec_size = 4, .reduce_algorithm = BLOCK_REDUCE_WARP_REDUCTIONS, .load_modifier = LOAD_LDG } }
Invoking DeviceReduceKernel<<<720, 256, 0, 102321612979792>>>(), 16 items per thread, 6 SM occupancy
Invoking DeviceReduceSingleTileKernel<<<1, 256, 0, 102321612979792>>>(), 16 items per thread
Dispatching DeviceReduce on compute capability 8.9 with tuning: ReducePolicy { .multi_tile = ReducePassPolicy { .threads_per_block = 256, .items_per_thread = 16, .vec_size = 4, .reduce_algorithm = BLOCK_REDUCE_WARP_REDUCTIONS, .load_modifier = LOAD_LDG }, .single_tile = ReducePassPolicy { .threads_per_block = 256, .items_per_thread = 16, .vec_size = 4, .reduce_algorithm = BLOCK_REDUCE_WARP_REDUCTIONS, .load_modifier = LOAD_LDG } }
Invoking DeviceReduceKernel<<<720, 256, 0, 102321612979792>>>(), 16 items per thread, 6 SM occupancy
Invoking DeviceReduceSingleTileKernel<<<1, 256, 0, 102321612979792>>>(), 16 items per thread
Dispatching DeviceReduce on compute capability 8.9 with tuning: ReducePolicy { .multi_tile = ReducePassPolicy { .threads_per_block = 256, .items_per_thread = 16, .vec_size = 4, .reduce_algorithm = BLOCK_REDUCE_WARP_REDUCTIONS, .load_modifier = LOAD_LDG }, .single_tile = ReducePassPolicy { .threads_per_block = 256, .items_per_thread = 16, .vec_size = 4, .reduce_algorithm = BLOCK_REDUCE_WARP_REDUCTIONS, .load_modifier = LOAD_LDG } }
Invoking DeviceReduceKernel<<<720, 256, 0, 102321612979792>>>(), 16 items per thread, 6 SM occupancy
Invoking DeviceReduceSingleTileKernel<<<1, 256, 0, 102321612979792>>>(), 16 items per thread
Dispatching DeviceReduce on compute capability 8.9 with tuning: ReducePolicy { .multi_tile = ReducePassPolicy { .threads_per_block = 256, .items_per_thread = 16, .vec_size = 4, .reduce_algorithm = BLOCK_REDUCE_WARP_REDUCTIONS, .load_modifier = LOAD_LDG }, .single_tile = ReducePassPolicy { .threads_per_block = 256, .items_per_thread = 16, .vec_size = 4, .reduce_algorithm = BLOCK_REDUCE_WARP_REDUCTIONS, .load_modifier = LOAD_LDG } }
Invoking DeviceReduceKernel<<<720, 256, 0, 102321612979792>>>(), 16 items per thread, 6 SM occupancy
Invoking DeviceReduceSingleTileKernel<<<1, 256, 0, 102321612979792>>>(), 16 items per thread
Dispatching DeviceReduce on compute capability 8.9 with tuning: ReducePolicy { .multi_tile = ReducePassPolicy { .threads_per_block = 256, .items_per_thread = 16, .vec_size = 4, .reduce_algorithm = BLOCK_REDUCE_WARP_REDUCTIONS, .load_modifier = LOAD_LDG }, .single_tile = ReducePassPolicy { .threads_per_block = 256, .items_per_thread = 16, .vec_size = 4, .reduce_algorithm = BLOCK_REDUCE_WARP_REDUCTIONS, .load_modifier = LOAD_LDG } }
Invoking DeviceReduceKernel<<<720, 256, 0, 102321612979792>>>(), 16 items per thread, 6 SM occupancy
Invoking DeviceReduceSingleTileKernel<<<1, 256, 0, 102321612979792>>>(), 16 items per thread
Dispatching DeviceReduce on compute capability 8.9 with tuning: ReducePolicy { .multi_tile = ReducePassPolicy { .threads_per_block = 256, .items_per_thread = 16, .vec_size = 4, .reduce_algorithm = BLOCK_REDUCE_WARP_REDUCTIONS, .load_modifier = LOAD_LDG }, .single_tile = ReducePassPolicy { .threads_per_block = 256, .items_per_thread = 16, .vec_size = 4, .reduce_algorithm = BLOCK_REDUCE_WARP_REDUCTIONS, .load_modifier = LOAD_LDG } }
Invoking DeviceReduceKernel<<<720, 256, 0, 102321612979792>>>(), 16 items per thread, 6 SM occupancy
Invoking DeviceReduceSingleTileKernel<<<1, 256, 0, 102321612979792>>>(), 16 items per thread
Dispatching DeviceReduce on compute capability 8.9 with tuning: ReducePolicy { .multi_tile = ReducePassPolicy { .threads_per_block = 256, .items_per_thread = 16, .vec_size = 4, .reduce_algorithm = BLOCK_REDUCE_WARP_REDUCTIONS, .load_modifier = LOAD_LDG }, .single_tile = ReducePassPolicy { .threads_per_block = 256, .items_per_thread = 16, .vec_size = 4, .reduce_algorithm = BLOCK_REDUCE_WARP_REDUCTIONS, .load_modifier = LOAD_LDG } }
Invoking DeviceReduceKernel<<<720, 256, 0, 102321612979792>>>(), 16 items per thread, 6 SM occupancy
Invoking DeviceReduceSingleTileKernel<<<1, 256, 0, 102321612979792>>>(), 16 items per thread
Dispatching DeviceReduce on compute capability 8.9 with tuning: ReducePolicy { .multi_tile = ReducePassPolicy { .threads_per_block = 256, .items_per_thread = 16, .vec_size = 4, .reduce_algorithm = BLOCK_REDUCE_WARP_REDUCTIONS, .load_modifier = LOAD_LDG }, .single_tile = ReducePassPolicy { .threads_per_block = 256, .items_per_thread = 16, .vec_size = 4, .reduce_algorithm = BLOCK_REDUCE_WARP_REDUCTIONS, .load_modifier = LOAD_LDG } }
Invoking DeviceReduceKernel<<<720, 256, 0, 102321612979792>>>(), 16 items per thread, 6 SM occupancy
Invoking DeviceReduceSingleTileKernel<<<1, 256, 0, 102321612979792>>>(), 16 items per thread
Dispatching DeviceReduce on compute capability 8.9 with tuning: ReducePolicy { .multi_tile = ReducePassPolicy { .threads_per_block = 256, .items_per_thread = 16, .vec_size = 4, .reduce_algorithm = BLOCK_REDUCE_WARP_REDUCTIONS, .load_modifier = LOAD_LDG }, .single_tile = ReducePassPolicy { .threads_per_block = 256, .items_per_thread = 16, .vec_size = 4, .reduce_algorithm = BLOCK_REDUCE_WARP_REDUCTIONS, .load_modifier = LOAD_LDG } }
Invoking DeviceReduceKernel<<<720, 256, 0, 102321612979792>>>(), 16 items per thread, 6 SM occupancy
Invoking DeviceReduceSingleTileKernel<<<1, 256, 0, 102321612979792>>>(), 16 items per thread
Dispatching DeviceReduce on compute capability 8.9 with tuning: ReducePolicy { .multi_tile = ReducePassPolicy { .threads_per_block = 256, .items_per_thread = 16, .vec_size = 4, .reduce_algorithm = BLOCK_REDUCE_WARP_REDUCTIONS, .load_modifier = LOAD_LDG }, .single_tile = ReducePassPolicy { .threads_per_block = 256, .items_per_thread = 16, .vec_size = 4, .reduce_algorithm = BLOCK_REDUCE_WARP_REDUCTIONS, .load_modifier = LOAD_LDG } }
Invoking DeviceReduceKernel<<<720, 256, 0, 102321612979792>>>(), 16 items per thread, 6 SM occupancy
Invoking DeviceReduceSingleTileKernel<<<1, 256, 0, 102321612979792>>>(), 16 items per thread
Dispatching DeviceReduce on compute capability 8.9 with tuning: ReducePolicy { .multi_tile = ReducePassPolicy { .threads_per_block = 256, .items_per_thread = 16, .vec_size = 4, .reduce_algorithm = BLOCK_REDUCE_WARP_REDUCTIONS, .load_modifier = LOAD_LDG }, .single_tile = ReducePassPolicy { .threads_per_block = 256, .items_per_thread = 16, .vec_size = 4, .reduce_algorithm = BLOCK_REDUCE_WARP_REDUCTIONS, .load_modifier = LOAD_LDG } }
Invoking DeviceReduceKernel<<<720, 256, 0, 102321612979792>>>(), 16 items per thread, 6 SM occupancy
Invoking DeviceReduceSingleTileKernel<<<1, 256, 0, 102321612979792>>>(), 16 items per thread
Dispatching DeviceReduce on compute capability 8.9 with tuning: ReducePolicy { .multi_tile = ReducePassPolicy { .threads_per_block = 256, .items_per_thread = 16, .vec_size = 4, .reduce_algorithm = BLOCK_REDUCE_WARP_REDUCTIONS, .load_modifier = LOAD_LDG }, .single_tile = ReducePassPolicy { .threads_per_block = 256, .items_per_thread = 16, .vec_size = 4, .reduce_algorithm = BLOCK_REDUCE_WARP_REDUCTIONS, .load_modifier = LOAD_LDG } }
Invoking DeviceReduceKernel<<<720, 256, 0, 102321612979792>>>(), 16 items per thread, 6 SM occupancy
Invoking DeviceReduceSingleTileKernel<<<1, 256, 0, 102321612979792>>>(), 16 items per thread
Dispatching DeviceReduce on compute capability 8.9 with tuning: ReducePolicy { .multi_tile = ReducePassPolicy { .threads_per_block = 256, .items_per_thread = 16, .vec_size = 4, .reduce_algorithm = BLOCK_REDUCE_WARP_REDUCTIONS, .load_modifier = LOAD_LDG }, .single_tile = ReducePassPolicy { .threads_per_block = 256, .items_per_thread = 16, .vec_size = 4, .reduce_algorithm = BLOCK_REDUCE_WARP_REDUCTIONS, .load_modifier = LOAD_LDG } }
Invoking DeviceReduceKernel<<<720, 256, 0, 102321612979792>>>(), 16 items per thread, 6 SM occupancy
Invoking DeviceReduceSingleTileKernel<<<1, 256, 0, 102321612979792>>>(), 16 items per thread
Dispatching DeviceReduce on compute capability 8.9 with tuning: ReducePolicy { .multi_tile = ReducePassPolicy { .threads_per_block = 256, .items_per_thread = 16, .vec_size = 4, .reduce_algorithm = BLOCK_REDUCE_WARP_REDUCTIONS, .load_modifier = LOAD_LDG }, .single_tile = ReducePassPolicy { .threads_per_block = 256, .items_per_thread = 16, .vec_size = 4, .reduce_algorithm = BLOCK_REDUCE_WARP_REDUCTIONS, .load_modifier = LOAD_LDG } }
Invoking DeviceReduceKernel<<<720, 256, 0, 102321612979792>>>(), 16 items per thread, 6 SM occupancy
Invoking DeviceReduceSingleTileKernel<<<1, 256, 0, 102321612979792>>>(), 16 items per thread
Dispatching DeviceReduce on compute capability 8.9 with tuning: ReducePolicy { .multi_tile = ReducePassPolicy { .threads_per_block = 256, .items_per_thread = 16, .vec_size = 4, .reduce_algorithm = BLOCK_REDUCE_WARP_REDUCTIONS, .load_modifier = LOAD_LDG }, .single_tile = ReducePassPolicy { .threads_per_block = 256, .items_per_thread = 16, .vec_size = 4, .reduce_algorithm = BLOCK_REDUCE_WARP_REDUCTIONS, .load_modifier = LOAD_LDG } }
Invoking DeviceReduceKernel<<<720, 256, 0, 102321612979792>>>(), 16 items per thread, 6 SM occupancy
Invoking DeviceReduceSingleTileKernel<<<1, 256, 0, 102321612979792>>>(), 16 items per thread
Dispatching DeviceReduce on compute capability 8.9 with tuning: ReducePolicy { .multi_tile = ReducePassPolicy { .threads_per_block = 256, .items_per_thread = 16, .vec_size = 4, .reduce_algorithm = BLOCK_REDUCE_WARP_REDUCTIONS, .load_modifier = LOAD_LDG }, .single_tile = ReducePassPolicy { .threads_per_block = 256, .items_per_thread = 16, .vec_size = 4, .reduce_algorithm = BLOCK_REDUCE_WARP_REDUCTIONS, .load_modifier = LOAD_LDG } }
Invoking DeviceReduceKernel<<<720, 256, 0, 102321612979792>>>(), 16 items per thread, 6 SM occupancy
Invoking DeviceReduceSingleTileKernel<<<1, 256, 0, 102321612979792>>>(), 16 items per thread
Dispatching DeviceReduce on compute capability 8.9 with tuning: ReducePolicy { .multi_tile = ReducePassPolicy { .threads_per_block = 256, .items_per_thread = 16, .vec_size = 4, .reduce_algorithm = BLOCK_REDUCE_WARP_REDUCTIONS, .load_modifier = LOAD_LDG }, .single_tile = ReducePassPolicy { .threads_per_block = 256, .items_per_thread = 16, .vec_size = 4, .reduce_algorithm = BLOCK_REDUCE_WARP_REDUCTIONS, .load_modifier = LOAD_LDG } }
Invoking DeviceReduceKernel<<<720, 256, 0, 102321612979792>>>(), 16 items per thread, 6 SM occupancy
Invoking DeviceReduceSingleTileKernel<<<1, 256, 0, 102321612979792>>>(), 16 items per thread
Dispatching DeviceReduce on compute capability 8.9 with tuning: ReducePolicy { .multi_tile = ReducePassPolicy { .threads_per_block = 256, .items_per_thread = 16, .vec_size = 4, .reduce_algorithm = BLOCK_REDUCE_WARP_REDUCTIONS, .load_modifier = LOAD_LDG }, .single_tile = ReducePassPolicy { .threads_per_block = 256, .items_per_thread = 16, .vec_size = 4, .reduce_algorithm = BLOCK_REDUCE_WARP_REDUCTIONS, .load_modifier = LOAD_LDG } }
Invoking DeviceReduceKernel<<<720, 256, 0, 102321612979792>>>(), 16 items per thread, 6 SM occupancy
Invoking DeviceReduceSingleTileKernel<<<1, 256, 0, 102321612979792>>>(), 16 items per thread
Dispatching DeviceReduce on compute capability 8.9 with tuning: ReducePolicy { .multi_tile = ReducePassPolicy { .threads_per_block = 256, .items_per_thread = 16, .vec_size = 4, .reduce_algorithm = BLOCK_REDUCE_WARP_REDUCTIONS, .load_modifier = LOAD_LDG }, .single_tile = ReducePassPolicy { .threads_per_block = 256, .items_per_thread = 16, .vec_size = 4, .reduce_algorithm = BLOCK_REDUCE_WARP_REDUCTIONS, .load_modifier = LOAD_LDG } }
Invoking DeviceReduceKernel<<<720, 256, 0, 102321612979792>>>(), 16 items per thread, 6 SM occupancy
Invoking DeviceReduceSingleTileKernel<<<1, 256, 0, 102321612979792>>>(), 16 items per thread
Dispatching DeviceReduce on compute capability 8.9 with tuning: ReducePolicy { .multi_tile = ReducePassPolicy { .threads_per_block = 256, .items_per_thread = 16, .vec_size = 4, .reduce_algorithm = BLOCK_REDUCE_WARP_REDUCTIONS, .load_modifier = LOAD_LDG }, .single_tile = ReducePassPolicy { .threads_per_block = 256, .items_per_thread = 16, .vec_size = 4, .reduce_algorithm = BLOCK_REDUCE_WARP_REDUCTIONS, .load_modifier = LOAD_LDG } }
Invoking DeviceReduceKernel<<<720, 256, 0, 102321612979792>>>(), 16 items per thread, 6 SM occupancy
Invoking DeviceReduceSingleTileKernel<<<1, 256, 0, 102321612979792>>>(), 16 items per thread
Dispatching DeviceReduce on compute capability 8.9 with tuning: ReducePolicy { .multi_tile = ReducePassPolicy { .threads_per_block = 256, .items_per_thread = 16, .vec_size = 4, .reduce_algorithm = BLOCK_REDUCE_WARP_REDUCTIONS, .load_modifier = LOAD_LDG }, .single_tile = ReducePassPolicy { .threads_per_block = 256, .items_per_thread = 16, .vec_size = 4, .reduce_algorithm = BLOCK_REDUCE_WARP_REDUCTIONS, .load_modifier = LOAD_LDG } }
Invoking DeviceReduceKernel<<<720, 256, 0, 102321612979792>>>(), 16 items per thread, 6 SM occupancy
Invoking DeviceReduceSingleTileKernel<<<1, 256, 0, 102321612979792>>>(), 16 items per thread
Dispatching DeviceReduce on compute capability 8.9 with tuning: ReducePolicy { .multi_tile = ReducePassPolicy { .threads_per_block = 256, .items_per_thread = 16, .vec_size = 4, .reduce_algorithm = BLOCK_REDUCE_WARP_REDUCTIONS, .load_modifier = LOAD_LDG }, .single_tile = ReducePassPolicy { .threads_per_block = 256, .items_per_thread = 16, .vec_size = 4, .reduce_algorithm = BLOCK_REDUCE_WARP_REDUCTIONS, .load_modifier = LOAD_LDG } }
Invoking DeviceReduceKernel<<<720, 256, 0, 102321612979792>>>(), 16 items per thread, 6 SM occupancy
Invoking DeviceReduceSingleTileKernel<<<1, 256, 0, 102321612979792>>>(), 16 items per thread
Dispatching DeviceReduce on compute capability 8.9 with tuning: ReducePolicy { .multi_tile = ReducePassPolicy { .threads_per_block = 256, .items_per_thread = 16, .vec_size = 4, .reduce_algorithm = BLOCK_REDUCE_WARP_REDUCTIONS, .load_modifier = LOAD_LDG }, .single_tile = ReducePassPolicy { .threads_per_block = 256, .items_per_thread = 16, .vec_size = 4, .reduce_algorithm = BLOCK_REDUCE_WARP_REDUCTIONS, .load_modifier = LOAD_LDG } }
Invoking DeviceReduceKernel<<<720, 256, 0, 102321612979792>>>(), 16 items per thread, 6 SM occupancy
Invoking DeviceReduceSingleTileKernel<<<1, 256, 0, 102321612979792>>>(), 16 items per thread
Dispatching DeviceReduce on compute capability 8.9 with tuning: ReducePolicy { .multi_tile = ReducePassPolicy { .threads_per_block = 256, .items_per_thread = 16, .vec_size = 4, .reduce_algorithm = BLOCK_REDUCE_WARP_REDUCTIONS, .load_modifier = LOAD_LDG }, .single_tile = ReducePassPolicy { .threads_per_block = 256, .items_per_thread = 16, .vec_size = 4, .reduce_algorithm = BLOCK_REDUCE_WARP_REDUCTIONS, .load_modifier = LOAD_LDG } }
Invoking DeviceReduceKernel<<<720, 256, 0, 102321612979792>>>(), 16 items per thread, 6 SM occupancy
Invoking DeviceReduceSingleTileKernel<<<1, 256, 0, 102321612979792>>>(), 16 items per thread
Dispatching DeviceReduce on compute capability 8.9 with tuning: ReducePolicy { .multi_tile = ReducePassPolicy { .threads_per_block = 256, .items_per_thread = 16, .vec_size = 4, .reduce_algorithm = BLOCK_REDUCE_WARP_REDUCTIONS, .load_modifier = LOAD_LDG }, .single_tile = ReducePassPolicy { .threads_per_block = 256, .items_per_thread = 16, .vec_size = 4, .reduce_algorithm = BLOCK_REDUCE_WARP_REDUCTIONS, .load_modifier = LOAD_LDG } }
Invoking DeviceReduceKernel<<<720, 256, 0, 102321612979792>>>(), 16 items per thread, 6 SM occupancy
Invoking DeviceReduceSingleTileKernel<<<1, 256, 0, 102321612979792>>>(), 16 items per thread
Dispatching DeviceReduce on compute capability 8.9 with tuning: ReducePolicy { .multi_tile = ReducePassPolicy { .threads_per_block = 256, .items_per_thread = 16, .vec_size = 4, .reduce_algorithm = BLOCK_REDUCE_WARP_REDUCTIONS, .load_modifier = LOAD_LDG }, .single_tile = ReducePassPolicy { .threads_per_block = 256, .items_per_thread = 16, .vec_size = 4, .reduce_algorithm = BLOCK_REDUCE_WARP_REDUCTIONS, .load_modifier = LOAD_LDG } }
Invoking DeviceReduceKernel<<<720, 256, 0, 102321612979792>>>(), 16 items per thread, 6 SM occupancy
Invoking DeviceReduceSingleTileKernel<<<1, 256, 0, 102321612979792>>>(), 16 items per thread
Dispatching DeviceReduce on compute capability 8.9 with tuning: ReducePolicy { .multi_tile = ReducePassPolicy { .threads_per_block = 256, .items_per_thread = 16, .vec_size = 4, .reduce_algorithm = BLOCK_REDUCE_WARP_REDUCTIONS, .load_modifier = LOAD_LDG }, .single_tile = ReducePassPolicy { .threads_per_block = 256, .items_per_thread = 16, .vec_size = 4, .reduce_algorithm = BLOCK_REDUCE_WARP_REDUCTIONS, .load_modifier = LOAD_LDG } }
Invoking DeviceReduceKernel<<<720, 256, 0, 102321612979792>>>(), 16 items per thread, 6 SM occupancy
Invoking DeviceReduceSingleTileKernel<<<1, 256, 0, 102321612979792>>>(), 16 items per thread
Dispatching DeviceReduce on compute capability 8.9 with tuning: ReducePolicy { .multi_tile = ReducePassPolicy { .threads_per_block = 256, .items_per_thread = 16, .vec_size = 4, .reduce_algorithm = BLOCK_REDUCE_WARP_REDUCTIONS, .load_modifier = LOAD_LDG }, .single_tile = ReducePassPolicy { .threads_per_block = 256, .items_per_thread = 16, .vec_size = 4, .reduce_algorithm = BLOCK_REDUCE_WARP_REDUCTIONS, .load_modifier = LOAD_LDG } }
Invoking DeviceReduceKernel<<<720, 256, 0, 102321612979792>>>(), 16 items per thread, 6 SM occupancy
Invoking DeviceReduceSingleTileKernel<<<1, 256, 0, 102321612979792>>>(), 16 items per thread
Dispatching DeviceReduce on compute capability 8.9 with tuning: ReducePolicy { .multi_tile = ReducePassPolicy { .threads_per_block = 256, .items_per_thread = 16, .vec_size = 4, .reduce_algorithm = BLOCK_REDUCE_WARP_REDUCTIONS, .load_modifier = LOAD_LDG }, .single_tile = ReducePassPolicy { .threads_per_block = 256, .items_per_thread = 16, .vec_size = 4, .reduce_algorithm = BLOCK_REDUCE_WARP_REDUCTIONS, .load_modifier = LOAD_LDG } }
Invoking DeviceReduceKernel<<<720, 256, 0, 102321612979792>>>(), 16 items per thread, 6 SM occupancy
Invoking DeviceReduceSingleTileKernel<<<1, 256, 0, 102321612979792>>>(), 16 items per thread
Dispatching DeviceReduce on compute capability 8.9 with tuning: ReducePolicy { .multi_tile = ReducePassPolicy { .threads_per_block = 256, .items_per_thread = 16, .vec_size = 4, .reduce_algorithm = BLOCK_REDUCE_WARP_REDUCTIONS, .load_modifier = LOAD_LDG }, .single_tile = ReducePassPolicy { .threads_per_block = 256, .items_per_thread = 16, .vec_size = 4, .reduce_algorithm = BLOCK_REDUCE_WARP_REDUCTIONS, .load_modifier = LOAD_LDG } }
Invoking DeviceReduceKernel<<<720, 256, 0, 102321612979792>>>(), 16 items per thread, 6 SM occupancy
Invoking DeviceReduceSingleTileKernel<<<1, 256, 0, 102321612979792>>>(), 16 items per thread
Dispatching DeviceReduce on compute capability 8.9 with tuning: ReducePolicy { .multi_tile = ReducePassPolicy { .threads_per_block = 256, .items_per_thread = 16, .vec_size = 4, .reduce_algorithm = BLOCK_REDUCE_WARP_REDUCTIONS, .load_modifier = LOAD_LDG }, .single_tile = ReducePassPolicy { .threads_per_block = 256, .items_per_thread = 16, .vec_size = 4, .reduce_algorithm = BLOCK_REDUCE_WARP_REDUCTIONS, .load_modifier = LOAD_LDG } }
Invoking DeviceReduceKernel<<<720, 256, 0, 102321612979792>>>(), 16 items per thread, 6 SM occupancy
Invoking DeviceReduceSingleTileKernel<<<1, 256, 0, 102321612979792>>>(), 16 items per thread
Dispatching DeviceReduce on compute capability 8.9 with tuning: ReducePolicy { .multi_tile = ReducePassPolicy { .threads_per_block = 256, .items_per_thread = 16, .vec_size = 4, .reduce_algorithm = BLOCK_REDUCE_WARP_REDUCTIONS, .load_modifier = LOAD_LDG }, .single_tile = ReducePassPolicy { .threads_per_block = 256, .items_per_thread = 16, .vec_size = 4, .reduce_algorithm = BLOCK_REDUCE_WARP_REDUCTIONS, .load_modifier = LOAD_LDG } }
Invoking DeviceReduceKernel<<<720, 256, 0, 102321612979792>>>(), 16 items per thread, 6 SM occupancy
Invoking DeviceReduceSingleTileKernel<<<1, 256, 0, 102321612979792>>>(), 16 items per thread
Dispatching DeviceReduce on compute capability 8.9 with tuning: ReducePolicy { .multi_tile = ReducePassPolicy { .threads_per_block = 256, .items_per_thread = 16, .vec_size = 4, .reduce_algorithm = BLOCK_REDUCE_WARP_REDUCTIONS, .load_modifier = LOAD_LDG }, .single_tile = ReducePassPolicy { .threads_per_block = 256, .items_per_thread = 16, .vec_size = 4, .reduce_algorithm = BLOCK_REDUCE_WARP_REDUCTIONS, .load_modifier = LOAD_LDG } }
Invoking DeviceReduceKernel<<<720, 256, 0, 102321612979792>>>(), 16 items per thread, 6 SM occupancy
Invoking DeviceReduceSingleTileKernel<<<1, 256, 0, 102321612979792>>>(), 16 items per thread
Dispatching DeviceReduce on compute capability 8.9 with tuning: ReducePolicy { .multi_tile = ReducePassPolicy { .threads_per_block = 256, .items_per_thread = 16, .vec_size = 4, .reduce_algorithm = BLOCK_REDUCE_WARP_REDUCTIONS, .load_modifier = LOAD_LDG }, .single_tile = ReducePassPolicy { .threads_per_block = 256, .items_per_thread = 16, .vec_size = 4, .reduce_algorithm = BLOCK_REDUCE_WARP_REDUCTIONS, .load_modifier = LOAD_LDG } }
Invoking DeviceReduceKernel<<<720, 256, 0, 102321612979792>>>(), 16 items per thread, 6 SM occupancy
Invoking DeviceReduceSingleTileKernel<<<1, 256, 0, 102321612979792>>>(), 16 items per thread
Dispatching DeviceReduce on compute capability 8.9 with tuning: ReducePolicy { .multi_tile = ReducePassPolicy { .threads_per_block = 256, .items_per_thread = 16, .vec_size = 4, .reduce_algorithm = BLOCK_REDUCE_WARP_REDUCTIONS, .load_modifier = LOAD_LDG }, .single_tile = ReducePassPolicy { .threads_per_block = 256, .items_per_thread = 16, .vec_size = 4, .reduce_algorithm = BLOCK_REDUCE_WARP_REDUCTIONS, .load_modifier = LOAD_LDG } }
Invoking DeviceReduceKernel<<<720, 256, 0, 102321612979792>>>(), 16 items per thread, 6 SM occupancy
Invoking DeviceReduceSingleTileKernel<<<1, 256, 0, 102321612979792>>>(), 16 items per thread
Dispatching DeviceReduce on compute capability 8.9 with tuning: ReducePolicy { .multi_tile = ReducePassPolicy { .threads_per_block = 256, .items_per_thread = 16, .vec_size = 4, .reduce_algorithm = BLOCK_REDUCE_WARP_REDUCTIONS, .load_modifier = LOAD_LDG }, .single_tile = ReducePassPolicy { .threads_per_block = 256, .items_per_thread = 16, .vec_size = 4, .reduce_algorithm = BLOCK_REDUCE_WARP_REDUCTIONS, .load_modifier = LOAD_LDG } }
Invoking DeviceReduceKernel<<<720, 256, 0, 102321612979792>>>(), 16 items per thread, 6 SM occupancy
Invoking DeviceReduceSingleTileKernel<<<1, 256, 0, 102321612979792>>>(), 16 items per thread
Dispatching DeviceReduce on compute capability 8.9 with tuning: ReducePolicy { .multi_tile = ReducePassPolicy { .threads_per_block = 256, .items_per_thread = 16, .vec_size = 4, .reduce_algorithm = BLOCK_REDUCE_WARP_REDUCTIONS, .load_modifier = LOAD_LDG }, .single_tile = ReducePassPolicy { .threads_per_block = 256, .items_per_thread = 16, .vec_size = 4, .reduce_algorithm = BLOCK_REDUCE_WARP_REDUCTIONS, .load_modifier = LOAD_LDG } }
Invoking DeviceReduceKernel<<<720, 256, 0, 102321612979792>>>(), 16 items per thread, 6 SM occupancy
Invoking DeviceReduceSingleTileKernel<<<1, 256, 0, 102321612979792>>>(), 16 items per thread
Dispatching DeviceReduce on compute capability 8.9 with tuning: ReducePolicy { .multi_tile = ReducePassPolicy { .threads_per_block = 256, .items_per_thread = 16, .vec_size = 4, .reduce_algorithm = BLOCK_REDUCE_WARP_REDUCTIONS, .load_modifier = LOAD_LDG }, .single_tile = ReducePassPolicy { .threads_per_block = 256, .items_per_thread = 16, .vec_size = 4, .reduce_algorithm = BLOCK_REDUCE_WARP_REDUCTIONS, .load_modifier = LOAD_LDG } }
Invoking DeviceReduceKernel<<<720, 256, 0, 102321612979792>>>(), 16 items per thread, 6 SM occupancy
Invoking DeviceReduceSingleTileKernel<<<1, 256, 0, 102321612979792>>>(), 16 items per thread
Dispatching DeviceReduce on compute capability 8.9 with tuning: ReducePolicy { .multi_tile = ReducePassPolicy { .threads_per_block = 256, .items_per_thread = 16, .vec_size = 4, .reduce_algorithm = BLOCK_REDUCE_WARP_REDUCTIONS, .load_modifier = LOAD_LDG }, .single_tile = ReducePassPolicy { .threads_per_block = 256, .items_per_thread = 16, .vec_size = 4, .reduce_algorithm = BLOCK_REDUCE_WARP_REDUCTIONS, .load_modifier = LOAD_LDG } }
Invoking DeviceReduceKernel<<<720, 256, 0, 102321612979792>>>(), 16 items per thread, 6 SM occupancy
Invoking DeviceReduceSingleTileKernel<<<1, 256, 0, 102321612979792>>>(), 16 items per thread
Dispatching DeviceReduce on compute capability 8.9 with tuning: ReducePolicy { .multi_tile = ReducePassPolicy { .threads_per_block = 256, .items_per_thread = 16, .vec_size = 4, .reduce_algorithm = BLOCK_REDUCE_WARP_REDUCTIONS, .load_modifier = LOAD_LDG }, .single_tile = ReducePassPolicy { .threads_per_block = 256, .items_per_thread = 16, .vec_size = 4, .reduce_algorithm = BLOCK_REDUCE_WARP_REDUCTIONS, .load_modifier = LOAD_LDG } }
Invoking DeviceReduceKernel<<<720, 256, 0, 102321612979792>>>(), 16 items per thread, 6 SM occupancy
Invoking DeviceReduceSingleTileKernel<<<1, 256, 0, 102321612979792>>>(), 16 items per thread
Dispatching DeviceReduce on compute capability 8.9 with tuning: ReducePolicy { .multi_tile = ReducePassPolicy { .threads_per_block = 256, .items_per_thread = 16, .vec_size = 4, .reduce_algorithm = BLOCK_REDUCE_WARP_REDUCTIONS, .load_modifier = LOAD_LDG }, .single_tile = ReducePassPolicy { .threads_per_block = 256, .items_per_thread = 16, .vec_size = 4, .reduce_algorithm = BLOCK_REDUCE_WARP_REDUCTIONS, .load_modifier = LOAD_LDG } }
Invoking DeviceReduceKernel<<<720, 256, 0, 102321612979792>>>(), 16 items per thread, 6 SM occupancy
Invoking DeviceReduceSingleTileKernel<<<1, 256, 0, 102321612979792>>>(), 16 items per thread
Dispatching DeviceReduce on compute capability 8.9 with tuning: ReducePolicy { .multi_tile = ReducePassPolicy { .threads_per_block = 256, .items_per_thread = 16, .vec_size = 4, .reduce_algorithm = BLOCK_REDUCE_WARP_REDUCTIONS, .load_modifier = LOAD_LDG }, .single_tile = ReducePassPolicy { .threads_per_block = 256, .items_per_thread = 16, .vec_size = 4, .reduce_algorithm = BLOCK_REDUCE_WARP_REDUCTIONS, .load_modifier = LOAD_LDG } }
Invoking DeviceReduceKernel<<<720, 256, 0, 102321612979792>>>(), 16 items per thread, 6 SM occupancy
Invoking DeviceReduceSingleTileKernel<<<1, 256, 0, 102321612979792>>>(), 16 items per thread
Dispatching DeviceReduce on compute capability 8.9 with tuning: ReducePolicy { .multi_tile = ReducePassPolicy { .threads_per_block = 256, .items_per_thread = 16, .vec_size = 4, .reduce_algorithm = BLOCK_REDUCE_WARP_REDUCTIONS, .load_modifier = LOAD_LDG }, .single_tile = ReducePassPolicy { .threads_per_block = 256, .items_per_thread = 16, .vec_size = 4, .reduce_algorithm = BLOCK_REDUCE_WARP_REDUCTIONS, .load_modifier = LOAD_LDG } }
Invoking DeviceReduceKernel<<<720, 256, 0, 102321612979792>>>(), 16 items per thread, 6 SM occupancy
Invoking DeviceReduceSingleTileKernel<<<1, 256, 0, 102321612979792>>>(), 16 items per thread
Pass: Cold: 0.449536ms GPU, 0.917342ms CPU, 0.00s total GPU, 0.00s total wall, 1x 
CHECK Case=8 N=2949119 variant=0 before=26542036 after=26542036 input=0x505800000 output=0x506400000 scratch=0x506400200 stream=0x5d0f9b64fe50
Run:  [2/2] tail_ab [Device=0 Case=9]
Dispatching DeviceReduce on compute capability 8.9 with tuning: ReducePolicy { .multi_tile = ReducePassPolicy { .threads_per_block = 256, .items_per_thread = 16, .vec_size = 4, .reduce_algorithm = BLOCK_REDUCE_WARP_REDUCTIONS, .load_modifier = LOAD_LDG }, .single_tile = ReducePassPolicy { .threads_per_block = 256, .items_per_thread = 16, .vec_size = 4, .reduce_algorithm = BLOCK_REDUCE_WARP_REDUCTIONS, .load_modifier = LOAD_LDG } }
Invoking DeviceReduceKernel<<<720, 256, 0, 102321612979792>>>(), 16 items per thread, 6 SM occupancy
Invoking DeviceReduceSingleTileKernel<<<1, 256, 0, 102321612979792>>>(), 16 items per thread
Dispatching DeviceReduce on compute capability 8.9 with tuning: ReducePolicy { .multi_tile = ReducePassPolicy { .threads_per_block = 256, .items_per_thread = 16, .vec_size = 4, .reduce_algorithm = BLOCK_REDUCE_WARP_REDUCTIONS, .load_modifier = LOAD_LDG }, .single_tile = ReducePassPolicy { .threads_per_block = 256, .items_per_thread = 16, .vec_size = 4, .reduce_algorithm = BLOCK_REDUCE_WARP_REDUCTIONS, .load_modifier = LOAD_LDG } }
Invoking DeviceReduceKernel<<<720, 256, 0, 102321612979792>>>(), 16 items per thread, 6 SM occupancy
Invoking DeviceReduceSingleTileKernel<<<1, 256, 0, 102321612979792>>>(), 16 items per thread
Pass: Cold: 0.115520ms GPU, 0.172383ms CPU, 0.00s total GPU, 0.00s total wall, 1x 
CHECK Case=9 N=2949119 variant=1 before=26542036 after=26542036 input=0x505800000 output=0x506400000 scratch=0x506400200 stream=0x5d0f9b64fe50
```

# Benchmark Results

## tail_ab

### [0] NVIDIA GeForce RTX 4060 Laptop GPU

| Case | Samples |  CPU Time  | Noise |  GPU Time  | Noise | Elem/s  | GlobalMem BW | BWUtil |
|------|---------|------------|-------|------------|-------|---------|--------------|--------|
|    8 |      1x | 917.342 us |  inf% | 449.536 us |  inf% |  6.560G |  26.241 GB/s | 10.25% |
|    9 |      1x | 172.383 us |  inf% | 115.520 us |  inf% | 25.529G | 102.116 GB/s | 39.88% |
