# Command Line

```
'/mnt/d/Projects/Open-Source Contribution/evidence/raw/phase2/2026-09-06-tail-ab/build/tail_ab' -a 'Case=[8,9]' --profile
```

# Devices

## [0] `NVIDIA GeForce RTX 4060 Laptop GPU`
* SM Version: 890 (PTX Version: 890)
* Number of SMs: 24
* SM Default Clock Rate: 2250 MHz
* Global Memory: 7096 MiB Free / 8187 MiB Total
* Global Memory Bus Peak: 256 GB/sec (128-bit DDR @8001MHz)
* Max Shared Memory: 100 KiB/SM, 48 KiB/Block
* L2 Cache Size: 32768 KiB
* Maximum Active Blocks: 24/SM
* Maximum Active Threads: 1536/SM, 1024/Block
* Available Registers: 65536/SM, 65536/Block
* ECC Enabled: No

# Log

```
Run:  [1/2] tail_ab [Device=0 Case=8]
Dispatching DeviceReduce on compute capability 8.9 with tuning: ReducePolicy { .multi_tile = ReducePassPolicy { .threads_per_block = 256, .items_per_thread = 16, .vec_size = 4, .reduce_algorithm = BLOCK_REDUCE_WARP_REDUCTIONS, .load_modifier = LOAD_LDG }, .single_tile = ReducePassPolicy { .threads_per_block = 256, .items_per_thread = 16, .vec_size = 4, .reduce_algorithm = BLOCK_REDUCE_WARP_REDUCTIONS, .load_modifier = LOAD_LDG } }
Dispatching DeviceReduce on compute capability 8.9 with tuning: ReducePolicy { .multi_tile = ReducePassPolicy { .threads_per_block = 256, .items_per_thread = 16, .vec_size = 4, .reduce_algorithm = BLOCK_REDUCE_WARP_REDUCTIONS, .load_modifier = LOAD_LDG }, .single_tile = ReducePassPolicy { .threads_per_block = 256, .items_per_thread = 16, .vec_size = 4, .reduce_algorithm = BLOCK_REDUCE_WARP_REDUCTIONS, .load_modifier = LOAD_LDG } }
Dispatching DeviceReduce on compute capability 8.9 with tuning: ReducePolicy { .multi_tile = ReducePassPolicy { .threads_per_block = 256, .items_per_thread = 16, .vec_size = 4, .reduce_algorithm = BLOCK_REDUCE_WARP_REDUCTIONS, .load_modifier = LOAD_LDG }, .single_tile = ReducePassPolicy { .threads_per_block = 256, .items_per_thread = 16, .vec_size = 4, .reduce_algorithm = BLOCK_REDUCE_WARP_REDUCTIONS, .load_modifier = LOAD_LDG } }
Invoking DeviceReduceKernel<<<719, 256, 0, 102783056903760>>>(), 16 items per thread, 6 SM occupancy
Invoking DeviceReduceSingleTileKernel<<<1, 256, 0, 102783056903760>>>(), 16 items per thread
Dispatching DeviceReduce on compute capability 8.9 with tuning: ReducePolicy { .multi_tile = ReducePassPolicy { .threads_per_block = 256, .items_per_thread = 16, .vec_size = 4, .reduce_algorithm = BLOCK_REDUCE_WARP_REDUCTIONS, .load_modifier = LOAD_LDG }, .single_tile = ReducePassPolicy { .threads_per_block = 256, .items_per_thread = 16, .vec_size = 4, .reduce_algorithm = BLOCK_REDUCE_WARP_REDUCTIONS, .load_modifier = LOAD_LDG } }
Invoking DeviceReduceKernel<<<719, 256, 0, 102783056903760>>>(), 16 items per thread, 6 SM occupancy
Invoking DeviceReduceSingleTileKernel<<<1, 256, 0, 102783056903760>>>(), 16 items per thread
Dispatching DeviceReduce on compute capability 8.9 with tuning: ReducePolicy { .multi_tile = ReducePassPolicy { .threads_per_block = 256, .items_per_thread = 16, .vec_size = 4, .reduce_algorithm = BLOCK_REDUCE_WARP_REDUCTIONS, .load_modifier = LOAD_LDG }, .single_tile = ReducePassPolicy { .threads_per_block = 256, .items_per_thread = 16, .vec_size = 4, .reduce_algorithm = BLOCK_REDUCE_WARP_REDUCTIONS, .load_modifier = LOAD_LDG } }
Invoking DeviceReduceKernel<<<720, 256, 0, 102783056903760>>>(), 16 items per thread, 6 SM occupancy
Invoking DeviceReduceSingleTileKernel<<<1, 256, 0, 102783056903760>>>(), 16 items per thread
Dispatching DeviceReduce on compute capability 8.9 with tuning: ReducePolicy { .multi_tile = ReducePassPolicy { .threads_per_block = 256, .items_per_thread = 16, .vec_size = 4, .reduce_algorithm = BLOCK_REDUCE_WARP_REDUCTIONS, .load_modifier = LOAD_LDG }, .single_tile = ReducePassPolicy { .threads_per_block = 256, .items_per_thread = 16, .vec_size = 4, .reduce_algorithm = BLOCK_REDUCE_WARP_REDUCTIONS, .load_modifier = LOAD_LDG } }
Invoking DeviceReduceKernel<<<720, 256, 0, 102783056903760>>>(), 16 items per thread, 6 SM occupancy
Invoking DeviceReduceSingleTileKernel<<<1, 256, 0, 102783056903760>>>(), 16 items per thread
Dispatching DeviceReduce on compute capability 8.9 with tuning: ReducePolicy { .multi_tile = ReducePassPolicy { .threads_per_block = 256, .items_per_thread = 16, .vec_size = 4, .reduce_algorithm = BLOCK_REDUCE_WARP_REDUCTIONS, .load_modifier = LOAD_LDG }, .single_tile = ReducePassPolicy { .threads_per_block = 256, .items_per_thread = 16, .vec_size = 4, .reduce_algorithm = BLOCK_REDUCE_WARP_REDUCTIONS, .load_modifier = LOAD_LDG } }
Invoking DeviceReduceKernel<<<720, 256, 0, 102783056903760>>>(), 16 items per thread, 6 SM occupancy
Invoking DeviceReduceSingleTileKernel<<<1, 256, 0, 102783056903760>>>(), 16 items per thread
Dispatching DeviceReduce on compute capability 8.9 with tuning: ReducePolicy { .multi_tile = ReducePassPolicy { .threads_per_block = 256, .items_per_thread = 16, .vec_size = 4, .reduce_algorithm = BLOCK_REDUCE_WARP_REDUCTIONS, .load_modifier = LOAD_LDG }, .single_tile = ReducePassPolicy { .threads_per_block = 256, .items_per_thread = 16, .vec_size = 4, .reduce_algorithm = BLOCK_REDUCE_WARP_REDUCTIONS, .load_modifier = LOAD_LDG } }
Invoking DeviceReduceKernel<<<720, 256, 0, 102783056903760>>>(), 16 items per thread, 6 SM occupancy
Invoking DeviceReduceSingleTileKernel<<<1, 256, 0, 102783056903760>>>(), 16 items per thread
Dispatching DeviceReduce on compute capability 8.9 with tuning: ReducePolicy { .multi_tile = ReducePassPolicy { .threads_per_block = 256, .items_per_thread = 16, .vec_size = 4, .reduce_algorithm = BLOCK_REDUCE_WARP_REDUCTIONS, .load_modifier = LOAD_LDG }, .single_tile = ReducePassPolicy { .threads_per_block = 256, .items_per_thread = 16, .vec_size = 4, .reduce_algorithm = BLOCK_REDUCE_WARP_REDUCTIONS, .load_modifier = LOAD_LDG } }
Invoking DeviceReduceKernel<<<720, 256, 0, 102783056903760>>>(), 16 items per thread, 6 SM occupancy
Invoking DeviceReduceSingleTileKernel<<<1, 256, 0, 102783056903760>>>(), 16 items per thread
Dispatching DeviceReduce on compute capability 8.9 with tuning: ReducePolicy { .multi_tile = ReducePassPolicy { .threads_per_block = 256, .items_per_thread = 16, .vec_size = 4, .reduce_algorithm = BLOCK_REDUCE_WARP_REDUCTIONS, .load_modifier = LOAD_LDG }, .single_tile = ReducePassPolicy { .threads_per_block = 256, .items_per_thread = 16, .vec_size = 4, .reduce_algorithm = BLOCK_REDUCE_WARP_REDUCTIONS, .load_modifier = LOAD_LDG } }
Invoking DeviceReduceKernel<<<720, 256, 0, 102783056903760>>>(), 16 items per thread, 6 SM occupancy
Invoking DeviceReduceSingleTileKernel<<<1, 256, 0, 102783056903760>>>(), 16 items per thread
Dispatching DeviceReduce on compute capability 8.9 with tuning: ReducePolicy { .multi_tile = ReducePassPolicy { .threads_per_block = 256, .items_per_thread = 16, .vec_size = 4, .reduce_algorithm = BLOCK_REDUCE_WARP_REDUCTIONS, .load_modifier = LOAD_LDG }, .single_tile = ReducePassPolicy { .threads_per_block = 256, .items_per_thread = 16, .vec_size = 4, .reduce_algorithm = BLOCK_REDUCE_WARP_REDUCTIONS, .load_modifier = LOAD_LDG } }
Invoking DeviceReduceKernel<<<720, 256, 0, 102783056903760>>>(), 16 items per thread, 6 SM occupancy
Invoking DeviceReduceSingleTileKernel<<<1, 256, 0, 102783056903760>>>(), 16 items per thread
Dispatching DeviceReduce on compute capability 8.9 with tuning: ReducePolicy { .multi_tile = ReducePassPolicy { .threads_per_block = 256, .items_per_thread = 16, .vec_size = 4, .reduce_algorithm = BLOCK_REDUCE_WARP_REDUCTIONS, .load_modifier = LOAD_LDG }, .single_tile = ReducePassPolicy { .threads_per_block = 256, .items_per_thread = 16, .vec_size = 4, .reduce_algorithm = BLOCK_REDUCE_WARP_REDUCTIONS, .load_modifier = LOAD_LDG } }
Invoking DeviceReduceKernel<<<720, 256, 0, 102783056903760>>>(), 16 items per thread, 6 SM occupancy
Invoking DeviceReduceSingleTileKernel<<<1, 256, 0, 102783056903760>>>(), 16 items per thread
Dispatching DeviceReduce on compute capability 8.9 with tuning: ReducePolicy { .multi_tile = ReducePassPolicy { .threads_per_block = 256, .items_per_thread = 16, .vec_size = 4, .reduce_algorithm = BLOCK_REDUCE_WARP_REDUCTIONS, .load_modifier = LOAD_LDG }, .single_tile = ReducePassPolicy { .threads_per_block = 256, .items_per_thread = 16, .vec_size = 4, .reduce_algorithm = BLOCK_REDUCE_WARP_REDUCTIONS, .load_modifier = LOAD_LDG } }
Invoking DeviceReduceKernel<<<720, 256, 0, 102783056903760>>>(), 16 items per thread, 6 SM occupancy
Invoking DeviceReduceSingleTileKernel<<<1, 256, 0, 102783056903760>>>(), 16 items per thread
Dispatching DeviceReduce on compute capability 8.9 with tuning: ReducePolicy { .multi_tile = ReducePassPolicy { .threads_per_block = 256, .items_per_thread = 16, .vec_size = 4, .reduce_algorithm = BLOCK_REDUCE_WARP_REDUCTIONS, .load_modifier = LOAD_LDG }, .single_tile = ReducePassPolicy { .threads_per_block = 256, .items_per_thread = 16, .vec_size = 4, .reduce_algorithm = BLOCK_REDUCE_WARP_REDUCTIONS, .load_modifier = LOAD_LDG } }
Invoking DeviceReduceKernel<<<720, 256, 0, 102783056903760>>>(), 16 items per thread, 6 SM occupancy
Invoking DeviceReduceSingleTileKernel<<<1, 256, 0, 102783056903760>>>(), 16 items per thread
Dispatching DeviceReduce on compute capability 8.9 with tuning: ReducePolicy { .multi_tile = ReducePassPolicy { .threads_per_block = 256, .items_per_thread = 16, .vec_size = 4, .reduce_algorithm = BLOCK_REDUCE_WARP_REDUCTIONS, .load_modifier = LOAD_LDG }, .single_tile = ReducePassPolicy { .threads_per_block = 256, .items_per_thread = 16, .vec_size = 4, .reduce_algorithm = BLOCK_REDUCE_WARP_REDUCTIONS, .load_modifier = LOAD_LDG } }
Invoking DeviceReduceKernel<<<720, 256, 0, 102783056903760>>>(), 16 items per thread, 6 SM occupancy
Invoking DeviceReduceSingleTileKernel<<<1, 256, 0, 102783056903760>>>(), 16 items per thread
Dispatching DeviceReduce on compute capability 8.9 with tuning: ReducePolicy { .multi_tile = ReducePassPolicy { .threads_per_block = 256, .items_per_thread = 16, .vec_size = 4, .reduce_algorithm = BLOCK_REDUCE_WARP_REDUCTIONS, .load_modifier = LOAD_LDG }, .single_tile = ReducePassPolicy { .threads_per_block = 256, .items_per_thread = 16, .vec_size = 4, .reduce_algorithm = BLOCK_REDUCE_WARP_REDUCTIONS, .load_modifier = LOAD_LDG } }
Invoking DeviceReduceKernel<<<720, 256, 0, 102783056903760>>>(), 16 items per thread, 6 SM occupancy
Invoking DeviceReduceSingleTileKernel<<<1, 256, 0, 102783056903760>>>(), 16 items per thread
Dispatching DeviceReduce on compute capability 8.9 with tuning: ReducePolicy { .multi_tile = ReducePassPolicy { .threads_per_block = 256, .items_per_thread = 16, .vec_size = 4, .reduce_algorithm = BLOCK_REDUCE_WARP_REDUCTIONS, .load_modifier = LOAD_LDG }, .single_tile = ReducePassPolicy { .threads_per_block = 256, .items_per_thread = 16, .vec_size = 4, .reduce_algorithm = BLOCK_REDUCE_WARP_REDUCTIONS, .load_modifier = LOAD_LDG } }
Invoking DeviceReduceKernel<<<720, 256, 0, 102783056903760>>>(), 16 items per thread, 6 SM occupancy
Invoking DeviceReduceSingleTileKernel<<<1, 256, 0, 102783056903760>>>(), 16 items per thread
Dispatching DeviceReduce on compute capability 8.9 with tuning: ReducePolicy { .multi_tile = ReducePassPolicy { .threads_per_block = 256, .items_per_thread = 16, .vec_size = 4, .reduce_algorithm = BLOCK_REDUCE_WARP_REDUCTIONS, .load_modifier = LOAD_LDG }, .single_tile = ReducePassPolicy { .threads_per_block = 256, .items_per_thread = 16, .vec_size = 4, .reduce_algorithm = BLOCK_REDUCE_WARP_REDUCTIONS, .load_modifier = LOAD_LDG } }
Invoking DeviceReduceKernel<<<720, 256, 0, 102783056903760>>>(), 16 items per thread, 6 SM occupancy
Invoking DeviceReduceSingleTileKernel<<<1, 256, 0, 102783056903760>>>(), 16 items per thread
Dispatching DeviceReduce on compute capability 8.9 with tuning: ReducePolicy { .multi_tile = ReducePassPolicy { .threads_per_block = 256, .items_per_thread = 16, .vec_size = 4, .reduce_algorithm = BLOCK_REDUCE_WARP_REDUCTIONS, .load_modifier = LOAD_LDG }, .single_tile = ReducePassPolicy { .threads_per_block = 256, .items_per_thread = 16, .vec_size = 4, .reduce_algorithm = BLOCK_REDUCE_WARP_REDUCTIONS, .load_modifier = LOAD_LDG } }
Invoking DeviceReduceKernel<<<720, 256, 0, 102783056903760>>>(), 16 items per thread, 6 SM occupancy
Invoking DeviceReduceSingleTileKernel<<<1, 256, 0, 102783056903760>>>(), 16 items per thread
Dispatching DeviceReduce on compute capability 8.9 with tuning: ReducePolicy { .multi_tile = ReducePassPolicy { .threads_per_block = 256, .items_per_thread = 16, .vec_size = 4, .reduce_algorithm = BLOCK_REDUCE_WARP_REDUCTIONS, .load_modifier = LOAD_LDG }, .single_tile = ReducePassPolicy { .threads_per_block = 256, .items_per_thread = 16, .vec_size = 4, .reduce_algorithm = BLOCK_REDUCE_WARP_REDUCTIONS, .load_modifier = LOAD_LDG } }
Invoking DeviceReduceKernel<<<720, 256, 0, 102783056903760>>>(), 16 items per thread, 6 SM occupancy
Invoking DeviceReduceSingleTileKernel<<<1, 256, 0, 102783056903760>>>(), 16 items per thread
Dispatching DeviceReduce on compute capability 8.9 with tuning: ReducePolicy { .multi_tile = ReducePassPolicy { .threads_per_block = 256, .items_per_thread = 16, .vec_size = 4, .reduce_algorithm = BLOCK_REDUCE_WARP_REDUCTIONS, .load_modifier = LOAD_LDG }, .single_tile = ReducePassPolicy { .threads_per_block = 256, .items_per_thread = 16, .vec_size = 4, .reduce_algorithm = BLOCK_REDUCE_WARP_REDUCTIONS, .load_modifier = LOAD_LDG } }
Invoking DeviceReduceKernel<<<720, 256, 0, 102783056903760>>>(), 16 items per thread, 6 SM occupancy
Invoking DeviceReduceSingleTileKernel<<<1, 256, 0, 102783056903760>>>(), 16 items per thread
Dispatching DeviceReduce on compute capability 8.9 with tuning: ReducePolicy { .multi_tile = ReducePassPolicy { .threads_per_block = 256, .items_per_thread = 16, .vec_size = 4, .reduce_algorithm = BLOCK_REDUCE_WARP_REDUCTIONS, .load_modifier = LOAD_LDG }, .single_tile = ReducePassPolicy { .threads_per_block = 256, .items_per_thread = 16, .vec_size = 4, .reduce_algorithm = BLOCK_REDUCE_WARP_REDUCTIONS, .load_modifier = LOAD_LDG } }
Invoking DeviceReduceKernel<<<720, 256, 0, 102783056903760>>>(), 16 items per thread, 6 SM occupancy
Invoking DeviceReduceSingleTileKernel<<<1, 256, 0, 102783056903760>>>(), 16 items per thread
Dispatching DeviceReduce on compute capability 8.9 with tuning: ReducePolicy { .multi_tile = ReducePassPolicy { .threads_per_block = 256, .items_per_thread = 16, .vec_size = 4, .reduce_algorithm = BLOCK_REDUCE_WARP_REDUCTIONS, .load_modifier = LOAD_LDG }, .single_tile = ReducePassPolicy { .threads_per_block = 256, .items_per_thread = 16, .vec_size = 4, .reduce_algorithm = BLOCK_REDUCE_WARP_REDUCTIONS, .load_modifier = LOAD_LDG } }
Invoking DeviceReduceKernel<<<720, 256, 0, 102783056903760>>>(), 16 items per thread, 6 SM occupancy
Invoking DeviceReduceSingleTileKernel<<<1, 256, 0, 102783056903760>>>(), 16 items per thread
Dispatching DeviceReduce on compute capability 8.9 with tuning: ReducePolicy { .multi_tile = ReducePassPolicy { .threads_per_block = 256, .items_per_thread = 16, .vec_size = 4, .reduce_algorithm = BLOCK_REDUCE_WARP_REDUCTIONS, .load_modifier = LOAD_LDG }, .single_tile = ReducePassPolicy { .threads_per_block = 256, .items_per_thread = 16, .vec_size = 4, .reduce_algorithm = BLOCK_REDUCE_WARP_REDUCTIONS, .load_modifier = LOAD_LDG } }
Invoking DeviceReduceKernel<<<720, 256, 0, 102783056903760>>>(), 16 items per thread, 6 SM occupancy
Invoking DeviceReduceSingleTileKernel<<<1, 256, 0, 102783056903760>>>(), 16 items per thread
Dispatching DeviceReduce on compute capability 8.9 with tuning: ReducePolicy { .multi_tile = ReducePassPolicy { .threads_per_block = 256, .items_per_thread = 16, .vec_size = 4, .reduce_algorithm = BLOCK_REDUCE_WARP_REDUCTIONS, .load_modifier = LOAD_LDG }, .single_tile = ReducePassPolicy { .threads_per_block = 256, .items_per_thread = 16, .vec_size = 4, .reduce_algorithm = BLOCK_REDUCE_WARP_REDUCTIONS, .load_modifier = LOAD_LDG } }
Invoking DeviceReduceKernel<<<720, 256, 0, 102783056903760>>>(), 16 items per thread, 6 SM occupancy
Invoking DeviceReduceSingleTileKernel<<<1, 256, 0, 102783056903760>>>(), 16 items per thread
Dispatching DeviceReduce on compute capability 8.9 with tuning: ReducePolicy { .multi_tile = ReducePassPolicy { .threads_per_block = 256, .items_per_thread = 16, .vec_size = 4, .reduce_algorithm = BLOCK_REDUCE_WARP_REDUCTIONS, .load_modifier = LOAD_LDG }, .single_tile = ReducePassPolicy { .threads_per_block = 256, .items_per_thread = 16, .vec_size = 4, .reduce_algorithm = BLOCK_REDUCE_WARP_REDUCTIONS, .load_modifier = LOAD_LDG } }
Invoking DeviceReduceKernel<<<720, 256, 0, 102783056903760>>>(), 16 items per thread, 6 SM occupancy
Invoking DeviceReduceSingleTileKernel<<<1, 256, 0, 102783056903760>>>(), 16 items per thread
Dispatching DeviceReduce on compute capability 8.9 with tuning: ReducePolicy { .multi_tile = ReducePassPolicy { .threads_per_block = 256, .items_per_thread = 16, .vec_size = 4, .reduce_algorithm = BLOCK_REDUCE_WARP_REDUCTIONS, .load_modifier = LOAD_LDG }, .single_tile = ReducePassPolicy { .threads_per_block = 256, .items_per_thread = 16, .vec_size = 4, .reduce_algorithm = BLOCK_REDUCE_WARP_REDUCTIONS, .load_modifier = LOAD_LDG } }
Invoking DeviceReduceKernel<<<720, 256, 0, 102783056903760>>>(), 16 items per thread, 6 SM occupancy
Invoking DeviceReduceSingleTileKernel<<<1, 256, 0, 102783056903760>>>(), 16 items per thread
Dispatching DeviceReduce on compute capability 8.9 with tuning: ReducePolicy { .multi_tile = ReducePassPolicy { .threads_per_block = 256, .items_per_thread = 16, .vec_size = 4, .reduce_algorithm = BLOCK_REDUCE_WARP_REDUCTIONS, .load_modifier = LOAD_LDG }, .single_tile = ReducePassPolicy { .threads_per_block = 256, .items_per_thread = 16, .vec_size = 4, .reduce_algorithm = BLOCK_REDUCE_WARP_REDUCTIONS, .load_modifier = LOAD_LDG } }
Invoking DeviceReduceKernel<<<720, 256, 0, 102783056903760>>>(), 16 items per thread, 6 SM occupancy
Invoking DeviceReduceSingleTileKernel<<<1, 256, 0, 102783056903760>>>(), 16 items per thread
Dispatching DeviceReduce on compute capability 8.9 with tuning: ReducePolicy { .multi_tile = ReducePassPolicy { .threads_per_block = 256, .items_per_thread = 16, .vec_size = 4, .reduce_algorithm = BLOCK_REDUCE_WARP_REDUCTIONS, .load_modifier = LOAD_LDG }, .single_tile = ReducePassPolicy { .threads_per_block = 256, .items_per_thread = 16, .vec_size = 4, .reduce_algorithm = BLOCK_REDUCE_WARP_REDUCTIONS, .load_modifier = LOAD_LDG } }
Invoking DeviceReduceKernel<<<720, 256, 0, 102783056903760>>>(), 16 items per thread, 6 SM occupancy
Invoking DeviceReduceSingleTileKernel<<<1, 256, 0, 102783056903760>>>(), 16 items per thread
Dispatching DeviceReduce on compute capability 8.9 with tuning: ReducePolicy { .multi_tile = ReducePassPolicy { .threads_per_block = 256, .items_per_thread = 16, .vec_size = 4, .reduce_algorithm = BLOCK_REDUCE_WARP_REDUCTIONS, .load_modifier = LOAD_LDG }, .single_tile = ReducePassPolicy { .threads_per_block = 256, .items_per_thread = 16, .vec_size = 4, .reduce_algorithm = BLOCK_REDUCE_WARP_REDUCTIONS, .load_modifier = LOAD_LDG } }
Invoking DeviceReduceKernel<<<720, 256, 0, 102783056903760>>>(), 16 items per thread, 6 SM occupancy
Invoking DeviceReduceSingleTileKernel<<<1, 256, 0, 102783056903760>>>(), 16 items per thread
Dispatching DeviceReduce on compute capability 8.9 with tuning: ReducePolicy { .multi_tile = ReducePassPolicy { .threads_per_block = 256, .items_per_thread = 16, .vec_size = 4, .reduce_algorithm = BLOCK_REDUCE_WARP_REDUCTIONS, .load_modifier = LOAD_LDG }, .single_tile = ReducePassPolicy { .threads_per_block = 256, .items_per_thread = 16, .vec_size = 4, .reduce_algorithm = BLOCK_REDUCE_WARP_REDUCTIONS, .load_modifier = LOAD_LDG } }
Invoking DeviceReduceKernel<<<720, 256, 0, 102783056903760>>>(), 16 items per thread, 6 SM occupancy
Invoking DeviceReduceSingleTileKernel<<<1, 256, 0, 102783056903760>>>(), 16 items per thread
Dispatching DeviceReduce on compute capability 8.9 with tuning: ReducePolicy { .multi_tile = ReducePassPolicy { .threads_per_block = 256, .items_per_thread = 16, .vec_size = 4, .reduce_algorithm = BLOCK_REDUCE_WARP_REDUCTIONS, .load_modifier = LOAD_LDG }, .single_tile = ReducePassPolicy { .threads_per_block = 256, .items_per_thread = 16, .vec_size = 4, .reduce_algorithm = BLOCK_REDUCE_WARP_REDUCTIONS, .load_modifier = LOAD_LDG } }
Invoking DeviceReduceKernel<<<720, 256, 0, 102783056903760>>>(), 16 items per thread, 6 SM occupancy
Invoking DeviceReduceSingleTileKernel<<<1, 256, 0, 102783056903760>>>(), 16 items per thread
Dispatching DeviceReduce on compute capability 8.9 with tuning: ReducePolicy { .multi_tile = ReducePassPolicy { .threads_per_block = 256, .items_per_thread = 16, .vec_size = 4, .reduce_algorithm = BLOCK_REDUCE_WARP_REDUCTIONS, .load_modifier = LOAD_LDG }, .single_tile = ReducePassPolicy { .threads_per_block = 256, .items_per_thread = 16, .vec_size = 4, .reduce_algorithm = BLOCK_REDUCE_WARP_REDUCTIONS, .load_modifier = LOAD_LDG } }
Invoking DeviceReduceKernel<<<720, 256, 0, 102783056903760>>>(), 16 items per thread, 6 SM occupancy
Invoking DeviceReduceSingleTileKernel<<<1, 256, 0, 102783056903760>>>(), 16 items per thread
Dispatching DeviceReduce on compute capability 8.9 with tuning: ReducePolicy { .multi_tile = ReducePassPolicy { .threads_per_block = 256, .items_per_thread = 16, .vec_size = 4, .reduce_algorithm = BLOCK_REDUCE_WARP_REDUCTIONS, .load_modifier = LOAD_LDG }, .single_tile = ReducePassPolicy { .threads_per_block = 256, .items_per_thread = 16, .vec_size = 4, .reduce_algorithm = BLOCK_REDUCE_WARP_REDUCTIONS, .load_modifier = LOAD_LDG } }
Invoking DeviceReduceKernel<<<720, 256, 0, 102783056903760>>>(), 16 items per thread, 6 SM occupancy
Invoking DeviceReduceSingleTileKernel<<<1, 256, 0, 102783056903760>>>(), 16 items per thread
Dispatching DeviceReduce on compute capability 8.9 with tuning: ReducePolicy { .multi_tile = ReducePassPolicy { .threads_per_block = 256, .items_per_thread = 16, .vec_size = 4, .reduce_algorithm = BLOCK_REDUCE_WARP_REDUCTIONS, .load_modifier = LOAD_LDG }, .single_tile = ReducePassPolicy { .threads_per_block = 256, .items_per_thread = 16, .vec_size = 4, .reduce_algorithm = BLOCK_REDUCE_WARP_REDUCTIONS, .load_modifier = LOAD_LDG } }
Invoking DeviceReduceKernel<<<720, 256, 0, 102783056903760>>>(), 16 items per thread, 6 SM occupancy
Invoking DeviceReduceSingleTileKernel<<<1, 256, 0, 102783056903760>>>(), 16 items per thread
Dispatching DeviceReduce on compute capability 8.9 with tuning: ReducePolicy { .multi_tile = ReducePassPolicy { .threads_per_block = 256, .items_per_thread = 16, .vec_size = 4, .reduce_algorithm = BLOCK_REDUCE_WARP_REDUCTIONS, .load_modifier = LOAD_LDG }, .single_tile = ReducePassPolicy { .threads_per_block = 256, .items_per_thread = 16, .vec_size = 4, .reduce_algorithm = BLOCK_REDUCE_WARP_REDUCTIONS, .load_modifier = LOAD_LDG } }
Invoking DeviceReduceKernel<<<720, 256, 0, 102783056903760>>>(), 16 items per thread, 6 SM occupancy
Invoking DeviceReduceSingleTileKernel<<<1, 256, 0, 102783056903760>>>(), 16 items per thread
Dispatching DeviceReduce on compute capability 8.9 with tuning: ReducePolicy { .multi_tile = ReducePassPolicy { .threads_per_block = 256, .items_per_thread = 16, .vec_size = 4, .reduce_algorithm = BLOCK_REDUCE_WARP_REDUCTIONS, .load_modifier = LOAD_LDG }, .single_tile = ReducePassPolicy { .threads_per_block = 256, .items_per_thread = 16, .vec_size = 4, .reduce_algorithm = BLOCK_REDUCE_WARP_REDUCTIONS, .load_modifier = LOAD_LDG } }
Invoking DeviceReduceKernel<<<720, 256, 0, 102783056903760>>>(), 16 items per thread, 6 SM occupancy
Invoking DeviceReduceSingleTileKernel<<<1, 256, 0, 102783056903760>>>(), 16 items per thread
Dispatching DeviceReduce on compute capability 8.9 with tuning: ReducePolicy { .multi_tile = ReducePassPolicy { .threads_per_block = 256, .items_per_thread = 16, .vec_size = 4, .reduce_algorithm = BLOCK_REDUCE_WARP_REDUCTIONS, .load_modifier = LOAD_LDG }, .single_tile = ReducePassPolicy { .threads_per_block = 256, .items_per_thread = 16, .vec_size = 4, .reduce_algorithm = BLOCK_REDUCE_WARP_REDUCTIONS, .load_modifier = LOAD_LDG } }
Invoking DeviceReduceKernel<<<720, 256, 0, 102783056903760>>>(), 16 items per thread, 6 SM occupancy
Invoking DeviceReduceSingleTileKernel<<<1, 256, 0, 102783056903760>>>(), 16 items per thread
Dispatching DeviceReduce on compute capability 8.9 with tuning: ReducePolicy { .multi_tile = ReducePassPolicy { .threads_per_block = 256, .items_per_thread = 16, .vec_size = 4, .reduce_algorithm = BLOCK_REDUCE_WARP_REDUCTIONS, .load_modifier = LOAD_LDG }, .single_tile = ReducePassPolicy { .threads_per_block = 256, .items_per_thread = 16, .vec_size = 4, .reduce_algorithm = BLOCK_REDUCE_WARP_REDUCTIONS, .load_modifier = LOAD_LDG } }
Invoking DeviceReduceKernel<<<720, 256, 0, 102783056903760>>>(), 16 items per thread, 6 SM occupancy
Invoking DeviceReduceSingleTileKernel<<<1, 256, 0, 102783056903760>>>(), 16 items per thread
Dispatching DeviceReduce on compute capability 8.9 with tuning: ReducePolicy { .multi_tile = ReducePassPolicy { .threads_per_block = 256, .items_per_thread = 16, .vec_size = 4, .reduce_algorithm = BLOCK_REDUCE_WARP_REDUCTIONS, .load_modifier = LOAD_LDG }, .single_tile = ReducePassPolicy { .threads_per_block = 256, .items_per_thread = 16, .vec_size = 4, .reduce_algorithm = BLOCK_REDUCE_WARP_REDUCTIONS, .load_modifier = LOAD_LDG } }
Invoking DeviceReduceKernel<<<720, 256, 0, 102783056903760>>>(), 16 items per thread, 6 SM occupancy
Invoking DeviceReduceSingleTileKernel<<<1, 256, 0, 102783056903760>>>(), 16 items per thread
Dispatching DeviceReduce on compute capability 8.9 with tuning: ReducePolicy { .multi_tile = ReducePassPolicy { .threads_per_block = 256, .items_per_thread = 16, .vec_size = 4, .reduce_algorithm = BLOCK_REDUCE_WARP_REDUCTIONS, .load_modifier = LOAD_LDG }, .single_tile = ReducePassPolicy { .threads_per_block = 256, .items_per_thread = 16, .vec_size = 4, .reduce_algorithm = BLOCK_REDUCE_WARP_REDUCTIONS, .load_modifier = LOAD_LDG } }
Invoking DeviceReduceKernel<<<720, 256, 0, 102783056903760>>>(), 16 items per thread, 6 SM occupancy
Invoking DeviceReduceSingleTileKernel<<<1, 256, 0, 102783056903760>>>(), 16 items per thread
Dispatching DeviceReduce on compute capability 8.9 with tuning: ReducePolicy { .multi_tile = ReducePassPolicy { .threads_per_block = 256, .items_per_thread = 16, .vec_size = 4, .reduce_algorithm = BLOCK_REDUCE_WARP_REDUCTIONS, .load_modifier = LOAD_LDG }, .single_tile = ReducePassPolicy { .threads_per_block = 256, .items_per_thread = 16, .vec_size = 4, .reduce_algorithm = BLOCK_REDUCE_WARP_REDUCTIONS, .load_modifier = LOAD_LDG } }
Invoking DeviceReduceKernel<<<720, 256, 0, 102783056903760>>>(), 16 items per thread, 6 SM occupancy
Invoking DeviceReduceSingleTileKernel<<<1, 256, 0, 102783056903760>>>(), 16 items per thread
Dispatching DeviceReduce on compute capability 8.9 with tuning: ReducePolicy { .multi_tile = ReducePassPolicy { .threads_per_block = 256, .items_per_thread = 16, .vec_size = 4, .reduce_algorithm = BLOCK_REDUCE_WARP_REDUCTIONS, .load_modifier = LOAD_LDG }, .single_tile = ReducePassPolicy { .threads_per_block = 256, .items_per_thread = 16, .vec_size = 4, .reduce_algorithm = BLOCK_REDUCE_WARP_REDUCTIONS, .load_modifier = LOAD_LDG } }
Invoking DeviceReduceKernel<<<720, 256, 0, 102783056903760>>>(), 16 items per thread, 6 SM occupancy
Invoking DeviceReduceSingleTileKernel<<<1, 256, 0, 102783056903760>>>(), 16 items per thread
Dispatching DeviceReduce on compute capability 8.9 with tuning: ReducePolicy { .multi_tile = ReducePassPolicy { .threads_per_block = 256, .items_per_thread = 16, .vec_size = 4, .reduce_algorithm = BLOCK_REDUCE_WARP_REDUCTIONS, .load_modifier = LOAD_LDG }, .single_tile = ReducePassPolicy { .threads_per_block = 256, .items_per_thread = 16, .vec_size = 4, .reduce_algorithm = BLOCK_REDUCE_WARP_REDUCTIONS, .load_modifier = LOAD_LDG } }
Invoking DeviceReduceKernel<<<720, 256, 0, 102783056903760>>>(), 16 items per thread, 6 SM occupancy
Invoking DeviceReduceSingleTileKernel<<<1, 256, 0, 102783056903760>>>(), 16 items per thread
Dispatching DeviceReduce on compute capability 8.9 with tuning: ReducePolicy { .multi_tile = ReducePassPolicy { .threads_per_block = 256, .items_per_thread = 16, .vec_size = 4, .reduce_algorithm = BLOCK_REDUCE_WARP_REDUCTIONS, .load_modifier = LOAD_LDG }, .single_tile = ReducePassPolicy { .threads_per_block = 256, .items_per_thread = 16, .vec_size = 4, .reduce_algorithm = BLOCK_REDUCE_WARP_REDUCTIONS, .load_modifier = LOAD_LDG } }
Invoking DeviceReduceKernel<<<720, 256, 0, 102783056903760>>>(), 16 items per thread, 6 SM occupancy
Invoking DeviceReduceSingleTileKernel<<<1, 256, 0, 102783056903760>>>(), 16 items per thread
Dispatching DeviceReduce on compute capability 8.9 with tuning: ReducePolicy { .multi_tile = ReducePassPolicy { .threads_per_block = 256, .items_per_thread = 16, .vec_size = 4, .reduce_algorithm = BLOCK_REDUCE_WARP_REDUCTIONS, .load_modifier = LOAD_LDG }, .single_tile = ReducePassPolicy { .threads_per_block = 256, .items_per_thread = 16, .vec_size = 4, .reduce_algorithm = BLOCK_REDUCE_WARP_REDUCTIONS, .load_modifier = LOAD_LDG } }
Invoking DeviceReduceKernel<<<720, 256, 0, 102783056903760>>>(), 16 items per thread, 6 SM occupancy
Invoking DeviceReduceSingleTileKernel<<<1, 256, 0, 102783056903760>>>(), 16 items per thread
Dispatching DeviceReduce on compute capability 8.9 with tuning: ReducePolicy { .multi_tile = ReducePassPolicy { .threads_per_block = 256, .items_per_thread = 16, .vec_size = 4, .reduce_algorithm = BLOCK_REDUCE_WARP_REDUCTIONS, .load_modifier = LOAD_LDG }, .single_tile = ReducePassPolicy { .threads_per_block = 256, .items_per_thread = 16, .vec_size = 4, .reduce_algorithm = BLOCK_REDUCE_WARP_REDUCTIONS, .load_modifier = LOAD_LDG } }
Invoking DeviceReduceKernel<<<720, 256, 0, 102783056903760>>>(), 16 items per thread, 6 SM occupancy
Invoking DeviceReduceSingleTileKernel<<<1, 256, 0, 102783056903760>>>(), 16 items per thread
Dispatching DeviceReduce on compute capability 8.9 with tuning: ReducePolicy { .multi_tile = ReducePassPolicy { .threads_per_block = 256, .items_per_thread = 16, .vec_size = 4, .reduce_algorithm = BLOCK_REDUCE_WARP_REDUCTIONS, .load_modifier = LOAD_LDG }, .single_tile = ReducePassPolicy { .threads_per_block = 256, .items_per_thread = 16, .vec_size = 4, .reduce_algorithm = BLOCK_REDUCE_WARP_REDUCTIONS, .load_modifier = LOAD_LDG } }
Invoking DeviceReduceKernel<<<720, 256, 0, 102783056903760>>>(), 16 items per thread, 6 SM occupancy
Invoking DeviceReduceSingleTileKernel<<<1, 256, 0, 102783056903760>>>(), 16 items per thread
Dispatching DeviceReduce on compute capability 8.9 with tuning: ReducePolicy { .multi_tile = ReducePassPolicy { .threads_per_block = 256, .items_per_thread = 16, .vec_size = 4, .reduce_algorithm = BLOCK_REDUCE_WARP_REDUCTIONS, .load_modifier = LOAD_LDG }, .single_tile = ReducePassPolicy { .threads_per_block = 256, .items_per_thread = 16, .vec_size = 4, .reduce_algorithm = BLOCK_REDUCE_WARP_REDUCTIONS, .load_modifier = LOAD_LDG } }
Invoking DeviceReduceKernel<<<720, 256, 0, 102783056903760>>>(), 16 items per thread, 6 SM occupancy
Invoking DeviceReduceSingleTileKernel<<<1, 256, 0, 102783056903760>>>(), 16 items per thread
Dispatching DeviceReduce on compute capability 8.9 with tuning: ReducePolicy { .multi_tile = ReducePassPolicy { .threads_per_block = 256, .items_per_thread = 16, .vec_size = 4, .reduce_algorithm = BLOCK_REDUCE_WARP_REDUCTIONS, .load_modifier = LOAD_LDG }, .single_tile = ReducePassPolicy { .threads_per_block = 256, .items_per_thread = 16, .vec_size = 4, .reduce_algorithm = BLOCK_REDUCE_WARP_REDUCTIONS, .load_modifier = LOAD_LDG } }
Invoking DeviceReduceKernel<<<720, 256, 0, 102783056903760>>>(), 16 items per thread, 6 SM occupancy
Invoking DeviceReduceSingleTileKernel<<<1, 256, 0, 102783056903760>>>(), 16 items per thread
Dispatching DeviceReduce on compute capability 8.9 with tuning: ReducePolicy { .multi_tile = ReducePassPolicy { .threads_per_block = 256, .items_per_thread = 16, .vec_size = 4, .reduce_algorithm = BLOCK_REDUCE_WARP_REDUCTIONS, .load_modifier = LOAD_LDG }, .single_tile = ReducePassPolicy { .threads_per_block = 256, .items_per_thread = 16, .vec_size = 4, .reduce_algorithm = BLOCK_REDUCE_WARP_REDUCTIONS, .load_modifier = LOAD_LDG } }
Invoking DeviceReduceKernel<<<720, 256, 0, 102783056903760>>>(), 16 items per thread, 6 SM occupancy
Invoking DeviceReduceSingleTileKernel<<<1, 256, 0, 102783056903760>>>(), 16 items per thread
Dispatching DeviceReduce on compute capability 8.9 with tuning: ReducePolicy { .multi_tile = ReducePassPolicy { .threads_per_block = 256, .items_per_thread = 16, .vec_size = 4, .reduce_algorithm = BLOCK_REDUCE_WARP_REDUCTIONS, .load_modifier = LOAD_LDG }, .single_tile = ReducePassPolicy { .threads_per_block = 256, .items_per_thread = 16, .vec_size = 4, .reduce_algorithm = BLOCK_REDUCE_WARP_REDUCTIONS, .load_modifier = LOAD_LDG } }
Invoking DeviceReduceKernel<<<720, 256, 0, 102783056903760>>>(), 16 items per thread, 6 SM occupancy
Invoking DeviceReduceSingleTileKernel<<<1, 256, 0, 102783056903760>>>(), 16 items per thread
Dispatching DeviceReduce on compute capability 8.9 with tuning: ReducePolicy { .multi_tile = ReducePassPolicy { .threads_per_block = 256, .items_per_thread = 16, .vec_size = 4, .reduce_algorithm = BLOCK_REDUCE_WARP_REDUCTIONS, .load_modifier = LOAD_LDG }, .single_tile = ReducePassPolicy { .threads_per_block = 256, .items_per_thread = 16, .vec_size = 4, .reduce_algorithm = BLOCK_REDUCE_WARP_REDUCTIONS, .load_modifier = LOAD_LDG } }
Invoking DeviceReduceKernel<<<720, 256, 0, 102783056903760>>>(), 16 items per thread, 6 SM occupancy
Invoking DeviceReduceSingleTileKernel<<<1, 256, 0, 102783056903760>>>(), 16 items per thread
Dispatching DeviceReduce on compute capability 8.9 with tuning: ReducePolicy { .multi_tile = ReducePassPolicy { .threads_per_block = 256, .items_per_thread = 16, .vec_size = 4, .reduce_algorithm = BLOCK_REDUCE_WARP_REDUCTIONS, .load_modifier = LOAD_LDG }, .single_tile = ReducePassPolicy { .threads_per_block = 256, .items_per_thread = 16, .vec_size = 4, .reduce_algorithm = BLOCK_REDUCE_WARP_REDUCTIONS, .load_modifier = LOAD_LDG } }
Invoking DeviceReduceKernel<<<720, 256, 0, 102783056903760>>>(), 16 items per thread, 6 SM occupancy
Invoking DeviceReduceSingleTileKernel<<<1, 256, 0, 102783056903760>>>(), 16 items per thread
Dispatching DeviceReduce on compute capability 8.9 with tuning: ReducePolicy { .multi_tile = ReducePassPolicy { .threads_per_block = 256, .items_per_thread = 16, .vec_size = 4, .reduce_algorithm = BLOCK_REDUCE_WARP_REDUCTIONS, .load_modifier = LOAD_LDG }, .single_tile = ReducePassPolicy { .threads_per_block = 256, .items_per_thread = 16, .vec_size = 4, .reduce_algorithm = BLOCK_REDUCE_WARP_REDUCTIONS, .load_modifier = LOAD_LDG } }
Invoking DeviceReduceKernel<<<720, 256, 0, 102783056903760>>>(), 16 items per thread, 6 SM occupancy
Invoking DeviceReduceSingleTileKernel<<<1, 256, 0, 102783056903760>>>(), 16 items per thread
Dispatching DeviceReduce on compute capability 8.9 with tuning: ReducePolicy { .multi_tile = ReducePassPolicy { .threads_per_block = 256, .items_per_thread = 16, .vec_size = 4, .reduce_algorithm = BLOCK_REDUCE_WARP_REDUCTIONS, .load_modifier = LOAD_LDG }, .single_tile = ReducePassPolicy { .threads_per_block = 256, .items_per_thread = 16, .vec_size = 4, .reduce_algorithm = BLOCK_REDUCE_WARP_REDUCTIONS, .load_modifier = LOAD_LDG } }
Invoking DeviceReduceKernel<<<720, 256, 0, 102783056903760>>>(), 16 items per thread, 6 SM occupancy
Invoking DeviceReduceSingleTileKernel<<<1, 256, 0, 102783056903760>>>(), 16 items per thread
Dispatching DeviceReduce on compute capability 8.9 with tuning: ReducePolicy { .multi_tile = ReducePassPolicy { .threads_per_block = 256, .items_per_thread = 16, .vec_size = 4, .reduce_algorithm = BLOCK_REDUCE_WARP_REDUCTIONS, .load_modifier = LOAD_LDG }, .single_tile = ReducePassPolicy { .threads_per_block = 256, .items_per_thread = 16, .vec_size = 4, .reduce_algorithm = BLOCK_REDUCE_WARP_REDUCTIONS, .load_modifier = LOAD_LDG } }
Invoking DeviceReduceKernel<<<720, 256, 0, 102783056903760>>>(), 16 items per thread, 6 SM occupancy
Invoking DeviceReduceSingleTileKernel<<<1, 256, 0, 102783056903760>>>(), 16 items per thread
Dispatching DeviceReduce on compute capability 8.9 with tuning: ReducePolicy { .multi_tile = ReducePassPolicy { .threads_per_block = 256, .items_per_thread = 16, .vec_size = 4, .reduce_algorithm = BLOCK_REDUCE_WARP_REDUCTIONS, .load_modifier = LOAD_LDG }, .single_tile = ReducePassPolicy { .threads_per_block = 256, .items_per_thread = 16, .vec_size = 4, .reduce_algorithm = BLOCK_REDUCE_WARP_REDUCTIONS, .load_modifier = LOAD_LDG } }
Invoking DeviceReduceKernel<<<720, 256, 0, 102783056903760>>>(), 16 items per thread, 6 SM occupancy
Invoking DeviceReduceSingleTileKernel<<<1, 256, 0, 102783056903760>>>(), 16 items per thread
Dispatching DeviceReduce on compute capability 8.9 with tuning: ReducePolicy { .multi_tile = ReducePassPolicy { .threads_per_block = 256, .items_per_thread = 16, .vec_size = 4, .reduce_algorithm = BLOCK_REDUCE_WARP_REDUCTIONS, .load_modifier = LOAD_LDG }, .single_tile = ReducePassPolicy { .threads_per_block = 256, .items_per_thread = 16, .vec_size = 4, .reduce_algorithm = BLOCK_REDUCE_WARP_REDUCTIONS, .load_modifier = LOAD_LDG } }
Invoking DeviceReduceKernel<<<720, 256, 0, 102783056903760>>>(), 16 items per thread, 6 SM occupancy
Invoking DeviceReduceSingleTileKernel<<<1, 256, 0, 102783056903760>>>(), 16 items per thread
Dispatching DeviceReduce on compute capability 8.9 with tuning: ReducePolicy { .multi_tile = ReducePassPolicy { .threads_per_block = 256, .items_per_thread = 16, .vec_size = 4, .reduce_algorithm = BLOCK_REDUCE_WARP_REDUCTIONS, .load_modifier = LOAD_LDG }, .single_tile = ReducePassPolicy { .threads_per_block = 256, .items_per_thread = 16, .vec_size = 4, .reduce_algorithm = BLOCK_REDUCE_WARP_REDUCTIONS, .load_modifier = LOAD_LDG } }
Invoking DeviceReduceKernel<<<720, 256, 0, 102783056903760>>>(), 16 items per thread, 6 SM occupancy
Invoking DeviceReduceSingleTileKernel<<<1, 256, 0, 102783056903760>>>(), 16 items per thread
Dispatching DeviceReduce on compute capability 8.9 with tuning: ReducePolicy { .multi_tile = ReducePassPolicy { .threads_per_block = 256, .items_per_thread = 16, .vec_size = 4, .reduce_algorithm = BLOCK_REDUCE_WARP_REDUCTIONS, .load_modifier = LOAD_LDG }, .single_tile = ReducePassPolicy { .threads_per_block = 256, .items_per_thread = 16, .vec_size = 4, .reduce_algorithm = BLOCK_REDUCE_WARP_REDUCTIONS, .load_modifier = LOAD_LDG } }
Invoking DeviceReduceKernel<<<720, 256, 0, 102783056903760>>>(), 16 items per thread, 6 SM occupancy
Invoking DeviceReduceSingleTileKernel<<<1, 256, 0, 102783056903760>>>(), 16 items per thread
Dispatching DeviceReduce on compute capability 8.9 with tuning: ReducePolicy { .multi_tile = ReducePassPolicy { .threads_per_block = 256, .items_per_thread = 16, .vec_size = 4, .reduce_algorithm = BLOCK_REDUCE_WARP_REDUCTIONS, .load_modifier = LOAD_LDG }, .single_tile = ReducePassPolicy { .threads_per_block = 256, .items_per_thread = 16, .vec_size = 4, .reduce_algorithm = BLOCK_REDUCE_WARP_REDUCTIONS, .load_modifier = LOAD_LDG } }
Invoking DeviceReduceKernel<<<720, 256, 0, 102783056903760>>>(), 16 items per thread, 6 SM occupancy
Invoking DeviceReduceSingleTileKernel<<<1, 256, 0, 102783056903760>>>(), 16 items per thread
Dispatching DeviceReduce on compute capability 8.9 with tuning: ReducePolicy { .multi_tile = ReducePassPolicy { .threads_per_block = 256, .items_per_thread = 16, .vec_size = 4, .reduce_algorithm = BLOCK_REDUCE_WARP_REDUCTIONS, .load_modifier = LOAD_LDG }, .single_tile = ReducePassPolicy { .threads_per_block = 256, .items_per_thread = 16, .vec_size = 4, .reduce_algorithm = BLOCK_REDUCE_WARP_REDUCTIONS, .load_modifier = LOAD_LDG } }
Invoking DeviceReduceKernel<<<720, 256, 0, 102783056903760>>>(), 16 items per thread, 6 SM occupancy
Invoking DeviceReduceSingleTileKernel<<<1, 256, 0, 102783056903760>>>(), 16 items per thread
Dispatching DeviceReduce on compute capability 8.9 with tuning: ReducePolicy { .multi_tile = ReducePassPolicy { .threads_per_block = 256, .items_per_thread = 16, .vec_size = 4, .reduce_algorithm = BLOCK_REDUCE_WARP_REDUCTIONS, .load_modifier = LOAD_LDG }, .single_tile = ReducePassPolicy { .threads_per_block = 256, .items_per_thread = 16, .vec_size = 4, .reduce_algorithm = BLOCK_REDUCE_WARP_REDUCTIONS, .load_modifier = LOAD_LDG } }
Invoking DeviceReduceKernel<<<720, 256, 0, 102783056903760>>>(), 16 items per thread, 6 SM occupancy
Invoking DeviceReduceSingleTileKernel<<<1, 256, 0, 102783056903760>>>(), 16 items per thread
Dispatching DeviceReduce on compute capability 8.9 with tuning: ReducePolicy { .multi_tile = ReducePassPolicy { .threads_per_block = 256, .items_per_thread = 16, .vec_size = 4, .reduce_algorithm = BLOCK_REDUCE_WARP_REDUCTIONS, .load_modifier = LOAD_LDG }, .single_tile = ReducePassPolicy { .threads_per_block = 256, .items_per_thread = 16, .vec_size = 4, .reduce_algorithm = BLOCK_REDUCE_WARP_REDUCTIONS, .load_modifier = LOAD_LDG } }
Invoking DeviceReduceKernel<<<720, 256, 0, 102783056903760>>>(), 16 items per thread, 6 SM occupancy
Invoking DeviceReduceSingleTileKernel<<<1, 256, 0, 102783056903760>>>(), 16 items per thread
Dispatching DeviceReduce on compute capability 8.9 with tuning: ReducePolicy { .multi_tile = ReducePassPolicy { .threads_per_block = 256, .items_per_thread = 16, .vec_size = 4, .reduce_algorithm = BLOCK_REDUCE_WARP_REDUCTIONS, .load_modifier = LOAD_LDG }, .single_tile = ReducePassPolicy { .threads_per_block = 256, .items_per_thread = 16, .vec_size = 4, .reduce_algorithm = BLOCK_REDUCE_WARP_REDUCTIONS, .load_modifier = LOAD_LDG } }
Invoking DeviceReduceKernel<<<720, 256, 0, 102783056903760>>>(), 16 items per thread, 6 SM occupancy
Invoking DeviceReduceSingleTileKernel<<<1, 256, 0, 102783056903760>>>(), 16 items per thread
Dispatching DeviceReduce on compute capability 8.9 with tuning: ReducePolicy { .multi_tile = ReducePassPolicy { .threads_per_block = 256, .items_per_thread = 16, .vec_size = 4, .reduce_algorithm = BLOCK_REDUCE_WARP_REDUCTIONS, .load_modifier = LOAD_LDG }, .single_tile = ReducePassPolicy { .threads_per_block = 256, .items_per_thread = 16, .vec_size = 4, .reduce_algorithm = BLOCK_REDUCE_WARP_REDUCTIONS, .load_modifier = LOAD_LDG } }
Invoking DeviceReduceKernel<<<720, 256, 0, 102783056903760>>>(), 16 items per thread, 6 SM occupancy
Invoking DeviceReduceSingleTileKernel<<<1, 256, 0, 102783056903760>>>(), 16 items per thread
Dispatching DeviceReduce on compute capability 8.9 with tuning: ReducePolicy { .multi_tile = ReducePassPolicy { .threads_per_block = 256, .items_per_thread = 16, .vec_size = 4, .reduce_algorithm = BLOCK_REDUCE_WARP_REDUCTIONS, .load_modifier = LOAD_LDG }, .single_tile = ReducePassPolicy { .threads_per_block = 256, .items_per_thread = 16, .vec_size = 4, .reduce_algorithm = BLOCK_REDUCE_WARP_REDUCTIONS, .load_modifier = LOAD_LDG } }
Invoking DeviceReduceKernel<<<720, 256, 0, 102783056903760>>>(), 16 items per thread, 6 SM occupancy
Invoking DeviceReduceSingleTileKernel<<<1, 256, 0, 102783056903760>>>(), 16 items per thread
Dispatching DeviceReduce on compute capability 8.9 with tuning: ReducePolicy { .multi_tile = ReducePassPolicy { .threads_per_block = 256, .items_per_thread = 16, .vec_size = 4, .reduce_algorithm = BLOCK_REDUCE_WARP_REDUCTIONS, .load_modifier = LOAD_LDG }, .single_tile = ReducePassPolicy { .threads_per_block = 256, .items_per_thread = 16, .vec_size = 4, .reduce_algorithm = BLOCK_REDUCE_WARP_REDUCTIONS, .load_modifier = LOAD_LDG } }
Invoking DeviceReduceKernel<<<720, 256, 0, 102783056903760>>>(), 16 items per thread, 6 SM occupancy
Invoking DeviceReduceSingleTileKernel<<<1, 256, 0, 102783056903760>>>(), 16 items per thread
Dispatching DeviceReduce on compute capability 8.9 with tuning: ReducePolicy { .multi_tile = ReducePassPolicy { .threads_per_block = 256, .items_per_thread = 16, .vec_size = 4, .reduce_algorithm = BLOCK_REDUCE_WARP_REDUCTIONS, .load_modifier = LOAD_LDG }, .single_tile = ReducePassPolicy { .threads_per_block = 256, .items_per_thread = 16, .vec_size = 4, .reduce_algorithm = BLOCK_REDUCE_WARP_REDUCTIONS, .load_modifier = LOAD_LDG } }
Invoking DeviceReduceKernel<<<720, 256, 0, 102783056903760>>>(), 16 items per thread, 6 SM occupancy
Invoking DeviceReduceSingleTileKernel<<<1, 256, 0, 102783056903760>>>(), 16 items per thread
Dispatching DeviceReduce on compute capability 8.9 with tuning: ReducePolicy { .multi_tile = ReducePassPolicy { .threads_per_block = 256, .items_per_thread = 16, .vec_size = 4, .reduce_algorithm = BLOCK_REDUCE_WARP_REDUCTIONS, .load_modifier = LOAD_LDG }, .single_tile = ReducePassPolicy { .threads_per_block = 256, .items_per_thread = 16, .vec_size = 4, .reduce_algorithm = BLOCK_REDUCE_WARP_REDUCTIONS, .load_modifier = LOAD_LDG } }
Invoking DeviceReduceKernel<<<720, 256, 0, 102783056903760>>>(), 16 items per thread, 6 SM occupancy
Invoking DeviceReduceSingleTileKernel<<<1, 256, 0, 102783056903760>>>(), 16 items per thread
Dispatching DeviceReduce on compute capability 8.9 with tuning: ReducePolicy { .multi_tile = ReducePassPolicy { .threads_per_block = 256, .items_per_thread = 16, .vec_size = 4, .reduce_algorithm = BLOCK_REDUCE_WARP_REDUCTIONS, .load_modifier = LOAD_LDG }, .single_tile = ReducePassPolicy { .threads_per_block = 256, .items_per_thread = 16, .vec_size = 4, .reduce_algorithm = BLOCK_REDUCE_WARP_REDUCTIONS, .load_modifier = LOAD_LDG } }
Invoking DeviceReduceKernel<<<720, 256, 0, 102783056903760>>>(), 16 items per thread, 6 SM occupancy
Invoking DeviceReduceSingleTileKernel<<<1, 256, 0, 102783056903760>>>(), 16 items per thread
Dispatching DeviceReduce on compute capability 8.9 with tuning: ReducePolicy { .multi_tile = ReducePassPolicy { .threads_per_block = 256, .items_per_thread = 16, .vec_size = 4, .reduce_algorithm = BLOCK_REDUCE_WARP_REDUCTIONS, .load_modifier = LOAD_LDG }, .single_tile = ReducePassPolicy { .threads_per_block = 256, .items_per_thread = 16, .vec_size = 4, .reduce_algorithm = BLOCK_REDUCE_WARP_REDUCTIONS, .load_modifier = LOAD_LDG } }
Invoking DeviceReduceKernel<<<720, 256, 0, 102783056903760>>>(), 16 items per thread, 6 SM occupancy
Invoking DeviceReduceSingleTileKernel<<<1, 256, 0, 102783056903760>>>(), 16 items per thread
Dispatching DeviceReduce on compute capability 8.9 with tuning: ReducePolicy { .multi_tile = ReducePassPolicy { .threads_per_block = 256, .items_per_thread = 16, .vec_size = 4, .reduce_algorithm = BLOCK_REDUCE_WARP_REDUCTIONS, .load_modifier = LOAD_LDG }, .single_tile = ReducePassPolicy { .threads_per_block = 256, .items_per_thread = 16, .vec_size = 4, .reduce_algorithm = BLOCK_REDUCE_WARP_REDUCTIONS, .load_modifier = LOAD_LDG } }
Invoking DeviceReduceKernel<<<720, 256, 0, 102783056903760>>>(), 16 items per thread, 6 SM occupancy
Invoking DeviceReduceSingleTileKernel<<<1, 256, 0, 102783056903760>>>(), 16 items per thread
Dispatching DeviceReduce on compute capability 8.9 with tuning: ReducePolicy { .multi_tile = ReducePassPolicy { .threads_per_block = 256, .items_per_thread = 16, .vec_size = 4, .reduce_algorithm = BLOCK_REDUCE_WARP_REDUCTIONS, .load_modifier = LOAD_LDG }, .single_tile = ReducePassPolicy { .threads_per_block = 256, .items_per_thread = 16, .vec_size = 4, .reduce_algorithm = BLOCK_REDUCE_WARP_REDUCTIONS, .load_modifier = LOAD_LDG } }
Invoking DeviceReduceKernel<<<720, 256, 0, 102783056903760>>>(), 16 items per thread, 6 SM occupancy
Invoking DeviceReduceSingleTileKernel<<<1, 256, 0, 102783056903760>>>(), 16 items per thread
Dispatching DeviceReduce on compute capability 8.9 with tuning: ReducePolicy { .multi_tile = ReducePassPolicy { .threads_per_block = 256, .items_per_thread = 16, .vec_size = 4, .reduce_algorithm = BLOCK_REDUCE_WARP_REDUCTIONS, .load_modifier = LOAD_LDG }, .single_tile = ReducePassPolicy { .threads_per_block = 256, .items_per_thread = 16, .vec_size = 4, .reduce_algorithm = BLOCK_REDUCE_WARP_REDUCTIONS, .load_modifier = LOAD_LDG } }
Invoking DeviceReduceKernel<<<720, 256, 0, 102783056903760>>>(), 16 items per thread, 6 SM occupancy
Invoking DeviceReduceSingleTileKernel<<<1, 256, 0, 102783056903760>>>(), 16 items per thread
Dispatching DeviceReduce on compute capability 8.9 with tuning: ReducePolicy { .multi_tile = ReducePassPolicy { .threads_per_block = 256, .items_per_thread = 16, .vec_size = 4, .reduce_algorithm = BLOCK_REDUCE_WARP_REDUCTIONS, .load_modifier = LOAD_LDG }, .single_tile = ReducePassPolicy { .threads_per_block = 256, .items_per_thread = 16, .vec_size = 4, .reduce_algorithm = BLOCK_REDUCE_WARP_REDUCTIONS, .load_modifier = LOAD_LDG } }
Invoking DeviceReduceKernel<<<720, 256, 0, 102783056903760>>>(), 16 items per thread, 6 SM occupancy
Invoking DeviceReduceSingleTileKernel<<<1, 256, 0, 102783056903760>>>(), 16 items per thread
Dispatching DeviceReduce on compute capability 8.9 with tuning: ReducePolicy { .multi_tile = ReducePassPolicy { .threads_per_block = 256, .items_per_thread = 16, .vec_size = 4, .reduce_algorithm = BLOCK_REDUCE_WARP_REDUCTIONS, .load_modifier = LOAD_LDG }, .single_tile = ReducePassPolicy { .threads_per_block = 256, .items_per_thread = 16, .vec_size = 4, .reduce_algorithm = BLOCK_REDUCE_WARP_REDUCTIONS, .load_modifier = LOAD_LDG } }
Invoking DeviceReduceKernel<<<720, 256, 0, 102783056903760>>>(), 16 items per thread, 6 SM occupancy
Invoking DeviceReduceSingleTileKernel<<<1, 256, 0, 102783056903760>>>(), 16 items per thread
Dispatching DeviceReduce on compute capability 8.9 with tuning: ReducePolicy { .multi_tile = ReducePassPolicy { .threads_per_block = 256, .items_per_thread = 16, .vec_size = 4, .reduce_algorithm = BLOCK_REDUCE_WARP_REDUCTIONS, .load_modifier = LOAD_LDG }, .single_tile = ReducePassPolicy { .threads_per_block = 256, .items_per_thread = 16, .vec_size = 4, .reduce_algorithm = BLOCK_REDUCE_WARP_REDUCTIONS, .load_modifier = LOAD_LDG } }
Invoking DeviceReduceKernel<<<720, 256, 0, 102783056903760>>>(), 16 items per thread, 6 SM occupancy
Invoking DeviceReduceSingleTileKernel<<<1, 256, 0, 102783056903760>>>(), 16 items per thread
Dispatching DeviceReduce on compute capability 8.9 with tuning: ReducePolicy { .multi_tile = ReducePassPolicy { .threads_per_block = 256, .items_per_thread = 16, .vec_size = 4, .reduce_algorithm = BLOCK_REDUCE_WARP_REDUCTIONS, .load_modifier = LOAD_LDG }, .single_tile = ReducePassPolicy { .threads_per_block = 256, .items_per_thread = 16, .vec_size = 4, .reduce_algorithm = BLOCK_REDUCE_WARP_REDUCTIONS, .load_modifier = LOAD_LDG } }
Invoking DeviceReduceKernel<<<720, 256, 0, 102783056903760>>>(), 16 items per thread, 6 SM occupancy
Invoking DeviceReduceSingleTileKernel<<<1, 256, 0, 102783056903760>>>(), 16 items per thread
Dispatching DeviceReduce on compute capability 8.9 with tuning: ReducePolicy { .multi_tile = ReducePassPolicy { .threads_per_block = 256, .items_per_thread = 16, .vec_size = 4, .reduce_algorithm = BLOCK_REDUCE_WARP_REDUCTIONS, .load_modifier = LOAD_LDG }, .single_tile = ReducePassPolicy { .threads_per_block = 256, .items_per_thread = 16, .vec_size = 4, .reduce_algorithm = BLOCK_REDUCE_WARP_REDUCTIONS, .load_modifier = LOAD_LDG } }
Invoking DeviceReduceKernel<<<720, 256, 0, 102783056903760>>>(), 16 items per thread, 6 SM occupancy
Invoking DeviceReduceSingleTileKernel<<<1, 256, 0, 102783056903760>>>(), 16 items per thread
Dispatching DeviceReduce on compute capability 8.9 with tuning: ReducePolicy { .multi_tile = ReducePassPolicy { .threads_per_block = 256, .items_per_thread = 16, .vec_size = 4, .reduce_algorithm = BLOCK_REDUCE_WARP_REDUCTIONS, .load_modifier = LOAD_LDG }, .single_tile = ReducePassPolicy { .threads_per_block = 256, .items_per_thread = 16, .vec_size = 4, .reduce_algorithm = BLOCK_REDUCE_WARP_REDUCTIONS, .load_modifier = LOAD_LDG } }
Invoking DeviceReduceKernel<<<720, 256, 0, 102783056903760>>>(), 16 items per thread, 6 SM occupancy
Invoking DeviceReduceSingleTileKernel<<<1, 256, 0, 102783056903760>>>(), 16 items per thread
Dispatching DeviceReduce on compute capability 8.9 with tuning: ReducePolicy { .multi_tile = ReducePassPolicy { .threads_per_block = 256, .items_per_thread = 16, .vec_size = 4, .reduce_algorithm = BLOCK_REDUCE_WARP_REDUCTIONS, .load_modifier = LOAD_LDG }, .single_tile = ReducePassPolicy { .threads_per_block = 256, .items_per_thread = 16, .vec_size = 4, .reduce_algorithm = BLOCK_REDUCE_WARP_REDUCTIONS, .load_modifier = LOAD_LDG } }
Invoking DeviceReduceKernel<<<720, 256, 0, 102783056903760>>>(), 16 items per thread, 6 SM occupancy
Invoking DeviceReduceSingleTileKernel<<<1, 256, 0, 102783056903760>>>(), 16 items per thread
Dispatching DeviceReduce on compute capability 8.9 with tuning: ReducePolicy { .multi_tile = ReducePassPolicy { .threads_per_block = 256, .items_per_thread = 16, .vec_size = 4, .reduce_algorithm = BLOCK_REDUCE_WARP_REDUCTIONS, .load_modifier = LOAD_LDG }, .single_tile = ReducePassPolicy { .threads_per_block = 256, .items_per_thread = 16, .vec_size = 4, .reduce_algorithm = BLOCK_REDUCE_WARP_REDUCTIONS, .load_modifier = LOAD_LDG } }
Invoking DeviceReduceKernel<<<720, 256, 0, 102783056903760>>>(), 16 items per thread, 6 SM occupancy
Invoking DeviceReduceSingleTileKernel<<<1, 256, 0, 102783056903760>>>(), 16 items per thread
Dispatching DeviceReduce on compute capability 8.9 with tuning: ReducePolicy { .multi_tile = ReducePassPolicy { .threads_per_block = 256, .items_per_thread = 16, .vec_size = 4, .reduce_algorithm = BLOCK_REDUCE_WARP_REDUCTIONS, .load_modifier = LOAD_LDG }, .single_tile = ReducePassPolicy { .threads_per_block = 256, .items_per_thread = 16, .vec_size = 4, .reduce_algorithm = BLOCK_REDUCE_WARP_REDUCTIONS, .load_modifier = LOAD_LDG } }
Invoking DeviceReduceKernel<<<720, 256, 0, 102783056903760>>>(), 16 items per thread, 6 SM occupancy
Invoking DeviceReduceSingleTileKernel<<<1, 256, 0, 102783056903760>>>(), 16 items per thread
Dispatching DeviceReduce on compute capability 8.9 with tuning: ReducePolicy { .multi_tile = ReducePassPolicy { .threads_per_block = 256, .items_per_thread = 16, .vec_size = 4, .reduce_algorithm = BLOCK_REDUCE_WARP_REDUCTIONS, .load_modifier = LOAD_LDG }, .single_tile = ReducePassPolicy { .threads_per_block = 256, .items_per_thread = 16, .vec_size = 4, .reduce_algorithm = BLOCK_REDUCE_WARP_REDUCTIONS, .load_modifier = LOAD_LDG } }
Invoking DeviceReduceKernel<<<720, 256, 0, 102783056903760>>>(), 16 items per thread, 6 SM occupancy
Invoking DeviceReduceSingleTileKernel<<<1, 256, 0, 102783056903760>>>(), 16 items per thread
Dispatching DeviceReduce on compute capability 8.9 with tuning: ReducePolicy { .multi_tile = ReducePassPolicy { .threads_per_block = 256, .items_per_thread = 16, .vec_size = 4, .reduce_algorithm = BLOCK_REDUCE_WARP_REDUCTIONS, .load_modifier = LOAD_LDG }, .single_tile = ReducePassPolicy { .threads_per_block = 256, .items_per_thread = 16, .vec_size = 4, .reduce_algorithm = BLOCK_REDUCE_WARP_REDUCTIONS, .load_modifier = LOAD_LDG } }
Invoking DeviceReduceKernel<<<720, 256, 0, 102783056903760>>>(), 16 items per thread, 6 SM occupancy
Invoking DeviceReduceSingleTileKernel<<<1, 256, 0, 102783056903760>>>(), 16 items per thread
Dispatching DeviceReduce on compute capability 8.9 with tuning: ReducePolicy { .multi_tile = ReducePassPolicy { .threads_per_block = 256, .items_per_thread = 16, .vec_size = 4, .reduce_algorithm = BLOCK_REDUCE_WARP_REDUCTIONS, .load_modifier = LOAD_LDG }, .single_tile = ReducePassPolicy { .threads_per_block = 256, .items_per_thread = 16, .vec_size = 4, .reduce_algorithm = BLOCK_REDUCE_WARP_REDUCTIONS, .load_modifier = LOAD_LDG } }
Invoking DeviceReduceKernel<<<720, 256, 0, 102783056903760>>>(), 16 items per thread, 6 SM occupancy
Invoking DeviceReduceSingleTileKernel<<<1, 256, 0, 102783056903760>>>(), 16 items per thread
Dispatching DeviceReduce on compute capability 8.9 with tuning: ReducePolicy { .multi_tile = ReducePassPolicy { .threads_per_block = 256, .items_per_thread = 16, .vec_size = 4, .reduce_algorithm = BLOCK_REDUCE_WARP_REDUCTIONS, .load_modifier = LOAD_LDG }, .single_tile = ReducePassPolicy { .threads_per_block = 256, .items_per_thread = 16, .vec_size = 4, .reduce_algorithm = BLOCK_REDUCE_WARP_REDUCTIONS, .load_modifier = LOAD_LDG } }
Invoking DeviceReduceKernel<<<720, 256, 0, 102783056903760>>>(), 16 items per thread, 6 SM occupancy
Invoking DeviceReduceSingleTileKernel<<<1, 256, 0, 102783056903760>>>(), 16 items per thread
Dispatching DeviceReduce on compute capability 8.9 with tuning: ReducePolicy { .multi_tile = ReducePassPolicy { .threads_per_block = 256, .items_per_thread = 16, .vec_size = 4, .reduce_algorithm = BLOCK_REDUCE_WARP_REDUCTIONS, .load_modifier = LOAD_LDG }, .single_tile = ReducePassPolicy { .threads_per_block = 256, .items_per_thread = 16, .vec_size = 4, .reduce_algorithm = BLOCK_REDUCE_WARP_REDUCTIONS, .load_modifier = LOAD_LDG } }
Invoking DeviceReduceKernel<<<720, 256, 0, 102783056903760>>>(), 16 items per thread, 6 SM occupancy
Invoking DeviceReduceSingleTileKernel<<<1, 256, 0, 102783056903760>>>(), 16 items per thread
Dispatching DeviceReduce on compute capability 8.9 with tuning: ReducePolicy { .multi_tile = ReducePassPolicy { .threads_per_block = 256, .items_per_thread = 16, .vec_size = 4, .reduce_algorithm = BLOCK_REDUCE_WARP_REDUCTIONS, .load_modifier = LOAD_LDG }, .single_tile = ReducePassPolicy { .threads_per_block = 256, .items_per_thread = 16, .vec_size = 4, .reduce_algorithm = BLOCK_REDUCE_WARP_REDUCTIONS, .load_modifier = LOAD_LDG } }
Invoking DeviceReduceKernel<<<720, 256, 0, 102783056903760>>>(), 16 items per thread, 6 SM occupancy
Invoking DeviceReduceSingleTileKernel<<<1, 256, 0, 102783056903760>>>(), 16 items per thread
Dispatching DeviceReduce on compute capability 8.9 with tuning: ReducePolicy { .multi_tile = ReducePassPolicy { .threads_per_block = 256, .items_per_thread = 16, .vec_size = 4, .reduce_algorithm = BLOCK_REDUCE_WARP_REDUCTIONS, .load_modifier = LOAD_LDG }, .single_tile = ReducePassPolicy { .threads_per_block = 256, .items_per_thread = 16, .vec_size = 4, .reduce_algorithm = BLOCK_REDUCE_WARP_REDUCTIONS, .load_modifier = LOAD_LDG } }
Invoking DeviceReduceKernel<<<720, 256, 0, 102783056903760>>>(), 16 items per thread, 6 SM occupancy
Invoking DeviceReduceSingleTileKernel<<<1, 256, 0, 102783056903760>>>(), 16 items per thread
Dispatching DeviceReduce on compute capability 8.9 with tuning: ReducePolicy { .multi_tile = ReducePassPolicy { .threads_per_block = 256, .items_per_thread = 16, .vec_size = 4, .reduce_algorithm = BLOCK_REDUCE_WARP_REDUCTIONS, .load_modifier = LOAD_LDG }, .single_tile = ReducePassPolicy { .threads_per_block = 256, .items_per_thread = 16, .vec_size = 4, .reduce_algorithm = BLOCK_REDUCE_WARP_REDUCTIONS, .load_modifier = LOAD_LDG } }
Invoking DeviceReduceKernel<<<720, 256, 0, 102783056903760>>>(), 16 items per thread, 6 SM occupancy
Invoking DeviceReduceSingleTileKernel<<<1, 256, 0, 102783056903760>>>(), 16 items per thread
Dispatching DeviceReduce on compute capability 8.9 with tuning: ReducePolicy { .multi_tile = ReducePassPolicy { .threads_per_block = 256, .items_per_thread = 16, .vec_size = 4, .reduce_algorithm = BLOCK_REDUCE_WARP_REDUCTIONS, .load_modifier = LOAD_LDG }, .single_tile = ReducePassPolicy { .threads_per_block = 256, .items_per_thread = 16, .vec_size = 4, .reduce_algorithm = BLOCK_REDUCE_WARP_REDUCTIONS, .load_modifier = LOAD_LDG } }
Invoking DeviceReduceKernel<<<720, 256, 0, 102783056903760>>>(), 16 items per thread, 6 SM occupancy
Invoking DeviceReduceSingleTileKernel<<<1, 256, 0, 102783056903760>>>(), 16 items per thread
Dispatching DeviceReduce on compute capability 8.9 with tuning: ReducePolicy { .multi_tile = ReducePassPolicy { .threads_per_block = 256, .items_per_thread = 16, .vec_size = 4, .reduce_algorithm = BLOCK_REDUCE_WARP_REDUCTIONS, .load_modifier = LOAD_LDG }, .single_tile = ReducePassPolicy { .threads_per_block = 256, .items_per_thread = 16, .vec_size = 4, .reduce_algorithm = BLOCK_REDUCE_WARP_REDUCTIONS, .load_modifier = LOAD_LDG } }
Invoking DeviceReduceKernel<<<720, 256, 0, 102783056903760>>>(), 16 items per thread, 6 SM occupancy
Invoking DeviceReduceSingleTileKernel<<<1, 256, 0, 102783056903760>>>(), 16 items per thread
Dispatching DeviceReduce on compute capability 8.9 with tuning: ReducePolicy { .multi_tile = ReducePassPolicy { .threads_per_block = 256, .items_per_thread = 16, .vec_size = 4, .reduce_algorithm = BLOCK_REDUCE_WARP_REDUCTIONS, .load_modifier = LOAD_LDG }, .single_tile = ReducePassPolicy { .threads_per_block = 256, .items_per_thread = 16, .vec_size = 4, .reduce_algorithm = BLOCK_REDUCE_WARP_REDUCTIONS, .load_modifier = LOAD_LDG } }
Invoking DeviceReduceKernel<<<720, 256, 0, 102783056903760>>>(), 16 items per thread, 6 SM occupancy
Invoking DeviceReduceSingleTileKernel<<<1, 256, 0, 102783056903760>>>(), 16 items per thread
Dispatching DeviceReduce on compute capability 8.9 with tuning: ReducePolicy { .multi_tile = ReducePassPolicy { .threads_per_block = 256, .items_per_thread = 16, .vec_size = 4, .reduce_algorithm = BLOCK_REDUCE_WARP_REDUCTIONS, .load_modifier = LOAD_LDG }, .single_tile = ReducePassPolicy { .threads_per_block = 256, .items_per_thread = 16, .vec_size = 4, .reduce_algorithm = BLOCK_REDUCE_WARP_REDUCTIONS, .load_modifier = LOAD_LDG } }
Invoking DeviceReduceKernel<<<720, 256, 0, 102783056903760>>>(), 16 items per thread, 6 SM occupancy
Invoking DeviceReduceSingleTileKernel<<<1, 256, 0, 102783056903760>>>(), 16 items per thread
Dispatching DeviceReduce on compute capability 8.9 with tuning: ReducePolicy { .multi_tile = ReducePassPolicy { .threads_per_block = 256, .items_per_thread = 16, .vec_size = 4, .reduce_algorithm = BLOCK_REDUCE_WARP_REDUCTIONS, .load_modifier = LOAD_LDG }, .single_tile = ReducePassPolicy { .threads_per_block = 256, .items_per_thread = 16, .vec_size = 4, .reduce_algorithm = BLOCK_REDUCE_WARP_REDUCTIONS, .load_modifier = LOAD_LDG } }
Invoking DeviceReduceKernel<<<720, 256, 0, 102783056903760>>>(), 16 items per thread, 6 SM occupancy
Invoking DeviceReduceSingleTileKernel<<<1, 256, 0, 102783056903760>>>(), 16 items per thread
Dispatching DeviceReduce on compute capability 8.9 with tuning: ReducePolicy { .multi_tile = ReducePassPolicy { .threads_per_block = 256, .items_per_thread = 16, .vec_size = 4, .reduce_algorithm = BLOCK_REDUCE_WARP_REDUCTIONS, .load_modifier = LOAD_LDG }, .single_tile = ReducePassPolicy { .threads_per_block = 256, .items_per_thread = 16, .vec_size = 4, .reduce_algorithm = BLOCK_REDUCE_WARP_REDUCTIONS, .load_modifier = LOAD_LDG } }
Invoking DeviceReduceKernel<<<720, 256, 0, 102783056903760>>>(), 16 items per thread, 6 SM occupancy
Invoking DeviceReduceSingleTileKernel<<<1, 256, 0, 102783056903760>>>(), 16 items per thread
Dispatching DeviceReduce on compute capability 8.9 with tuning: ReducePolicy { .multi_tile = ReducePassPolicy { .threads_per_block = 256, .items_per_thread = 16, .vec_size = 4, .reduce_algorithm = BLOCK_REDUCE_WARP_REDUCTIONS, .load_modifier = LOAD_LDG }, .single_tile = ReducePassPolicy { .threads_per_block = 256, .items_per_thread = 16, .vec_size = 4, .reduce_algorithm = BLOCK_REDUCE_WARP_REDUCTIONS, .load_modifier = LOAD_LDG } }
Invoking DeviceReduceKernel<<<720, 256, 0, 102783056903760>>>(), 16 items per thread, 6 SM occupancy
Invoking DeviceReduceSingleTileKernel<<<1, 256, 0, 102783056903760>>>(), 16 items per thread
Dispatching DeviceReduce on compute capability 8.9 with tuning: ReducePolicy { .multi_tile = ReducePassPolicy { .threads_per_block = 256, .items_per_thread = 16, .vec_size = 4, .reduce_algorithm = BLOCK_REDUCE_WARP_REDUCTIONS, .load_modifier = LOAD_LDG }, .single_tile = ReducePassPolicy { .threads_per_block = 256, .items_per_thread = 16, .vec_size = 4, .reduce_algorithm = BLOCK_REDUCE_WARP_REDUCTIONS, .load_modifier = LOAD_LDG } }
Invoking DeviceReduceKernel<<<720, 256, 0, 102783056903760>>>(), 16 items per thread, 6 SM occupancy
Invoking DeviceReduceSingleTileKernel<<<1, 256, 0, 102783056903760>>>(), 16 items per thread
Dispatching DeviceReduce on compute capability 8.9 with tuning: ReducePolicy { .multi_tile = ReducePassPolicy { .threads_per_block = 256, .items_per_thread = 16, .vec_size = 4, .reduce_algorithm = BLOCK_REDUCE_WARP_REDUCTIONS, .load_modifier = LOAD_LDG }, .single_tile = ReducePassPolicy { .threads_per_block = 256, .items_per_thread = 16, .vec_size = 4, .reduce_algorithm = BLOCK_REDUCE_WARP_REDUCTIONS, .load_modifier = LOAD_LDG } }
Invoking DeviceReduceKernel<<<720, 256, 0, 102783056903760>>>(), 16 items per thread, 6 SM occupancy
Invoking DeviceReduceSingleTileKernel<<<1, 256, 0, 102783056903760>>>(), 16 items per thread
Dispatching DeviceReduce on compute capability 8.9 with tuning: ReducePolicy { .multi_tile = ReducePassPolicy { .threads_per_block = 256, .items_per_thread = 16, .vec_size = 4, .reduce_algorithm = BLOCK_REDUCE_WARP_REDUCTIONS, .load_modifier = LOAD_LDG }, .single_tile = ReducePassPolicy { .threads_per_block = 256, .items_per_thread = 16, .vec_size = 4, .reduce_algorithm = BLOCK_REDUCE_WARP_REDUCTIONS, .load_modifier = LOAD_LDG } }
Invoking DeviceReduceKernel<<<720, 256, 0, 102783056903760>>>(), 16 items per thread, 6 SM occupancy
Invoking DeviceReduceSingleTileKernel<<<1, 256, 0, 102783056903760>>>(), 16 items per thread
Dispatching DeviceReduce on compute capability 8.9 with tuning: ReducePolicy { .multi_tile = ReducePassPolicy { .threads_per_block = 256, .items_per_thread = 16, .vec_size = 4, .reduce_algorithm = BLOCK_REDUCE_WARP_REDUCTIONS, .load_modifier = LOAD_LDG }, .single_tile = ReducePassPolicy { .threads_per_block = 256, .items_per_thread = 16, .vec_size = 4, .reduce_algorithm = BLOCK_REDUCE_WARP_REDUCTIONS, .load_modifier = LOAD_LDG } }
Invoking DeviceReduceKernel<<<720, 256, 0, 102783056903760>>>(), 16 items per thread, 6 SM occupancy
Invoking DeviceReduceSingleTileKernel<<<1, 256, 0, 102783056903760>>>(), 16 items per thread
Dispatching DeviceReduce on compute capability 8.9 with tuning: ReducePolicy { .multi_tile = ReducePassPolicy { .threads_per_block = 256, .items_per_thread = 16, .vec_size = 4, .reduce_algorithm = BLOCK_REDUCE_WARP_REDUCTIONS, .load_modifier = LOAD_LDG }, .single_tile = ReducePassPolicy { .threads_per_block = 256, .items_per_thread = 16, .vec_size = 4, .reduce_algorithm = BLOCK_REDUCE_WARP_REDUCTIONS, .load_modifier = LOAD_LDG } }
Invoking DeviceReduceKernel<<<720, 256, 0, 102783056903760>>>(), 16 items per thread, 6 SM occupancy
Invoking DeviceReduceSingleTileKernel<<<1, 256, 0, 102783056903760>>>(), 16 items per thread
Dispatching DeviceReduce on compute capability 8.9 with tuning: ReducePolicy { .multi_tile = ReducePassPolicy { .threads_per_block = 256, .items_per_thread = 16, .vec_size = 4, .reduce_algorithm = BLOCK_REDUCE_WARP_REDUCTIONS, .load_modifier = LOAD_LDG }, .single_tile = ReducePassPolicy { .threads_per_block = 256, .items_per_thread = 16, .vec_size = 4, .reduce_algorithm = BLOCK_REDUCE_WARP_REDUCTIONS, .load_modifier = LOAD_LDG } }
Invoking DeviceReduceKernel<<<720, 256, 0, 102783056903760>>>(), 16 items per thread, 6 SM occupancy
Invoking DeviceReduceSingleTileKernel<<<1, 256, 0, 102783056903760>>>(), 16 items per thread
Dispatching DeviceReduce on compute capability 8.9 with tuning: ReducePolicy { .multi_tile = ReducePassPolicy { .threads_per_block = 256, .items_per_thread = 16, .vec_size = 4, .reduce_algorithm = BLOCK_REDUCE_WARP_REDUCTIONS, .load_modifier = LOAD_LDG }, .single_tile = ReducePassPolicy { .threads_per_block = 256, .items_per_thread = 16, .vec_size = 4, .reduce_algorithm = BLOCK_REDUCE_WARP_REDUCTIONS, .load_modifier = LOAD_LDG } }
Invoking DeviceReduceKernel<<<720, 256, 0, 102783056903760>>>(), 16 items per thread, 6 SM occupancy
Invoking DeviceReduceSingleTileKernel<<<1, 256, 0, 102783056903760>>>(), 16 items per thread
Dispatching DeviceReduce on compute capability 8.9 with tuning: ReducePolicy { .multi_tile = ReducePassPolicy { .threads_per_block = 256, .items_per_thread = 16, .vec_size = 4, .reduce_algorithm = BLOCK_REDUCE_WARP_REDUCTIONS, .load_modifier = LOAD_LDG }, .single_tile = ReducePassPolicy { .threads_per_block = 256, .items_per_thread = 16, .vec_size = 4, .reduce_algorithm = BLOCK_REDUCE_WARP_REDUCTIONS, .load_modifier = LOAD_LDG } }
Invoking DeviceReduceKernel<<<720, 256, 0, 102783056903760>>>(), 16 items per thread, 6 SM occupancy
Invoking DeviceReduceSingleTileKernel<<<1, 256, 0, 102783056903760>>>(), 16 items per thread
Dispatching DeviceReduce on compute capability 8.9 with tuning: ReducePolicy { .multi_tile = ReducePassPolicy { .threads_per_block = 256, .items_per_thread = 16, .vec_size = 4, .reduce_algorithm = BLOCK_REDUCE_WARP_REDUCTIONS, .load_modifier = LOAD_LDG }, .single_tile = ReducePassPolicy { .threads_per_block = 256, .items_per_thread = 16, .vec_size = 4, .reduce_algorithm = BLOCK_REDUCE_WARP_REDUCTIONS, .load_modifier = LOAD_LDG } }
Invoking DeviceReduceKernel<<<720, 256, 0, 102783056903760>>>(), 16 items per thread, 6 SM occupancy
Invoking DeviceReduceSingleTileKernel<<<1, 256, 0, 102783056903760>>>(), 16 items per thread
Dispatching DeviceReduce on compute capability 8.9 with tuning: ReducePolicy { .multi_tile = ReducePassPolicy { .threads_per_block = 256, .items_per_thread = 16, .vec_size = 4, .reduce_algorithm = BLOCK_REDUCE_WARP_REDUCTIONS, .load_modifier = LOAD_LDG }, .single_tile = ReducePassPolicy { .threads_per_block = 256, .items_per_thread = 16, .vec_size = 4, .reduce_algorithm = BLOCK_REDUCE_WARP_REDUCTIONS, .load_modifier = LOAD_LDG } }
Invoking DeviceReduceKernel<<<720, 256, 0, 102783056903760>>>(), 16 items per thread, 6 SM occupancy
Invoking DeviceReduceSingleTileKernel<<<1, 256, 0, 102783056903760>>>(), 16 items per thread
Dispatching DeviceReduce on compute capability 8.9 with tuning: ReducePolicy { .multi_tile = ReducePassPolicy { .threads_per_block = 256, .items_per_thread = 16, .vec_size = 4, .reduce_algorithm = BLOCK_REDUCE_WARP_REDUCTIONS, .load_modifier = LOAD_LDG }, .single_tile = ReducePassPolicy { .threads_per_block = 256, .items_per_thread = 16, .vec_size = 4, .reduce_algorithm = BLOCK_REDUCE_WARP_REDUCTIONS, .load_modifier = LOAD_LDG } }
Invoking DeviceReduceKernel<<<720, 256, 0, 102783056903760>>>(), 16 items per thread, 6 SM occupancy
Invoking DeviceReduceSingleTileKernel<<<1, 256, 0, 102783056903760>>>(), 16 items per thread
Dispatching DeviceReduce on compute capability 8.9 with tuning: ReducePolicy { .multi_tile = ReducePassPolicy { .threads_per_block = 256, .items_per_thread = 16, .vec_size = 4, .reduce_algorithm = BLOCK_REDUCE_WARP_REDUCTIONS, .load_modifier = LOAD_LDG }, .single_tile = ReducePassPolicy { .threads_per_block = 256, .items_per_thread = 16, .vec_size = 4, .reduce_algorithm = BLOCK_REDUCE_WARP_REDUCTIONS, .load_modifier = LOAD_LDG } }
Invoking DeviceReduceKernel<<<720, 256, 0, 102783056903760>>>(), 16 items per thread, 6 SM occupancy
Invoking DeviceReduceSingleTileKernel<<<1, 256, 0, 102783056903760>>>(), 16 items per thread
Dispatching DeviceReduce on compute capability 8.9 with tuning: ReducePolicy { .multi_tile = ReducePassPolicy { .threads_per_block = 256, .items_per_thread = 16, .vec_size = 4, .reduce_algorithm = BLOCK_REDUCE_WARP_REDUCTIONS, .load_modifier = LOAD_LDG }, .single_tile = ReducePassPolicy { .threads_per_block = 256, .items_per_thread = 16, .vec_size = 4, .reduce_algorithm = BLOCK_REDUCE_WARP_REDUCTIONS, .load_modifier = LOAD_LDG } }
Invoking DeviceReduceKernel<<<720, 256, 0, 102783056903760>>>(), 16 items per thread, 6 SM occupancy
Invoking DeviceReduceSingleTileKernel<<<1, 256, 0, 102783056903760>>>(), 16 items per thread
Dispatching DeviceReduce on compute capability 8.9 with tuning: ReducePolicy { .multi_tile = ReducePassPolicy { .threads_per_block = 256, .items_per_thread = 16, .vec_size = 4, .reduce_algorithm = BLOCK_REDUCE_WARP_REDUCTIONS, .load_modifier = LOAD_LDG }, .single_tile = ReducePassPolicy { .threads_per_block = 256, .items_per_thread = 16, .vec_size = 4, .reduce_algorithm = BLOCK_REDUCE_WARP_REDUCTIONS, .load_modifier = LOAD_LDG } }
Invoking DeviceReduceKernel<<<720, 256, 0, 102783056903760>>>(), 16 items per thread, 6 SM occupancy
Invoking DeviceReduceSingleTileKernel<<<1, 256, 0, 102783056903760>>>(), 16 items per thread
Dispatching DeviceReduce on compute capability 8.9 with tuning: ReducePolicy { .multi_tile = ReducePassPolicy { .threads_per_block = 256, .items_per_thread = 16, .vec_size = 4, .reduce_algorithm = BLOCK_REDUCE_WARP_REDUCTIONS, .load_modifier = LOAD_LDG }, .single_tile = ReducePassPolicy { .threads_per_block = 256, .items_per_thread = 16, .vec_size = 4, .reduce_algorithm = BLOCK_REDUCE_WARP_REDUCTIONS, .load_modifier = LOAD_LDG } }
Invoking DeviceReduceKernel<<<720, 256, 0, 102783056903760>>>(), 16 items per thread, 6 SM occupancy
Invoking DeviceReduceSingleTileKernel<<<1, 256, 0, 102783056903760>>>(), 16 items per thread
Dispatching DeviceReduce on compute capability 8.9 with tuning: ReducePolicy { .multi_tile = ReducePassPolicy { .threads_per_block = 256, .items_per_thread = 16, .vec_size = 4, .reduce_algorithm = BLOCK_REDUCE_WARP_REDUCTIONS, .load_modifier = LOAD_LDG }, .single_tile = ReducePassPolicy { .threads_per_block = 256, .items_per_thread = 16, .vec_size = 4, .reduce_algorithm = BLOCK_REDUCE_WARP_REDUCTIONS, .load_modifier = LOAD_LDG } }
Invoking DeviceReduceKernel<<<720, 256, 0, 102783056903760>>>(), 16 items per thread, 6 SM occupancy
Invoking DeviceReduceSingleTileKernel<<<1, 256, 0, 102783056903760>>>(), 16 items per thread
Dispatching DeviceReduce on compute capability 8.9 with tuning: ReducePolicy { .multi_tile = ReducePassPolicy { .threads_per_block = 256, .items_per_thread = 16, .vec_size = 4, .reduce_algorithm = BLOCK_REDUCE_WARP_REDUCTIONS, .load_modifier = LOAD_LDG }, .single_tile = ReducePassPolicy { .threads_per_block = 256, .items_per_thread = 16, .vec_size = 4, .reduce_algorithm = BLOCK_REDUCE_WARP_REDUCTIONS, .load_modifier = LOAD_LDG } }
Invoking DeviceReduceKernel<<<720, 256, 0, 102783056903760>>>(), 16 items per thread, 6 SM occupancy
Invoking DeviceReduceSingleTileKernel<<<1, 256, 0, 102783056903760>>>(), 16 items per thread
Dispatching DeviceReduce on compute capability 8.9 with tuning: ReducePolicy { .multi_tile = ReducePassPolicy { .threads_per_block = 256, .items_per_thread = 16, .vec_size = 4, .reduce_algorithm = BLOCK_REDUCE_WARP_REDUCTIONS, .load_modifier = LOAD_LDG }, .single_tile = ReducePassPolicy { .threads_per_block = 256, .items_per_thread = 16, .vec_size = 4, .reduce_algorithm = BLOCK_REDUCE_WARP_REDUCTIONS, .load_modifier = LOAD_LDG } }
Invoking DeviceReduceKernel<<<720, 256, 0, 102783056903760>>>(), 16 items per thread, 6 SM occupancy
Invoking DeviceReduceSingleTileKernel<<<1, 256, 0, 102783056903760>>>(), 16 items per thread
Dispatching DeviceReduce on compute capability 8.9 with tuning: ReducePolicy { .multi_tile = ReducePassPolicy { .threads_per_block = 256, .items_per_thread = 16, .vec_size = 4, .reduce_algorithm = BLOCK_REDUCE_WARP_REDUCTIONS, .load_modifier = LOAD_LDG }, .single_tile = ReducePassPolicy { .threads_per_block = 256, .items_per_thread = 16, .vec_size = 4, .reduce_algorithm = BLOCK_REDUCE_WARP_REDUCTIONS, .load_modifier = LOAD_LDG } }
Invoking DeviceReduceKernel<<<720, 256, 0, 102783056903760>>>(), 16 items per thread, 6 SM occupancy
Invoking DeviceReduceSingleTileKernel<<<1, 256, 0, 102783056903760>>>(), 16 items per thread
Dispatching DeviceReduce on compute capability 8.9 with tuning: ReducePolicy { .multi_tile = ReducePassPolicy { .threads_per_block = 256, .items_per_thread = 16, .vec_size = 4, .reduce_algorithm = BLOCK_REDUCE_WARP_REDUCTIONS, .load_modifier = LOAD_LDG }, .single_tile = ReducePassPolicy { .threads_per_block = 256, .items_per_thread = 16, .vec_size = 4, .reduce_algorithm = BLOCK_REDUCE_WARP_REDUCTIONS, .load_modifier = LOAD_LDG } }
Invoking DeviceReduceKernel<<<720, 256, 0, 102783056903760>>>(), 16 items per thread, 6 SM occupancy
Invoking DeviceReduceSingleTileKernel<<<1, 256, 0, 102783056903760>>>(), 16 items per thread
Dispatching DeviceReduce on compute capability 8.9 with tuning: ReducePolicy { .multi_tile = ReducePassPolicy { .threads_per_block = 256, .items_per_thread = 16, .vec_size = 4, .reduce_algorithm = BLOCK_REDUCE_WARP_REDUCTIONS, .load_modifier = LOAD_LDG }, .single_tile = ReducePassPolicy { .threads_per_block = 256, .items_per_thread = 16, .vec_size = 4, .reduce_algorithm = BLOCK_REDUCE_WARP_REDUCTIONS, .load_modifier = LOAD_LDG } }
Invoking DeviceReduceKernel<<<720, 256, 0, 102783056903760>>>(), 16 items per thread, 6 SM occupancy
Invoking DeviceReduceSingleTileKernel<<<1, 256, 0, 102783056903760>>>(), 16 items per thread
Dispatching DeviceReduce on compute capability 8.9 with tuning: ReducePolicy { .multi_tile = ReducePassPolicy { .threads_per_block = 256, .items_per_thread = 16, .vec_size = 4, .reduce_algorithm = BLOCK_REDUCE_WARP_REDUCTIONS, .load_modifier = LOAD_LDG }, .single_tile = ReducePassPolicy { .threads_per_block = 256, .items_per_thread = 16, .vec_size = 4, .reduce_algorithm = BLOCK_REDUCE_WARP_REDUCTIONS, .load_modifier = LOAD_LDG } }
Invoking DeviceReduceKernel<<<720, 256, 0, 102783056903760>>>(), 16 items per thread, 6 SM occupancy
Invoking DeviceReduceSingleTileKernel<<<1, 256, 0, 102783056903760>>>(), 16 items per thread
Dispatching DeviceReduce on compute capability 8.9 with tuning: ReducePolicy { .multi_tile = ReducePassPolicy { .threads_per_block = 256, .items_per_thread = 16, .vec_size = 4, .reduce_algorithm = BLOCK_REDUCE_WARP_REDUCTIONS, .load_modifier = LOAD_LDG }, .single_tile = ReducePassPolicy { .threads_per_block = 256, .items_per_thread = 16, .vec_size = 4, .reduce_algorithm = BLOCK_REDUCE_WARP_REDUCTIONS, .load_modifier = LOAD_LDG } }
Invoking DeviceReduceKernel<<<720, 256, 0, 102783056903760>>>(), 16 items per thread, 6 SM occupancy
Invoking DeviceReduceSingleTileKernel<<<1, 256, 0, 102783056903760>>>(), 16 items per thread
Dispatching DeviceReduce on compute capability 8.9 with tuning: ReducePolicy { .multi_tile = ReducePassPolicy { .threads_per_block = 256, .items_per_thread = 16, .vec_size = 4, .reduce_algorithm = BLOCK_REDUCE_WARP_REDUCTIONS, .load_modifier = LOAD_LDG }, .single_tile = ReducePassPolicy { .threads_per_block = 256, .items_per_thread = 16, .vec_size = 4, .reduce_algorithm = BLOCK_REDUCE_WARP_REDUCTIONS, .load_modifier = LOAD_LDG } }
Invoking DeviceReduceKernel<<<720, 256, 0, 102783056903760>>>(), 16 items per thread, 6 SM occupancy
Invoking DeviceReduceSingleTileKernel<<<1, 256, 0, 102783056903760>>>(), 16 items per thread
Dispatching DeviceReduce on compute capability 8.9 with tuning: ReducePolicy { .multi_tile = ReducePassPolicy { .threads_per_block = 256, .items_per_thread = 16, .vec_size = 4, .reduce_algorithm = BLOCK_REDUCE_WARP_REDUCTIONS, .load_modifier = LOAD_LDG }, .single_tile = ReducePassPolicy { .threads_per_block = 256, .items_per_thread = 16, .vec_size = 4, .reduce_algorithm = BLOCK_REDUCE_WARP_REDUCTIONS, .load_modifier = LOAD_LDG } }
Invoking DeviceReduceKernel<<<720, 256, 0, 102783056903760>>>(), 16 items per thread, 6 SM occupancy
Invoking DeviceReduceSingleTileKernel<<<1, 256, 0, 102783056903760>>>(), 16 items per thread
Dispatching DeviceReduce on compute capability 8.9 with tuning: ReducePolicy { .multi_tile = ReducePassPolicy { .threads_per_block = 256, .items_per_thread = 16, .vec_size = 4, .reduce_algorithm = BLOCK_REDUCE_WARP_REDUCTIONS, .load_modifier = LOAD_LDG }, .single_tile = ReducePassPolicy { .threads_per_block = 256, .items_per_thread = 16, .vec_size = 4, .reduce_algorithm = BLOCK_REDUCE_WARP_REDUCTIONS, .load_modifier = LOAD_LDG } }
Invoking DeviceReduceKernel<<<720, 256, 0, 102783056903760>>>(), 16 items per thread, 6 SM occupancy
Invoking DeviceReduceSingleTileKernel<<<1, 256, 0, 102783056903760>>>(), 16 items per thread
Dispatching DeviceReduce on compute capability 8.9 with tuning: ReducePolicy { .multi_tile = ReducePassPolicy { .threads_per_block = 256, .items_per_thread = 16, .vec_size = 4, .reduce_algorithm = BLOCK_REDUCE_WARP_REDUCTIONS, .load_modifier = LOAD_LDG }, .single_tile = ReducePassPolicy { .threads_per_block = 256, .items_per_thread = 16, .vec_size = 4, .reduce_algorithm = BLOCK_REDUCE_WARP_REDUCTIONS, .load_modifier = LOAD_LDG } }
Invoking DeviceReduceKernel<<<720, 256, 0, 102783056903760>>>(), 16 items per thread, 6 SM occupancy
Invoking DeviceReduceSingleTileKernel<<<1, 256, 0, 102783056903760>>>(), 16 items per thread
Dispatching DeviceReduce on compute capability 8.9 with tuning: ReducePolicy { .multi_tile = ReducePassPolicy { .threads_per_block = 256, .items_per_thread = 16, .vec_size = 4, .reduce_algorithm = BLOCK_REDUCE_WARP_REDUCTIONS, .load_modifier = LOAD_LDG }, .single_tile = ReducePassPolicy { .threads_per_block = 256, .items_per_thread = 16, .vec_size = 4, .reduce_algorithm = BLOCK_REDUCE_WARP_REDUCTIONS, .load_modifier = LOAD_LDG } }
Invoking DeviceReduceKernel<<<720, 256, 0, 102783056903760>>>(), 16 items per thread, 6 SM occupancy
Invoking DeviceReduceSingleTileKernel<<<1, 256, 0, 102783056903760>>>(), 16 items per thread
Dispatching DeviceReduce on compute capability 8.9 with tuning: ReducePolicy { .multi_tile = ReducePassPolicy { .threads_per_block = 256, .items_per_thread = 16, .vec_size = 4, .reduce_algorithm = BLOCK_REDUCE_WARP_REDUCTIONS, .load_modifier = LOAD_LDG }, .single_tile = ReducePassPolicy { .threads_per_block = 256, .items_per_thread = 16, .vec_size = 4, .reduce_algorithm = BLOCK_REDUCE_WARP_REDUCTIONS, .load_modifier = LOAD_LDG } }
Invoking DeviceReduceKernel<<<720, 256, 0, 102783056903760>>>(), 16 items per thread, 6 SM occupancy
Invoking DeviceReduceSingleTileKernel<<<1, 256, 0, 102783056903760>>>(), 16 items per thread
Dispatching DeviceReduce on compute capability 8.9 with tuning: ReducePolicy { .multi_tile = ReducePassPolicy { .threads_per_block = 256, .items_per_thread = 16, .vec_size = 4, .reduce_algorithm = BLOCK_REDUCE_WARP_REDUCTIONS, .load_modifier = LOAD_LDG }, .single_tile = ReducePassPolicy { .threads_per_block = 256, .items_per_thread = 16, .vec_size = 4, .reduce_algorithm = BLOCK_REDUCE_WARP_REDUCTIONS, .load_modifier = LOAD_LDG } }
Invoking DeviceReduceKernel<<<720, 256, 0, 102783056903760>>>(), 16 items per thread, 6 SM occupancy
Invoking DeviceReduceSingleTileKernel<<<1, 256, 0, 102783056903760>>>(), 16 items per thread
Dispatching DeviceReduce on compute capability 8.9 with tuning: ReducePolicy { .multi_tile = ReducePassPolicy { .threads_per_block = 256, .items_per_thread = 16, .vec_size = 4, .reduce_algorithm = BLOCK_REDUCE_WARP_REDUCTIONS, .load_modifier = LOAD_LDG }, .single_tile = ReducePassPolicy { .threads_per_block = 256, .items_per_thread = 16, .vec_size = 4, .reduce_algorithm = BLOCK_REDUCE_WARP_REDUCTIONS, .load_modifier = LOAD_LDG } }
Invoking DeviceReduceKernel<<<720, 256, 0, 102783056903760>>>(), 16 items per thread, 6 SM occupancy
Invoking DeviceReduceSingleTileKernel<<<1, 256, 0, 102783056903760>>>(), 16 items per thread
Dispatching DeviceReduce on compute capability 8.9 with tuning: ReducePolicy { .multi_tile = ReducePassPolicy { .threads_per_block = 256, .items_per_thread = 16, .vec_size = 4, .reduce_algorithm = BLOCK_REDUCE_WARP_REDUCTIONS, .load_modifier = LOAD_LDG }, .single_tile = ReducePassPolicy { .threads_per_block = 256, .items_per_thread = 16, .vec_size = 4, .reduce_algorithm = BLOCK_REDUCE_WARP_REDUCTIONS, .load_modifier = LOAD_LDG } }
Invoking DeviceReduceKernel<<<720, 256, 0, 102783056903760>>>(), 16 items per thread, 6 SM occupancy
Invoking DeviceReduceSingleTileKernel<<<1, 256, 0, 102783056903760>>>(), 16 items per thread
Dispatching DeviceReduce on compute capability 8.9 with tuning: ReducePolicy { .multi_tile = ReducePassPolicy { .threads_per_block = 256, .items_per_thread = 16, .vec_size = 4, .reduce_algorithm = BLOCK_REDUCE_WARP_REDUCTIONS, .load_modifier = LOAD_LDG }, .single_tile = ReducePassPolicy { .threads_per_block = 256, .items_per_thread = 16, .vec_size = 4, .reduce_algorithm = BLOCK_REDUCE_WARP_REDUCTIONS, .load_modifier = LOAD_LDG } }
Invoking DeviceReduceKernel<<<720, 256, 0, 102783056903760>>>(), 16 items per thread, 6 SM occupancy
Invoking DeviceReduceSingleTileKernel<<<1, 256, 0, 102783056903760>>>(), 16 items per thread
Dispatching DeviceReduce on compute capability 8.9 with tuning: ReducePolicy { .multi_tile = ReducePassPolicy { .threads_per_block = 256, .items_per_thread = 16, .vec_size = 4, .reduce_algorithm = BLOCK_REDUCE_WARP_REDUCTIONS, .load_modifier = LOAD_LDG }, .single_tile = ReducePassPolicy { .threads_per_block = 256, .items_per_thread = 16, .vec_size = 4, .reduce_algorithm = BLOCK_REDUCE_WARP_REDUCTIONS, .load_modifier = LOAD_LDG } }
Invoking DeviceReduceKernel<<<720, 256, 0, 102783056903760>>>(), 16 items per thread, 6 SM occupancy
Invoking DeviceReduceSingleTileKernel<<<1, 256, 0, 102783056903760>>>(), 16 items per thread
Dispatching DeviceReduce on compute capability 8.9 with tuning: ReducePolicy { .multi_tile = ReducePassPolicy { .threads_per_block = 256, .items_per_thread = 16, .vec_size = 4, .reduce_algorithm = BLOCK_REDUCE_WARP_REDUCTIONS, .load_modifier = LOAD_LDG }, .single_tile = ReducePassPolicy { .threads_per_block = 256, .items_per_thread = 16, .vec_size = 4, .reduce_algorithm = BLOCK_REDUCE_WARP_REDUCTIONS, .load_modifier = LOAD_LDG } }
Invoking DeviceReduceKernel<<<720, 256, 0, 102783056903760>>>(), 16 items per thread, 6 SM occupancy
Invoking DeviceReduceSingleTileKernel<<<1, 256, 0, 102783056903760>>>(), 16 items per thread
Dispatching DeviceReduce on compute capability 8.9 with tuning: ReducePolicy { .multi_tile = ReducePassPolicy { .threads_per_block = 256, .items_per_thread = 16, .vec_size = 4, .reduce_algorithm = BLOCK_REDUCE_WARP_REDUCTIONS, .load_modifier = LOAD_LDG }, .single_tile = ReducePassPolicy { .threads_per_block = 256, .items_per_thread = 16, .vec_size = 4, .reduce_algorithm = BLOCK_REDUCE_WARP_REDUCTIONS, .load_modifier = LOAD_LDG } }
Invoking DeviceReduceKernel<<<720, 256, 0, 102783056903760>>>(), 16 items per thread, 6 SM occupancy
Invoking DeviceReduceSingleTileKernel<<<1, 256, 0, 102783056903760>>>(), 16 items per thread
Dispatching DeviceReduce on compute capability 8.9 with tuning: ReducePolicy { .multi_tile = ReducePassPolicy { .threads_per_block = 256, .items_per_thread = 16, .vec_size = 4, .reduce_algorithm = BLOCK_REDUCE_WARP_REDUCTIONS, .load_modifier = LOAD_LDG }, .single_tile = ReducePassPolicy { .threads_per_block = 256, .items_per_thread = 16, .vec_size = 4, .reduce_algorithm = BLOCK_REDUCE_WARP_REDUCTIONS, .load_modifier = LOAD_LDG } }
Invoking DeviceReduceKernel<<<720, 256, 0, 102783056903760>>>(), 16 items per thread, 6 SM occupancy
Invoking DeviceReduceSingleTileKernel<<<1, 256, 0, 102783056903760>>>(), 16 items per thread
Dispatching DeviceReduce on compute capability 8.9 with tuning: ReducePolicy { .multi_tile = ReducePassPolicy { .threads_per_block = 256, .items_per_thread = 16, .vec_size = 4, .reduce_algorithm = BLOCK_REDUCE_WARP_REDUCTIONS, .load_modifier = LOAD_LDG }, .single_tile = ReducePassPolicy { .threads_per_block = 256, .items_per_thread = 16, .vec_size = 4, .reduce_algorithm = BLOCK_REDUCE_WARP_REDUCTIONS, .load_modifier = LOAD_LDG } }
Invoking DeviceReduceKernel<<<720, 256, 0, 102783056903760>>>(), 16 items per thread, 6 SM occupancy
Invoking DeviceReduceSingleTileKernel<<<1, 256, 0, 102783056903760>>>(), 16 items per thread
Dispatching DeviceReduce on compute capability 8.9 with tuning: ReducePolicy { .multi_tile = ReducePassPolicy { .threads_per_block = 256, .items_per_thread = 16, .vec_size = 4, .reduce_algorithm = BLOCK_REDUCE_WARP_REDUCTIONS, .load_modifier = LOAD_LDG }, .single_tile = ReducePassPolicy { .threads_per_block = 256, .items_per_thread = 16, .vec_size = 4, .reduce_algorithm = BLOCK_REDUCE_WARP_REDUCTIONS, .load_modifier = LOAD_LDG } }
Invoking DeviceReduceKernel<<<720, 256, 0, 102783056903760>>>(), 16 items per thread, 6 SM occupancy
Invoking DeviceReduceSingleTileKernel<<<1, 256, 0, 102783056903760>>>(), 16 items per thread
Dispatching DeviceReduce on compute capability 8.9 with tuning: ReducePolicy { .multi_tile = ReducePassPolicy { .threads_per_block = 256, .items_per_thread = 16, .vec_size = 4, .reduce_algorithm = BLOCK_REDUCE_WARP_REDUCTIONS, .load_modifier = LOAD_LDG }, .single_tile = ReducePassPolicy { .threads_per_block = 256, .items_per_thread = 16, .vec_size = 4, .reduce_algorithm = BLOCK_REDUCE_WARP_REDUCTIONS, .load_modifier = LOAD_LDG } }
Invoking DeviceReduceKernel<<<720, 256, 0, 102783056903760>>>(), 16 items per thread, 6 SM occupancy
Invoking DeviceReduceSingleTileKernel<<<1, 256, 0, 102783056903760>>>(), 16 items per thread
Dispatching DeviceReduce on compute capability 8.9 with tuning: ReducePolicy { .multi_tile = ReducePassPolicy { .threads_per_block = 256, .items_per_thread = 16, .vec_size = 4, .reduce_algorithm = BLOCK_REDUCE_WARP_REDUCTIONS, .load_modifier = LOAD_LDG }, .single_tile = ReducePassPolicy { .threads_per_block = 256, .items_per_thread = 16, .vec_size = 4, .reduce_algorithm = BLOCK_REDUCE_WARP_REDUCTIONS, .load_modifier = LOAD_LDG } }
Invoking DeviceReduceKernel<<<720, 256, 0, 102783056903760>>>(), 16 items per thread, 6 SM occupancy
Invoking DeviceReduceSingleTileKernel<<<1, 256, 0, 102783056903760>>>(), 16 items per thread
Dispatching DeviceReduce on compute capability 8.9 with tuning: ReducePolicy { .multi_tile = ReducePassPolicy { .threads_per_block = 256, .items_per_thread = 16, .vec_size = 4, .reduce_algorithm = BLOCK_REDUCE_WARP_REDUCTIONS, .load_modifier = LOAD_LDG }, .single_tile = ReducePassPolicy { .threads_per_block = 256, .items_per_thread = 16, .vec_size = 4, .reduce_algorithm = BLOCK_REDUCE_WARP_REDUCTIONS, .load_modifier = LOAD_LDG } }
Invoking DeviceReduceKernel<<<720, 256, 0, 102783056903760>>>(), 16 items per thread, 6 SM occupancy
Invoking DeviceReduceSingleTileKernel<<<1, 256, 0, 102783056903760>>>(), 16 items per thread
Dispatching DeviceReduce on compute capability 8.9 with tuning: ReducePolicy { .multi_tile = ReducePassPolicy { .threads_per_block = 256, .items_per_thread = 16, .vec_size = 4, .reduce_algorithm = BLOCK_REDUCE_WARP_REDUCTIONS, .load_modifier = LOAD_LDG }, .single_tile = ReducePassPolicy { .threads_per_block = 256, .items_per_thread = 16, .vec_size = 4, .reduce_algorithm = BLOCK_REDUCE_WARP_REDUCTIONS, .load_modifier = LOAD_LDG } }
Invoking DeviceReduceKernel<<<720, 256, 0, 102783056903760>>>(), 16 items per thread, 6 SM occupancy
Invoking DeviceReduceSingleTileKernel<<<1, 256, 0, 102783056903760>>>(), 16 items per thread
Dispatching DeviceReduce on compute capability 8.9 with tuning: ReducePolicy { .multi_tile = ReducePassPolicy { .threads_per_block = 256, .items_per_thread = 16, .vec_size = 4, .reduce_algorithm = BLOCK_REDUCE_WARP_REDUCTIONS, .load_modifier = LOAD_LDG }, .single_tile = ReducePassPolicy { .threads_per_block = 256, .items_per_thread = 16, .vec_size = 4, .reduce_algorithm = BLOCK_REDUCE_WARP_REDUCTIONS, .load_modifier = LOAD_LDG } }
Invoking DeviceReduceKernel<<<720, 256, 0, 102783056903760>>>(), 16 items per thread, 6 SM occupancy
Invoking DeviceReduceSingleTileKernel<<<1, 256, 0, 102783056903760>>>(), 16 items per thread
Dispatching DeviceReduce on compute capability 8.9 with tuning: ReducePolicy { .multi_tile = ReducePassPolicy { .threads_per_block = 256, .items_per_thread = 16, .vec_size = 4, .reduce_algorithm = BLOCK_REDUCE_WARP_REDUCTIONS, .load_modifier = LOAD_LDG }, .single_tile = ReducePassPolicy { .threads_per_block = 256, .items_per_thread = 16, .vec_size = 4, .reduce_algorithm = BLOCK_REDUCE_WARP_REDUCTIONS, .load_modifier = LOAD_LDG } }
Invoking DeviceReduceKernel<<<720, 256, 0, 102783056903760>>>(), 16 items per thread, 6 SM occupancy
Invoking DeviceReduceSingleTileKernel<<<1, 256, 0, 102783056903760>>>(), 16 items per thread
Dispatching DeviceReduce on compute capability 8.9 with tuning: ReducePolicy { .multi_tile = ReducePassPolicy { .threads_per_block = 256, .items_per_thread = 16, .vec_size = 4, .reduce_algorithm = BLOCK_REDUCE_WARP_REDUCTIONS, .load_modifier = LOAD_LDG }, .single_tile = ReducePassPolicy { .threads_per_block = 256, .items_per_thread = 16, .vec_size = 4, .reduce_algorithm = BLOCK_REDUCE_WARP_REDUCTIONS, .load_modifier = LOAD_LDG } }
Invoking DeviceReduceKernel<<<720, 256, 0, 102783056903760>>>(), 16 items per thread, 6 SM occupancy
Invoking DeviceReduceSingleTileKernel<<<1, 256, 0, 102783056903760>>>(), 16 items per thread
Dispatching DeviceReduce on compute capability 8.9 with tuning: ReducePolicy { .multi_tile = ReducePassPolicy { .threads_per_block = 256, .items_per_thread = 16, .vec_size = 4, .reduce_algorithm = BLOCK_REDUCE_WARP_REDUCTIONS, .load_modifier = LOAD_LDG }, .single_tile = ReducePassPolicy { .threads_per_block = 256, .items_per_thread = 16, .vec_size = 4, .reduce_algorithm = BLOCK_REDUCE_WARP_REDUCTIONS, .load_modifier = LOAD_LDG } }
Invoking DeviceReduceKernel<<<720, 256, 0, 102783056903760>>>(), 16 items per thread, 6 SM occupancy
Invoking DeviceReduceSingleTileKernel<<<1, 256, 0, 102783056903760>>>(), 16 items per thread
Dispatching DeviceReduce on compute capability 8.9 with tuning: ReducePolicy { .multi_tile = ReducePassPolicy { .threads_per_block = 256, .items_per_thread = 16, .vec_size = 4, .reduce_algorithm = BLOCK_REDUCE_WARP_REDUCTIONS, .load_modifier = LOAD_LDG }, .single_tile = ReducePassPolicy { .threads_per_block = 256, .items_per_thread = 16, .vec_size = 4, .reduce_algorithm = BLOCK_REDUCE_WARP_REDUCTIONS, .load_modifier = LOAD_LDG } }
Invoking DeviceReduceKernel<<<720, 256, 0, 102783056903760>>>(), 16 items per thread, 6 SM occupancy
Invoking DeviceReduceSingleTileKernel<<<1, 256, 0, 102783056903760>>>(), 16 items per thread
Dispatching DeviceReduce on compute capability 8.9 with tuning: ReducePolicy { .multi_tile = ReducePassPolicy { .threads_per_block = 256, .items_per_thread = 16, .vec_size = 4, .reduce_algorithm = BLOCK_REDUCE_WARP_REDUCTIONS, .load_modifier = LOAD_LDG }, .single_tile = ReducePassPolicy { .threads_per_block = 256, .items_per_thread = 16, .vec_size = 4, .reduce_algorithm = BLOCK_REDUCE_WARP_REDUCTIONS, .load_modifier = LOAD_LDG } }
Invoking DeviceReduceKernel<<<720, 256, 0, 102783056903760>>>(), 16 items per thread, 6 SM occupancy
Invoking DeviceReduceSingleTileKernel<<<1, 256, 0, 102783056903760>>>(), 16 items per thread
Dispatching DeviceReduce on compute capability 8.9 with tuning: ReducePolicy { .multi_tile = ReducePassPolicy { .threads_per_block = 256, .items_per_thread = 16, .vec_size = 4, .reduce_algorithm = BLOCK_REDUCE_WARP_REDUCTIONS, .load_modifier = LOAD_LDG }, .single_tile = ReducePassPolicy { .threads_per_block = 256, .items_per_thread = 16, .vec_size = 4, .reduce_algorithm = BLOCK_REDUCE_WARP_REDUCTIONS, .load_modifier = LOAD_LDG } }
Invoking DeviceReduceKernel<<<720, 256, 0, 102783056903760>>>(), 16 items per thread, 6 SM occupancy
Invoking DeviceReduceSingleTileKernel<<<1, 256, 0, 102783056903760>>>(), 16 items per thread
Dispatching DeviceReduce on compute capability 8.9 with tuning: ReducePolicy { .multi_tile = ReducePassPolicy { .threads_per_block = 256, .items_per_thread = 16, .vec_size = 4, .reduce_algorithm = BLOCK_REDUCE_WARP_REDUCTIONS, .load_modifier = LOAD_LDG }, .single_tile = ReducePassPolicy { .threads_per_block = 256, .items_per_thread = 16, .vec_size = 4, .reduce_algorithm = BLOCK_REDUCE_WARP_REDUCTIONS, .load_modifier = LOAD_LDG } }
Invoking DeviceReduceKernel<<<720, 256, 0, 102783056903760>>>(), 16 items per thread, 6 SM occupancy
Invoking DeviceReduceSingleTileKernel<<<1, 256, 0, 102783056903760>>>(), 16 items per thread
Dispatching DeviceReduce on compute capability 8.9 with tuning: ReducePolicy { .multi_tile = ReducePassPolicy { .threads_per_block = 256, .items_per_thread = 16, .vec_size = 4, .reduce_algorithm = BLOCK_REDUCE_WARP_REDUCTIONS, .load_modifier = LOAD_LDG }, .single_tile = ReducePassPolicy { .threads_per_block = 256, .items_per_thread = 16, .vec_size = 4, .reduce_algorithm = BLOCK_REDUCE_WARP_REDUCTIONS, .load_modifier = LOAD_LDG } }
Invoking DeviceReduceKernel<<<720, 256, 0, 102783056903760>>>(), 16 items per thread, 6 SM occupancy
Invoking DeviceReduceSingleTileKernel<<<1, 256, 0, 102783056903760>>>(), 16 items per thread
Dispatching DeviceReduce on compute capability 8.9 with tuning: ReducePolicy { .multi_tile = ReducePassPolicy { .threads_per_block = 256, .items_per_thread = 16, .vec_size = 4, .reduce_algorithm = BLOCK_REDUCE_WARP_REDUCTIONS, .load_modifier = LOAD_LDG }, .single_tile = ReducePassPolicy { .threads_per_block = 256, .items_per_thread = 16, .vec_size = 4, .reduce_algorithm = BLOCK_REDUCE_WARP_REDUCTIONS, .load_modifier = LOAD_LDG } }
Invoking DeviceReduceKernel<<<720, 256, 0, 102783056903760>>>(), 16 items per thread, 6 SM occupancy
Invoking DeviceReduceSingleTileKernel<<<1, 256, 0, 102783056903760>>>(), 16 items per thread
Dispatching DeviceReduce on compute capability 8.9 with tuning: ReducePolicy { .multi_tile = ReducePassPolicy { .threads_per_block = 256, .items_per_thread = 16, .vec_size = 4, .reduce_algorithm = BLOCK_REDUCE_WARP_REDUCTIONS, .load_modifier = LOAD_LDG }, .single_tile = ReducePassPolicy { .threads_per_block = 256, .items_per_thread = 16, .vec_size = 4, .reduce_algorithm = BLOCK_REDUCE_WARP_REDUCTIONS, .load_modifier = LOAD_LDG } }
Invoking DeviceReduceKernel<<<720, 256, 0, 102783056903760>>>(), 16 items per thread, 6 SM occupancy
Invoking DeviceReduceSingleTileKernel<<<1, 256, 0, 102783056903760>>>(), 16 items per thread
Dispatching DeviceReduce on compute capability 8.9 with tuning: ReducePolicy { .multi_tile = ReducePassPolicy { .threads_per_block = 256, .items_per_thread = 16, .vec_size = 4, .reduce_algorithm = BLOCK_REDUCE_WARP_REDUCTIONS, .load_modifier = LOAD_LDG }, .single_tile = ReducePassPolicy { .threads_per_block = 256, .items_per_thread = 16, .vec_size = 4, .reduce_algorithm = BLOCK_REDUCE_WARP_REDUCTIONS, .load_modifier = LOAD_LDG } }
Invoking DeviceReduceKernel<<<720, 256, 0, 102783056903760>>>(), 16 items per thread, 6 SM occupancy
Invoking DeviceReduceSingleTileKernel<<<1, 256, 0, 102783056903760>>>(), 16 items per thread
Dispatching DeviceReduce on compute capability 8.9 with tuning: ReducePolicy { .multi_tile = ReducePassPolicy { .threads_per_block = 256, .items_per_thread = 16, .vec_size = 4, .reduce_algorithm = BLOCK_REDUCE_WARP_REDUCTIONS, .load_modifier = LOAD_LDG }, .single_tile = ReducePassPolicy { .threads_per_block = 256, .items_per_thread = 16, .vec_size = 4, .reduce_algorithm = BLOCK_REDUCE_WARP_REDUCTIONS, .load_modifier = LOAD_LDG } }
Invoking DeviceReduceKernel<<<720, 256, 0, 102783056903760>>>(), 16 items per thread, 6 SM occupancy
Invoking DeviceReduceSingleTileKernel<<<1, 256, 0, 102783056903760>>>(), 16 items per thread
Dispatching DeviceReduce on compute capability 8.9 with tuning: ReducePolicy { .multi_tile = ReducePassPolicy { .threads_per_block = 256, .items_per_thread = 16, .vec_size = 4, .reduce_algorithm = BLOCK_REDUCE_WARP_REDUCTIONS, .load_modifier = LOAD_LDG }, .single_tile = ReducePassPolicy { .threads_per_block = 256, .items_per_thread = 16, .vec_size = 4, .reduce_algorithm = BLOCK_REDUCE_WARP_REDUCTIONS, .load_modifier = LOAD_LDG } }
Invoking DeviceReduceKernel<<<720, 256, 0, 102783056903760>>>(), 16 items per thread, 6 SM occupancy
Invoking DeviceReduceSingleTileKernel<<<1, 256, 0, 102783056903760>>>(), 16 items per thread
Dispatching DeviceReduce on compute capability 8.9 with tuning: ReducePolicy { .multi_tile = ReducePassPolicy { .threads_per_block = 256, .items_per_thread = 16, .vec_size = 4, .reduce_algorithm = BLOCK_REDUCE_WARP_REDUCTIONS, .load_modifier = LOAD_LDG }, .single_tile = ReducePassPolicy { .threads_per_block = 256, .items_per_thread = 16, .vec_size = 4, .reduce_algorithm = BLOCK_REDUCE_WARP_REDUCTIONS, .load_modifier = LOAD_LDG } }
Invoking DeviceReduceKernel<<<720, 256, 0, 102783056903760>>>(), 16 items per thread, 6 SM occupancy
Invoking DeviceReduceSingleTileKernel<<<1, 256, 0, 102783056903760>>>(), 16 items per thread
Dispatching DeviceReduce on compute capability 8.9 with tuning: ReducePolicy { .multi_tile = ReducePassPolicy { .threads_per_block = 256, .items_per_thread = 16, .vec_size = 4, .reduce_algorithm = BLOCK_REDUCE_WARP_REDUCTIONS, .load_modifier = LOAD_LDG }, .single_tile = ReducePassPolicy { .threads_per_block = 256, .items_per_thread = 16, .vec_size = 4, .reduce_algorithm = BLOCK_REDUCE_WARP_REDUCTIONS, .load_modifier = LOAD_LDG } }
Invoking DeviceReduceKernel<<<720, 256, 0, 102783056903760>>>(), 16 items per thread, 6 SM occupancy
Invoking DeviceReduceSingleTileKernel<<<1, 256, 0, 102783056903760>>>(), 16 items per thread
Dispatching DeviceReduce on compute capability 8.9 with tuning: ReducePolicy { .multi_tile = ReducePassPolicy { .threads_per_block = 256, .items_per_thread = 16, .vec_size = 4, .reduce_algorithm = BLOCK_REDUCE_WARP_REDUCTIONS, .load_modifier = LOAD_LDG }, .single_tile = ReducePassPolicy { .threads_per_block = 256, .items_per_thread = 16, .vec_size = 4, .reduce_algorithm = BLOCK_REDUCE_WARP_REDUCTIONS, .load_modifier = LOAD_LDG } }
Invoking DeviceReduceKernel<<<720, 256, 0, 102783056903760>>>(), 16 items per thread, 6 SM occupancy
Invoking DeviceReduceSingleTileKernel<<<1, 256, 0, 102783056903760>>>(), 16 items per thread
Dispatching DeviceReduce on compute capability 8.9 with tuning: ReducePolicy { .multi_tile = ReducePassPolicy { .threads_per_block = 256, .items_per_thread = 16, .vec_size = 4, .reduce_algorithm = BLOCK_REDUCE_WARP_REDUCTIONS, .load_modifier = LOAD_LDG }, .single_tile = ReducePassPolicy { .threads_per_block = 256, .items_per_thread = 16, .vec_size = 4, .reduce_algorithm = BLOCK_REDUCE_WARP_REDUCTIONS, .load_modifier = LOAD_LDG } }
Invoking DeviceReduceKernel<<<720, 256, 0, 102783056903760>>>(), 16 items per thread, 6 SM occupancy
Invoking DeviceReduceSingleTileKernel<<<1, 256, 0, 102783056903760>>>(), 16 items per thread
Dispatching DeviceReduce on compute capability 8.9 with tuning: ReducePolicy { .multi_tile = ReducePassPolicy { .threads_per_block = 256, .items_per_thread = 16, .vec_size = 4, .reduce_algorithm = BLOCK_REDUCE_WARP_REDUCTIONS, .load_modifier = LOAD_LDG }, .single_tile = ReducePassPolicy { .threads_per_block = 256, .items_per_thread = 16, .vec_size = 4, .reduce_algorithm = BLOCK_REDUCE_WARP_REDUCTIONS, .load_modifier = LOAD_LDG } }
Invoking DeviceReduceKernel<<<720, 256, 0, 102783056903760>>>(), 16 items per thread, 6 SM occupancy
Invoking DeviceReduceSingleTileKernel<<<1, 256, 0, 102783056903760>>>(), 16 items per thread
Dispatching DeviceReduce on compute capability 8.9 with tuning: ReducePolicy { .multi_tile = ReducePassPolicy { .threads_per_block = 256, .items_per_thread = 16, .vec_size = 4, .reduce_algorithm = BLOCK_REDUCE_WARP_REDUCTIONS, .load_modifier = LOAD_LDG }, .single_tile = ReducePassPolicy { .threads_per_block = 256, .items_per_thread = 16, .vec_size = 4, .reduce_algorithm = BLOCK_REDUCE_WARP_REDUCTIONS, .load_modifier = LOAD_LDG } }
Invoking DeviceReduceKernel<<<720, 256, 0, 102783056903760>>>(), 16 items per thread, 6 SM occupancy
Invoking DeviceReduceSingleTileKernel<<<1, 256, 0, 102783056903760>>>(), 16 items per thread
Dispatching DeviceReduce on compute capability 8.9 with tuning: ReducePolicy { .multi_tile = ReducePassPolicy { .threads_per_block = 256, .items_per_thread = 16, .vec_size = 4, .reduce_algorithm = BLOCK_REDUCE_WARP_REDUCTIONS, .load_modifier = LOAD_LDG }, .single_tile = ReducePassPolicy { .threads_per_block = 256, .items_per_thread = 16, .vec_size = 4, .reduce_algorithm = BLOCK_REDUCE_WARP_REDUCTIONS, .load_modifier = LOAD_LDG } }
Invoking DeviceReduceKernel<<<720, 256, 0, 102783056903760>>>(), 16 items per thread, 6 SM occupancy
Invoking DeviceReduceSingleTileKernel<<<1, 256, 0, 102783056903760>>>(), 16 items per thread
Dispatching DeviceReduce on compute capability 8.9 with tuning: ReducePolicy { .multi_tile = ReducePassPolicy { .threads_per_block = 256, .items_per_thread = 16, .vec_size = 4, .reduce_algorithm = BLOCK_REDUCE_WARP_REDUCTIONS, .load_modifier = LOAD_LDG }, .single_tile = ReducePassPolicy { .threads_per_block = 256, .items_per_thread = 16, .vec_size = 4, .reduce_algorithm = BLOCK_REDUCE_WARP_REDUCTIONS, .load_modifier = LOAD_LDG } }
Invoking DeviceReduceKernel<<<720, 256, 0, 102783056903760>>>(), 16 items per thread, 6 SM occupancy
Invoking DeviceReduceSingleTileKernel<<<1, 256, 0, 102783056903760>>>(), 16 items per thread
Dispatching DeviceReduce on compute capability 8.9 with tuning: ReducePolicy { .multi_tile = ReducePassPolicy { .threads_per_block = 256, .items_per_thread = 16, .vec_size = 4, .reduce_algorithm = BLOCK_REDUCE_WARP_REDUCTIONS, .load_modifier = LOAD_LDG }, .single_tile = ReducePassPolicy { .threads_per_block = 256, .items_per_thread = 16, .vec_size = 4, .reduce_algorithm = BLOCK_REDUCE_WARP_REDUCTIONS, .load_modifier = LOAD_LDG } }
Invoking DeviceReduceKernel<<<720, 256, 0, 102783056903760>>>(), 16 items per thread, 6 SM occupancy
Invoking DeviceReduceSingleTileKernel<<<1, 256, 0, 102783056903760>>>(), 16 items per thread
Dispatching DeviceReduce on compute capability 8.9 with tuning: ReducePolicy { .multi_tile = ReducePassPolicy { .threads_per_block = 256, .items_per_thread = 16, .vec_size = 4, .reduce_algorithm = BLOCK_REDUCE_WARP_REDUCTIONS, .load_modifier = LOAD_LDG }, .single_tile = ReducePassPolicy { .threads_per_block = 256, .items_per_thread = 16, .vec_size = 4, .reduce_algorithm = BLOCK_REDUCE_WARP_REDUCTIONS, .load_modifier = LOAD_LDG } }
Invoking DeviceReduceKernel<<<720, 256, 0, 102783056903760>>>(), 16 items per thread, 6 SM occupancy
Invoking DeviceReduceSingleTileKernel<<<1, 256, 0, 102783056903760>>>(), 16 items per thread
Dispatching DeviceReduce on compute capability 8.9 with tuning: ReducePolicy { .multi_tile = ReducePassPolicy { .threads_per_block = 256, .items_per_thread = 16, .vec_size = 4, .reduce_algorithm = BLOCK_REDUCE_WARP_REDUCTIONS, .load_modifier = LOAD_LDG }, .single_tile = ReducePassPolicy { .threads_per_block = 256, .items_per_thread = 16, .vec_size = 4, .reduce_algorithm = BLOCK_REDUCE_WARP_REDUCTIONS, .load_modifier = LOAD_LDG } }
Invoking DeviceReduceKernel<<<720, 256, 0, 102783056903760>>>(), 16 items per thread, 6 SM occupancy
Invoking DeviceReduceSingleTileKernel<<<1, 256, 0, 102783056903760>>>(), 16 items per thread
Dispatching DeviceReduce on compute capability 8.9 with tuning: ReducePolicy { .multi_tile = ReducePassPolicy { .threads_per_block = 256, .items_per_thread = 16, .vec_size = 4, .reduce_algorithm = BLOCK_REDUCE_WARP_REDUCTIONS, .load_modifier = LOAD_LDG }, .single_tile = ReducePassPolicy { .threads_per_block = 256, .items_per_thread = 16, .vec_size = 4, .reduce_algorithm = BLOCK_REDUCE_WARP_REDUCTIONS, .load_modifier = LOAD_LDG } }
Invoking DeviceReduceKernel<<<720, 256, 0, 102783056903760>>>(), 16 items per thread, 6 SM occupancy
Invoking DeviceReduceSingleTileKernel<<<1, 256, 0, 102783056903760>>>(), 16 items per thread
Dispatching DeviceReduce on compute capability 8.9 with tuning: ReducePolicy { .multi_tile = ReducePassPolicy { .threads_per_block = 256, .items_per_thread = 16, .vec_size = 4, .reduce_algorithm = BLOCK_REDUCE_WARP_REDUCTIONS, .load_modifier = LOAD_LDG }, .single_tile = ReducePassPolicy { .threads_per_block = 256, .items_per_thread = 16, .vec_size = 4, .reduce_algorithm = BLOCK_REDUCE_WARP_REDUCTIONS, .load_modifier = LOAD_LDG } }
Invoking DeviceReduceKernel<<<720, 256, 0, 102783056903760>>>(), 16 items per thread, 6 SM occupancy
Invoking DeviceReduceSingleTileKernel<<<1, 256, 0, 102783056903760>>>(), 16 items per thread
Dispatching DeviceReduce on compute capability 8.9 with tuning: ReducePolicy { .multi_tile = ReducePassPolicy { .threads_per_block = 256, .items_per_thread = 16, .vec_size = 4, .reduce_algorithm = BLOCK_REDUCE_WARP_REDUCTIONS, .load_modifier = LOAD_LDG }, .single_tile = ReducePassPolicy { .threads_per_block = 256, .items_per_thread = 16, .vec_size = 4, .reduce_algorithm = BLOCK_REDUCE_WARP_REDUCTIONS, .load_modifier = LOAD_LDG } }
Invoking DeviceReduceKernel<<<720, 256, 0, 102783056903760>>>(), 16 items per thread, 6 SM occupancy
Invoking DeviceReduceSingleTileKernel<<<1, 256, 0, 102783056903760>>>(), 16 items per thread
Dispatching DeviceReduce on compute capability 8.9 with tuning: ReducePolicy { .multi_tile = ReducePassPolicy { .threads_per_block = 256, .items_per_thread = 16, .vec_size = 4, .reduce_algorithm = BLOCK_REDUCE_WARP_REDUCTIONS, .load_modifier = LOAD_LDG }, .single_tile = ReducePassPolicy { .threads_per_block = 256, .items_per_thread = 16, .vec_size = 4, .reduce_algorithm = BLOCK_REDUCE_WARP_REDUCTIONS, .load_modifier = LOAD_LDG } }
Invoking DeviceReduceKernel<<<720, 256, 0, 102783056903760>>>(), 16 items per thread, 6 SM occupancy
Invoking DeviceReduceSingleTileKernel<<<1, 256, 0, 102783056903760>>>(), 16 items per thread
Dispatching DeviceReduce on compute capability 8.9 with tuning: ReducePolicy { .multi_tile = ReducePassPolicy { .threads_per_block = 256, .items_per_thread = 16, .vec_size = 4, .reduce_algorithm = BLOCK_REDUCE_WARP_REDUCTIONS, .load_modifier = LOAD_LDG }, .single_tile = ReducePassPolicy { .threads_per_block = 256, .items_per_thread = 16, .vec_size = 4, .reduce_algorithm = BLOCK_REDUCE_WARP_REDUCTIONS, .load_modifier = LOAD_LDG } }
Invoking DeviceReduceKernel<<<720, 256, 0, 102783056903760>>>(), 16 items per thread, 6 SM occupancy
Invoking DeviceReduceSingleTileKernel<<<1, 256, 0, 102783056903760>>>(), 16 items per thread
Dispatching DeviceReduce on compute capability 8.9 with tuning: ReducePolicy { .multi_tile = ReducePassPolicy { .threads_per_block = 256, .items_per_thread = 16, .vec_size = 4, .reduce_algorithm = BLOCK_REDUCE_WARP_REDUCTIONS, .load_modifier = LOAD_LDG }, .single_tile = ReducePassPolicy { .threads_per_block = 256, .items_per_thread = 16, .vec_size = 4, .reduce_algorithm = BLOCK_REDUCE_WARP_REDUCTIONS, .load_modifier = LOAD_LDG } }
Invoking DeviceReduceKernel<<<720, 256, 0, 102783056903760>>>(), 16 items per thread, 6 SM occupancy
Invoking DeviceReduceSingleTileKernel<<<1, 256, 0, 102783056903760>>>(), 16 items per thread
Dispatching DeviceReduce on compute capability 8.9 with tuning: ReducePolicy { .multi_tile = ReducePassPolicy { .threads_per_block = 256, .items_per_thread = 16, .vec_size = 4, .reduce_algorithm = BLOCK_REDUCE_WARP_REDUCTIONS, .load_modifier = LOAD_LDG }, .single_tile = ReducePassPolicy { .threads_per_block = 256, .items_per_thread = 16, .vec_size = 4, .reduce_algorithm = BLOCK_REDUCE_WARP_REDUCTIONS, .load_modifier = LOAD_LDG } }
Invoking DeviceReduceKernel<<<720, 256, 0, 102783056903760>>>(), 16 items per thread, 6 SM occupancy
Invoking DeviceReduceSingleTileKernel<<<1, 256, 0, 102783056903760>>>(), 16 items per thread
Dispatching DeviceReduce on compute capability 8.9 with tuning: ReducePolicy { .multi_tile = ReducePassPolicy { .threads_per_block = 256, .items_per_thread = 16, .vec_size = 4, .reduce_algorithm = BLOCK_REDUCE_WARP_REDUCTIONS, .load_modifier = LOAD_LDG }, .single_tile = ReducePassPolicy { .threads_per_block = 256, .items_per_thread = 16, .vec_size = 4, .reduce_algorithm = BLOCK_REDUCE_WARP_REDUCTIONS, .load_modifier = LOAD_LDG } }
Invoking DeviceReduceKernel<<<720, 256, 0, 102783056903760>>>(), 16 items per thread, 6 SM occupancy
Invoking DeviceReduceSingleTileKernel<<<1, 256, 0, 102783056903760>>>(), 16 items per thread
Dispatching DeviceReduce on compute capability 8.9 with tuning: ReducePolicy { .multi_tile = ReducePassPolicy { .threads_per_block = 256, .items_per_thread = 16, .vec_size = 4, .reduce_algorithm = BLOCK_REDUCE_WARP_REDUCTIONS, .load_modifier = LOAD_LDG }, .single_tile = ReducePassPolicy { .threads_per_block = 256, .items_per_thread = 16, .vec_size = 4, .reduce_algorithm = BLOCK_REDUCE_WARP_REDUCTIONS, .load_modifier = LOAD_LDG } }
Invoking DeviceReduceKernel<<<720, 256, 0, 102783056903760>>>(), 16 items per thread, 6 SM occupancy
Invoking DeviceReduceSingleTileKernel<<<1, 256, 0, 102783056903760>>>(), 16 items per thread
Dispatching DeviceReduce on compute capability 8.9 with tuning: ReducePolicy { .multi_tile = ReducePassPolicy { .threads_per_block = 256, .items_per_thread = 16, .vec_size = 4, .reduce_algorithm = BLOCK_REDUCE_WARP_REDUCTIONS, .load_modifier = LOAD_LDG }, .single_tile = ReducePassPolicy { .threads_per_block = 256, .items_per_thread = 16, .vec_size = 4, .reduce_algorithm = BLOCK_REDUCE_WARP_REDUCTIONS, .load_modifier = LOAD_LDG } }
Invoking DeviceReduceKernel<<<720, 256, 0, 102783056903760>>>(), 16 items per thread, 6 SM occupancy
Invoking DeviceReduceSingleTileKernel<<<1, 256, 0, 102783056903760>>>(), 16 items per thread
Dispatching DeviceReduce on compute capability 8.9 with tuning: ReducePolicy { .multi_tile = ReducePassPolicy { .threads_per_block = 256, .items_per_thread = 16, .vec_size = 4, .reduce_algorithm = BLOCK_REDUCE_WARP_REDUCTIONS, .load_modifier = LOAD_LDG }, .single_tile = ReducePassPolicy { .threads_per_block = 256, .items_per_thread = 16, .vec_size = 4, .reduce_algorithm = BLOCK_REDUCE_WARP_REDUCTIONS, .load_modifier = LOAD_LDG } }
Invoking DeviceReduceKernel<<<720, 256, 0, 102783056903760>>>(), 16 items per thread, 6 SM occupancy
Invoking DeviceReduceSingleTileKernel<<<1, 256, 0, 102783056903760>>>(), 16 items per thread
Dispatching DeviceReduce on compute capability 8.9 with tuning: ReducePolicy { .multi_tile = ReducePassPolicy { .threads_per_block = 256, .items_per_thread = 16, .vec_size = 4, .reduce_algorithm = BLOCK_REDUCE_WARP_REDUCTIONS, .load_modifier = LOAD_LDG }, .single_tile = ReducePassPolicy { .threads_per_block = 256, .items_per_thread = 16, .vec_size = 4, .reduce_algorithm = BLOCK_REDUCE_WARP_REDUCTIONS, .load_modifier = LOAD_LDG } }
Invoking DeviceReduceKernel<<<720, 256, 0, 102783056903760>>>(), 16 items per thread, 6 SM occupancy
Invoking DeviceReduceSingleTileKernel<<<1, 256, 0, 102783056903760>>>(), 16 items per thread
Dispatching DeviceReduce on compute capability 8.9 with tuning: ReducePolicy { .multi_tile = ReducePassPolicy { .threads_per_block = 256, .items_per_thread = 16, .vec_size = 4, .reduce_algorithm = BLOCK_REDUCE_WARP_REDUCTIONS, .load_modifier = LOAD_LDG }, .single_tile = ReducePassPolicy { .threads_per_block = 256, .items_per_thread = 16, .vec_size = 4, .reduce_algorithm = BLOCK_REDUCE_WARP_REDUCTIONS, .load_modifier = LOAD_LDG } }
Invoking DeviceReduceKernel<<<720, 256, 0, 102783056903760>>>(), 16 items per thread, 6 SM occupancy
Invoking DeviceReduceSingleTileKernel<<<1, 256, 0, 102783056903760>>>(), 16 items per thread
Dispatching DeviceReduce on compute capability 8.9 with tuning: ReducePolicy { .multi_tile = ReducePassPolicy { .threads_per_block = 256, .items_per_thread = 16, .vec_size = 4, .reduce_algorithm = BLOCK_REDUCE_WARP_REDUCTIONS, .load_modifier = LOAD_LDG }, .single_tile = ReducePassPolicy { .threads_per_block = 256, .items_per_thread = 16, .vec_size = 4, .reduce_algorithm = BLOCK_REDUCE_WARP_REDUCTIONS, .load_modifier = LOAD_LDG } }
Invoking DeviceReduceKernel<<<720, 256, 0, 102783056903760>>>(), 16 items per thread, 6 SM occupancy
Invoking DeviceReduceSingleTileKernel<<<1, 256, 0, 102783056903760>>>(), 16 items per thread
Dispatching DeviceReduce on compute capability 8.9 with tuning: ReducePolicy { .multi_tile = ReducePassPolicy { .threads_per_block = 256, .items_per_thread = 16, .vec_size = 4, .reduce_algorithm = BLOCK_REDUCE_WARP_REDUCTIONS, .load_modifier = LOAD_LDG }, .single_tile = ReducePassPolicy { .threads_per_block = 256, .items_per_thread = 16, .vec_size = 4, .reduce_algorithm = BLOCK_REDUCE_WARP_REDUCTIONS, .load_modifier = LOAD_LDG } }
Invoking DeviceReduceKernel<<<720, 256, 0, 102783056903760>>>(), 16 items per thread, 6 SM occupancy
Invoking DeviceReduceSingleTileKernel<<<1, 256, 0, 102783056903760>>>(), 16 items per thread
Dispatching DeviceReduce on compute capability 8.9 with tuning: ReducePolicy { .multi_tile = ReducePassPolicy { .threads_per_block = 256, .items_per_thread = 16, .vec_size = 4, .reduce_algorithm = BLOCK_REDUCE_WARP_REDUCTIONS, .load_modifier = LOAD_LDG }, .single_tile = ReducePassPolicy { .threads_per_block = 256, .items_per_thread = 16, .vec_size = 4, .reduce_algorithm = BLOCK_REDUCE_WARP_REDUCTIONS, .load_modifier = LOAD_LDG } }
Invoking DeviceReduceKernel<<<720, 256, 0, 102783056903760>>>(), 16 items per thread, 6 SM occupancy
Invoking DeviceReduceSingleTileKernel<<<1, 256, 0, 102783056903760>>>(), 16 items per thread
Dispatching DeviceReduce on compute capability 8.9 with tuning: ReducePolicy { .multi_tile = ReducePassPolicy { .threads_per_block = 256, .items_per_thread = 16, .vec_size = 4, .reduce_algorithm = BLOCK_REDUCE_WARP_REDUCTIONS, .load_modifier = LOAD_LDG }, .single_tile = ReducePassPolicy { .threads_per_block = 256, .items_per_thread = 16, .vec_size = 4, .reduce_algorithm = BLOCK_REDUCE_WARP_REDUCTIONS, .load_modifier = LOAD_LDG } }
Invoking DeviceReduceKernel<<<720, 256, 0, 102783056903760>>>(), 16 items per thread, 6 SM occupancy
Invoking DeviceReduceSingleTileKernel<<<1, 256, 0, 102783056903760>>>(), 16 items per thread
Dispatching DeviceReduce on compute capability 8.9 with tuning: ReducePolicy { .multi_tile = ReducePassPolicy { .threads_per_block = 256, .items_per_thread = 16, .vec_size = 4, .reduce_algorithm = BLOCK_REDUCE_WARP_REDUCTIONS, .load_modifier = LOAD_LDG }, .single_tile = ReducePassPolicy { .threads_per_block = 256, .items_per_thread = 16, .vec_size = 4, .reduce_algorithm = BLOCK_REDUCE_WARP_REDUCTIONS, .load_modifier = LOAD_LDG } }
Invoking DeviceReduceKernel<<<720, 256, 0, 102783056903760>>>(), 16 items per thread, 6 SM occupancy
Invoking DeviceReduceSingleTileKernel<<<1, 256, 0, 102783056903760>>>(), 16 items per thread
Dispatching DeviceReduce on compute capability 8.9 with tuning: ReducePolicy { .multi_tile = ReducePassPolicy { .threads_per_block = 256, .items_per_thread = 16, .vec_size = 4, .reduce_algorithm = BLOCK_REDUCE_WARP_REDUCTIONS, .load_modifier = LOAD_LDG }, .single_tile = ReducePassPolicy { .threads_per_block = 256, .items_per_thread = 16, .vec_size = 4, .reduce_algorithm = BLOCK_REDUCE_WARP_REDUCTIONS, .load_modifier = LOAD_LDG } }
Invoking DeviceReduceKernel<<<720, 256, 0, 102783056903760>>>(), 16 items per thread, 6 SM occupancy
Invoking DeviceReduceSingleTileKernel<<<1, 256, 0, 102783056903760>>>(), 16 items per thread
Dispatching DeviceReduce on compute capability 8.9 with tuning: ReducePolicy { .multi_tile = ReducePassPolicy { .threads_per_block = 256, .items_per_thread = 16, .vec_size = 4, .reduce_algorithm = BLOCK_REDUCE_WARP_REDUCTIONS, .load_modifier = LOAD_LDG }, .single_tile = ReducePassPolicy { .threads_per_block = 256, .items_per_thread = 16, .vec_size = 4, .reduce_algorithm = BLOCK_REDUCE_WARP_REDUCTIONS, .load_modifier = LOAD_LDG } }
Invoking DeviceReduceKernel<<<720, 256, 0, 102783056903760>>>(), 16 items per thread, 6 SM occupancy
Invoking DeviceReduceSingleTileKernel<<<1, 256, 0, 102783056903760>>>(), 16 items per thread
Dispatching DeviceReduce on compute capability 8.9 with tuning: ReducePolicy { .multi_tile = ReducePassPolicy { .threads_per_block = 256, .items_per_thread = 16, .vec_size = 4, .reduce_algorithm = BLOCK_REDUCE_WARP_REDUCTIONS, .load_modifier = LOAD_LDG }, .single_tile = ReducePassPolicy { .threads_per_block = 256, .items_per_thread = 16, .vec_size = 4, .reduce_algorithm = BLOCK_REDUCE_WARP_REDUCTIONS, .load_modifier = LOAD_LDG } }
Invoking DeviceReduceKernel<<<720, 256, 0, 102783056903760>>>(), 16 items per thread, 6 SM occupancy
Invoking DeviceReduceSingleTileKernel<<<1, 256, 0, 102783056903760>>>(), 16 items per thread
Dispatching DeviceReduce on compute capability 8.9 with tuning: ReducePolicy { .multi_tile = ReducePassPolicy { .threads_per_block = 256, .items_per_thread = 16, .vec_size = 4, .reduce_algorithm = BLOCK_REDUCE_WARP_REDUCTIONS, .load_modifier = LOAD_LDG }, .single_tile = ReducePassPolicy { .threads_per_block = 256, .items_per_thread = 16, .vec_size = 4, .reduce_algorithm = BLOCK_REDUCE_WARP_REDUCTIONS, .load_modifier = LOAD_LDG } }
Invoking DeviceReduceKernel<<<720, 256, 0, 102783056903760>>>(), 16 items per thread, 6 SM occupancy
Invoking DeviceReduceSingleTileKernel<<<1, 256, 0, 102783056903760>>>(), 16 items per thread
Dispatching DeviceReduce on compute capability 8.9 with tuning: ReducePolicy { .multi_tile = ReducePassPolicy { .threads_per_block = 256, .items_per_thread = 16, .vec_size = 4, .reduce_algorithm = BLOCK_REDUCE_WARP_REDUCTIONS, .load_modifier = LOAD_LDG }, .single_tile = ReducePassPolicy { .threads_per_block = 256, .items_per_thread = 16, .vec_size = 4, .reduce_algorithm = BLOCK_REDUCE_WARP_REDUCTIONS, .load_modifier = LOAD_LDG } }
Invoking DeviceReduceKernel<<<720, 256, 0, 102783056903760>>>(), 16 items per thread, 6 SM occupancy
Invoking DeviceReduceSingleTileKernel<<<1, 256, 0, 102783056903760>>>(), 16 items per thread
Dispatching DeviceReduce on compute capability 8.9 with tuning: ReducePolicy { .multi_tile = ReducePassPolicy { .threads_per_block = 256, .items_per_thread = 16, .vec_size = 4, .reduce_algorithm = BLOCK_REDUCE_WARP_REDUCTIONS, .load_modifier = LOAD_LDG }, .single_tile = ReducePassPolicy { .threads_per_block = 256, .items_per_thread = 16, .vec_size = 4, .reduce_algorithm = BLOCK_REDUCE_WARP_REDUCTIONS, .load_modifier = LOAD_LDG } }
Invoking DeviceReduceKernel<<<720, 256, 0, 102783056903760>>>(), 16 items per thread, 6 SM occupancy
Invoking DeviceReduceSingleTileKernel<<<1, 256, 0, 102783056903760>>>(), 16 items per thread
Dispatching DeviceReduce on compute capability 8.9 with tuning: ReducePolicy { .multi_tile = ReducePassPolicy { .threads_per_block = 256, .items_per_thread = 16, .vec_size = 4, .reduce_algorithm = BLOCK_REDUCE_WARP_REDUCTIONS, .load_modifier = LOAD_LDG }, .single_tile = ReducePassPolicy { .threads_per_block = 256, .items_per_thread = 16, .vec_size = 4, .reduce_algorithm = BLOCK_REDUCE_WARP_REDUCTIONS, .load_modifier = LOAD_LDG } }
Invoking DeviceReduceKernel<<<720, 256, 0, 102783056903760>>>(), 16 items per thread, 6 SM occupancy
Invoking DeviceReduceSingleTileKernel<<<1, 256, 0, 102783056903760>>>(), 16 items per thread
Dispatching DeviceReduce on compute capability 8.9 with tuning: ReducePolicy { .multi_tile = ReducePassPolicy { .threads_per_block = 256, .items_per_thread = 16, .vec_size = 4, .reduce_algorithm = BLOCK_REDUCE_WARP_REDUCTIONS, .load_modifier = LOAD_LDG }, .single_tile = ReducePassPolicy { .threads_per_block = 256, .items_per_thread = 16, .vec_size = 4, .reduce_algorithm = BLOCK_REDUCE_WARP_REDUCTIONS, .load_modifier = LOAD_LDG } }
Invoking DeviceReduceKernel<<<720, 256, 0, 102783056903760>>>(), 16 items per thread, 6 SM occupancy
Invoking DeviceReduceSingleTileKernel<<<1, 256, 0, 102783056903760>>>(), 16 items per thread
Dispatching DeviceReduce on compute capability 8.9 with tuning: ReducePolicy { .multi_tile = ReducePassPolicy { .threads_per_block = 256, .items_per_thread = 16, .vec_size = 4, .reduce_algorithm = BLOCK_REDUCE_WARP_REDUCTIONS, .load_modifier = LOAD_LDG }, .single_tile = ReducePassPolicy { .threads_per_block = 256, .items_per_thread = 16, .vec_size = 4, .reduce_algorithm = BLOCK_REDUCE_WARP_REDUCTIONS, .load_modifier = LOAD_LDG } }
Invoking DeviceReduceKernel<<<720, 256, 0, 102783056903760>>>(), 16 items per thread, 6 SM occupancy
Invoking DeviceReduceSingleTileKernel<<<1, 256, 0, 102783056903760>>>(), 16 items per thread
Dispatching DeviceReduce on compute capability 8.9 with tuning: ReducePolicy { .multi_tile = ReducePassPolicy { .threads_per_block = 256, .items_per_thread = 16, .vec_size = 4, .reduce_algorithm = BLOCK_REDUCE_WARP_REDUCTIONS, .load_modifier = LOAD_LDG }, .single_tile = ReducePassPolicy { .threads_per_block = 256, .items_per_thread = 16, .vec_size = 4, .reduce_algorithm = BLOCK_REDUCE_WARP_REDUCTIONS, .load_modifier = LOAD_LDG } }
Invoking DeviceReduceKernel<<<720, 256, 0, 102783056903760>>>(), 16 items per thread, 6 SM occupancy
Invoking DeviceReduceSingleTileKernel<<<1, 256, 0, 102783056903760>>>(), 16 items per thread
Dispatching DeviceReduce on compute capability 8.9 with tuning: ReducePolicy { .multi_tile = ReducePassPolicy { .threads_per_block = 256, .items_per_thread = 16, .vec_size = 4, .reduce_algorithm = BLOCK_REDUCE_WARP_REDUCTIONS, .load_modifier = LOAD_LDG }, .single_tile = ReducePassPolicy { .threads_per_block = 256, .items_per_thread = 16, .vec_size = 4, .reduce_algorithm = BLOCK_REDUCE_WARP_REDUCTIONS, .load_modifier = LOAD_LDG } }
Invoking DeviceReduceKernel<<<720, 256, 0, 102783056903760>>>(), 16 items per thread, 6 SM occupancy
Invoking DeviceReduceSingleTileKernel<<<1, 256, 0, 102783056903760>>>(), 16 items per thread
Dispatching DeviceReduce on compute capability 8.9 with tuning: ReducePolicy { .multi_tile = ReducePassPolicy { .threads_per_block = 256, .items_per_thread = 16, .vec_size = 4, .reduce_algorithm = BLOCK_REDUCE_WARP_REDUCTIONS, .load_modifier = LOAD_LDG }, .single_tile = ReducePassPolicy { .threads_per_block = 256, .items_per_thread = 16, .vec_size = 4, .reduce_algorithm = BLOCK_REDUCE_WARP_REDUCTIONS, .load_modifier = LOAD_LDG } }
Invoking DeviceReduceKernel<<<720, 256, 0, 102783056903760>>>(), 16 items per thread, 6 SM occupancy
Invoking DeviceReduceSingleTileKernel<<<1, 256, 0, 102783056903760>>>(), 16 items per thread
Dispatching DeviceReduce on compute capability 8.9 with tuning: ReducePolicy { .multi_tile = ReducePassPolicy { .threads_per_block = 256, .items_per_thread = 16, .vec_size = 4, .reduce_algorithm = BLOCK_REDUCE_WARP_REDUCTIONS, .load_modifier = LOAD_LDG }, .single_tile = ReducePassPolicy { .threads_per_block = 256, .items_per_thread = 16, .vec_size = 4, .reduce_algorithm = BLOCK_REDUCE_WARP_REDUCTIONS, .load_modifier = LOAD_LDG } }
Invoking DeviceReduceKernel<<<720, 256, 0, 102783056903760>>>(), 16 items per thread, 6 SM occupancy
Invoking DeviceReduceSingleTileKernel<<<1, 256, 0, 102783056903760>>>(), 16 items per thread
Dispatching DeviceReduce on compute capability 8.9 with tuning: ReducePolicy { .multi_tile = ReducePassPolicy { .threads_per_block = 256, .items_per_thread = 16, .vec_size = 4, .reduce_algorithm = BLOCK_REDUCE_WARP_REDUCTIONS, .load_modifier = LOAD_LDG }, .single_tile = ReducePassPolicy { .threads_per_block = 256, .items_per_thread = 16, .vec_size = 4, .reduce_algorithm = BLOCK_REDUCE_WARP_REDUCTIONS, .load_modifier = LOAD_LDG } }
Invoking DeviceReduceKernel<<<720, 256, 0, 102783056903760>>>(), 16 items per thread, 6 SM occupancy
Invoking DeviceReduceSingleTileKernel<<<1, 256, 0, 102783056903760>>>(), 16 items per thread
Dispatching DeviceReduce on compute capability 8.9 with tuning: ReducePolicy { .multi_tile = ReducePassPolicy { .threads_per_block = 256, .items_per_thread = 16, .vec_size = 4, .reduce_algorithm = BLOCK_REDUCE_WARP_REDUCTIONS, .load_modifier = LOAD_LDG }, .single_tile = ReducePassPolicy { .threads_per_block = 256, .items_per_thread = 16, .vec_size = 4, .reduce_algorithm = BLOCK_REDUCE_WARP_REDUCTIONS, .load_modifier = LOAD_LDG } }
Invoking DeviceReduceKernel<<<720, 256, 0, 102783056903760>>>(), 16 items per thread, 6 SM occupancy
Invoking DeviceReduceSingleTileKernel<<<1, 256, 0, 102783056903760>>>(), 16 items per thread
Dispatching DeviceReduce on compute capability 8.9 with tuning: ReducePolicy { .multi_tile = ReducePassPolicy { .threads_per_block = 256, .items_per_thread = 16, .vec_size = 4, .reduce_algorithm = BLOCK_REDUCE_WARP_REDUCTIONS, .load_modifier = LOAD_LDG }, .single_tile = ReducePassPolicy { .threads_per_block = 256, .items_per_thread = 16, .vec_size = 4, .reduce_algorithm = BLOCK_REDUCE_WARP_REDUCTIONS, .load_modifier = LOAD_LDG } }
Invoking DeviceReduceKernel<<<720, 256, 0, 102783056903760>>>(), 16 items per thread, 6 SM occupancy
Invoking DeviceReduceSingleTileKernel<<<1, 256, 0, 102783056903760>>>(), 16 items per thread
Dispatching DeviceReduce on compute capability 8.9 with tuning: ReducePolicy { .multi_tile = ReducePassPolicy { .threads_per_block = 256, .items_per_thread = 16, .vec_size = 4, .reduce_algorithm = BLOCK_REDUCE_WARP_REDUCTIONS, .load_modifier = LOAD_LDG }, .single_tile = ReducePassPolicy { .threads_per_block = 256, .items_per_thread = 16, .vec_size = 4, .reduce_algorithm = BLOCK_REDUCE_WARP_REDUCTIONS, .load_modifier = LOAD_LDG } }
Invoking DeviceReduceKernel<<<720, 256, 0, 102783056903760>>>(), 16 items per thread, 6 SM occupancy
Invoking DeviceReduceSingleTileKernel<<<1, 256, 0, 102783056903760>>>(), 16 items per thread
Dispatching DeviceReduce on compute capability 8.9 with tuning: ReducePolicy { .multi_tile = ReducePassPolicy { .threads_per_block = 256, .items_per_thread = 16, .vec_size = 4, .reduce_algorithm = BLOCK_REDUCE_WARP_REDUCTIONS, .load_modifier = LOAD_LDG }, .single_tile = ReducePassPolicy { .threads_per_block = 256, .items_per_thread = 16, .vec_size = 4, .reduce_algorithm = BLOCK_REDUCE_WARP_REDUCTIONS, .load_modifier = LOAD_LDG } }
Invoking DeviceReduceKernel<<<720, 256, 0, 102783056903760>>>(), 16 items per thread, 6 SM occupancy
Invoking DeviceReduceSingleTileKernel<<<1, 256, 0, 102783056903760>>>(), 16 items per thread
Dispatching DeviceReduce on compute capability 8.9 with tuning: ReducePolicy { .multi_tile = ReducePassPolicy { .threads_per_block = 256, .items_per_thread = 16, .vec_size = 4, .reduce_algorithm = BLOCK_REDUCE_WARP_REDUCTIONS, .load_modifier = LOAD_LDG }, .single_tile = ReducePassPolicy { .threads_per_block = 256, .items_per_thread = 16, .vec_size = 4, .reduce_algorithm = BLOCK_REDUCE_WARP_REDUCTIONS, .load_modifier = LOAD_LDG } }
Invoking DeviceReduceKernel<<<720, 256, 0, 102783056903760>>>(), 16 items per thread, 6 SM occupancy
Invoking DeviceReduceSingleTileKernel<<<1, 256, 0, 102783056903760>>>(), 16 items per thread
Dispatching DeviceReduce on compute capability 8.9 with tuning: ReducePolicy { .multi_tile = ReducePassPolicy { .threads_per_block = 256, .items_per_thread = 16, .vec_size = 4, .reduce_algorithm = BLOCK_REDUCE_WARP_REDUCTIONS, .load_modifier = LOAD_LDG }, .single_tile = ReducePassPolicy { .threads_per_block = 256, .items_per_thread = 16, .vec_size = 4, .reduce_algorithm = BLOCK_REDUCE_WARP_REDUCTIONS, .load_modifier = LOAD_LDG } }
Invoking DeviceReduceKernel<<<720, 256, 0, 102783056903760>>>(), 16 items per thread, 6 SM occupancy
Invoking DeviceReduceSingleTileKernel<<<1, 256, 0, 102783056903760>>>(), 16 items per thread
Dispatching DeviceReduce on compute capability 8.9 with tuning: ReducePolicy { .multi_tile = ReducePassPolicy { .threads_per_block = 256, .items_per_thread = 16, .vec_size = 4, .reduce_algorithm = BLOCK_REDUCE_WARP_REDUCTIONS, .load_modifier = LOAD_LDG }, .single_tile = ReducePassPolicy { .threads_per_block = 256, .items_per_thread = 16, .vec_size = 4, .reduce_algorithm = BLOCK_REDUCE_WARP_REDUCTIONS, .load_modifier = LOAD_LDG } }
Invoking DeviceReduceKernel<<<720, 256, 0, 102783056903760>>>(), 16 items per thread, 6 SM occupancy
Invoking DeviceReduceSingleTileKernel<<<1, 256, 0, 102783056903760>>>(), 16 items per thread
Dispatching DeviceReduce on compute capability 8.9 with tuning: ReducePolicy { .multi_tile = ReducePassPolicy { .threads_per_block = 256, .items_per_thread = 16, .vec_size = 4, .reduce_algorithm = BLOCK_REDUCE_WARP_REDUCTIONS, .load_modifier = LOAD_LDG }, .single_tile = ReducePassPolicy { .threads_per_block = 256, .items_per_thread = 16, .vec_size = 4, .reduce_algorithm = BLOCK_REDUCE_WARP_REDUCTIONS, .load_modifier = LOAD_LDG } }
Invoking DeviceReduceKernel<<<720, 256, 0, 102783056903760>>>(), 16 items per thread, 6 SM occupancy
Invoking DeviceReduceSingleTileKernel<<<1, 256, 0, 102783056903760>>>(), 16 items per thread
Dispatching DeviceReduce on compute capability 8.9 with tuning: ReducePolicy { .multi_tile = ReducePassPolicy { .threads_per_block = 256, .items_per_thread = 16, .vec_size = 4, .reduce_algorithm = BLOCK_REDUCE_WARP_REDUCTIONS, .load_modifier = LOAD_LDG }, .single_tile = ReducePassPolicy { .threads_per_block = 256, .items_per_thread = 16, .vec_size = 4, .reduce_algorithm = BLOCK_REDUCE_WARP_REDUCTIONS, .load_modifier = LOAD_LDG } }
Invoking DeviceReduceKernel<<<720, 256, 0, 102783056903760>>>(), 16 items per thread, 6 SM occupancy
Invoking DeviceReduceSingleTileKernel<<<1, 256, 0, 102783056903760>>>(), 16 items per thread
Dispatching DeviceReduce on compute capability 8.9 with tuning: ReducePolicy { .multi_tile = ReducePassPolicy { .threads_per_block = 256, .items_per_thread = 16, .vec_size = 4, .reduce_algorithm = BLOCK_REDUCE_WARP_REDUCTIONS, .load_modifier = LOAD_LDG }, .single_tile = ReducePassPolicy { .threads_per_block = 256, .items_per_thread = 16, .vec_size = 4, .reduce_algorithm = BLOCK_REDUCE_WARP_REDUCTIONS, .load_modifier = LOAD_LDG } }
Invoking DeviceReduceKernel<<<720, 256, 0, 102783056903760>>>(), 16 items per thread, 6 SM occupancy
Invoking DeviceReduceSingleTileKernel<<<1, 256, 0, 102783056903760>>>(), 16 items per thread
Dispatching DeviceReduce on compute capability 8.9 with tuning: ReducePolicy { .multi_tile = ReducePassPolicy { .threads_per_block = 256, .items_per_thread = 16, .vec_size = 4, .reduce_algorithm = BLOCK_REDUCE_WARP_REDUCTIONS, .load_modifier = LOAD_LDG }, .single_tile = ReducePassPolicy { .threads_per_block = 256, .items_per_thread = 16, .vec_size = 4, .reduce_algorithm = BLOCK_REDUCE_WARP_REDUCTIONS, .load_modifier = LOAD_LDG } }
Invoking DeviceReduceKernel<<<720, 256, 0, 102783056903760>>>(), 16 items per thread, 6 SM occupancy
Invoking DeviceReduceSingleTileKernel<<<1, 256, 0, 102783056903760>>>(), 16 items per thread
Dispatching DeviceReduce on compute capability 8.9 with tuning: ReducePolicy { .multi_tile = ReducePassPolicy { .threads_per_block = 256, .items_per_thread = 16, .vec_size = 4, .reduce_algorithm = BLOCK_REDUCE_WARP_REDUCTIONS, .load_modifier = LOAD_LDG }, .single_tile = ReducePassPolicy { .threads_per_block = 256, .items_per_thread = 16, .vec_size = 4, .reduce_algorithm = BLOCK_REDUCE_WARP_REDUCTIONS, .load_modifier = LOAD_LDG } }
Invoking DeviceReduceKernel<<<720, 256, 0, 102783056903760>>>(), 16 items per thread, 6 SM occupancy
Invoking DeviceReduceSingleTileKernel<<<1, 256, 0, 102783056903760>>>(), 16 items per thread
Dispatching DeviceReduce on compute capability 8.9 with tuning: ReducePolicy { .multi_tile = ReducePassPolicy { .threads_per_block = 256, .items_per_thread = 16, .vec_size = 4, .reduce_algorithm = BLOCK_REDUCE_WARP_REDUCTIONS, .load_modifier = LOAD_LDG }, .single_tile = ReducePassPolicy { .threads_per_block = 256, .items_per_thread = 16, .vec_size = 4, .reduce_algorithm = BLOCK_REDUCE_WARP_REDUCTIONS, .load_modifier = LOAD_LDG } }
Invoking DeviceReduceKernel<<<720, 256, 0, 102783056903760>>>(), 16 items per thread, 6 SM occupancy
Invoking DeviceReduceSingleTileKernel<<<1, 256, 0, 102783056903760>>>(), 16 items per thread
Dispatching DeviceReduce on compute capability 8.9 with tuning: ReducePolicy { .multi_tile = ReducePassPolicy { .threads_per_block = 256, .items_per_thread = 16, .vec_size = 4, .reduce_algorithm = BLOCK_REDUCE_WARP_REDUCTIONS, .load_modifier = LOAD_LDG }, .single_tile = ReducePassPolicy { .threads_per_block = 256, .items_per_thread = 16, .vec_size = 4, .reduce_algorithm = BLOCK_REDUCE_WARP_REDUCTIONS, .load_modifier = LOAD_LDG } }
Invoking DeviceReduceKernel<<<720, 256, 0, 102783056903760>>>(), 16 items per thread, 6 SM occupancy
Invoking DeviceReduceSingleTileKernel<<<1, 256, 0, 102783056903760>>>(), 16 items per thread
Dispatching DeviceReduce on compute capability 8.9 with tuning: ReducePolicy { .multi_tile = ReducePassPolicy { .threads_per_block = 256, .items_per_thread = 16, .vec_size = 4, .reduce_algorithm = BLOCK_REDUCE_WARP_REDUCTIONS, .load_modifier = LOAD_LDG }, .single_tile = ReducePassPolicy { .threads_per_block = 256, .items_per_thread = 16, .vec_size = 4, .reduce_algorithm = BLOCK_REDUCE_WARP_REDUCTIONS, .load_modifier = LOAD_LDG } }
Invoking DeviceReduceKernel<<<720, 256, 0, 102783056903760>>>(), 16 items per thread, 6 SM occupancy
Invoking DeviceReduceSingleTileKernel<<<1, 256, 0, 102783056903760>>>(), 16 items per thread
Dispatching DeviceReduce on compute capability 8.9 with tuning: ReducePolicy { .multi_tile = ReducePassPolicy { .threads_per_block = 256, .items_per_thread = 16, .vec_size = 4, .reduce_algorithm = BLOCK_REDUCE_WARP_REDUCTIONS, .load_modifier = LOAD_LDG }, .single_tile = ReducePassPolicy { .threads_per_block = 256, .items_per_thread = 16, .vec_size = 4, .reduce_algorithm = BLOCK_REDUCE_WARP_REDUCTIONS, .load_modifier = LOAD_LDG } }
Invoking DeviceReduceKernel<<<720, 256, 0, 102783056903760>>>(), 16 items per thread, 6 SM occupancy
Invoking DeviceReduceSingleTileKernel<<<1, 256, 0, 102783056903760>>>(), 16 items per thread
Dispatching DeviceReduce on compute capability 8.9 with tuning: ReducePolicy { .multi_tile = ReducePassPolicy { .threads_per_block = 256, .items_per_thread = 16, .vec_size = 4, .reduce_algorithm = BLOCK_REDUCE_WARP_REDUCTIONS, .load_modifier = LOAD_LDG }, .single_tile = ReducePassPolicy { .threads_per_block = 256, .items_per_thread = 16, .vec_size = 4, .reduce_algorithm = BLOCK_REDUCE_WARP_REDUCTIONS, .load_modifier = LOAD_LDG } }
Invoking DeviceReduceKernel<<<720, 256, 0, 102783056903760>>>(), 16 items per thread, 6 SM occupancy
Invoking DeviceReduceSingleTileKernel<<<1, 256, 0, 102783056903760>>>(), 16 items per thread
Dispatching DeviceReduce on compute capability 8.9 with tuning: ReducePolicy { .multi_tile = ReducePassPolicy { .threads_per_block = 256, .items_per_thread = 16, .vec_size = 4, .reduce_algorithm = BLOCK_REDUCE_WARP_REDUCTIONS, .load_modifier = LOAD_LDG }, .single_tile = ReducePassPolicy { .threads_per_block = 256, .items_per_thread = 16, .vec_size = 4, .reduce_algorithm = BLOCK_REDUCE_WARP_REDUCTIONS, .load_modifier = LOAD_LDG } }
Invoking DeviceReduceKernel<<<720, 256, 0, 102783056903760>>>(), 16 items per thread, 6 SM occupancy
Invoking DeviceReduceSingleTileKernel<<<1, 256, 0, 102783056903760>>>(), 16 items per thread
Dispatching DeviceReduce on compute capability 8.9 with tuning: ReducePolicy { .multi_tile = ReducePassPolicy { .threads_per_block = 256, .items_per_thread = 16, .vec_size = 4, .reduce_algorithm = BLOCK_REDUCE_WARP_REDUCTIONS, .load_modifier = LOAD_LDG }, .single_tile = ReducePassPolicy { .threads_per_block = 256, .items_per_thread = 16, .vec_size = 4, .reduce_algorithm = BLOCK_REDUCE_WARP_REDUCTIONS, .load_modifier = LOAD_LDG } }
Invoking DeviceReduceKernel<<<720, 256, 0, 102783056903760>>>(), 16 items per thread, 6 SM occupancy
Invoking DeviceReduceSingleTileKernel<<<1, 256, 0, 102783056903760>>>(), 16 items per thread
Dispatching DeviceReduce on compute capability 8.9 with tuning: ReducePolicy { .multi_tile = ReducePassPolicy { .threads_per_block = 256, .items_per_thread = 16, .vec_size = 4, .reduce_algorithm = BLOCK_REDUCE_WARP_REDUCTIONS, .load_modifier = LOAD_LDG }, .single_tile = ReducePassPolicy { .threads_per_block = 256, .items_per_thread = 16, .vec_size = 4, .reduce_algorithm = BLOCK_REDUCE_WARP_REDUCTIONS, .load_modifier = LOAD_LDG } }
Invoking DeviceReduceKernel<<<720, 256, 0, 102783056903760>>>(), 16 items per thread, 6 SM occupancy
Invoking DeviceReduceSingleTileKernel<<<1, 256, 0, 102783056903760>>>(), 16 items per thread
Dispatching DeviceReduce on compute capability 8.9 with tuning: ReducePolicy { .multi_tile = ReducePassPolicy { .threads_per_block = 256, .items_per_thread = 16, .vec_size = 4, .reduce_algorithm = BLOCK_REDUCE_WARP_REDUCTIONS, .load_modifier = LOAD_LDG }, .single_tile = ReducePassPolicy { .threads_per_block = 256, .items_per_thread = 16, .vec_size = 4, .reduce_algorithm = BLOCK_REDUCE_WARP_REDUCTIONS, .load_modifier = LOAD_LDG } }
Invoking DeviceReduceKernel<<<720, 256, 0, 102783056903760>>>(), 16 items per thread, 6 SM occupancy
Invoking DeviceReduceSingleTileKernel<<<1, 256, 0, 102783056903760>>>(), 16 items per thread
Dispatching DeviceReduce on compute capability 8.9 with tuning: ReducePolicy { .multi_tile = ReducePassPolicy { .threads_per_block = 256, .items_per_thread = 16, .vec_size = 4, .reduce_algorithm = BLOCK_REDUCE_WARP_REDUCTIONS, .load_modifier = LOAD_LDG }, .single_tile = ReducePassPolicy { .threads_per_block = 256, .items_per_thread = 16, .vec_size = 4, .reduce_algorithm = BLOCK_REDUCE_WARP_REDUCTIONS, .load_modifier = LOAD_LDG } }
Invoking DeviceReduceKernel<<<720, 256, 0, 102783056903760>>>(), 16 items per thread, 6 SM occupancy
Invoking DeviceReduceSingleTileKernel<<<1, 256, 0, 102783056903760>>>(), 16 items per thread
Dispatching DeviceReduce on compute capability 8.9 with tuning: ReducePolicy { .multi_tile = ReducePassPolicy { .threads_per_block = 256, .items_per_thread = 16, .vec_size = 4, .reduce_algorithm = BLOCK_REDUCE_WARP_REDUCTIONS, .load_modifier = LOAD_LDG }, .single_tile = ReducePassPolicy { .threads_per_block = 256, .items_per_thread = 16, .vec_size = 4, .reduce_algorithm = BLOCK_REDUCE_WARP_REDUCTIONS, .load_modifier = LOAD_LDG } }
Invoking DeviceReduceKernel<<<720, 256, 0, 102783056903760>>>(), 16 items per thread, 6 SM occupancy
Invoking DeviceReduceSingleTileKernel<<<1, 256, 0, 102783056903760>>>(), 16 items per thread
Dispatching DeviceReduce on compute capability 8.9 with tuning: ReducePolicy { .multi_tile = ReducePassPolicy { .threads_per_block = 256, .items_per_thread = 16, .vec_size = 4, .reduce_algorithm = BLOCK_REDUCE_WARP_REDUCTIONS, .load_modifier = LOAD_LDG }, .single_tile = ReducePassPolicy { .threads_per_block = 256, .items_per_thread = 16, .vec_size = 4, .reduce_algorithm = BLOCK_REDUCE_WARP_REDUCTIONS, .load_modifier = LOAD_LDG } }
Invoking DeviceReduceKernel<<<720, 256, 0, 102783056903760>>>(), 16 items per thread, 6 SM occupancy
Invoking DeviceReduceSingleTileKernel<<<1, 256, 0, 102783056903760>>>(), 16 items per thread
Dispatching DeviceReduce on compute capability 8.9 with tuning: ReducePolicy { .multi_tile = ReducePassPolicy { .threads_per_block = 256, .items_per_thread = 16, .vec_size = 4, .reduce_algorithm = BLOCK_REDUCE_WARP_REDUCTIONS, .load_modifier = LOAD_LDG }, .single_tile = ReducePassPolicy { .threads_per_block = 256, .items_per_thread = 16, .vec_size = 4, .reduce_algorithm = BLOCK_REDUCE_WARP_REDUCTIONS, .load_modifier = LOAD_LDG } }
Invoking DeviceReduceKernel<<<720, 256, 0, 102783056903760>>>(), 16 items per thread, 6 SM occupancy
Invoking DeviceReduceSingleTileKernel<<<1, 256, 0, 102783056903760>>>(), 16 items per thread
Dispatching DeviceReduce on compute capability 8.9 with tuning: ReducePolicy { .multi_tile = ReducePassPolicy { .threads_per_block = 256, .items_per_thread = 16, .vec_size = 4, .reduce_algorithm = BLOCK_REDUCE_WARP_REDUCTIONS, .load_modifier = LOAD_LDG }, .single_tile = ReducePassPolicy { .threads_per_block = 256, .items_per_thread = 16, .vec_size = 4, .reduce_algorithm = BLOCK_REDUCE_WARP_REDUCTIONS, .load_modifier = LOAD_LDG } }
Invoking DeviceReduceKernel<<<720, 256, 0, 102783056903760>>>(), 16 items per thread, 6 SM occupancy
Invoking DeviceReduceSingleTileKernel<<<1, 256, 0, 102783056903760>>>(), 16 items per thread
Dispatching DeviceReduce on compute capability 8.9 with tuning: ReducePolicy { .multi_tile = ReducePassPolicy { .threads_per_block = 256, .items_per_thread = 16, .vec_size = 4, .reduce_algorithm = BLOCK_REDUCE_WARP_REDUCTIONS, .load_modifier = LOAD_LDG }, .single_tile = ReducePassPolicy { .threads_per_block = 256, .items_per_thread = 16, .vec_size = 4, .reduce_algorithm = BLOCK_REDUCE_WARP_REDUCTIONS, .load_modifier = LOAD_LDG } }
Invoking DeviceReduceKernel<<<720, 256, 0, 102783056903760>>>(), 16 items per thread, 6 SM occupancy
Invoking DeviceReduceSingleTileKernel<<<1, 256, 0, 102783056903760>>>(), 16 items per thread
Dispatching DeviceReduce on compute capability 8.9 with tuning: ReducePolicy { .multi_tile = ReducePassPolicy { .threads_per_block = 256, .items_per_thread = 16, .vec_size = 4, .reduce_algorithm = BLOCK_REDUCE_WARP_REDUCTIONS, .load_modifier = LOAD_LDG }, .single_tile = ReducePassPolicy { .threads_per_block = 256, .items_per_thread = 16, .vec_size = 4, .reduce_algorithm = BLOCK_REDUCE_WARP_REDUCTIONS, .load_modifier = LOAD_LDG } }
Invoking DeviceReduceKernel<<<720, 256, 0, 102783056903760>>>(), 16 items per thread, 6 SM occupancy
Invoking DeviceReduceSingleTileKernel<<<1, 256, 0, 102783056903760>>>(), 16 items per thread
Dispatching DeviceReduce on compute capability 8.9 with tuning: ReducePolicy { .multi_tile = ReducePassPolicy { .threads_per_block = 256, .items_per_thread = 16, .vec_size = 4, .reduce_algorithm = BLOCK_REDUCE_WARP_REDUCTIONS, .load_modifier = LOAD_LDG }, .single_tile = ReducePassPolicy { .threads_per_block = 256, .items_per_thread = 16, .vec_size = 4, .reduce_algorithm = BLOCK_REDUCE_WARP_REDUCTIONS, .load_modifier = LOAD_LDG } }
Invoking DeviceReduceKernel<<<720, 256, 0, 102783056903760>>>(), 16 items per thread, 6 SM occupancy
Invoking DeviceReduceSingleTileKernel<<<1, 256, 0, 102783056903760>>>(), 16 items per thread
Dispatching DeviceReduce on compute capability 8.9 with tuning: ReducePolicy { .multi_tile = ReducePassPolicy { .threads_per_block = 256, .items_per_thread = 16, .vec_size = 4, .reduce_algorithm = BLOCK_REDUCE_WARP_REDUCTIONS, .load_modifier = LOAD_LDG }, .single_tile = ReducePassPolicy { .threads_per_block = 256, .items_per_thread = 16, .vec_size = 4, .reduce_algorithm = BLOCK_REDUCE_WARP_REDUCTIONS, .load_modifier = LOAD_LDG } }
Invoking DeviceReduceKernel<<<720, 256, 0, 102783056903760>>>(), 16 items per thread, 6 SM occupancy
Invoking DeviceReduceSingleTileKernel<<<1, 256, 0, 102783056903760>>>(), 16 items per thread
Dispatching DeviceReduce on compute capability 8.9 with tuning: ReducePolicy { .multi_tile = ReducePassPolicy { .threads_per_block = 256, .items_per_thread = 16, .vec_size = 4, .reduce_algorithm = BLOCK_REDUCE_WARP_REDUCTIONS, .load_modifier = LOAD_LDG }, .single_tile = ReducePassPolicy { .threads_per_block = 256, .items_per_thread = 16, .vec_size = 4, .reduce_algorithm = BLOCK_REDUCE_WARP_REDUCTIONS, .load_modifier = LOAD_LDG } }
Invoking DeviceReduceKernel<<<720, 256, 0, 102783056903760>>>(), 16 items per thread, 6 SM occupancy
Invoking DeviceReduceSingleTileKernel<<<1, 256, 0, 102783056903760>>>(), 16 items per thread
Dispatching DeviceReduce on compute capability 8.9 with tuning: ReducePolicy { .multi_tile = ReducePassPolicy { .threads_per_block = 256, .items_per_thread = 16, .vec_size = 4, .reduce_algorithm = BLOCK_REDUCE_WARP_REDUCTIONS, .load_modifier = LOAD_LDG }, .single_tile = ReducePassPolicy { .threads_per_block = 256, .items_per_thread = 16, .vec_size = 4, .reduce_algorithm = BLOCK_REDUCE_WARP_REDUCTIONS, .load_modifier = LOAD_LDG } }
Invoking DeviceReduceKernel<<<720, 256, 0, 102783056903760>>>(), 16 items per thread, 6 SM occupancy
Invoking DeviceReduceSingleTileKernel<<<1, 256, 0, 102783056903760>>>(), 16 items per thread
Dispatching DeviceReduce on compute capability 8.9 with tuning: ReducePolicy { .multi_tile = ReducePassPolicy { .threads_per_block = 256, .items_per_thread = 16, .vec_size = 4, .reduce_algorithm = BLOCK_REDUCE_WARP_REDUCTIONS, .load_modifier = LOAD_LDG }, .single_tile = ReducePassPolicy { .threads_per_block = 256, .items_per_thread = 16, .vec_size = 4, .reduce_algorithm = BLOCK_REDUCE_WARP_REDUCTIONS, .load_modifier = LOAD_LDG } }
Invoking DeviceReduceKernel<<<720, 256, 0, 102783056903760>>>(), 16 items per thread, 6 SM occupancy
Invoking DeviceReduceSingleTileKernel<<<1, 256, 0, 102783056903760>>>(), 16 items per thread
Dispatching DeviceReduce on compute capability 8.9 with tuning: ReducePolicy { .multi_tile = ReducePassPolicy { .threads_per_block = 256, .items_per_thread = 16, .vec_size = 4, .reduce_algorithm = BLOCK_REDUCE_WARP_REDUCTIONS, .load_modifier = LOAD_LDG }, .single_tile = ReducePassPolicy { .threads_per_block = 256, .items_per_thread = 16, .vec_size = 4, .reduce_algorithm = BLOCK_REDUCE_WARP_REDUCTIONS, .load_modifier = LOAD_LDG } }
Invoking DeviceReduceKernel<<<720, 256, 0, 102783056903760>>>(), 16 items per thread, 6 SM occupancy
Invoking DeviceReduceSingleTileKernel<<<1, 256, 0, 102783056903760>>>(), 16 items per thread
Dispatching DeviceReduce on compute capability 8.9 with tuning: ReducePolicy { .multi_tile = ReducePassPolicy { .threads_per_block = 256, .items_per_thread = 16, .vec_size = 4, .reduce_algorithm = BLOCK_REDUCE_WARP_REDUCTIONS, .load_modifier = LOAD_LDG }, .single_tile = ReducePassPolicy { .threads_per_block = 256, .items_per_thread = 16, .vec_size = 4, .reduce_algorithm = BLOCK_REDUCE_WARP_REDUCTIONS, .load_modifier = LOAD_LDG } }
Invoking DeviceReduceKernel<<<720, 256, 0, 102783056903760>>>(), 16 items per thread, 6 SM occupancy
Invoking DeviceReduceSingleTileKernel<<<1, 256, 0, 102783056903760>>>(), 16 items per thread
Dispatching DeviceReduce on compute capability 8.9 with tuning: ReducePolicy { .multi_tile = ReducePassPolicy { .threads_per_block = 256, .items_per_thread = 16, .vec_size = 4, .reduce_algorithm = BLOCK_REDUCE_WARP_REDUCTIONS, .load_modifier = LOAD_LDG }, .single_tile = ReducePassPolicy { .threads_per_block = 256, .items_per_thread = 16, .vec_size = 4, .reduce_algorithm = BLOCK_REDUCE_WARP_REDUCTIONS, .load_modifier = LOAD_LDG } }
Invoking DeviceReduceKernel<<<720, 256, 0, 102783056903760>>>(), 16 items per thread, 6 SM occupancy
Invoking DeviceReduceSingleTileKernel<<<1, 256, 0, 102783056903760>>>(), 16 items per thread
Dispatching DeviceReduce on compute capability 8.9 with tuning: ReducePolicy { .multi_tile = ReducePassPolicy { .threads_per_block = 256, .items_per_thread = 16, .vec_size = 4, .reduce_algorithm = BLOCK_REDUCE_WARP_REDUCTIONS, .load_modifier = LOAD_LDG }, .single_tile = ReducePassPolicy { .threads_per_block = 256, .items_per_thread = 16, .vec_size = 4, .reduce_algorithm = BLOCK_REDUCE_WARP_REDUCTIONS, .load_modifier = LOAD_LDG } }
Invoking DeviceReduceKernel<<<720, 256, 0, 102783056903760>>>(), 16 items per thread, 6 SM occupancy
Invoking DeviceReduceSingleTileKernel<<<1, 256, 0, 102783056903760>>>(), 16 items per thread
Dispatching DeviceReduce on compute capability 8.9 with tuning: ReducePolicy { .multi_tile = ReducePassPolicy { .threads_per_block = 256, .items_per_thread = 16, .vec_size = 4, .reduce_algorithm = BLOCK_REDUCE_WARP_REDUCTIONS, .load_modifier = LOAD_LDG }, .single_tile = ReducePassPolicy { .threads_per_block = 256, .items_per_thread = 16, .vec_size = 4, .reduce_algorithm = BLOCK_REDUCE_WARP_REDUCTIONS, .load_modifier = LOAD_LDG } }
Invoking DeviceReduceKernel<<<720, 256, 0, 102783056903760>>>(), 16 items per thread, 6 SM occupancy
Invoking DeviceReduceSingleTileKernel<<<1, 256, 0, 102783056903760>>>(), 16 items per thread
Dispatching DeviceReduce on compute capability 8.9 with tuning: ReducePolicy { .multi_tile = ReducePassPolicy { .threads_per_block = 256, .items_per_thread = 16, .vec_size = 4, .reduce_algorithm = BLOCK_REDUCE_WARP_REDUCTIONS, .load_modifier = LOAD_LDG }, .single_tile = ReducePassPolicy { .threads_per_block = 256, .items_per_thread = 16, .vec_size = 4, .reduce_algorithm = BLOCK_REDUCE_WARP_REDUCTIONS, .load_modifier = LOAD_LDG } }
Invoking DeviceReduceKernel<<<720, 256, 0, 102783056903760>>>(), 16 items per thread, 6 SM occupancy
Invoking DeviceReduceSingleTileKernel<<<1, 256, 0, 102783056903760>>>(), 16 items per thread
Dispatching DeviceReduce on compute capability 8.9 with tuning: ReducePolicy { .multi_tile = ReducePassPolicy { .threads_per_block = 256, .items_per_thread = 16, .vec_size = 4, .reduce_algorithm = BLOCK_REDUCE_WARP_REDUCTIONS, .load_modifier = LOAD_LDG }, .single_tile = ReducePassPolicy { .threads_per_block = 256, .items_per_thread = 16, .vec_size = 4, .reduce_algorithm = BLOCK_REDUCE_WARP_REDUCTIONS, .load_modifier = LOAD_LDG } }
Invoking DeviceReduceKernel<<<720, 256, 0, 102783056903760>>>(), 16 items per thread, 6 SM occupancy
Invoking DeviceReduceSingleTileKernel<<<1, 256, 0, 102783056903760>>>(), 16 items per thread
Dispatching DeviceReduce on compute capability 8.9 with tuning: ReducePolicy { .multi_tile = ReducePassPolicy { .threads_per_block = 256, .items_per_thread = 16, .vec_size = 4, .reduce_algorithm = BLOCK_REDUCE_WARP_REDUCTIONS, .load_modifier = LOAD_LDG }, .single_tile = ReducePassPolicy { .threads_per_block = 256, .items_per_thread = 16, .vec_size = 4, .reduce_algorithm = BLOCK_REDUCE_WARP_REDUCTIONS, .load_modifier = LOAD_LDG } }
Invoking DeviceReduceKernel<<<720, 256, 0, 102783056903760>>>(), 16 items per thread, 6 SM occupancy
Invoking DeviceReduceSingleTileKernel<<<1, 256, 0, 102783056903760>>>(), 16 items per thread
Dispatching DeviceReduce on compute capability 8.9 with tuning: ReducePolicy { .multi_tile = ReducePassPolicy { .threads_per_block = 256, .items_per_thread = 16, .vec_size = 4, .reduce_algorithm = BLOCK_REDUCE_WARP_REDUCTIONS, .load_modifier = LOAD_LDG }, .single_tile = ReducePassPolicy { .threads_per_block = 256, .items_per_thread = 16, .vec_size = 4, .reduce_algorithm = BLOCK_REDUCE_WARP_REDUCTIONS, .load_modifier = LOAD_LDG } }
Invoking DeviceReduceKernel<<<720, 256, 0, 102783056903760>>>(), 16 items per thread, 6 SM occupancy
Invoking DeviceReduceSingleTileKernel<<<1, 256, 0, 102783056903760>>>(), 16 items per thread
Dispatching DeviceReduce on compute capability 8.9 with tuning: ReducePolicy { .multi_tile = ReducePassPolicy { .threads_per_block = 256, .items_per_thread = 16, .vec_size = 4, .reduce_algorithm = BLOCK_REDUCE_WARP_REDUCTIONS, .load_modifier = LOAD_LDG }, .single_tile = ReducePassPolicy { .threads_per_block = 256, .items_per_thread = 16, .vec_size = 4, .reduce_algorithm = BLOCK_REDUCE_WARP_REDUCTIONS, .load_modifier = LOAD_LDG } }
Invoking DeviceReduceKernel<<<720, 256, 0, 102783056903760>>>(), 16 items per thread, 6 SM occupancy
Invoking DeviceReduceSingleTileKernel<<<1, 256, 0, 102783056903760>>>(), 16 items per thread
Dispatching DeviceReduce on compute capability 8.9 with tuning: ReducePolicy { .multi_tile = ReducePassPolicy { .threads_per_block = 256, .items_per_thread = 16, .vec_size = 4, .reduce_algorithm = BLOCK_REDUCE_WARP_REDUCTIONS, .load_modifier = LOAD_LDG }, .single_tile = ReducePassPolicy { .threads_per_block = 256, .items_per_thread = 16, .vec_size = 4, .reduce_algorithm = BLOCK_REDUCE_WARP_REDUCTIONS, .load_modifier = LOAD_LDG } }
Invoking DeviceReduceKernel<<<720, 256, 0, 102783056903760>>>(), 16 items per thread, 6 SM occupancy
Invoking DeviceReduceSingleTileKernel<<<1, 256, 0, 102783056903760>>>(), 16 items per thread
Dispatching DeviceReduce on compute capability 8.9 with tuning: ReducePolicy { .multi_tile = ReducePassPolicy { .threads_per_block = 256, .items_per_thread = 16, .vec_size = 4, .reduce_algorithm = BLOCK_REDUCE_WARP_REDUCTIONS, .load_modifier = LOAD_LDG }, .single_tile = ReducePassPolicy { .threads_per_block = 256, .items_per_thread = 16, .vec_size = 4, .reduce_algorithm = BLOCK_REDUCE_WARP_REDUCTIONS, .load_modifier = LOAD_LDG } }
Invoking DeviceReduceKernel<<<720, 256, 0, 102783056903760>>>(), 16 items per thread, 6 SM occupancy
Invoking DeviceReduceSingleTileKernel<<<1, 256, 0, 102783056903760>>>(), 16 items per thread
Dispatching DeviceReduce on compute capability 8.9 with tuning: ReducePolicy { .multi_tile = ReducePassPolicy { .threads_per_block = 256, .items_per_thread = 16, .vec_size = 4, .reduce_algorithm = BLOCK_REDUCE_WARP_REDUCTIONS, .load_modifier = LOAD_LDG }, .single_tile = ReducePassPolicy { .threads_per_block = 256, .items_per_thread = 16, .vec_size = 4, .reduce_algorithm = BLOCK_REDUCE_WARP_REDUCTIONS, .load_modifier = LOAD_LDG } }
Invoking DeviceReduceKernel<<<720, 256, 0, 102783056903760>>>(), 16 items per thread, 6 SM occupancy
Invoking DeviceReduceSingleTileKernel<<<1, 256, 0, 102783056903760>>>(), 16 items per thread
Dispatching DeviceReduce on compute capability 8.9 with tuning: ReducePolicy { .multi_tile = ReducePassPolicy { .threads_per_block = 256, .items_per_thread = 16, .vec_size = 4, .reduce_algorithm = BLOCK_REDUCE_WARP_REDUCTIONS, .load_modifier = LOAD_LDG }, .single_tile = ReducePassPolicy { .threads_per_block = 256, .items_per_thread = 16, .vec_size = 4, .reduce_algorithm = BLOCK_REDUCE_WARP_REDUCTIONS, .load_modifier = LOAD_LDG } }
Invoking DeviceReduceKernel<<<720, 256, 0, 102783056903760>>>(), 16 items per thread, 6 SM occupancy
Invoking DeviceReduceSingleTileKernel<<<1, 256, 0, 102783056903760>>>(), 16 items per thread
Dispatching DeviceReduce on compute capability 8.9 with tuning: ReducePolicy { .multi_tile = ReducePassPolicy { .threads_per_block = 256, .items_per_thread = 16, .vec_size = 4, .reduce_algorithm = BLOCK_REDUCE_WARP_REDUCTIONS, .load_modifier = LOAD_LDG }, .single_tile = ReducePassPolicy { .threads_per_block = 256, .items_per_thread = 16, .vec_size = 4, .reduce_algorithm = BLOCK_REDUCE_WARP_REDUCTIONS, .load_modifier = LOAD_LDG } }
Invoking DeviceReduceKernel<<<720, 256, 0, 102783056903760>>>(), 16 items per thread, 6 SM occupancy
Invoking DeviceReduceSingleTileKernel<<<1, 256, 0, 102783056903760>>>(), 16 items per thread
Dispatching DeviceReduce on compute capability 8.9 with tuning: ReducePolicy { .multi_tile = ReducePassPolicy { .threads_per_block = 256, .items_per_thread = 16, .vec_size = 4, .reduce_algorithm = BLOCK_REDUCE_WARP_REDUCTIONS, .load_modifier = LOAD_LDG }, .single_tile = ReducePassPolicy { .threads_per_block = 256, .items_per_thread = 16, .vec_size = 4, .reduce_algorithm = BLOCK_REDUCE_WARP_REDUCTIONS, .load_modifier = LOAD_LDG } }
Invoking DeviceReduceKernel<<<720, 256, 0, 102783056903760>>>(), 16 items per thread, 6 SM occupancy
Invoking DeviceReduceSingleTileKernel<<<1, 256, 0, 102783056903760>>>(), 16 items per thread
Dispatching DeviceReduce on compute capability 8.9 with tuning: ReducePolicy { .multi_tile = ReducePassPolicy { .threads_per_block = 256, .items_per_thread = 16, .vec_size = 4, .reduce_algorithm = BLOCK_REDUCE_WARP_REDUCTIONS, .load_modifier = LOAD_LDG }, .single_tile = ReducePassPolicy { .threads_per_block = 256, .items_per_thread = 16, .vec_size = 4, .reduce_algorithm = BLOCK_REDUCE_WARP_REDUCTIONS, .load_modifier = LOAD_LDG } }
Invoking DeviceReduceKernel<<<720, 256, 0, 102783056903760>>>(), 16 items per thread, 6 SM occupancy
Invoking DeviceReduceSingleTileKernel<<<1, 256, 0, 102783056903760>>>(), 16 items per thread
Dispatching DeviceReduce on compute capability 8.9 with tuning: ReducePolicy { .multi_tile = ReducePassPolicy { .threads_per_block = 256, .items_per_thread = 16, .vec_size = 4, .reduce_algorithm = BLOCK_REDUCE_WARP_REDUCTIONS, .load_modifier = LOAD_LDG }, .single_tile = ReducePassPolicy { .threads_per_block = 256, .items_per_thread = 16, .vec_size = 4, .reduce_algorithm = BLOCK_REDUCE_WARP_REDUCTIONS, .load_modifier = LOAD_LDG } }
Invoking DeviceReduceKernel<<<720, 256, 0, 102783056903760>>>(), 16 items per thread, 6 SM occupancy
Invoking DeviceReduceSingleTileKernel<<<1, 256, 0, 102783056903760>>>(), 16 items per thread
Dispatching DeviceReduce on compute capability 8.9 with tuning: ReducePolicy { .multi_tile = ReducePassPolicy { .threads_per_block = 256, .items_per_thread = 16, .vec_size = 4, .reduce_algorithm = BLOCK_REDUCE_WARP_REDUCTIONS, .load_modifier = LOAD_LDG }, .single_tile = ReducePassPolicy { .threads_per_block = 256, .items_per_thread = 16, .vec_size = 4, .reduce_algorithm = BLOCK_REDUCE_WARP_REDUCTIONS, .load_modifier = LOAD_LDG } }
Invoking DeviceReduceKernel<<<720, 256, 0, 102783056903760>>>(), 16 items per thread, 6 SM occupancy
Invoking DeviceReduceSingleTileKernel<<<1, 256, 0, 102783056903760>>>(), 16 items per thread
Dispatching DeviceReduce on compute capability 8.9 with tuning: ReducePolicy { .multi_tile = ReducePassPolicy { .threads_per_block = 256, .items_per_thread = 16, .vec_size = 4, .reduce_algorithm = BLOCK_REDUCE_WARP_REDUCTIONS, .load_modifier = LOAD_LDG }, .single_tile = ReducePassPolicy { .threads_per_block = 256, .items_per_thread = 16, .vec_size = 4, .reduce_algorithm = BLOCK_REDUCE_WARP_REDUCTIONS, .load_modifier = LOAD_LDG } }
Invoking DeviceReduceKernel<<<720, 256, 0, 102783056903760>>>(), 16 items per thread, 6 SM occupancy
Invoking DeviceReduceSingleTileKernel<<<1, 256, 0, 102783056903760>>>(), 16 items per thread
Dispatching DeviceReduce on compute capability 8.9 with tuning: ReducePolicy { .multi_tile = ReducePassPolicy { .threads_per_block = 256, .items_per_thread = 16, .vec_size = 4, .reduce_algorithm = BLOCK_REDUCE_WARP_REDUCTIONS, .load_modifier = LOAD_LDG }, .single_tile = ReducePassPolicy { .threads_per_block = 256, .items_per_thread = 16, .vec_size = 4, .reduce_algorithm = BLOCK_REDUCE_WARP_REDUCTIONS, .load_modifier = LOAD_LDG } }
Invoking DeviceReduceKernel<<<720, 256, 0, 102783056903760>>>(), 16 items per thread, 6 SM occupancy
Invoking DeviceReduceSingleTileKernel<<<1, 256, 0, 102783056903760>>>(), 16 items per thread
Dispatching DeviceReduce on compute capability 8.9 with tuning: ReducePolicy { .multi_tile = ReducePassPolicy { .threads_per_block = 256, .items_per_thread = 16, .vec_size = 4, .reduce_algorithm = BLOCK_REDUCE_WARP_REDUCTIONS, .load_modifier = LOAD_LDG }, .single_tile = ReducePassPolicy { .threads_per_block = 256, .items_per_thread = 16, .vec_size = 4, .reduce_algorithm = BLOCK_REDUCE_WARP_REDUCTIONS, .load_modifier = LOAD_LDG } }
Invoking DeviceReduceKernel<<<720, 256, 0, 102783056903760>>>(), 16 items per thread, 6 SM occupancy
Invoking DeviceReduceSingleTileKernel<<<1, 256, 0, 102783056903760>>>(), 16 items per thread
Dispatching DeviceReduce on compute capability 8.9 with tuning: ReducePolicy { .multi_tile = ReducePassPolicy { .threads_per_block = 256, .items_per_thread = 16, .vec_size = 4, .reduce_algorithm = BLOCK_REDUCE_WARP_REDUCTIONS, .load_modifier = LOAD_LDG }, .single_tile = ReducePassPolicy { .threads_per_block = 256, .items_per_thread = 16, .vec_size = 4, .reduce_algorithm = BLOCK_REDUCE_WARP_REDUCTIONS, .load_modifier = LOAD_LDG } }
Invoking DeviceReduceKernel<<<720, 256, 0, 102783056903760>>>(), 16 items per thread, 6 SM occupancy
Invoking DeviceReduceSingleTileKernel<<<1, 256, 0, 102783056903760>>>(), 16 items per thread
Dispatching DeviceReduce on compute capability 8.9 with tuning: ReducePolicy { .multi_tile = ReducePassPolicy { .threads_per_block = 256, .items_per_thread = 16, .vec_size = 4, .reduce_algorithm = BLOCK_REDUCE_WARP_REDUCTIONS, .load_modifier = LOAD_LDG }, .single_tile = ReducePassPolicy { .threads_per_block = 256, .items_per_thread = 16, .vec_size = 4, .reduce_algorithm = BLOCK_REDUCE_WARP_REDUCTIONS, .load_modifier = LOAD_LDG } }
Invoking DeviceReduceKernel<<<720, 256, 0, 102783056903760>>>(), 16 items per thread, 6 SM occupancy
Invoking DeviceReduceSingleTileKernel<<<1, 256, 0, 102783056903760>>>(), 16 items per thread
Dispatching DeviceReduce on compute capability 8.9 with tuning: ReducePolicy { .multi_tile = ReducePassPolicy { .threads_per_block = 256, .items_per_thread = 16, .vec_size = 4, .reduce_algorithm = BLOCK_REDUCE_WARP_REDUCTIONS, .load_modifier = LOAD_LDG }, .single_tile = ReducePassPolicy { .threads_per_block = 256, .items_per_thread = 16, .vec_size = 4, .reduce_algorithm = BLOCK_REDUCE_WARP_REDUCTIONS, .load_modifier = LOAD_LDG } }
Invoking DeviceReduceKernel<<<720, 256, 0, 102783056903760>>>(), 16 items per thread, 6 SM occupancy
Invoking DeviceReduceSingleTileKernel<<<1, 256, 0, 102783056903760>>>(), 16 items per thread
Dispatching DeviceReduce on compute capability 8.9 with tuning: ReducePolicy { .multi_tile = ReducePassPolicy { .threads_per_block = 256, .items_per_thread = 16, .vec_size = 4, .reduce_algorithm = BLOCK_REDUCE_WARP_REDUCTIONS, .load_modifier = LOAD_LDG }, .single_tile = ReducePassPolicy { .threads_per_block = 256, .items_per_thread = 16, .vec_size = 4, .reduce_algorithm = BLOCK_REDUCE_WARP_REDUCTIONS, .load_modifier = LOAD_LDG } }
Invoking DeviceReduceKernel<<<720, 256, 0, 102783056903760>>>(), 16 items per thread, 6 SM occupancy
Invoking DeviceReduceSingleTileKernel<<<1, 256, 0, 102783056903760>>>(), 16 items per thread
Dispatching DeviceReduce on compute capability 8.9 with tuning: ReducePolicy { .multi_tile = ReducePassPolicy { .threads_per_block = 256, .items_per_thread = 16, .vec_size = 4, .reduce_algorithm = BLOCK_REDUCE_WARP_REDUCTIONS, .load_modifier = LOAD_LDG }, .single_tile = ReducePassPolicy { .threads_per_block = 256, .items_per_thread = 16, .vec_size = 4, .reduce_algorithm = BLOCK_REDUCE_WARP_REDUCTIONS, .load_modifier = LOAD_LDG } }
Invoking DeviceReduceKernel<<<720, 256, 0, 102783056903760>>>(), 16 items per thread, 6 SM occupancy
Invoking DeviceReduceSingleTileKernel<<<1, 256, 0, 102783056903760>>>(), 16 items per thread
Dispatching DeviceReduce on compute capability 8.9 with tuning: ReducePolicy { .multi_tile = ReducePassPolicy { .threads_per_block = 256, .items_per_thread = 16, .vec_size = 4, .reduce_algorithm = BLOCK_REDUCE_WARP_REDUCTIONS, .load_modifier = LOAD_LDG }, .single_tile = ReducePassPolicy { .threads_per_block = 256, .items_per_thread = 16, .vec_size = 4, .reduce_algorithm = BLOCK_REDUCE_WARP_REDUCTIONS, .load_modifier = LOAD_LDG } }
Invoking DeviceReduceKernel<<<720, 256, 0, 102783056903760>>>(), 16 items per thread, 6 SM occupancy
Invoking DeviceReduceSingleTileKernel<<<1, 256, 0, 102783056903760>>>(), 16 items per thread
Dispatching DeviceReduce on compute capability 8.9 with tuning: ReducePolicy { .multi_tile = ReducePassPolicy { .threads_per_block = 256, .items_per_thread = 16, .vec_size = 4, .reduce_algorithm = BLOCK_REDUCE_WARP_REDUCTIONS, .load_modifier = LOAD_LDG }, .single_tile = ReducePassPolicy { .threads_per_block = 256, .items_per_thread = 16, .vec_size = 4, .reduce_algorithm = BLOCK_REDUCE_WARP_REDUCTIONS, .load_modifier = LOAD_LDG } }
Invoking DeviceReduceKernel<<<720, 256, 0, 102783056903760>>>(), 16 items per thread, 6 SM occupancy
Invoking DeviceReduceSingleTileKernel<<<1, 256, 0, 102783056903760>>>(), 16 items per thread
Dispatching DeviceReduce on compute capability 8.9 with tuning: ReducePolicy { .multi_tile = ReducePassPolicy { .threads_per_block = 256, .items_per_thread = 16, .vec_size = 4, .reduce_algorithm = BLOCK_REDUCE_WARP_REDUCTIONS, .load_modifier = LOAD_LDG }, .single_tile = ReducePassPolicy { .threads_per_block = 256, .items_per_thread = 16, .vec_size = 4, .reduce_algorithm = BLOCK_REDUCE_WARP_REDUCTIONS, .load_modifier = LOAD_LDG } }
Invoking DeviceReduceKernel<<<720, 256, 0, 102783056903760>>>(), 16 items per thread, 6 SM occupancy
Invoking DeviceReduceSingleTileKernel<<<1, 256, 0, 102783056903760>>>(), 16 items per thread
Dispatching DeviceReduce on compute capability 8.9 with tuning: ReducePolicy { .multi_tile = ReducePassPolicy { .threads_per_block = 256, .items_per_thread = 16, .vec_size = 4, .reduce_algorithm = BLOCK_REDUCE_WARP_REDUCTIONS, .load_modifier = LOAD_LDG }, .single_tile = ReducePassPolicy { .threads_per_block = 256, .items_per_thread = 16, .vec_size = 4, .reduce_algorithm = BLOCK_REDUCE_WARP_REDUCTIONS, .load_modifier = LOAD_LDG } }
Invoking DeviceReduceKernel<<<720, 256, 0, 102783056903760>>>(), 16 items per thread, 6 SM occupancy
Invoking DeviceReduceSingleTileKernel<<<1, 256, 0, 102783056903760>>>(), 16 items per thread
Dispatching DeviceReduce on compute capability 8.9 with tuning: ReducePolicy { .multi_tile = ReducePassPolicy { .threads_per_block = 256, .items_per_thread = 16, .vec_size = 4, .reduce_algorithm = BLOCK_REDUCE_WARP_REDUCTIONS, .load_modifier = LOAD_LDG }, .single_tile = ReducePassPolicy { .threads_per_block = 256, .items_per_thread = 16, .vec_size = 4, .reduce_algorithm = BLOCK_REDUCE_WARP_REDUCTIONS, .load_modifier = LOAD_LDG } }
Invoking DeviceReduceKernel<<<720, 256, 0, 102783056903760>>>(), 16 items per thread, 6 SM occupancy
Invoking DeviceReduceSingleTileKernel<<<1, 256, 0, 102783056903760>>>(), 16 items per thread
Dispatching DeviceReduce on compute capability 8.9 with tuning: ReducePolicy { .multi_tile = ReducePassPolicy { .threads_per_block = 256, .items_per_thread = 16, .vec_size = 4, .reduce_algorithm = BLOCK_REDUCE_WARP_REDUCTIONS, .load_modifier = LOAD_LDG }, .single_tile = ReducePassPolicy { .threads_per_block = 256, .items_per_thread = 16, .vec_size = 4, .reduce_algorithm = BLOCK_REDUCE_WARP_REDUCTIONS, .load_modifier = LOAD_LDG } }
Invoking DeviceReduceKernel<<<720, 256, 0, 102783056903760>>>(), 16 items per thread, 6 SM occupancy
Invoking DeviceReduceSingleTileKernel<<<1, 256, 0, 102783056903760>>>(), 16 items per thread
Dispatching DeviceReduce on compute capability 8.9 with tuning: ReducePolicy { .multi_tile = ReducePassPolicy { .threads_per_block = 256, .items_per_thread = 16, .vec_size = 4, .reduce_algorithm = BLOCK_REDUCE_WARP_REDUCTIONS, .load_modifier = LOAD_LDG }, .single_tile = ReducePassPolicy { .threads_per_block = 256, .items_per_thread = 16, .vec_size = 4, .reduce_algorithm = BLOCK_REDUCE_WARP_REDUCTIONS, .load_modifier = LOAD_LDG } }
Invoking DeviceReduceKernel<<<720, 256, 0, 102783056903760>>>(), 16 items per thread, 6 SM occupancy
Invoking DeviceReduceSingleTileKernel<<<1, 256, 0, 102783056903760>>>(), 16 items per thread
Dispatching DeviceReduce on compute capability 8.9 with tuning: ReducePolicy { .multi_tile = ReducePassPolicy { .threads_per_block = 256, .items_per_thread = 16, .vec_size = 4, .reduce_algorithm = BLOCK_REDUCE_WARP_REDUCTIONS, .load_modifier = LOAD_LDG }, .single_tile = ReducePassPolicy { .threads_per_block = 256, .items_per_thread = 16, .vec_size = 4, .reduce_algorithm = BLOCK_REDUCE_WARP_REDUCTIONS, .load_modifier = LOAD_LDG } }
Invoking DeviceReduceKernel<<<720, 256, 0, 102783056903760>>>(), 16 items per thread, 6 SM occupancy
Invoking DeviceReduceSingleTileKernel<<<1, 256, 0, 102783056903760>>>(), 16 items per thread
Dispatching DeviceReduce on compute capability 8.9 with tuning: ReducePolicy { .multi_tile = ReducePassPolicy { .threads_per_block = 256, .items_per_thread = 16, .vec_size = 4, .reduce_algorithm = BLOCK_REDUCE_WARP_REDUCTIONS, .load_modifier = LOAD_LDG }, .single_tile = ReducePassPolicy { .threads_per_block = 256, .items_per_thread = 16, .vec_size = 4, .reduce_algorithm = BLOCK_REDUCE_WARP_REDUCTIONS, .load_modifier = LOAD_LDG } }
Invoking DeviceReduceKernel<<<720, 256, 0, 102783056903760>>>(), 16 items per thread, 6 SM occupancy
Invoking DeviceReduceSingleTileKernel<<<1, 256, 0, 102783056903760>>>(), 16 items per thread
Dispatching DeviceReduce on compute capability 8.9 with tuning: ReducePolicy { .multi_tile = ReducePassPolicy { .threads_per_block = 256, .items_per_thread = 16, .vec_size = 4, .reduce_algorithm = BLOCK_REDUCE_WARP_REDUCTIONS, .load_modifier = LOAD_LDG }, .single_tile = ReducePassPolicy { .threads_per_block = 256, .items_per_thread = 16, .vec_size = 4, .reduce_algorithm = BLOCK_REDUCE_WARP_REDUCTIONS, .load_modifier = LOAD_LDG } }
Invoking DeviceReduceKernel<<<720, 256, 0, 102783056903760>>>(), 16 items per thread, 6 SM occupancy
Invoking DeviceReduceSingleTileKernel<<<1, 256, 0, 102783056903760>>>(), 16 items per thread
Dispatching DeviceReduce on compute capability 8.9 with tuning: ReducePolicy { .multi_tile = ReducePassPolicy { .threads_per_block = 256, .items_per_thread = 16, .vec_size = 4, .reduce_algorithm = BLOCK_REDUCE_WARP_REDUCTIONS, .load_modifier = LOAD_LDG }, .single_tile = ReducePassPolicy { .threads_per_block = 256, .items_per_thread = 16, .vec_size = 4, .reduce_algorithm = BLOCK_REDUCE_WARP_REDUCTIONS, .load_modifier = LOAD_LDG } }
Invoking DeviceReduceKernel<<<720, 256, 0, 102783056903760>>>(), 16 items per thread, 6 SM occupancy
Invoking DeviceReduceSingleTileKernel<<<1, 256, 0, 102783056903760>>>(), 16 items per thread
Dispatching DeviceReduce on compute capability 8.9 with tuning: ReducePolicy { .multi_tile = ReducePassPolicy { .threads_per_block = 256, .items_per_thread = 16, .vec_size = 4, .reduce_algorithm = BLOCK_REDUCE_WARP_REDUCTIONS, .load_modifier = LOAD_LDG }, .single_tile = ReducePassPolicy { .threads_per_block = 256, .items_per_thread = 16, .vec_size = 4, .reduce_algorithm = BLOCK_REDUCE_WARP_REDUCTIONS, .load_modifier = LOAD_LDG } }
Invoking DeviceReduceKernel<<<720, 256, 0, 102783056903760>>>(), 16 items per thread, 6 SM occupancy
Invoking DeviceReduceSingleTileKernel<<<1, 256, 0, 102783056903760>>>(), 16 items per thread
Dispatching DeviceReduce on compute capability 8.9 with tuning: ReducePolicy { .multi_tile = ReducePassPolicy { .threads_per_block = 256, .items_per_thread = 16, .vec_size = 4, .reduce_algorithm = BLOCK_REDUCE_WARP_REDUCTIONS, .load_modifier = LOAD_LDG }, .single_tile = ReducePassPolicy { .threads_per_block = 256, .items_per_thread = 16, .vec_size = 4, .reduce_algorithm = BLOCK_REDUCE_WARP_REDUCTIONS, .load_modifier = LOAD_LDG } }
Invoking DeviceReduceKernel<<<720, 256, 0, 102783056903760>>>(), 16 items per thread, 6 SM occupancy
Invoking DeviceReduceSingleTileKernel<<<1, 256, 0, 102783056903760>>>(), 16 items per thread
Dispatching DeviceReduce on compute capability 8.9 with tuning: ReducePolicy { .multi_tile = ReducePassPolicy { .threads_per_block = 256, .items_per_thread = 16, .vec_size = 4, .reduce_algorithm = BLOCK_REDUCE_WARP_REDUCTIONS, .load_modifier = LOAD_LDG }, .single_tile = ReducePassPolicy { .threads_per_block = 256, .items_per_thread = 16, .vec_size = 4, .reduce_algorithm = BLOCK_REDUCE_WARP_REDUCTIONS, .load_modifier = LOAD_LDG } }
Invoking DeviceReduceKernel<<<720, 256, 0, 102783056903760>>>(), 16 items per thread, 6 SM occupancy
Invoking DeviceReduceSingleTileKernel<<<1, 256, 0, 102783056903760>>>(), 16 items per thread
Dispatching DeviceReduce on compute capability 8.9 with tuning: ReducePolicy { .multi_tile = ReducePassPolicy { .threads_per_block = 256, .items_per_thread = 16, .vec_size = 4, .reduce_algorithm = BLOCK_REDUCE_WARP_REDUCTIONS, .load_modifier = LOAD_LDG }, .single_tile = ReducePassPolicy { .threads_per_block = 256, .items_per_thread = 16, .vec_size = 4, .reduce_algorithm = BLOCK_REDUCE_WARP_REDUCTIONS, .load_modifier = LOAD_LDG } }
Invoking DeviceReduceKernel<<<720, 256, 0, 102783056903760>>>(), 16 items per thread, 6 SM occupancy
Invoking DeviceReduceSingleTileKernel<<<1, 256, 0, 102783056903760>>>(), 16 items per thread
Dispatching DeviceReduce on compute capability 8.9 with tuning: ReducePolicy { .multi_tile = ReducePassPolicy { .threads_per_block = 256, .items_per_thread = 16, .vec_size = 4, .reduce_algorithm = BLOCK_REDUCE_WARP_REDUCTIONS, .load_modifier = LOAD_LDG }, .single_tile = ReducePassPolicy { .threads_per_block = 256, .items_per_thread = 16, .vec_size = 4, .reduce_algorithm = BLOCK_REDUCE_WARP_REDUCTIONS, .load_modifier = LOAD_LDG } }
Invoking DeviceReduceKernel<<<720, 256, 0, 102783056903760>>>(), 16 items per thread, 6 SM occupancy
Invoking DeviceReduceSingleTileKernel<<<1, 256, 0, 102783056903760>>>(), 16 items per thread
Dispatching DeviceReduce on compute capability 8.9 with tuning: ReducePolicy { .multi_tile = ReducePassPolicy { .threads_per_block = 256, .items_per_thread = 16, .vec_size = 4, .reduce_algorithm = BLOCK_REDUCE_WARP_REDUCTIONS, .load_modifier = LOAD_LDG }, .single_tile = ReducePassPolicy { .threads_per_block = 256, .items_per_thread = 16, .vec_size = 4, .reduce_algorithm = BLOCK_REDUCE_WARP_REDUCTIONS, .load_modifier = LOAD_LDG } }
Invoking DeviceReduceKernel<<<720, 256, 0, 102783056903760>>>(), 16 items per thread, 6 SM occupancy
Invoking DeviceReduceSingleTileKernel<<<1, 256, 0, 102783056903760>>>(), 16 items per thread
Dispatching DeviceReduce on compute capability 8.9 with tuning: ReducePolicy { .multi_tile = ReducePassPolicy { .threads_per_block = 256, .items_per_thread = 16, .vec_size = 4, .reduce_algorithm = BLOCK_REDUCE_WARP_REDUCTIONS, .load_modifier = LOAD_LDG }, .single_tile = ReducePassPolicy { .threads_per_block = 256, .items_per_thread = 16, .vec_size = 4, .reduce_algorithm = BLOCK_REDUCE_WARP_REDUCTIONS, .load_modifier = LOAD_LDG } }
Invoking DeviceReduceKernel<<<720, 256, 0, 102783056903760>>>(), 16 items per thread, 6 SM occupancy
Invoking DeviceReduceSingleTileKernel<<<1, 256, 0, 102783056903760>>>(), 16 items per thread
Dispatching DeviceReduce on compute capability 8.9 with tuning: ReducePolicy { .multi_tile = ReducePassPolicy { .threads_per_block = 256, .items_per_thread = 16, .vec_size = 4, .reduce_algorithm = BLOCK_REDUCE_WARP_REDUCTIONS, .load_modifier = LOAD_LDG }, .single_tile = ReducePassPolicy { .threads_per_block = 256, .items_per_thread = 16, .vec_size = 4, .reduce_algorithm = BLOCK_REDUCE_WARP_REDUCTIONS, .load_modifier = LOAD_LDG } }
Invoking DeviceReduceKernel<<<720, 256, 0, 102783056903760>>>(), 16 items per thread, 6 SM occupancy
Invoking DeviceReduceSingleTileKernel<<<1, 256, 0, 102783056903760>>>(), 16 items per thread
Dispatching DeviceReduce on compute capability 8.9 with tuning: ReducePolicy { .multi_tile = ReducePassPolicy { .threads_per_block = 256, .items_per_thread = 16, .vec_size = 4, .reduce_algorithm = BLOCK_REDUCE_WARP_REDUCTIONS, .load_modifier = LOAD_LDG }, .single_tile = ReducePassPolicy { .threads_per_block = 256, .items_per_thread = 16, .vec_size = 4, .reduce_algorithm = BLOCK_REDUCE_WARP_REDUCTIONS, .load_modifier = LOAD_LDG } }
Invoking DeviceReduceKernel<<<720, 256, 0, 102783056903760>>>(), 16 items per thread, 6 SM occupancy
Invoking DeviceReduceSingleTileKernel<<<1, 256, 0, 102783056903760>>>(), 16 items per thread
Dispatching DeviceReduce on compute capability 8.9 with tuning: ReducePolicy { .multi_tile = ReducePassPolicy { .threads_per_block = 256, .items_per_thread = 16, .vec_size = 4, .reduce_algorithm = BLOCK_REDUCE_WARP_REDUCTIONS, .load_modifier = LOAD_LDG }, .single_tile = ReducePassPolicy { .threads_per_block = 256, .items_per_thread = 16, .vec_size = 4, .reduce_algorithm = BLOCK_REDUCE_WARP_REDUCTIONS, .load_modifier = LOAD_LDG } }
Invoking DeviceReduceKernel<<<720, 256, 0, 102783056903760>>>(), 16 items per thread, 6 SM occupancy
Invoking DeviceReduceSingleTileKernel<<<1, 256, 0, 102783056903760>>>(), 16 items per thread
Dispatching DeviceReduce on compute capability 8.9 with tuning: ReducePolicy { .multi_tile = ReducePassPolicy { .threads_per_block = 256, .items_per_thread = 16, .vec_size = 4, .reduce_algorithm = BLOCK_REDUCE_WARP_REDUCTIONS, .load_modifier = LOAD_LDG }, .single_tile = ReducePassPolicy { .threads_per_block = 256, .items_per_thread = 16, .vec_size = 4, .reduce_algorithm = BLOCK_REDUCE_WARP_REDUCTIONS, .load_modifier = LOAD_LDG } }
Invoking DeviceReduceKernel<<<720, 256, 0, 102783056903760>>>(), 16 items per thread, 6 SM occupancy
Invoking DeviceReduceSingleTileKernel<<<1, 256, 0, 102783056903760>>>(), 16 items per thread
Dispatching DeviceReduce on compute capability 8.9 with tuning: ReducePolicy { .multi_tile = ReducePassPolicy { .threads_per_block = 256, .items_per_thread = 16, .vec_size = 4, .reduce_algorithm = BLOCK_REDUCE_WARP_REDUCTIONS, .load_modifier = LOAD_LDG }, .single_tile = ReducePassPolicy { .threads_per_block = 256, .items_per_thread = 16, .vec_size = 4, .reduce_algorithm = BLOCK_REDUCE_WARP_REDUCTIONS, .load_modifier = LOAD_LDG } }
Invoking DeviceReduceKernel<<<720, 256, 0, 102783056903760>>>(), 16 items per thread, 6 SM occupancy
Invoking DeviceReduceSingleTileKernel<<<1, 256, 0, 102783056903760>>>(), 16 items per thread
Dispatching DeviceReduce on compute capability 8.9 with tuning: ReducePolicy { .multi_tile = ReducePassPolicy { .threads_per_block = 256, .items_per_thread = 16, .vec_size = 4, .reduce_algorithm = BLOCK_REDUCE_WARP_REDUCTIONS, .load_modifier = LOAD_LDG }, .single_tile = ReducePassPolicy { .threads_per_block = 256, .items_per_thread = 16, .vec_size = 4, .reduce_algorithm = BLOCK_REDUCE_WARP_REDUCTIONS, .load_modifier = LOAD_LDG } }
Invoking DeviceReduceKernel<<<720, 256, 0, 102783056903760>>>(), 16 items per thread, 6 SM occupancy
Invoking DeviceReduceSingleTileKernel<<<1, 256, 0, 102783056903760>>>(), 16 items per thread
Dispatching DeviceReduce on compute capability 8.9 with tuning: ReducePolicy { .multi_tile = ReducePassPolicy { .threads_per_block = 256, .items_per_thread = 16, .vec_size = 4, .reduce_algorithm = BLOCK_REDUCE_WARP_REDUCTIONS, .load_modifier = LOAD_LDG }, .single_tile = ReducePassPolicy { .threads_per_block = 256, .items_per_thread = 16, .vec_size = 4, .reduce_algorithm = BLOCK_REDUCE_WARP_REDUCTIONS, .load_modifier = LOAD_LDG } }
Invoking DeviceReduceKernel<<<720, 256, 0, 102783056903760>>>(), 16 items per thread, 6 SM occupancy
Invoking DeviceReduceSingleTileKernel<<<1, 256, 0, 102783056903760>>>(), 16 items per thread
Dispatching DeviceReduce on compute capability 8.9 with tuning: ReducePolicy { .multi_tile = ReducePassPolicy { .threads_per_block = 256, .items_per_thread = 16, .vec_size = 4, .reduce_algorithm = BLOCK_REDUCE_WARP_REDUCTIONS, .load_modifier = LOAD_LDG }, .single_tile = ReducePassPolicy { .threads_per_block = 256, .items_per_thread = 16, .vec_size = 4, .reduce_algorithm = BLOCK_REDUCE_WARP_REDUCTIONS, .load_modifier = LOAD_LDG } }
Invoking DeviceReduceKernel<<<720, 256, 0, 102783056903760>>>(), 16 items per thread, 6 SM occupancy
Invoking DeviceReduceSingleTileKernel<<<1, 256, 0, 102783056903760>>>(), 16 items per thread
Dispatching DeviceReduce on compute capability 8.9 with tuning: ReducePolicy { .multi_tile = ReducePassPolicy { .threads_per_block = 256, .items_per_thread = 16, .vec_size = 4, .reduce_algorithm = BLOCK_REDUCE_WARP_REDUCTIONS, .load_modifier = LOAD_LDG }, .single_tile = ReducePassPolicy { .threads_per_block = 256, .items_per_thread = 16, .vec_size = 4, .reduce_algorithm = BLOCK_REDUCE_WARP_REDUCTIONS, .load_modifier = LOAD_LDG } }
Invoking DeviceReduceKernel<<<720, 256, 0, 102783056903760>>>(), 16 items per thread, 6 SM occupancy
Invoking DeviceReduceSingleTileKernel<<<1, 256, 0, 102783056903760>>>(), 16 items per thread
Dispatching DeviceReduce on compute capability 8.9 with tuning: ReducePolicy { .multi_tile = ReducePassPolicy { .threads_per_block = 256, .items_per_thread = 16, .vec_size = 4, .reduce_algorithm = BLOCK_REDUCE_WARP_REDUCTIONS, .load_modifier = LOAD_LDG }, .single_tile = ReducePassPolicy { .threads_per_block = 256, .items_per_thread = 16, .vec_size = 4, .reduce_algorithm = BLOCK_REDUCE_WARP_REDUCTIONS, .load_modifier = LOAD_LDG } }
Invoking DeviceReduceKernel<<<720, 256, 0, 102783056903760>>>(), 16 items per thread, 6 SM occupancy
Invoking DeviceReduceSingleTileKernel<<<1, 256, 0, 102783056903760>>>(), 16 items per thread
Dispatching DeviceReduce on compute capability 8.9 with tuning: ReducePolicy { .multi_tile = ReducePassPolicy { .threads_per_block = 256, .items_per_thread = 16, .vec_size = 4, .reduce_algorithm = BLOCK_REDUCE_WARP_REDUCTIONS, .load_modifier = LOAD_LDG }, .single_tile = ReducePassPolicy { .threads_per_block = 256, .items_per_thread = 16, .vec_size = 4, .reduce_algorithm = BLOCK_REDUCE_WARP_REDUCTIONS, .load_modifier = LOAD_LDG } }
Invoking DeviceReduceKernel<<<720, 256, 0, 102783056903760>>>(), 16 items per thread, 6 SM occupancy
Invoking DeviceReduceSingleTileKernel<<<1, 256, 0, 102783056903760>>>(), 16 items per thread
Dispatching DeviceReduce on compute capability 8.9 with tuning: ReducePolicy { .multi_tile = ReducePassPolicy { .threads_per_block = 256, .items_per_thread = 16, .vec_size = 4, .reduce_algorithm = BLOCK_REDUCE_WARP_REDUCTIONS, .load_modifier = LOAD_LDG }, .single_tile = ReducePassPolicy { .threads_per_block = 256, .items_per_thread = 16, .vec_size = 4, .reduce_algorithm = BLOCK_REDUCE_WARP_REDUCTIONS, .load_modifier = LOAD_LDG } }
Invoking DeviceReduceKernel<<<720, 256, 0, 102783056903760>>>(), 16 items per thread, 6 SM occupancy
Invoking DeviceReduceSingleTileKernel<<<1, 256, 0, 102783056903760>>>(), 16 items per thread
Dispatching DeviceReduce on compute capability 8.9 with tuning: ReducePolicy { .multi_tile = ReducePassPolicy { .threads_per_block = 256, .items_per_thread = 16, .vec_size = 4, .reduce_algorithm = BLOCK_REDUCE_WARP_REDUCTIONS, .load_modifier = LOAD_LDG }, .single_tile = ReducePassPolicy { .threads_per_block = 256, .items_per_thread = 16, .vec_size = 4, .reduce_algorithm = BLOCK_REDUCE_WARP_REDUCTIONS, .load_modifier = LOAD_LDG } }
Invoking DeviceReduceKernel<<<720, 256, 0, 102783056903760>>>(), 16 items per thread, 6 SM occupancy
Invoking DeviceReduceSingleTileKernel<<<1, 256, 0, 102783056903760>>>(), 16 items per thread
Dispatching DeviceReduce on compute capability 8.9 with tuning: ReducePolicy { .multi_tile = ReducePassPolicy { .threads_per_block = 256, .items_per_thread = 16, .vec_size = 4, .reduce_algorithm = BLOCK_REDUCE_WARP_REDUCTIONS, .load_modifier = LOAD_LDG }, .single_tile = ReducePassPolicy { .threads_per_block = 256, .items_per_thread = 16, .vec_size = 4, .reduce_algorithm = BLOCK_REDUCE_WARP_REDUCTIONS, .load_modifier = LOAD_LDG } }
Invoking DeviceReduceKernel<<<720, 256, 0, 102783056903760>>>(), 16 items per thread, 6 SM occupancy
Invoking DeviceReduceSingleTileKernel<<<1, 256, 0, 102783056903760>>>(), 16 items per thread
Dispatching DeviceReduce on compute capability 8.9 with tuning: ReducePolicy { .multi_tile = ReducePassPolicy { .threads_per_block = 256, .items_per_thread = 16, .vec_size = 4, .reduce_algorithm = BLOCK_REDUCE_WARP_REDUCTIONS, .load_modifier = LOAD_LDG }, .single_tile = ReducePassPolicy { .threads_per_block = 256, .items_per_thread = 16, .vec_size = 4, .reduce_algorithm = BLOCK_REDUCE_WARP_REDUCTIONS, .load_modifier = LOAD_LDG } }
Invoking DeviceReduceKernel<<<720, 256, 0, 102783056903760>>>(), 16 items per thread, 6 SM occupancy
Invoking DeviceReduceSingleTileKernel<<<1, 256, 0, 102783056903760>>>(), 16 items per thread
Dispatching DeviceReduce on compute capability 8.9 with tuning: ReducePolicy { .multi_tile = ReducePassPolicy { .threads_per_block = 256, .items_per_thread = 16, .vec_size = 4, .reduce_algorithm = BLOCK_REDUCE_WARP_REDUCTIONS, .load_modifier = LOAD_LDG }, .single_tile = ReducePassPolicy { .threads_per_block = 256, .items_per_thread = 16, .vec_size = 4, .reduce_algorithm = BLOCK_REDUCE_WARP_REDUCTIONS, .load_modifier = LOAD_LDG } }
Invoking DeviceReduceKernel<<<720, 256, 0, 102783056903760>>>(), 16 items per thread, 6 SM occupancy
Invoking DeviceReduceSingleTileKernel<<<1, 256, 0, 102783056903760>>>(), 16 items per thread
Dispatching DeviceReduce on compute capability 8.9 with tuning: ReducePolicy { .multi_tile = ReducePassPolicy { .threads_per_block = 256, .items_per_thread = 16, .vec_size = 4, .reduce_algorithm = BLOCK_REDUCE_WARP_REDUCTIONS, .load_modifier = LOAD_LDG }, .single_tile = ReducePassPolicy { .threads_per_block = 256, .items_per_thread = 16, .vec_size = 4, .reduce_algorithm = BLOCK_REDUCE_WARP_REDUCTIONS, .load_modifier = LOAD_LDG } }
Invoking DeviceReduceKernel<<<720, 256, 0, 102783056903760>>>(), 16 items per thread, 6 SM occupancy
Invoking DeviceReduceSingleTileKernel<<<1, 256, 0, 102783056903760>>>(), 16 items per thread
Dispatching DeviceReduce on compute capability 8.9 with tuning: ReducePolicy { .multi_tile = ReducePassPolicy { .threads_per_block = 256, .items_per_thread = 16, .vec_size = 4, .reduce_algorithm = BLOCK_REDUCE_WARP_REDUCTIONS, .load_modifier = LOAD_LDG }, .single_tile = ReducePassPolicy { .threads_per_block = 256, .items_per_thread = 16, .vec_size = 4, .reduce_algorithm = BLOCK_REDUCE_WARP_REDUCTIONS, .load_modifier = LOAD_LDG } }
Invoking DeviceReduceKernel<<<720, 256, 0, 102783056903760>>>(), 16 items per thread, 6 SM occupancy
Invoking DeviceReduceSingleTileKernel<<<1, 256, 0, 102783056903760>>>(), 16 items per thread
Dispatching DeviceReduce on compute capability 8.9 with tuning: ReducePolicy { .multi_tile = ReducePassPolicy { .threads_per_block = 256, .items_per_thread = 16, .vec_size = 4, .reduce_algorithm = BLOCK_REDUCE_WARP_REDUCTIONS, .load_modifier = LOAD_LDG }, .single_tile = ReducePassPolicy { .threads_per_block = 256, .items_per_thread = 16, .vec_size = 4, .reduce_algorithm = BLOCK_REDUCE_WARP_REDUCTIONS, .load_modifier = LOAD_LDG } }
Invoking DeviceReduceKernel<<<720, 256, 0, 102783056903760>>>(), 16 items per thread, 6 SM occupancy
Invoking DeviceReduceSingleTileKernel<<<1, 256, 0, 102783056903760>>>(), 16 items per thread
Dispatching DeviceReduce on compute capability 8.9 with tuning: ReducePolicy { .multi_tile = ReducePassPolicy { .threads_per_block = 256, .items_per_thread = 16, .vec_size = 4, .reduce_algorithm = BLOCK_REDUCE_WARP_REDUCTIONS, .load_modifier = LOAD_LDG }, .single_tile = ReducePassPolicy { .threads_per_block = 256, .items_per_thread = 16, .vec_size = 4, .reduce_algorithm = BLOCK_REDUCE_WARP_REDUCTIONS, .load_modifier = LOAD_LDG } }
Invoking DeviceReduceKernel<<<720, 256, 0, 102783056903760>>>(), 16 items per thread, 6 SM occupancy
Invoking DeviceReduceSingleTileKernel<<<1, 256, 0, 102783056903760>>>(), 16 items per thread
Dispatching DeviceReduce on compute capability 8.9 with tuning: ReducePolicy { .multi_tile = ReducePassPolicy { .threads_per_block = 256, .items_per_thread = 16, .vec_size = 4, .reduce_algorithm = BLOCK_REDUCE_WARP_REDUCTIONS, .load_modifier = LOAD_LDG }, .single_tile = ReducePassPolicy { .threads_per_block = 256, .items_per_thread = 16, .vec_size = 4, .reduce_algorithm = BLOCK_REDUCE_WARP_REDUCTIONS, .load_modifier = LOAD_LDG } }
Invoking DeviceReduceKernel<<<720, 256, 0, 102783056903760>>>(), 16 items per thread, 6 SM occupancy
Invoking DeviceReduceSingleTileKernel<<<1, 256, 0, 102783056903760>>>(), 16 items per thread
Dispatching DeviceReduce on compute capability 8.9 with tuning: ReducePolicy { .multi_tile = ReducePassPolicy { .threads_per_block = 256, .items_per_thread = 16, .vec_size = 4, .reduce_algorithm = BLOCK_REDUCE_WARP_REDUCTIONS, .load_modifier = LOAD_LDG }, .single_tile = ReducePassPolicy { .threads_per_block = 256, .items_per_thread = 16, .vec_size = 4, .reduce_algorithm = BLOCK_REDUCE_WARP_REDUCTIONS, .load_modifier = LOAD_LDG } }
Invoking DeviceReduceKernel<<<720, 256, 0, 102783056903760>>>(), 16 items per thread, 6 SM occupancy
Invoking DeviceReduceSingleTileKernel<<<1, 256, 0, 102783056903760>>>(), 16 items per thread
Dispatching DeviceReduce on compute capability 8.9 with tuning: ReducePolicy { .multi_tile = ReducePassPolicy { .threads_per_block = 256, .items_per_thread = 16, .vec_size = 4, .reduce_algorithm = BLOCK_REDUCE_WARP_REDUCTIONS, .load_modifier = LOAD_LDG }, .single_tile = ReducePassPolicy { .threads_per_block = 256, .items_per_thread = 16, .vec_size = 4, .reduce_algorithm = BLOCK_REDUCE_WARP_REDUCTIONS, .load_modifier = LOAD_LDG } }
Invoking DeviceReduceKernel<<<720, 256, 0, 102783056903760>>>(), 16 items per thread, 6 SM occupancy
Invoking DeviceReduceSingleTileKernel<<<1, 256, 0, 102783056903760>>>(), 16 items per thread
Dispatching DeviceReduce on compute capability 8.9 with tuning: ReducePolicy { .multi_tile = ReducePassPolicy { .threads_per_block = 256, .items_per_thread = 16, .vec_size = 4, .reduce_algorithm = BLOCK_REDUCE_WARP_REDUCTIONS, .load_modifier = LOAD_LDG }, .single_tile = ReducePassPolicy { .threads_per_block = 256, .items_per_thread = 16, .vec_size = 4, .reduce_algorithm = BLOCK_REDUCE_WARP_REDUCTIONS, .load_modifier = LOAD_LDG } }
Invoking DeviceReduceKernel<<<720, 256, 0, 102783056903760>>>(), 16 items per thread, 6 SM occupancy
Invoking DeviceReduceSingleTileKernel<<<1, 256, 0, 102783056903760>>>(), 16 items per thread
Dispatching DeviceReduce on compute capability 8.9 with tuning: ReducePolicy { .multi_tile = ReducePassPolicy { .threads_per_block = 256, .items_per_thread = 16, .vec_size = 4, .reduce_algorithm = BLOCK_REDUCE_WARP_REDUCTIONS, .load_modifier = LOAD_LDG }, .single_tile = ReducePassPolicy { .threads_per_block = 256, .items_per_thread = 16, .vec_size = 4, .reduce_algorithm = BLOCK_REDUCE_WARP_REDUCTIONS, .load_modifier = LOAD_LDG } }
Invoking DeviceReduceKernel<<<720, 256, 0, 102783056903760>>>(), 16 items per thread, 6 SM occupancy
Invoking DeviceReduceSingleTileKernel<<<1, 256, 0, 102783056903760>>>(), 16 items per thread
Dispatching DeviceReduce on compute capability 8.9 with tuning: ReducePolicy { .multi_tile = ReducePassPolicy { .threads_per_block = 256, .items_per_thread = 16, .vec_size = 4, .reduce_algorithm = BLOCK_REDUCE_WARP_REDUCTIONS, .load_modifier = LOAD_LDG }, .single_tile = ReducePassPolicy { .threads_per_block = 256, .items_per_thread = 16, .vec_size = 4, .reduce_algorithm = BLOCK_REDUCE_WARP_REDUCTIONS, .load_modifier = LOAD_LDG } }
Invoking DeviceReduceKernel<<<720, 256, 0, 102783056903760>>>(), 16 items per thread, 6 SM occupancy
Invoking DeviceReduceSingleTileKernel<<<1, 256, 0, 102783056903760>>>(), 16 items per thread
Dispatching DeviceReduce on compute capability 8.9 with tuning: ReducePolicy { .multi_tile = ReducePassPolicy { .threads_per_block = 256, .items_per_thread = 16, .vec_size = 4, .reduce_algorithm = BLOCK_REDUCE_WARP_REDUCTIONS, .load_modifier = LOAD_LDG }, .single_tile = ReducePassPolicy { .threads_per_block = 256, .items_per_thread = 16, .vec_size = 4, .reduce_algorithm = BLOCK_REDUCE_WARP_REDUCTIONS, .load_modifier = LOAD_LDG } }
Invoking DeviceReduceKernel<<<720, 256, 0, 102783056903760>>>(), 16 items per thread, 6 SM occupancy
Invoking DeviceReduceSingleTileKernel<<<1, 256, 0, 102783056903760>>>(), 16 items per thread
Dispatching DeviceReduce on compute capability 8.9 with tuning: ReducePolicy { .multi_tile = ReducePassPolicy { .threads_per_block = 256, .items_per_thread = 16, .vec_size = 4, .reduce_algorithm = BLOCK_REDUCE_WARP_REDUCTIONS, .load_modifier = LOAD_LDG }, .single_tile = ReducePassPolicy { .threads_per_block = 256, .items_per_thread = 16, .vec_size = 4, .reduce_algorithm = BLOCK_REDUCE_WARP_REDUCTIONS, .load_modifier = LOAD_LDG } }
Invoking DeviceReduceKernel<<<720, 256, 0, 102783056903760>>>(), 16 items per thread, 6 SM occupancy
Invoking DeviceReduceSingleTileKernel<<<1, 256, 0, 102783056903760>>>(), 16 items per thread
Dispatching DeviceReduce on compute capability 8.9 with tuning: ReducePolicy { .multi_tile = ReducePassPolicy { .threads_per_block = 256, .items_per_thread = 16, .vec_size = 4, .reduce_algorithm = BLOCK_REDUCE_WARP_REDUCTIONS, .load_modifier = LOAD_LDG }, .single_tile = ReducePassPolicy { .threads_per_block = 256, .items_per_thread = 16, .vec_size = 4, .reduce_algorithm = BLOCK_REDUCE_WARP_REDUCTIONS, .load_modifier = LOAD_LDG } }
Invoking DeviceReduceKernel<<<720, 256, 0, 102783056903760>>>(), 16 items per thread, 6 SM occupancy
Invoking DeviceReduceSingleTileKernel<<<1, 256, 0, 102783056903760>>>(), 16 items per thread
Dispatching DeviceReduce on compute capability 8.9 with tuning: ReducePolicy { .multi_tile = ReducePassPolicy { .threads_per_block = 256, .items_per_thread = 16, .vec_size = 4, .reduce_algorithm = BLOCK_REDUCE_WARP_REDUCTIONS, .load_modifier = LOAD_LDG }, .single_tile = ReducePassPolicy { .threads_per_block = 256, .items_per_thread = 16, .vec_size = 4, .reduce_algorithm = BLOCK_REDUCE_WARP_REDUCTIONS, .load_modifier = LOAD_LDG } }
Invoking DeviceReduceKernel<<<720, 256, 0, 102783056903760>>>(), 16 items per thread, 6 SM occupancy
Invoking DeviceReduceSingleTileKernel<<<1, 256, 0, 102783056903760>>>(), 16 items per thread
Dispatching DeviceReduce on compute capability 8.9 with tuning: ReducePolicy { .multi_tile = ReducePassPolicy { .threads_per_block = 256, .items_per_thread = 16, .vec_size = 4, .reduce_algorithm = BLOCK_REDUCE_WARP_REDUCTIONS, .load_modifier = LOAD_LDG }, .single_tile = ReducePassPolicy { .threads_per_block = 256, .items_per_thread = 16, .vec_size = 4, .reduce_algorithm = BLOCK_REDUCE_WARP_REDUCTIONS, .load_modifier = LOAD_LDG } }
Invoking DeviceReduceKernel<<<720, 256, 0, 102783056903760>>>(), 16 items per thread, 6 SM occupancy
Invoking DeviceReduceSingleTileKernel<<<1, 256, 0, 102783056903760>>>(), 16 items per thread
Dispatching DeviceReduce on compute capability 8.9 with tuning: ReducePolicy { .multi_tile = ReducePassPolicy { .threads_per_block = 256, .items_per_thread = 16, .vec_size = 4, .reduce_algorithm = BLOCK_REDUCE_WARP_REDUCTIONS, .load_modifier = LOAD_LDG }, .single_tile = ReducePassPolicy { .threads_per_block = 256, .items_per_thread = 16, .vec_size = 4, .reduce_algorithm = BLOCK_REDUCE_WARP_REDUCTIONS, .load_modifier = LOAD_LDG } }
Invoking DeviceReduceKernel<<<720, 256, 0, 102783056903760>>>(), 16 items per thread, 6 SM occupancy
Invoking DeviceReduceSingleTileKernel<<<1, 256, 0, 102783056903760>>>(), 16 items per thread
Dispatching DeviceReduce on compute capability 8.9 with tuning: ReducePolicy { .multi_tile = ReducePassPolicy { .threads_per_block = 256, .items_per_thread = 16, .vec_size = 4, .reduce_algorithm = BLOCK_REDUCE_WARP_REDUCTIONS, .load_modifier = LOAD_LDG }, .single_tile = ReducePassPolicy { .threads_per_block = 256, .items_per_thread = 16, .vec_size = 4, .reduce_algorithm = BLOCK_REDUCE_WARP_REDUCTIONS, .load_modifier = LOAD_LDG } }
Invoking DeviceReduceKernel<<<720, 256, 0, 102783056903760>>>(), 16 items per thread, 6 SM occupancy
Invoking DeviceReduceSingleTileKernel<<<1, 256, 0, 102783056903760>>>(), 16 items per thread
Dispatching DeviceReduce on compute capability 8.9 with tuning: ReducePolicy { .multi_tile = ReducePassPolicy { .threads_per_block = 256, .items_per_thread = 16, .vec_size = 4, .reduce_algorithm = BLOCK_REDUCE_WARP_REDUCTIONS, .load_modifier = LOAD_LDG }, .single_tile = ReducePassPolicy { .threads_per_block = 256, .items_per_thread = 16, .vec_size = 4, .reduce_algorithm = BLOCK_REDUCE_WARP_REDUCTIONS, .load_modifier = LOAD_LDG } }
Invoking DeviceReduceKernel<<<720, 256, 0, 102783056903760>>>(), 16 items per thread, 6 SM occupancy
Invoking DeviceReduceSingleTileKernel<<<1, 256, 0, 102783056903760>>>(), 16 items per thread
Dispatching DeviceReduce on compute capability 8.9 with tuning: ReducePolicy { .multi_tile = ReducePassPolicy { .threads_per_block = 256, .items_per_thread = 16, .vec_size = 4, .reduce_algorithm = BLOCK_REDUCE_WARP_REDUCTIONS, .load_modifier = LOAD_LDG }, .single_tile = ReducePassPolicy { .threads_per_block = 256, .items_per_thread = 16, .vec_size = 4, .reduce_algorithm = BLOCK_REDUCE_WARP_REDUCTIONS, .load_modifier = LOAD_LDG } }
Invoking DeviceReduceKernel<<<720, 256, 0, 102783056903760>>>(), 16 items per thread, 6 SM occupancy
Invoking DeviceReduceSingleTileKernel<<<1, 256, 0, 102783056903760>>>(), 16 items per thread
Dispatching DeviceReduce on compute capability 8.9 with tuning: ReducePolicy { .multi_tile = ReducePassPolicy { .threads_per_block = 256, .items_per_thread = 16, .vec_size = 4, .reduce_algorithm = BLOCK_REDUCE_WARP_REDUCTIONS, .load_modifier = LOAD_LDG }, .single_tile = ReducePassPolicy { .threads_per_block = 256, .items_per_thread = 16, .vec_size = 4, .reduce_algorithm = BLOCK_REDUCE_WARP_REDUCTIONS, .load_modifier = LOAD_LDG } }
Invoking DeviceReduceKernel<<<720, 256, 0, 102783056903760>>>(), 16 items per thread, 6 SM occupancy
Invoking DeviceReduceSingleTileKernel<<<1, 256, 0, 102783056903760>>>(), 16 items per thread
Dispatching DeviceReduce on compute capability 8.9 with tuning: ReducePolicy { .multi_tile = ReducePassPolicy { .threads_per_block = 256, .items_per_thread = 16, .vec_size = 4, .reduce_algorithm = BLOCK_REDUCE_WARP_REDUCTIONS, .load_modifier = LOAD_LDG }, .single_tile = ReducePassPolicy { .threads_per_block = 256, .items_per_thread = 16, .vec_size = 4, .reduce_algorithm = BLOCK_REDUCE_WARP_REDUCTIONS, .load_modifier = LOAD_LDG } }
Invoking DeviceReduceKernel<<<720, 256, 0, 102783056903760>>>(), 16 items per thread, 6 SM occupancy
Invoking DeviceReduceSingleTileKernel<<<1, 256, 0, 102783056903760>>>(), 16 items per thread
Dispatching DeviceReduce on compute capability 8.9 with tuning: ReducePolicy { .multi_tile = ReducePassPolicy { .threads_per_block = 256, .items_per_thread = 16, .vec_size = 4, .reduce_algorithm = BLOCK_REDUCE_WARP_REDUCTIONS, .load_modifier = LOAD_LDG }, .single_tile = ReducePassPolicy { .threads_per_block = 256, .items_per_thread = 16, .vec_size = 4, .reduce_algorithm = BLOCK_REDUCE_WARP_REDUCTIONS, .load_modifier = LOAD_LDG } }
Invoking DeviceReduceKernel<<<720, 256, 0, 102783056903760>>>(), 16 items per thread, 6 SM occupancy
Invoking DeviceReduceSingleTileKernel<<<1, 256, 0, 102783056903760>>>(), 16 items per thread
Dispatching DeviceReduce on compute capability 8.9 with tuning: ReducePolicy { .multi_tile = ReducePassPolicy { .threads_per_block = 256, .items_per_thread = 16, .vec_size = 4, .reduce_algorithm = BLOCK_REDUCE_WARP_REDUCTIONS, .load_modifier = LOAD_LDG }, .single_tile = ReducePassPolicy { .threads_per_block = 256, .items_per_thread = 16, .vec_size = 4, .reduce_algorithm = BLOCK_REDUCE_WARP_REDUCTIONS, .load_modifier = LOAD_LDG } }
Invoking DeviceReduceKernel<<<720, 256, 0, 102783056903760>>>(), 16 items per thread, 6 SM occupancy
Invoking DeviceReduceSingleTileKernel<<<1, 256, 0, 102783056903760>>>(), 16 items per thread
Dispatching DeviceReduce on compute capability 8.9 with tuning: ReducePolicy { .multi_tile = ReducePassPolicy { .threads_per_block = 256, .items_per_thread = 16, .vec_size = 4, .reduce_algorithm = BLOCK_REDUCE_WARP_REDUCTIONS, .load_modifier = LOAD_LDG }, .single_tile = ReducePassPolicy { .threads_per_block = 256, .items_per_thread = 16, .vec_size = 4, .reduce_algorithm = BLOCK_REDUCE_WARP_REDUCTIONS, .load_modifier = LOAD_LDG } }
Invoking DeviceReduceKernel<<<720, 256, 0, 102783056903760>>>(), 16 items per thread, 6 SM occupancy
Invoking DeviceReduceSingleTileKernel<<<1, 256, 0, 102783056903760>>>(), 16 items per thread
Dispatching DeviceReduce on compute capability 8.9 with tuning: ReducePolicy { .multi_tile = ReducePassPolicy { .threads_per_block = 256, .items_per_thread = 16, .vec_size = 4, .reduce_algorithm = BLOCK_REDUCE_WARP_REDUCTIONS, .load_modifier = LOAD_LDG }, .single_tile = ReducePassPolicy { .threads_per_block = 256, .items_per_thread = 16, .vec_size = 4, .reduce_algorithm = BLOCK_REDUCE_WARP_REDUCTIONS, .load_modifier = LOAD_LDG } }
Invoking DeviceReduceKernel<<<720, 256, 0, 102783056903760>>>(), 16 items per thread, 6 SM occupancy
Invoking DeviceReduceSingleTileKernel<<<1, 256, 0, 102783056903760>>>(), 16 items per thread
Dispatching DeviceReduce on compute capability 8.9 with tuning: ReducePolicy { .multi_tile = ReducePassPolicy { .threads_per_block = 256, .items_per_thread = 16, .vec_size = 4, .reduce_algorithm = BLOCK_REDUCE_WARP_REDUCTIONS, .load_modifier = LOAD_LDG }, .single_tile = ReducePassPolicy { .threads_per_block = 256, .items_per_thread = 16, .vec_size = 4, .reduce_algorithm = BLOCK_REDUCE_WARP_REDUCTIONS, .load_modifier = LOAD_LDG } }
Invoking DeviceReduceKernel<<<720, 256, 0, 102783056903760>>>(), 16 items per thread, 6 SM occupancy
Invoking DeviceReduceSingleTileKernel<<<1, 256, 0, 102783056903760>>>(), 16 items per thread
Dispatching DeviceReduce on compute capability 8.9 with tuning: ReducePolicy { .multi_tile = ReducePassPolicy { .threads_per_block = 256, .items_per_thread = 16, .vec_size = 4, .reduce_algorithm = BLOCK_REDUCE_WARP_REDUCTIONS, .load_modifier = LOAD_LDG }, .single_tile = ReducePassPolicy { .threads_per_block = 256, .items_per_thread = 16, .vec_size = 4, .reduce_algorithm = BLOCK_REDUCE_WARP_REDUCTIONS, .load_modifier = LOAD_LDG } }
Invoking DeviceReduceKernel<<<720, 256, 0, 102783056903760>>>(), 16 items per thread, 6 SM occupancy
Invoking DeviceReduceSingleTileKernel<<<1, 256, 0, 102783056903760>>>(), 16 items per thread
Dispatching DeviceReduce on compute capability 8.9 with tuning: ReducePolicy { .multi_tile = ReducePassPolicy { .threads_per_block = 256, .items_per_thread = 16, .vec_size = 4, .reduce_algorithm = BLOCK_REDUCE_WARP_REDUCTIONS, .load_modifier = LOAD_LDG }, .single_tile = ReducePassPolicy { .threads_per_block = 256, .items_per_thread = 16, .vec_size = 4, .reduce_algorithm = BLOCK_REDUCE_WARP_REDUCTIONS, .load_modifier = LOAD_LDG } }
Invoking DeviceReduceKernel<<<720, 256, 0, 102783056903760>>>(), 16 items per thread, 6 SM occupancy
Invoking DeviceReduceSingleTileKernel<<<1, 256, 0, 102783056903760>>>(), 16 items per thread
Dispatching DeviceReduce on compute capability 8.9 with tuning: ReducePolicy { .multi_tile = ReducePassPolicy { .threads_per_block = 256, .items_per_thread = 16, .vec_size = 4, .reduce_algorithm = BLOCK_REDUCE_WARP_REDUCTIONS, .load_modifier = LOAD_LDG }, .single_tile = ReducePassPolicy { .threads_per_block = 256, .items_per_thread = 16, .vec_size = 4, .reduce_algorithm = BLOCK_REDUCE_WARP_REDUCTIONS, .load_modifier = LOAD_LDG } }
Invoking DeviceReduceKernel<<<720, 256, 0, 102783056903760>>>(), 16 items per thread, 6 SM occupancy
Invoking DeviceReduceSingleTileKernel<<<1, 256, 0, 102783056903760>>>(), 16 items per thread
Dispatching DeviceReduce on compute capability 8.9 with tuning: ReducePolicy { .multi_tile = ReducePassPolicy { .threads_per_block = 256, .items_per_thread = 16, .vec_size = 4, .reduce_algorithm = BLOCK_REDUCE_WARP_REDUCTIONS, .load_modifier = LOAD_LDG }, .single_tile = ReducePassPolicy { .threads_per_block = 256, .items_per_thread = 16, .vec_size = 4, .reduce_algorithm = BLOCK_REDUCE_WARP_REDUCTIONS, .load_modifier = LOAD_LDG } }
Invoking DeviceReduceKernel<<<720, 256, 0, 102783056903760>>>(), 16 items per thread, 6 SM occupancy
Invoking DeviceReduceSingleTileKernel<<<1, 256, 0, 102783056903760>>>(), 16 items per thread
Dispatching DeviceReduce on compute capability 8.9 with tuning: ReducePolicy { .multi_tile = ReducePassPolicy { .threads_per_block = 256, .items_per_thread = 16, .vec_size = 4, .reduce_algorithm = BLOCK_REDUCE_WARP_REDUCTIONS, .load_modifier = LOAD_LDG }, .single_tile = ReducePassPolicy { .threads_per_block = 256, .items_per_thread = 16, .vec_size = 4, .reduce_algorithm = BLOCK_REDUCE_WARP_REDUCTIONS, .load_modifier = LOAD_LDG } }
Invoking DeviceReduceKernel<<<720, 256, 0, 102783056903760>>>(), 16 items per thread, 6 SM occupancy
Invoking DeviceReduceSingleTileKernel<<<1, 256, 0, 102783056903760>>>(), 16 items per thread
Dispatching DeviceReduce on compute capability 8.9 with tuning: ReducePolicy { .multi_tile = ReducePassPolicy { .threads_per_block = 256, .items_per_thread = 16, .vec_size = 4, .reduce_algorithm = BLOCK_REDUCE_WARP_REDUCTIONS, .load_modifier = LOAD_LDG }, .single_tile = ReducePassPolicy { .threads_per_block = 256, .items_per_thread = 16, .vec_size = 4, .reduce_algorithm = BLOCK_REDUCE_WARP_REDUCTIONS, .load_modifier = LOAD_LDG } }
Invoking DeviceReduceKernel<<<720, 256, 0, 102783056903760>>>(), 16 items per thread, 6 SM occupancy
Invoking DeviceReduceSingleTileKernel<<<1, 256, 0, 102783056903760>>>(), 16 items per thread
Dispatching DeviceReduce on compute capability 8.9 with tuning: ReducePolicy { .multi_tile = ReducePassPolicy { .threads_per_block = 256, .items_per_thread = 16, .vec_size = 4, .reduce_algorithm = BLOCK_REDUCE_WARP_REDUCTIONS, .load_modifier = LOAD_LDG }, .single_tile = ReducePassPolicy { .threads_per_block = 256, .items_per_thread = 16, .vec_size = 4, .reduce_algorithm = BLOCK_REDUCE_WARP_REDUCTIONS, .load_modifier = LOAD_LDG } }
Invoking DeviceReduceKernel<<<720, 256, 0, 102783056903760>>>(), 16 items per thread, 6 SM occupancy
Invoking DeviceReduceSingleTileKernel<<<1, 256, 0, 102783056903760>>>(), 16 items per thread
Dispatching DeviceReduce on compute capability 8.9 with tuning: ReducePolicy { .multi_tile = ReducePassPolicy { .threads_per_block = 256, .items_per_thread = 16, .vec_size = 4, .reduce_algorithm = BLOCK_REDUCE_WARP_REDUCTIONS, .load_modifier = LOAD_LDG }, .single_tile = ReducePassPolicy { .threads_per_block = 256, .items_per_thread = 16, .vec_size = 4, .reduce_algorithm = BLOCK_REDUCE_WARP_REDUCTIONS, .load_modifier = LOAD_LDG } }
Invoking DeviceReduceKernel<<<720, 256, 0, 102783056903760>>>(), 16 items per thread, 6 SM occupancy
Invoking DeviceReduceSingleTileKernel<<<1, 256, 0, 102783056903760>>>(), 16 items per thread
Dispatching DeviceReduce on compute capability 8.9 with tuning: ReducePolicy { .multi_tile = ReducePassPolicy { .threads_per_block = 256, .items_per_thread = 16, .vec_size = 4, .reduce_algorithm = BLOCK_REDUCE_WARP_REDUCTIONS, .load_modifier = LOAD_LDG }, .single_tile = ReducePassPolicy { .threads_per_block = 256, .items_per_thread = 16, .vec_size = 4, .reduce_algorithm = BLOCK_REDUCE_WARP_REDUCTIONS, .load_modifier = LOAD_LDG } }
Invoking DeviceReduceKernel<<<720, 256, 0, 102783056903760>>>(), 16 items per thread, 6 SM occupancy
Invoking DeviceReduceSingleTileKernel<<<1, 256, 0, 102783056903760>>>(), 16 items per thread
Dispatching DeviceReduce on compute capability 8.9 with tuning: ReducePolicy { .multi_tile = ReducePassPolicy { .threads_per_block = 256, .items_per_thread = 16, .vec_size = 4, .reduce_algorithm = BLOCK_REDUCE_WARP_REDUCTIONS, .load_modifier = LOAD_LDG }, .single_tile = ReducePassPolicy { .threads_per_block = 256, .items_per_thread = 16, .vec_size = 4, .reduce_algorithm = BLOCK_REDUCE_WARP_REDUCTIONS, .load_modifier = LOAD_LDG } }
Invoking DeviceReduceKernel<<<720, 256, 0, 102783056903760>>>(), 16 items per thread, 6 SM occupancy
Invoking DeviceReduceSingleTileKernel<<<1, 256, 0, 102783056903760>>>(), 16 items per thread
Dispatching DeviceReduce on compute capability 8.9 with tuning: ReducePolicy { .multi_tile = ReducePassPolicy { .threads_per_block = 256, .items_per_thread = 16, .vec_size = 4, .reduce_algorithm = BLOCK_REDUCE_WARP_REDUCTIONS, .load_modifier = LOAD_LDG }, .single_tile = ReducePassPolicy { .threads_per_block = 256, .items_per_thread = 16, .vec_size = 4, .reduce_algorithm = BLOCK_REDUCE_WARP_REDUCTIONS, .load_modifier = LOAD_LDG } }
Invoking DeviceReduceKernel<<<720, 256, 0, 102783056903760>>>(), 16 items per thread, 6 SM occupancy
Invoking DeviceReduceSingleTileKernel<<<1, 256, 0, 102783056903760>>>(), 16 items per thread
Dispatching DeviceReduce on compute capability 8.9 with tuning: ReducePolicy { .multi_tile = ReducePassPolicy { .threads_per_block = 256, .items_per_thread = 16, .vec_size = 4, .reduce_algorithm = BLOCK_REDUCE_WARP_REDUCTIONS, .load_modifier = LOAD_LDG }, .single_tile = ReducePassPolicy { .threads_per_block = 256, .items_per_thread = 16, .vec_size = 4, .reduce_algorithm = BLOCK_REDUCE_WARP_REDUCTIONS, .load_modifier = LOAD_LDG } }
Invoking DeviceReduceKernel<<<720, 256, 0, 102783056903760>>>(), 16 items per thread, 6 SM occupancy
Invoking DeviceReduceSingleTileKernel<<<1, 256, 0, 102783056903760>>>(), 16 items per thread
Dispatching DeviceReduce on compute capability 8.9 with tuning: ReducePolicy { .multi_tile = ReducePassPolicy { .threads_per_block = 256, .items_per_thread = 16, .vec_size = 4, .reduce_algorithm = BLOCK_REDUCE_WARP_REDUCTIONS, .load_modifier = LOAD_LDG }, .single_tile = ReducePassPolicy { .threads_per_block = 256, .items_per_thread = 16, .vec_size = 4, .reduce_algorithm = BLOCK_REDUCE_WARP_REDUCTIONS, .load_modifier = LOAD_LDG } }
Invoking DeviceReduceKernel<<<720, 256, 0, 102783056903760>>>(), 16 items per thread, 6 SM occupancy
Invoking DeviceReduceSingleTileKernel<<<1, 256, 0, 102783056903760>>>(), 16 items per thread
Dispatching DeviceReduce on compute capability 8.9 with tuning: ReducePolicy { .multi_tile = ReducePassPolicy { .threads_per_block = 256, .items_per_thread = 16, .vec_size = 4, .reduce_algorithm = BLOCK_REDUCE_WARP_REDUCTIONS, .load_modifier = LOAD_LDG }, .single_tile = ReducePassPolicy { .threads_per_block = 256, .items_per_thread = 16, .vec_size = 4, .reduce_algorithm = BLOCK_REDUCE_WARP_REDUCTIONS, .load_modifier = LOAD_LDG } }
Invoking DeviceReduceKernel<<<720, 256, 0, 102783056903760>>>(), 16 items per thread, 6 SM occupancy
Invoking DeviceReduceSingleTileKernel<<<1, 256, 0, 102783056903760>>>(), 16 items per thread
Dispatching DeviceReduce on compute capability 8.9 with tuning: ReducePolicy { .multi_tile = ReducePassPolicy { .threads_per_block = 256, .items_per_thread = 16, .vec_size = 4, .reduce_algorithm = BLOCK_REDUCE_WARP_REDUCTIONS, .load_modifier = LOAD_LDG }, .single_tile = ReducePassPolicy { .threads_per_block = 256, .items_per_thread = 16, .vec_size = 4, .reduce_algorithm = BLOCK_REDUCE_WARP_REDUCTIONS, .load_modifier = LOAD_LDG } }
Invoking DeviceReduceKernel<<<720, 256, 0, 102783056903760>>>(), 16 items per thread, 6 SM occupancy
Invoking DeviceReduceSingleTileKernel<<<1, 256, 0, 102783056903760>>>(), 16 items per thread
Dispatching DeviceReduce on compute capability 8.9 with tuning: ReducePolicy { .multi_tile = ReducePassPolicy { .threads_per_block = 256, .items_per_thread = 16, .vec_size = 4, .reduce_algorithm = BLOCK_REDUCE_WARP_REDUCTIONS, .load_modifier = LOAD_LDG }, .single_tile = ReducePassPolicy { .threads_per_block = 256, .items_per_thread = 16, .vec_size = 4, .reduce_algorithm = BLOCK_REDUCE_WARP_REDUCTIONS, .load_modifier = LOAD_LDG } }
Invoking DeviceReduceKernel<<<720, 256, 0, 102783056903760>>>(), 16 items per thread, 6 SM occupancy
Invoking DeviceReduceSingleTileKernel<<<1, 256, 0, 102783056903760>>>(), 16 items per thread
Dispatching DeviceReduce on compute capability 8.9 with tuning: ReducePolicy { .multi_tile = ReducePassPolicy { .threads_per_block = 256, .items_per_thread = 16, .vec_size = 4, .reduce_algorithm = BLOCK_REDUCE_WARP_REDUCTIONS, .load_modifier = LOAD_LDG }, .single_tile = ReducePassPolicy { .threads_per_block = 256, .items_per_thread = 16, .vec_size = 4, .reduce_algorithm = BLOCK_REDUCE_WARP_REDUCTIONS, .load_modifier = LOAD_LDG } }
Invoking DeviceReduceKernel<<<720, 256, 0, 102783056903760>>>(), 16 items per thread, 6 SM occupancy
Invoking DeviceReduceSingleTileKernel<<<1, 256, 0, 102783056903760>>>(), 16 items per thread
Dispatching DeviceReduce on compute capability 8.9 with tuning: ReducePolicy { .multi_tile = ReducePassPolicy { .threads_per_block = 256, .items_per_thread = 16, .vec_size = 4, .reduce_algorithm = BLOCK_REDUCE_WARP_REDUCTIONS, .load_modifier = LOAD_LDG }, .single_tile = ReducePassPolicy { .threads_per_block = 256, .items_per_thread = 16, .vec_size = 4, .reduce_algorithm = BLOCK_REDUCE_WARP_REDUCTIONS, .load_modifier = LOAD_LDG } }
Invoking DeviceReduceKernel<<<720, 256, 0, 102783056903760>>>(), 16 items per thread, 6 SM occupancy
Invoking DeviceReduceSingleTileKernel<<<1, 256, 0, 102783056903760>>>(), 16 items per thread
Dispatching DeviceReduce on compute capability 8.9 with tuning: ReducePolicy { .multi_tile = ReducePassPolicy { .threads_per_block = 256, .items_per_thread = 16, .vec_size = 4, .reduce_algorithm = BLOCK_REDUCE_WARP_REDUCTIONS, .load_modifier = LOAD_LDG }, .single_tile = ReducePassPolicy { .threads_per_block = 256, .items_per_thread = 16, .vec_size = 4, .reduce_algorithm = BLOCK_REDUCE_WARP_REDUCTIONS, .load_modifier = LOAD_LDG } }
Invoking DeviceReduceKernel<<<720, 256, 0, 102783056903760>>>(), 16 items per thread, 6 SM occupancy
Invoking DeviceReduceSingleTileKernel<<<1, 256, 0, 102783056903760>>>(), 16 items per thread
Dispatching DeviceReduce on compute capability 8.9 with tuning: ReducePolicy { .multi_tile = ReducePassPolicy { .threads_per_block = 256, .items_per_thread = 16, .vec_size = 4, .reduce_algorithm = BLOCK_REDUCE_WARP_REDUCTIONS, .load_modifier = LOAD_LDG }, .single_tile = ReducePassPolicy { .threads_per_block = 256, .items_per_thread = 16, .vec_size = 4, .reduce_algorithm = BLOCK_REDUCE_WARP_REDUCTIONS, .load_modifier = LOAD_LDG } }
Invoking DeviceReduceKernel<<<720, 256, 0, 102783056903760>>>(), 16 items per thread, 6 SM occupancy
Invoking DeviceReduceSingleTileKernel<<<1, 256, 0, 102783056903760>>>(), 16 items per thread
Dispatching DeviceReduce on compute capability 8.9 with tuning: ReducePolicy { .multi_tile = ReducePassPolicy { .threads_per_block = 256, .items_per_thread = 16, .vec_size = 4, .reduce_algorithm = BLOCK_REDUCE_WARP_REDUCTIONS, .load_modifier = LOAD_LDG }, .single_tile = ReducePassPolicy { .threads_per_block = 256, .items_per_thread = 16, .vec_size = 4, .reduce_algorithm = BLOCK_REDUCE_WARP_REDUCTIONS, .load_modifier = LOAD_LDG } }
Invoking DeviceReduceKernel<<<720, 256, 0, 102783056903760>>>(), 16 items per thread, 6 SM occupancy
Invoking DeviceReduceSingleTileKernel<<<1, 256, 0, 102783056903760>>>(), 16 items per thread
Dispatching DeviceReduce on compute capability 8.9 with tuning: ReducePolicy { .multi_tile = ReducePassPolicy { .threads_per_block = 256, .items_per_thread = 16, .vec_size = 4, .reduce_algorithm = BLOCK_REDUCE_WARP_REDUCTIONS, .load_modifier = LOAD_LDG }, .single_tile = ReducePassPolicy { .threads_per_block = 256, .items_per_thread = 16, .vec_size = 4, .reduce_algorithm = BLOCK_REDUCE_WARP_REDUCTIONS, .load_modifier = LOAD_LDG } }
Invoking DeviceReduceKernel<<<720, 256, 0, 102783056903760>>>(), 16 items per thread, 6 SM occupancy
Invoking DeviceReduceSingleTileKernel<<<1, 256, 0, 102783056903760>>>(), 16 items per thread
Dispatching DeviceReduce on compute capability 8.9 with tuning: ReducePolicy { .multi_tile = ReducePassPolicy { .threads_per_block = 256, .items_per_thread = 16, .vec_size = 4, .reduce_algorithm = BLOCK_REDUCE_WARP_REDUCTIONS, .load_modifier = LOAD_LDG }, .single_tile = ReducePassPolicy { .threads_per_block = 256, .items_per_thread = 16, .vec_size = 4, .reduce_algorithm = BLOCK_REDUCE_WARP_REDUCTIONS, .load_modifier = LOAD_LDG } }
Invoking DeviceReduceKernel<<<720, 256, 0, 102783056903760>>>(), 16 items per thread, 6 SM occupancy
Invoking DeviceReduceSingleTileKernel<<<1, 256, 0, 102783056903760>>>(), 16 items per thread
Dispatching DeviceReduce on compute capability 8.9 with tuning: ReducePolicy { .multi_tile = ReducePassPolicy { .threads_per_block = 256, .items_per_thread = 16, .vec_size = 4, .reduce_algorithm = BLOCK_REDUCE_WARP_REDUCTIONS, .load_modifier = LOAD_LDG }, .single_tile = ReducePassPolicy { .threads_per_block = 256, .items_per_thread = 16, .vec_size = 4, .reduce_algorithm = BLOCK_REDUCE_WARP_REDUCTIONS, .load_modifier = LOAD_LDG } }
Invoking DeviceReduceKernel<<<720, 256, 0, 102783056903760>>>(), 16 items per thread, 6 SM occupancy
Invoking DeviceReduceSingleTileKernel<<<1, 256, 0, 102783056903760>>>(), 16 items per thread
Dispatching DeviceReduce on compute capability 8.9 with tuning: ReducePolicy { .multi_tile = ReducePassPolicy { .threads_per_block = 256, .items_per_thread = 16, .vec_size = 4, .reduce_algorithm = BLOCK_REDUCE_WARP_REDUCTIONS, .load_modifier = LOAD_LDG }, .single_tile = ReducePassPolicy { .threads_per_block = 256, .items_per_thread = 16, .vec_size = 4, .reduce_algorithm = BLOCK_REDUCE_WARP_REDUCTIONS, .load_modifier = LOAD_LDG } }
Invoking DeviceReduceKernel<<<720, 256, 0, 102783056903760>>>(), 16 items per thread, 6 SM occupancy
Invoking DeviceReduceSingleTileKernel<<<1, 256, 0, 102783056903760>>>(), 16 items per thread
Dispatching DeviceReduce on compute capability 8.9 with tuning: ReducePolicy { .multi_tile = ReducePassPolicy { .threads_per_block = 256, .items_per_thread = 16, .vec_size = 4, .reduce_algorithm = BLOCK_REDUCE_WARP_REDUCTIONS, .load_modifier = LOAD_LDG }, .single_tile = ReducePassPolicy { .threads_per_block = 256, .items_per_thread = 16, .vec_size = 4, .reduce_algorithm = BLOCK_REDUCE_WARP_REDUCTIONS, .load_modifier = LOAD_LDG } }
Invoking DeviceReduceKernel<<<720, 256, 0, 102783056903760>>>(), 16 items per thread, 6 SM occupancy
Invoking DeviceReduceSingleTileKernel<<<1, 256, 0, 102783056903760>>>(), 16 items per thread
Dispatching DeviceReduce on compute capability 8.9 with tuning: ReducePolicy { .multi_tile = ReducePassPolicy { .threads_per_block = 256, .items_per_thread = 16, .vec_size = 4, .reduce_algorithm = BLOCK_REDUCE_WARP_REDUCTIONS, .load_modifier = LOAD_LDG }, .single_tile = ReducePassPolicy { .threads_per_block = 256, .items_per_thread = 16, .vec_size = 4, .reduce_algorithm = BLOCK_REDUCE_WARP_REDUCTIONS, .load_modifier = LOAD_LDG } }
Invoking DeviceReduceKernel<<<720, 256, 0, 102783056903760>>>(), 16 items per thread, 6 SM occupancy
Invoking DeviceReduceSingleTileKernel<<<1, 256, 0, 102783056903760>>>(), 16 items per thread
Dispatching DeviceReduce on compute capability 8.9 with tuning: ReducePolicy { .multi_tile = ReducePassPolicy { .threads_per_block = 256, .items_per_thread = 16, .vec_size = 4, .reduce_algorithm = BLOCK_REDUCE_WARP_REDUCTIONS, .load_modifier = LOAD_LDG }, .single_tile = ReducePassPolicy { .threads_per_block = 256, .items_per_thread = 16, .vec_size = 4, .reduce_algorithm = BLOCK_REDUCE_WARP_REDUCTIONS, .load_modifier = LOAD_LDG } }
Invoking DeviceReduceKernel<<<720, 256, 0, 102783056903760>>>(), 16 items per thread, 6 SM occupancy
Invoking DeviceReduceSingleTileKernel<<<1, 256, 0, 102783056903760>>>(), 16 items per thread
Dispatching DeviceReduce on compute capability 8.9 with tuning: ReducePolicy { .multi_tile = ReducePassPolicy { .threads_per_block = 256, .items_per_thread = 16, .vec_size = 4, .reduce_algorithm = BLOCK_REDUCE_WARP_REDUCTIONS, .load_modifier = LOAD_LDG }, .single_tile = ReducePassPolicy { .threads_per_block = 256, .items_per_thread = 16, .vec_size = 4, .reduce_algorithm = BLOCK_REDUCE_WARP_REDUCTIONS, .load_modifier = LOAD_LDG } }
Invoking DeviceReduceKernel<<<720, 256, 0, 102783056903760>>>(), 16 items per thread, 6 SM occupancy
Invoking DeviceReduceSingleTileKernel<<<1, 256, 0, 102783056903760>>>(), 16 items per thread
Dispatching DeviceReduce on compute capability 8.9 with tuning: ReducePolicy { .multi_tile = ReducePassPolicy { .threads_per_block = 256, .items_per_thread = 16, .vec_size = 4, .reduce_algorithm = BLOCK_REDUCE_WARP_REDUCTIONS, .load_modifier = LOAD_LDG }, .single_tile = ReducePassPolicy { .threads_per_block = 256, .items_per_thread = 16, .vec_size = 4, .reduce_algorithm = BLOCK_REDUCE_WARP_REDUCTIONS, .load_modifier = LOAD_LDG } }
Invoking DeviceReduceKernel<<<720, 256, 0, 102783056903760>>>(), 16 items per thread, 6 SM occupancy
Invoking DeviceReduceSingleTileKernel<<<1, 256, 0, 102783056903760>>>(), 16 items per thread
Dispatching DeviceReduce on compute capability 8.9 with tuning: ReducePolicy { .multi_tile = ReducePassPolicy { .threads_per_block = 256, .items_per_thread = 16, .vec_size = 4, .reduce_algorithm = BLOCK_REDUCE_WARP_REDUCTIONS, .load_modifier = LOAD_LDG }, .single_tile = ReducePassPolicy { .threads_per_block = 256, .items_per_thread = 16, .vec_size = 4, .reduce_algorithm = BLOCK_REDUCE_WARP_REDUCTIONS, .load_modifier = LOAD_LDG } }
Invoking DeviceReduceKernel<<<720, 256, 0, 102783056903760>>>(), 16 items per thread, 6 SM occupancy
Invoking DeviceReduceSingleTileKernel<<<1, 256, 0, 102783056903760>>>(), 16 items per thread
Dispatching DeviceReduce on compute capability 8.9 with tuning: ReducePolicy { .multi_tile = ReducePassPolicy { .threads_per_block = 256, .items_per_thread = 16, .vec_size = 4, .reduce_algorithm = BLOCK_REDUCE_WARP_REDUCTIONS, .load_modifier = LOAD_LDG }, .single_tile = ReducePassPolicy { .threads_per_block = 256, .items_per_thread = 16, .vec_size = 4, .reduce_algorithm = BLOCK_REDUCE_WARP_REDUCTIONS, .load_modifier = LOAD_LDG } }
Invoking DeviceReduceKernel<<<720, 256, 0, 102783056903760>>>(), 16 items per thread, 6 SM occupancy
Invoking DeviceReduceSingleTileKernel<<<1, 256, 0, 102783056903760>>>(), 16 items per thread
Dispatching DeviceReduce on compute capability 8.9 with tuning: ReducePolicy { .multi_tile = ReducePassPolicy { .threads_per_block = 256, .items_per_thread = 16, .vec_size = 4, .reduce_algorithm = BLOCK_REDUCE_WARP_REDUCTIONS, .load_modifier = LOAD_LDG }, .single_tile = ReducePassPolicy { .threads_per_block = 256, .items_per_thread = 16, .vec_size = 4, .reduce_algorithm = BLOCK_REDUCE_WARP_REDUCTIONS, .load_modifier = LOAD_LDG } }
Invoking DeviceReduceKernel<<<720, 256, 0, 102783056903760>>>(), 16 items per thread, 6 SM occupancy
Invoking DeviceReduceSingleTileKernel<<<1, 256, 0, 102783056903760>>>(), 16 items per thread
Dispatching DeviceReduce on compute capability 8.9 with tuning: ReducePolicy { .multi_tile = ReducePassPolicy { .threads_per_block = 256, .items_per_thread = 16, .vec_size = 4, .reduce_algorithm = BLOCK_REDUCE_WARP_REDUCTIONS, .load_modifier = LOAD_LDG }, .single_tile = ReducePassPolicy { .threads_per_block = 256, .items_per_thread = 16, .vec_size = 4, .reduce_algorithm = BLOCK_REDUCE_WARP_REDUCTIONS, .load_modifier = LOAD_LDG } }
Invoking DeviceReduceKernel<<<720, 256, 0, 102783056903760>>>(), 16 items per thread, 6 SM occupancy
Invoking DeviceReduceSingleTileKernel<<<1, 256, 0, 102783056903760>>>(), 16 items per thread
Dispatching DeviceReduce on compute capability 8.9 with tuning: ReducePolicy { .multi_tile = ReducePassPolicy { .threads_per_block = 256, .items_per_thread = 16, .vec_size = 4, .reduce_algorithm = BLOCK_REDUCE_WARP_REDUCTIONS, .load_modifier = LOAD_LDG }, .single_tile = ReducePassPolicy { .threads_per_block = 256, .items_per_thread = 16, .vec_size = 4, .reduce_algorithm = BLOCK_REDUCE_WARP_REDUCTIONS, .load_modifier = LOAD_LDG } }
Invoking DeviceReduceKernel<<<720, 256, 0, 102783056903760>>>(), 16 items per thread, 6 SM occupancy
Invoking DeviceReduceSingleTileKernel<<<1, 256, 0, 102783056903760>>>(), 16 items per thread
Dispatching DeviceReduce on compute capability 8.9 with tuning: ReducePolicy { .multi_tile = ReducePassPolicy { .threads_per_block = 256, .items_per_thread = 16, .vec_size = 4, .reduce_algorithm = BLOCK_REDUCE_WARP_REDUCTIONS, .load_modifier = LOAD_LDG }, .single_tile = ReducePassPolicy { .threads_per_block = 256, .items_per_thread = 16, .vec_size = 4, .reduce_algorithm = BLOCK_REDUCE_WARP_REDUCTIONS, .load_modifier = LOAD_LDG } }
Invoking DeviceReduceKernel<<<720, 256, 0, 102783056903760>>>(), 16 items per thread, 6 SM occupancy
Invoking DeviceReduceSingleTileKernel<<<1, 256, 0, 102783056903760>>>(), 16 items per thread
Dispatching DeviceReduce on compute capability 8.9 with tuning: ReducePolicy { .multi_tile = ReducePassPolicy { .threads_per_block = 256, .items_per_thread = 16, .vec_size = 4, .reduce_algorithm = BLOCK_REDUCE_WARP_REDUCTIONS, .load_modifier = LOAD_LDG }, .single_tile = ReducePassPolicy { .threads_per_block = 256, .items_per_thread = 16, .vec_size = 4, .reduce_algorithm = BLOCK_REDUCE_WARP_REDUCTIONS, .load_modifier = LOAD_LDG } }
Invoking DeviceReduceKernel<<<720, 256, 0, 102783056903760>>>(), 16 items per thread, 6 SM occupancy
Invoking DeviceReduceSingleTileKernel<<<1, 256, 0, 102783056903760>>>(), 16 items per thread
Dispatching DeviceReduce on compute capability 8.9 with tuning: ReducePolicy { .multi_tile = ReducePassPolicy { .threads_per_block = 256, .items_per_thread = 16, .vec_size = 4, .reduce_algorithm = BLOCK_REDUCE_WARP_REDUCTIONS, .load_modifier = LOAD_LDG }, .single_tile = ReducePassPolicy { .threads_per_block = 256, .items_per_thread = 16, .vec_size = 4, .reduce_algorithm = BLOCK_REDUCE_WARP_REDUCTIONS, .load_modifier = LOAD_LDG } }
Invoking DeviceReduceKernel<<<720, 256, 0, 102783056903760>>>(), 16 items per thread, 6 SM occupancy
Invoking DeviceReduceSingleTileKernel<<<1, 256, 0, 102783056903760>>>(), 16 items per thread
Dispatching DeviceReduce on compute capability 8.9 with tuning: ReducePolicy { .multi_tile = ReducePassPolicy { .threads_per_block = 256, .items_per_thread = 16, .vec_size = 4, .reduce_algorithm = BLOCK_REDUCE_WARP_REDUCTIONS, .load_modifier = LOAD_LDG }, .single_tile = ReducePassPolicy { .threads_per_block = 256, .items_per_thread = 16, .vec_size = 4, .reduce_algorithm = BLOCK_REDUCE_WARP_REDUCTIONS, .load_modifier = LOAD_LDG } }
Invoking DeviceReduceKernel<<<720, 256, 0, 102783056903760>>>(), 16 items per thread, 6 SM occupancy
Invoking DeviceReduceSingleTileKernel<<<1, 256, 0, 102783056903760>>>(), 16 items per thread
Dispatching DeviceReduce on compute capability 8.9 with tuning: ReducePolicy { .multi_tile = ReducePassPolicy { .threads_per_block = 256, .items_per_thread = 16, .vec_size = 4, .reduce_algorithm = BLOCK_REDUCE_WARP_REDUCTIONS, .load_modifier = LOAD_LDG }, .single_tile = ReducePassPolicy { .threads_per_block = 256, .items_per_thread = 16, .vec_size = 4, .reduce_algorithm = BLOCK_REDUCE_WARP_REDUCTIONS, .load_modifier = LOAD_LDG } }
Invoking DeviceReduceKernel<<<720, 256, 0, 102783056903760>>>(), 16 items per thread, 6 SM occupancy
Invoking DeviceReduceSingleTileKernel<<<1, 256, 0, 102783056903760>>>(), 16 items per thread
Dispatching DeviceReduce on compute capability 8.9 with tuning: ReducePolicy { .multi_tile = ReducePassPolicy { .threads_per_block = 256, .items_per_thread = 16, .vec_size = 4, .reduce_algorithm = BLOCK_REDUCE_WARP_REDUCTIONS, .load_modifier = LOAD_LDG }, .single_tile = ReducePassPolicy { .threads_per_block = 256, .items_per_thread = 16, .vec_size = 4, .reduce_algorithm = BLOCK_REDUCE_WARP_REDUCTIONS, .load_modifier = LOAD_LDG } }
Invoking DeviceReduceKernel<<<720, 256, 0, 102783056903760>>>(), 16 items per thread, 6 SM occupancy
Invoking DeviceReduceSingleTileKernel<<<1, 256, 0, 102783056903760>>>(), 16 items per thread
Dispatching DeviceReduce on compute capability 8.9 with tuning: ReducePolicy { .multi_tile = ReducePassPolicy { .threads_per_block = 256, .items_per_thread = 16, .vec_size = 4, .reduce_algorithm = BLOCK_REDUCE_WARP_REDUCTIONS, .load_modifier = LOAD_LDG }, .single_tile = ReducePassPolicy { .threads_per_block = 256, .items_per_thread = 16, .vec_size = 4, .reduce_algorithm = BLOCK_REDUCE_WARP_REDUCTIONS, .load_modifier = LOAD_LDG } }
Invoking DeviceReduceKernel<<<720, 256, 0, 102783056903760>>>(), 16 items per thread, 6 SM occupancy
Invoking DeviceReduceSingleTileKernel<<<1, 256, 0, 102783056903760>>>(), 16 items per thread
Dispatching DeviceReduce on compute capability 8.9 with tuning: ReducePolicy { .multi_tile = ReducePassPolicy { .threads_per_block = 256, .items_per_thread = 16, .vec_size = 4, .reduce_algorithm = BLOCK_REDUCE_WARP_REDUCTIONS, .load_modifier = LOAD_LDG }, .single_tile = ReducePassPolicy { .threads_per_block = 256, .items_per_thread = 16, .vec_size = 4, .reduce_algorithm = BLOCK_REDUCE_WARP_REDUCTIONS, .load_modifier = LOAD_LDG } }
Invoking DeviceReduceKernel<<<720, 256, 0, 102783056903760>>>(), 16 items per thread, 6 SM occupancy
Invoking DeviceReduceSingleTileKernel<<<1, 256, 0, 102783056903760>>>(), 16 items per thread
Dispatching DeviceReduce on compute capability 8.9 with tuning: ReducePolicy { .multi_tile = ReducePassPolicy { .threads_per_block = 256, .items_per_thread = 16, .vec_size = 4, .reduce_algorithm = BLOCK_REDUCE_WARP_REDUCTIONS, .load_modifier = LOAD_LDG }, .single_tile = ReducePassPolicy { .threads_per_block = 256, .items_per_thread = 16, .vec_size = 4, .reduce_algorithm = BLOCK_REDUCE_WARP_REDUCTIONS, .load_modifier = LOAD_LDG } }
Invoking DeviceReduceKernel<<<720, 256, 0, 102783056903760>>>(), 16 items per thread, 6 SM occupancy
Invoking DeviceReduceSingleTileKernel<<<1, 256, 0, 102783056903760>>>(), 16 items per thread
Dispatching DeviceReduce on compute capability 8.9 with tuning: ReducePolicy { .multi_tile = ReducePassPolicy { .threads_per_block = 256, .items_per_thread = 16, .vec_size = 4, .reduce_algorithm = BLOCK_REDUCE_WARP_REDUCTIONS, .load_modifier = LOAD_LDG }, .single_tile = ReducePassPolicy { .threads_per_block = 256, .items_per_thread = 16, .vec_size = 4, .reduce_algorithm = BLOCK_REDUCE_WARP_REDUCTIONS, .load_modifier = LOAD_LDG } }
Invoking DeviceReduceKernel<<<720, 256, 0, 102783056903760>>>(), 16 items per thread, 6 SM occupancy
Invoking DeviceReduceSingleTileKernel<<<1, 256, 0, 102783056903760>>>(), 16 items per thread
Dispatching DeviceReduce on compute capability 8.9 with tuning: ReducePolicy { .multi_tile = ReducePassPolicy { .threads_per_block = 256, .items_per_thread = 16, .vec_size = 4, .reduce_algorithm = BLOCK_REDUCE_WARP_REDUCTIONS, .load_modifier = LOAD_LDG }, .single_tile = ReducePassPolicy { .threads_per_block = 256, .items_per_thread = 16, .vec_size = 4, .reduce_algorithm = BLOCK_REDUCE_WARP_REDUCTIONS, .load_modifier = LOAD_LDG } }
Invoking DeviceReduceKernel<<<720, 256, 0, 102783056903760>>>(), 16 items per thread, 6 SM occupancy
Invoking DeviceReduceSingleTileKernel<<<1, 256, 0, 102783056903760>>>(), 16 items per thread
Dispatching DeviceReduce on compute capability 8.9 with tuning: ReducePolicy { .multi_tile = ReducePassPolicy { .threads_per_block = 256, .items_per_thread = 16, .vec_size = 4, .reduce_algorithm = BLOCK_REDUCE_WARP_REDUCTIONS, .load_modifier = LOAD_LDG }, .single_tile = ReducePassPolicy { .threads_per_block = 256, .items_per_thread = 16, .vec_size = 4, .reduce_algorithm = BLOCK_REDUCE_WARP_REDUCTIONS, .load_modifier = LOAD_LDG } }
Invoking DeviceReduceKernel<<<720, 256, 0, 102783056903760>>>(), 16 items per thread, 6 SM occupancy
Invoking DeviceReduceSingleTileKernel<<<1, 256, 0, 102783056903760>>>(), 16 items per thread
Dispatching DeviceReduce on compute capability 8.9 with tuning: ReducePolicy { .multi_tile = ReducePassPolicy { .threads_per_block = 256, .items_per_thread = 16, .vec_size = 4, .reduce_algorithm = BLOCK_REDUCE_WARP_REDUCTIONS, .load_modifier = LOAD_LDG }, .single_tile = ReducePassPolicy { .threads_per_block = 256, .items_per_thread = 16, .vec_size = 4, .reduce_algorithm = BLOCK_REDUCE_WARP_REDUCTIONS, .load_modifier = LOAD_LDG } }
Invoking DeviceReduceKernel<<<720, 256, 0, 102783056903760>>>(), 16 items per thread, 6 SM occupancy
Invoking DeviceReduceSingleTileKernel<<<1, 256, 0, 102783056903760>>>(), 16 items per thread
Dispatching DeviceReduce on compute capability 8.9 with tuning: ReducePolicy { .multi_tile = ReducePassPolicy { .threads_per_block = 256, .items_per_thread = 16, .vec_size = 4, .reduce_algorithm = BLOCK_REDUCE_WARP_REDUCTIONS, .load_modifier = LOAD_LDG }, .single_tile = ReducePassPolicy { .threads_per_block = 256, .items_per_thread = 16, .vec_size = 4, .reduce_algorithm = BLOCK_REDUCE_WARP_REDUCTIONS, .load_modifier = LOAD_LDG } }
Invoking DeviceReduceKernel<<<720, 256, 0, 102783056903760>>>(), 16 items per thread, 6 SM occupancy
Invoking DeviceReduceSingleTileKernel<<<1, 256, 0, 102783056903760>>>(), 16 items per thread
Dispatching DeviceReduce on compute capability 8.9 with tuning: ReducePolicy { .multi_tile = ReducePassPolicy { .threads_per_block = 256, .items_per_thread = 16, .vec_size = 4, .reduce_algorithm = BLOCK_REDUCE_WARP_REDUCTIONS, .load_modifier = LOAD_LDG }, .single_tile = ReducePassPolicy { .threads_per_block = 256, .items_per_thread = 16, .vec_size = 4, .reduce_algorithm = BLOCK_REDUCE_WARP_REDUCTIONS, .load_modifier = LOAD_LDG } }
Invoking DeviceReduceKernel<<<720, 256, 0, 102783056903760>>>(), 16 items per thread, 6 SM occupancy
Invoking DeviceReduceSingleTileKernel<<<1, 256, 0, 102783056903760>>>(), 16 items per thread
Dispatching DeviceReduce on compute capability 8.9 with tuning: ReducePolicy { .multi_tile = ReducePassPolicy { .threads_per_block = 256, .items_per_thread = 16, .vec_size = 4, .reduce_algorithm = BLOCK_REDUCE_WARP_REDUCTIONS, .load_modifier = LOAD_LDG }, .single_tile = ReducePassPolicy { .threads_per_block = 256, .items_per_thread = 16, .vec_size = 4, .reduce_algorithm = BLOCK_REDUCE_WARP_REDUCTIONS, .load_modifier = LOAD_LDG } }
Invoking DeviceReduceKernel<<<720, 256, 0, 102783056903760>>>(), 16 items per thread, 6 SM occupancy
Invoking DeviceReduceSingleTileKernel<<<1, 256, 0, 102783056903760>>>(), 16 items per thread
Dispatching DeviceReduce on compute capability 8.9 with tuning: ReducePolicy { .multi_tile = ReducePassPolicy { .threads_per_block = 256, .items_per_thread = 16, .vec_size = 4, .reduce_algorithm = BLOCK_REDUCE_WARP_REDUCTIONS, .load_modifier = LOAD_LDG }, .single_tile = ReducePassPolicy { .threads_per_block = 256, .items_per_thread = 16, .vec_size = 4, .reduce_algorithm = BLOCK_REDUCE_WARP_REDUCTIONS, .load_modifier = LOAD_LDG } }
Invoking DeviceReduceKernel<<<720, 256, 0, 102783056903760>>>(), 16 items per thread, 6 SM occupancy
Invoking DeviceReduceSingleTileKernel<<<1, 256, 0, 102783056903760>>>(), 16 items per thread
Dispatching DeviceReduce on compute capability 8.9 with tuning: ReducePolicy { .multi_tile = ReducePassPolicy { .threads_per_block = 256, .items_per_thread = 16, .vec_size = 4, .reduce_algorithm = BLOCK_REDUCE_WARP_REDUCTIONS, .load_modifier = LOAD_LDG }, .single_tile = ReducePassPolicy { .threads_per_block = 256, .items_per_thread = 16, .vec_size = 4, .reduce_algorithm = BLOCK_REDUCE_WARP_REDUCTIONS, .load_modifier = LOAD_LDG } }
Invoking DeviceReduceKernel<<<720, 256, 0, 102783056903760>>>(), 16 items per thread, 6 SM occupancy
Invoking DeviceReduceSingleTileKernel<<<1, 256, 0, 102783056903760>>>(), 16 items per thread
Dispatching DeviceReduce on compute capability 8.9 with tuning: ReducePolicy { .multi_tile = ReducePassPolicy { .threads_per_block = 256, .items_per_thread = 16, .vec_size = 4, .reduce_algorithm = BLOCK_REDUCE_WARP_REDUCTIONS, .load_modifier = LOAD_LDG }, .single_tile = ReducePassPolicy { .threads_per_block = 256, .items_per_thread = 16, .vec_size = 4, .reduce_algorithm = BLOCK_REDUCE_WARP_REDUCTIONS, .load_modifier = LOAD_LDG } }
Invoking DeviceReduceKernel<<<720, 256, 0, 102783056903760>>>(), 16 items per thread, 6 SM occupancy
Invoking DeviceReduceSingleTileKernel<<<1, 256, 0, 102783056903760>>>(), 16 items per thread
Dispatching DeviceReduce on compute capability 8.9 with tuning: ReducePolicy { .multi_tile = ReducePassPolicy { .threads_per_block = 256, .items_per_thread = 16, .vec_size = 4, .reduce_algorithm = BLOCK_REDUCE_WARP_REDUCTIONS, .load_modifier = LOAD_LDG }, .single_tile = ReducePassPolicy { .threads_per_block = 256, .items_per_thread = 16, .vec_size = 4, .reduce_algorithm = BLOCK_REDUCE_WARP_REDUCTIONS, .load_modifier = LOAD_LDG } }
Invoking DeviceReduceKernel<<<720, 256, 0, 102783056903760>>>(), 16 items per thread, 6 SM occupancy
Invoking DeviceReduceSingleTileKernel<<<1, 256, 0, 102783056903760>>>(), 16 items per thread
Dispatching DeviceReduce on compute capability 8.9 with tuning: ReducePolicy { .multi_tile = ReducePassPolicy { .threads_per_block = 256, .items_per_thread = 16, .vec_size = 4, .reduce_algorithm = BLOCK_REDUCE_WARP_REDUCTIONS, .load_modifier = LOAD_LDG }, .single_tile = ReducePassPolicy { .threads_per_block = 256, .items_per_thread = 16, .vec_size = 4, .reduce_algorithm = BLOCK_REDUCE_WARP_REDUCTIONS, .load_modifier = LOAD_LDG } }
Invoking DeviceReduceKernel<<<720, 256, 0, 102783056903760>>>(), 16 items per thread, 6 SM occupancy
Invoking DeviceReduceSingleTileKernel<<<1, 256, 0, 102783056903760>>>(), 16 items per thread
Dispatching DeviceReduce on compute capability 8.9 with tuning: ReducePolicy { .multi_tile = ReducePassPolicy { .threads_per_block = 256, .items_per_thread = 16, .vec_size = 4, .reduce_algorithm = BLOCK_REDUCE_WARP_REDUCTIONS, .load_modifier = LOAD_LDG }, .single_tile = ReducePassPolicy { .threads_per_block = 256, .items_per_thread = 16, .vec_size = 4, .reduce_algorithm = BLOCK_REDUCE_WARP_REDUCTIONS, .load_modifier = LOAD_LDG } }
Invoking DeviceReduceKernel<<<720, 256, 0, 102783056903760>>>(), 16 items per thread, 6 SM occupancy
Invoking DeviceReduceSingleTileKernel<<<1, 256, 0, 102783056903760>>>(), 16 items per thread
Dispatching DeviceReduce on compute capability 8.9 with tuning: ReducePolicy { .multi_tile = ReducePassPolicy { .threads_per_block = 256, .items_per_thread = 16, .vec_size = 4, .reduce_algorithm = BLOCK_REDUCE_WARP_REDUCTIONS, .load_modifier = LOAD_LDG }, .single_tile = ReducePassPolicy { .threads_per_block = 256, .items_per_thread = 16, .vec_size = 4, .reduce_algorithm = BLOCK_REDUCE_WARP_REDUCTIONS, .load_modifier = LOAD_LDG } }
Invoking DeviceReduceKernel<<<720, 256, 0, 102783056903760>>>(), 16 items per thread, 6 SM occupancy
Invoking DeviceReduceSingleTileKernel<<<1, 256, 0, 102783056903760>>>(), 16 items per thread
Dispatching DeviceReduce on compute capability 8.9 with tuning: ReducePolicy { .multi_tile = ReducePassPolicy { .threads_per_block = 256, .items_per_thread = 16, .vec_size = 4, .reduce_algorithm = BLOCK_REDUCE_WARP_REDUCTIONS, .load_modifier = LOAD_LDG }, .single_tile = ReducePassPolicy { .threads_per_block = 256, .items_per_thread = 16, .vec_size = 4, .reduce_algorithm = BLOCK_REDUCE_WARP_REDUCTIONS, .load_modifier = LOAD_LDG } }
Invoking DeviceReduceKernel<<<720, 256, 0, 102783056903760>>>(), 16 items per thread, 6 SM occupancy
Invoking DeviceReduceSingleTileKernel<<<1, 256, 0, 102783056903760>>>(), 16 items per thread
Dispatching DeviceReduce on compute capability 8.9 with tuning: ReducePolicy { .multi_tile = ReducePassPolicy { .threads_per_block = 256, .items_per_thread = 16, .vec_size = 4, .reduce_algorithm = BLOCK_REDUCE_WARP_REDUCTIONS, .load_modifier = LOAD_LDG }, .single_tile = ReducePassPolicy { .threads_per_block = 256, .items_per_thread = 16, .vec_size = 4, .reduce_algorithm = BLOCK_REDUCE_WARP_REDUCTIONS, .load_modifier = LOAD_LDG } }
Invoking DeviceReduceKernel<<<720, 256, 0, 102783056903760>>>(), 16 items per thread, 6 SM occupancy
Invoking DeviceReduceSingleTileKernel<<<1, 256, 0, 102783056903760>>>(), 16 items per thread
Dispatching DeviceReduce on compute capability 8.9 with tuning: ReducePolicy { .multi_tile = ReducePassPolicy { .threads_per_block = 256, .items_per_thread = 16, .vec_size = 4, .reduce_algorithm = BLOCK_REDUCE_WARP_REDUCTIONS, .load_modifier = LOAD_LDG }, .single_tile = ReducePassPolicy { .threads_per_block = 256, .items_per_thread = 16, .vec_size = 4, .reduce_algorithm = BLOCK_REDUCE_WARP_REDUCTIONS, .load_modifier = LOAD_LDG } }
Invoking DeviceReduceKernel<<<720, 256, 0, 102783056903760>>>(), 16 items per thread, 6 SM occupancy
Invoking DeviceReduceSingleTileKernel<<<1, 256, 0, 102783056903760>>>(), 16 items per thread
Dispatching DeviceReduce on compute capability 8.9 with tuning: ReducePolicy { .multi_tile = ReducePassPolicy { .threads_per_block = 256, .items_per_thread = 16, .vec_size = 4, .reduce_algorithm = BLOCK_REDUCE_WARP_REDUCTIONS, .load_modifier = LOAD_LDG }, .single_tile = ReducePassPolicy { .threads_per_block = 256, .items_per_thread = 16, .vec_size = 4, .reduce_algorithm = BLOCK_REDUCE_WARP_REDUCTIONS, .load_modifier = LOAD_LDG } }
Invoking DeviceReduceKernel<<<720, 256, 0, 102783056903760>>>(), 16 items per thread, 6 SM occupancy
Invoking DeviceReduceSingleTileKernel<<<1, 256, 0, 102783056903760>>>(), 16 items per thread
Dispatching DeviceReduce on compute capability 8.9 with tuning: ReducePolicy { .multi_tile = ReducePassPolicy { .threads_per_block = 256, .items_per_thread = 16, .vec_size = 4, .reduce_algorithm = BLOCK_REDUCE_WARP_REDUCTIONS, .load_modifier = LOAD_LDG }, .single_tile = ReducePassPolicy { .threads_per_block = 256, .items_per_thread = 16, .vec_size = 4, .reduce_algorithm = BLOCK_REDUCE_WARP_REDUCTIONS, .load_modifier = LOAD_LDG } }
Invoking DeviceReduceKernel<<<720, 256, 0, 102783056903760>>>(), 16 items per thread, 6 SM occupancy
Invoking DeviceReduceSingleTileKernel<<<1, 256, 0, 102783056903760>>>(), 16 items per thread
Dispatching DeviceReduce on compute capability 8.9 with tuning: ReducePolicy { .multi_tile = ReducePassPolicy { .threads_per_block = 256, .items_per_thread = 16, .vec_size = 4, .reduce_algorithm = BLOCK_REDUCE_WARP_REDUCTIONS, .load_modifier = LOAD_LDG }, .single_tile = ReducePassPolicy { .threads_per_block = 256, .items_per_thread = 16, .vec_size = 4, .reduce_algorithm = BLOCK_REDUCE_WARP_REDUCTIONS, .load_modifier = LOAD_LDG } }
Invoking DeviceReduceKernel<<<720, 256, 0, 102783056903760>>>(), 16 items per thread, 6 SM occupancy
Invoking DeviceReduceSingleTileKernel<<<1, 256, 0, 102783056903760>>>(), 16 items per thread
Dispatching DeviceReduce on compute capability 8.9 with tuning: ReducePolicy { .multi_tile = ReducePassPolicy { .threads_per_block = 256, .items_per_thread = 16, .vec_size = 4, .reduce_algorithm = BLOCK_REDUCE_WARP_REDUCTIONS, .load_modifier = LOAD_LDG }, .single_tile = ReducePassPolicy { .threads_per_block = 256, .items_per_thread = 16, .vec_size = 4, .reduce_algorithm = BLOCK_REDUCE_WARP_REDUCTIONS, .load_modifier = LOAD_LDG } }
Invoking DeviceReduceKernel<<<720, 256, 0, 102783056903760>>>(), 16 items per thread, 6 SM occupancy
Invoking DeviceReduceSingleTileKernel<<<1, 256, 0, 102783056903760>>>(), 16 items per thread
Dispatching DeviceReduce on compute capability 8.9 with tuning: ReducePolicy { .multi_tile = ReducePassPolicy { .threads_per_block = 256, .items_per_thread = 16, .vec_size = 4, .reduce_algorithm = BLOCK_REDUCE_WARP_REDUCTIONS, .load_modifier = LOAD_LDG }, .single_tile = ReducePassPolicy { .threads_per_block = 256, .items_per_thread = 16, .vec_size = 4, .reduce_algorithm = BLOCK_REDUCE_WARP_REDUCTIONS, .load_modifier = LOAD_LDG } }
Invoking DeviceReduceKernel<<<720, 256, 0, 102783056903760>>>(), 16 items per thread, 6 SM occupancy
Invoking DeviceReduceSingleTileKernel<<<1, 256, 0, 102783056903760>>>(), 16 items per thread
Dispatching DeviceReduce on compute capability 8.9 with tuning: ReducePolicy { .multi_tile = ReducePassPolicy { .threads_per_block = 256, .items_per_thread = 16, .vec_size = 4, .reduce_algorithm = BLOCK_REDUCE_WARP_REDUCTIONS, .load_modifier = LOAD_LDG }, .single_tile = ReducePassPolicy { .threads_per_block = 256, .items_per_thread = 16, .vec_size = 4, .reduce_algorithm = BLOCK_REDUCE_WARP_REDUCTIONS, .load_modifier = LOAD_LDG } }
Invoking DeviceReduceKernel<<<720, 256, 0, 102783056903760>>>(), 16 items per thread, 6 SM occupancy
Invoking DeviceReduceSingleTileKernel<<<1, 256, 0, 102783056903760>>>(), 16 items per thread
Dispatching DeviceReduce on compute capability 8.9 with tuning: ReducePolicy { .multi_tile = ReducePassPolicy { .threads_per_block = 256, .items_per_thread = 16, .vec_size = 4, .reduce_algorithm = BLOCK_REDUCE_WARP_REDUCTIONS, .load_modifier = LOAD_LDG }, .single_tile = ReducePassPolicy { .threads_per_block = 256, .items_per_thread = 16, .vec_size = 4, .reduce_algorithm = BLOCK_REDUCE_WARP_REDUCTIONS, .load_modifier = LOAD_LDG } }
Invoking DeviceReduceKernel<<<720, 256, 0, 102783056903760>>>(), 16 items per thread, 6 SM occupancy
Invoking DeviceReduceSingleTileKernel<<<1, 256, 0, 102783056903760>>>(), 16 items per thread
Dispatching DeviceReduce on compute capability 8.9 with tuning: ReducePolicy { .multi_tile = ReducePassPolicy { .threads_per_block = 256, .items_per_thread = 16, .vec_size = 4, .reduce_algorithm = BLOCK_REDUCE_WARP_REDUCTIONS, .load_modifier = LOAD_LDG }, .single_tile = ReducePassPolicy { .threads_per_block = 256, .items_per_thread = 16, .vec_size = 4, .reduce_algorithm = BLOCK_REDUCE_WARP_REDUCTIONS, .load_modifier = LOAD_LDG } }
Invoking DeviceReduceKernel<<<720, 256, 0, 102783056903760>>>(), 16 items per thread, 6 SM occupancy
Invoking DeviceReduceSingleTileKernel<<<1, 256, 0, 102783056903760>>>(), 16 items per thread
Dispatching DeviceReduce on compute capability 8.9 with tuning: ReducePolicy { .multi_tile = ReducePassPolicy { .threads_per_block = 256, .items_per_thread = 16, .vec_size = 4, .reduce_algorithm = BLOCK_REDUCE_WARP_REDUCTIONS, .load_modifier = LOAD_LDG }, .single_tile = ReducePassPolicy { .threads_per_block = 256, .items_per_thread = 16, .vec_size = 4, .reduce_algorithm = BLOCK_REDUCE_WARP_REDUCTIONS, .load_modifier = LOAD_LDG } }
Invoking DeviceReduceKernel<<<720, 256, 0, 102783056903760>>>(), 16 items per thread, 6 SM occupancy
Invoking DeviceReduceSingleTileKernel<<<1, 256, 0, 102783056903760>>>(), 16 items per thread
Dispatching DeviceReduce on compute capability 8.9 with tuning: ReducePolicy { .multi_tile = ReducePassPolicy { .threads_per_block = 256, .items_per_thread = 16, .vec_size = 4, .reduce_algorithm = BLOCK_REDUCE_WARP_REDUCTIONS, .load_modifier = LOAD_LDG }, .single_tile = ReducePassPolicy { .threads_per_block = 256, .items_per_thread = 16, .vec_size = 4, .reduce_algorithm = BLOCK_REDUCE_WARP_REDUCTIONS, .load_modifier = LOAD_LDG } }
Invoking DeviceReduceKernel<<<720, 256, 0, 102783056903760>>>(), 16 items per thread, 6 SM occupancy
Invoking DeviceReduceSingleTileKernel<<<1, 256, 0, 102783056903760>>>(), 16 items per thread
Dispatching DeviceReduce on compute capability 8.9 with tuning: ReducePolicy { .multi_tile = ReducePassPolicy { .threads_per_block = 256, .items_per_thread = 16, .vec_size = 4, .reduce_algorithm = BLOCK_REDUCE_WARP_REDUCTIONS, .load_modifier = LOAD_LDG }, .single_tile = ReducePassPolicy { .threads_per_block = 256, .items_per_thread = 16, .vec_size = 4, .reduce_algorithm = BLOCK_REDUCE_WARP_REDUCTIONS, .load_modifier = LOAD_LDG } }
Invoking DeviceReduceKernel<<<720, 256, 0, 102783056903760>>>(), 16 items per thread, 6 SM occupancy
Invoking DeviceReduceSingleTileKernel<<<1, 256, 0, 102783056903760>>>(), 16 items per thread
Dispatching DeviceReduce on compute capability 8.9 with tuning: ReducePolicy { .multi_tile = ReducePassPolicy { .threads_per_block = 256, .items_per_thread = 16, .vec_size = 4, .reduce_algorithm = BLOCK_REDUCE_WARP_REDUCTIONS, .load_modifier = LOAD_LDG }, .single_tile = ReducePassPolicy { .threads_per_block = 256, .items_per_thread = 16, .vec_size = 4, .reduce_algorithm = BLOCK_REDUCE_WARP_REDUCTIONS, .load_modifier = LOAD_LDG } }
Invoking DeviceReduceKernel<<<720, 256, 0, 102783056903760>>>(), 16 items per thread, 6 SM occupancy
Invoking DeviceReduceSingleTileKernel<<<1, 256, 0, 102783056903760>>>(), 16 items per thread
Dispatching DeviceReduce on compute capability 8.9 with tuning: ReducePolicy { .multi_tile = ReducePassPolicy { .threads_per_block = 256, .items_per_thread = 16, .vec_size = 4, .reduce_algorithm = BLOCK_REDUCE_WARP_REDUCTIONS, .load_modifier = LOAD_LDG }, .single_tile = ReducePassPolicy { .threads_per_block = 256, .items_per_thread = 16, .vec_size = 4, .reduce_algorithm = BLOCK_REDUCE_WARP_REDUCTIONS, .load_modifier = LOAD_LDG } }
Invoking DeviceReduceKernel<<<720, 256, 0, 102783056903760>>>(), 16 items per thread, 6 SM occupancy
Invoking DeviceReduceSingleTileKernel<<<1, 256, 0, 102783056903760>>>(), 16 items per thread
Dispatching DeviceReduce on compute capability 8.9 with tuning: ReducePolicy { .multi_tile = ReducePassPolicy { .threads_per_block = 256, .items_per_thread = 16, .vec_size = 4, .reduce_algorithm = BLOCK_REDUCE_WARP_REDUCTIONS, .load_modifier = LOAD_LDG }, .single_tile = ReducePassPolicy { .threads_per_block = 256, .items_per_thread = 16, .vec_size = 4, .reduce_algorithm = BLOCK_REDUCE_WARP_REDUCTIONS, .load_modifier = LOAD_LDG } }
Invoking DeviceReduceKernel<<<720, 256, 0, 102783056903760>>>(), 16 items per thread, 6 SM occupancy
Invoking DeviceReduceSingleTileKernel<<<1, 256, 0, 102783056903760>>>(), 16 items per thread
Dispatching DeviceReduce on compute capability 8.9 with tuning: ReducePolicy { .multi_tile = ReducePassPolicy { .threads_per_block = 256, .items_per_thread = 16, .vec_size = 4, .reduce_algorithm = BLOCK_REDUCE_WARP_REDUCTIONS, .load_modifier = LOAD_LDG }, .single_tile = ReducePassPolicy { .threads_per_block = 256, .items_per_thread = 16, .vec_size = 4, .reduce_algorithm = BLOCK_REDUCE_WARP_REDUCTIONS, .load_modifier = LOAD_LDG } }
Invoking DeviceReduceKernel<<<720, 256, 0, 102783056903760>>>(), 16 items per thread, 6 SM occupancy
Invoking DeviceReduceSingleTileKernel<<<1, 256, 0, 102783056903760>>>(), 16 items per thread
Dispatching DeviceReduce on compute capability 8.9 with tuning: ReducePolicy { .multi_tile = ReducePassPolicy { .threads_per_block = 256, .items_per_thread = 16, .vec_size = 4, .reduce_algorithm = BLOCK_REDUCE_WARP_REDUCTIONS, .load_modifier = LOAD_LDG }, .single_tile = ReducePassPolicy { .threads_per_block = 256, .items_per_thread = 16, .vec_size = 4, .reduce_algorithm = BLOCK_REDUCE_WARP_REDUCTIONS, .load_modifier = LOAD_LDG } }
Invoking DeviceReduceKernel<<<720, 256, 0, 102783056903760>>>(), 16 items per thread, 6 SM occupancy
Invoking DeviceReduceSingleTileKernel<<<1, 256, 0, 102783056903760>>>(), 16 items per thread
Dispatching DeviceReduce on compute capability 8.9 with tuning: ReducePolicy { .multi_tile = ReducePassPolicy { .threads_per_block = 256, .items_per_thread = 16, .vec_size = 4, .reduce_algorithm = BLOCK_REDUCE_WARP_REDUCTIONS, .load_modifier = LOAD_LDG }, .single_tile = ReducePassPolicy { .threads_per_block = 256, .items_per_thread = 16, .vec_size = 4, .reduce_algorithm = BLOCK_REDUCE_WARP_REDUCTIONS, .load_modifier = LOAD_LDG } }
Invoking DeviceReduceKernel<<<720, 256, 0, 102783056903760>>>(), 16 items per thread, 6 SM occupancy
Invoking DeviceReduceSingleTileKernel<<<1, 256, 0, 102783056903760>>>(), 16 items per thread
Dispatching DeviceReduce on compute capability 8.9 with tuning: ReducePolicy { .multi_tile = ReducePassPolicy { .threads_per_block = 256, .items_per_thread = 16, .vec_size = 4, .reduce_algorithm = BLOCK_REDUCE_WARP_REDUCTIONS, .load_modifier = LOAD_LDG }, .single_tile = ReducePassPolicy { .threads_per_block = 256, .items_per_thread = 16, .vec_size = 4, .reduce_algorithm = BLOCK_REDUCE_WARP_REDUCTIONS, .load_modifier = LOAD_LDG } }
Invoking DeviceReduceKernel<<<720, 256, 0, 102783056903760>>>(), 16 items per thread, 6 SM occupancy
Invoking DeviceReduceSingleTileKernel<<<1, 256, 0, 102783056903760>>>(), 16 items per thread
Dispatching DeviceReduce on compute capability 8.9 with tuning: ReducePolicy { .multi_tile = ReducePassPolicy { .threads_per_block = 256, .items_per_thread = 16, .vec_size = 4, .reduce_algorithm = BLOCK_REDUCE_WARP_REDUCTIONS, .load_modifier = LOAD_LDG }, .single_tile = ReducePassPolicy { .threads_per_block = 256, .items_per_thread = 16, .vec_size = 4, .reduce_algorithm = BLOCK_REDUCE_WARP_REDUCTIONS, .load_modifier = LOAD_LDG } }
Invoking DeviceReduceKernel<<<720, 256, 0, 102783056903760>>>(), 16 items per thread, 6 SM occupancy
Invoking DeviceReduceSingleTileKernel<<<1, 256, 0, 102783056903760>>>(), 16 items per thread
Dispatching DeviceReduce on compute capability 8.9 with tuning: ReducePolicy { .multi_tile = ReducePassPolicy { .threads_per_block = 256, .items_per_thread = 16, .vec_size = 4, .reduce_algorithm = BLOCK_REDUCE_WARP_REDUCTIONS, .load_modifier = LOAD_LDG }, .single_tile = ReducePassPolicy { .threads_per_block = 256, .items_per_thread = 16, .vec_size = 4, .reduce_algorithm = BLOCK_REDUCE_WARP_REDUCTIONS, .load_modifier = LOAD_LDG } }
Invoking DeviceReduceKernel<<<720, 256, 0, 102783056903760>>>(), 16 items per thread, 6 SM occupancy
Invoking DeviceReduceSingleTileKernel<<<1, 256, 0, 102783056903760>>>(), 16 items per thread
Dispatching DeviceReduce on compute capability 8.9 with tuning: ReducePolicy { .multi_tile = ReducePassPolicy { .threads_per_block = 256, .items_per_thread = 16, .vec_size = 4, .reduce_algorithm = BLOCK_REDUCE_WARP_REDUCTIONS, .load_modifier = LOAD_LDG }, .single_tile = ReducePassPolicy { .threads_per_block = 256, .items_per_thread = 16, .vec_size = 4, .reduce_algorithm = BLOCK_REDUCE_WARP_REDUCTIONS, .load_modifier = LOAD_LDG } }
Invoking DeviceReduceKernel<<<720, 256, 0, 102783056903760>>>(), 16 items per thread, 6 SM occupancy
Invoking DeviceReduceSingleTileKernel<<<1, 256, 0, 102783056903760>>>(), 16 items per thread
Dispatching DeviceReduce on compute capability 8.9 with tuning: ReducePolicy { .multi_tile = ReducePassPolicy { .threads_per_block = 256, .items_per_thread = 16, .vec_size = 4, .reduce_algorithm = BLOCK_REDUCE_WARP_REDUCTIONS, .load_modifier = LOAD_LDG }, .single_tile = ReducePassPolicy { .threads_per_block = 256, .items_per_thread = 16, .vec_size = 4, .reduce_algorithm = BLOCK_REDUCE_WARP_REDUCTIONS, .load_modifier = LOAD_LDG } }
Invoking DeviceReduceKernel<<<720, 256, 0, 102783056903760>>>(), 16 items per thread, 6 SM occupancy
Invoking DeviceReduceSingleTileKernel<<<1, 256, 0, 102783056903760>>>(), 16 items per thread
Dispatching DeviceReduce on compute capability 8.9 with tuning: ReducePolicy { .multi_tile = ReducePassPolicy { .threads_per_block = 256, .items_per_thread = 16, .vec_size = 4, .reduce_algorithm = BLOCK_REDUCE_WARP_REDUCTIONS, .load_modifier = LOAD_LDG }, .single_tile = ReducePassPolicy { .threads_per_block = 256, .items_per_thread = 16, .vec_size = 4, .reduce_algorithm = BLOCK_REDUCE_WARP_REDUCTIONS, .load_modifier = LOAD_LDG } }
Invoking DeviceReduceKernel<<<720, 256, 0, 102783056903760>>>(), 16 items per thread, 6 SM occupancy
Invoking DeviceReduceSingleTileKernel<<<1, 256, 0, 102783056903760>>>(), 16 items per thread
Dispatching DeviceReduce on compute capability 8.9 with tuning: ReducePolicy { .multi_tile = ReducePassPolicy { .threads_per_block = 256, .items_per_thread = 16, .vec_size = 4, .reduce_algorithm = BLOCK_REDUCE_WARP_REDUCTIONS, .load_modifier = LOAD_LDG }, .single_tile = ReducePassPolicy { .threads_per_block = 256, .items_per_thread = 16, .vec_size = 4, .reduce_algorithm = BLOCK_REDUCE_WARP_REDUCTIONS, .load_modifier = LOAD_LDG } }
Invoking DeviceReduceKernel<<<720, 256, 0, 102783056903760>>>(), 16 items per thread, 6 SM occupancy
Invoking DeviceReduceSingleTileKernel<<<1, 256, 0, 102783056903760>>>(), 16 items per thread
Dispatching DeviceReduce on compute capability 8.9 with tuning: ReducePolicy { .multi_tile = ReducePassPolicy { .threads_per_block = 256, .items_per_thread = 16, .vec_size = 4, .reduce_algorithm = BLOCK_REDUCE_WARP_REDUCTIONS, .load_modifier = LOAD_LDG }, .single_tile = ReducePassPolicy { .threads_per_block = 256, .items_per_thread = 16, .vec_size = 4, .reduce_algorithm = BLOCK_REDUCE_WARP_REDUCTIONS, .load_modifier = LOAD_LDG } }
Invoking DeviceReduceKernel<<<720, 256, 0, 102783056903760>>>(), 16 items per thread, 6 SM occupancy
Invoking DeviceReduceSingleTileKernel<<<1, 256, 0, 102783056903760>>>(), 16 items per thread
Dispatching DeviceReduce on compute capability 8.9 with tuning: ReducePolicy { .multi_tile = ReducePassPolicy { .threads_per_block = 256, .items_per_thread = 16, .vec_size = 4, .reduce_algorithm = BLOCK_REDUCE_WARP_REDUCTIONS, .load_modifier = LOAD_LDG }, .single_tile = ReducePassPolicy { .threads_per_block = 256, .items_per_thread = 16, .vec_size = 4, .reduce_algorithm = BLOCK_REDUCE_WARP_REDUCTIONS, .load_modifier = LOAD_LDG } }
Invoking DeviceReduceKernel<<<720, 256, 0, 102783056903760>>>(), 16 items per thread, 6 SM occupancy
Invoking DeviceReduceSingleTileKernel<<<1, 256, 0, 102783056903760>>>(), 16 items per thread
Dispatching DeviceReduce on compute capability 8.9 with tuning: ReducePolicy { .multi_tile = ReducePassPolicy { .threads_per_block = 256, .items_per_thread = 16, .vec_size = 4, .reduce_algorithm = BLOCK_REDUCE_WARP_REDUCTIONS, .load_modifier = LOAD_LDG }, .single_tile = ReducePassPolicy { .threads_per_block = 256, .items_per_thread = 16, .vec_size = 4, .reduce_algorithm = BLOCK_REDUCE_WARP_REDUCTIONS, .load_modifier = LOAD_LDG } }
Invoking DeviceReduceKernel<<<720, 256, 0, 102783056903760>>>(), 16 items per thread, 6 SM occupancy
Invoking DeviceReduceSingleTileKernel<<<1, 256, 0, 102783056903760>>>(), 16 items per thread
Dispatching DeviceReduce on compute capability 8.9 with tuning: ReducePolicy { .multi_tile = ReducePassPolicy { .threads_per_block = 256, .items_per_thread = 16, .vec_size = 4, .reduce_algorithm = BLOCK_REDUCE_WARP_REDUCTIONS, .load_modifier = LOAD_LDG }, .single_tile = ReducePassPolicy { .threads_per_block = 256, .items_per_thread = 16, .vec_size = 4, .reduce_algorithm = BLOCK_REDUCE_WARP_REDUCTIONS, .load_modifier = LOAD_LDG } }
Invoking DeviceReduceKernel<<<720, 256, 0, 102783056903760>>>(), 16 items per thread, 6 SM occupancy
Invoking DeviceReduceSingleTileKernel<<<1, 256, 0, 102783056903760>>>(), 16 items per thread
Dispatching DeviceReduce on compute capability 8.9 with tuning: ReducePolicy { .multi_tile = ReducePassPolicy { .threads_per_block = 256, .items_per_thread = 16, .vec_size = 4, .reduce_algorithm = BLOCK_REDUCE_WARP_REDUCTIONS, .load_modifier = LOAD_LDG }, .single_tile = ReducePassPolicy { .threads_per_block = 256, .items_per_thread = 16, .vec_size = 4, .reduce_algorithm = BLOCK_REDUCE_WARP_REDUCTIONS, .load_modifier = LOAD_LDG } }
Invoking DeviceReduceKernel<<<720, 256, 0, 102783056903760>>>(), 16 items per thread, 6 SM occupancy
Invoking DeviceReduceSingleTileKernel<<<1, 256, 0, 102783056903760>>>(), 16 items per thread
Dispatching DeviceReduce on compute capability 8.9 with tuning: ReducePolicy { .multi_tile = ReducePassPolicy { .threads_per_block = 256, .items_per_thread = 16, .vec_size = 4, .reduce_algorithm = BLOCK_REDUCE_WARP_REDUCTIONS, .load_modifier = LOAD_LDG }, .single_tile = ReducePassPolicy { .threads_per_block = 256, .items_per_thread = 16, .vec_size = 4, .reduce_algorithm = BLOCK_REDUCE_WARP_REDUCTIONS, .load_modifier = LOAD_LDG } }
Invoking DeviceReduceKernel<<<720, 256, 0, 102783056903760>>>(), 16 items per thread, 6 SM occupancy
Invoking DeviceReduceSingleTileKernel<<<1, 256, 0, 102783056903760>>>(), 16 items per thread
Dispatching DeviceReduce on compute capability 8.9 with tuning: ReducePolicy { .multi_tile = ReducePassPolicy { .threads_per_block = 256, .items_per_thread = 16, .vec_size = 4, .reduce_algorithm = BLOCK_REDUCE_WARP_REDUCTIONS, .load_modifier = LOAD_LDG }, .single_tile = ReducePassPolicy { .threads_per_block = 256, .items_per_thread = 16, .vec_size = 4, .reduce_algorithm = BLOCK_REDUCE_WARP_REDUCTIONS, .load_modifier = LOAD_LDG } }
Invoking DeviceReduceKernel<<<720, 256, 0, 102783056903760>>>(), 16 items per thread, 6 SM occupancy
Invoking DeviceReduceSingleTileKernel<<<1, 256, 0, 102783056903760>>>(), 16 items per thread
Dispatching DeviceReduce on compute capability 8.9 with tuning: ReducePolicy { .multi_tile = ReducePassPolicy { .threads_per_block = 256, .items_per_thread = 16, .vec_size = 4, .reduce_algorithm = BLOCK_REDUCE_WARP_REDUCTIONS, .load_modifier = LOAD_LDG }, .single_tile = ReducePassPolicy { .threads_per_block = 256, .items_per_thread = 16, .vec_size = 4, .reduce_algorithm = BLOCK_REDUCE_WARP_REDUCTIONS, .load_modifier = LOAD_LDG } }
Invoking DeviceReduceKernel<<<720, 256, 0, 102783056903760>>>(), 16 items per thread, 6 SM occupancy
Invoking DeviceReduceSingleTileKernel<<<1, 256, 0, 102783056903760>>>(), 16 items per thread
Dispatching DeviceReduce on compute capability 8.9 with tuning: ReducePolicy { .multi_tile = ReducePassPolicy { .threads_per_block = 256, .items_per_thread = 16, .vec_size = 4, .reduce_algorithm = BLOCK_REDUCE_WARP_REDUCTIONS, .load_modifier = LOAD_LDG }, .single_tile = ReducePassPolicy { .threads_per_block = 256, .items_per_thread = 16, .vec_size = 4, .reduce_algorithm = BLOCK_REDUCE_WARP_REDUCTIONS, .load_modifier = LOAD_LDG } }
Invoking DeviceReduceKernel<<<720, 256, 0, 102783056903760>>>(), 16 items per thread, 6 SM occupancy
Invoking DeviceReduceSingleTileKernel<<<1, 256, 0, 102783056903760>>>(), 16 items per thread
Dispatching DeviceReduce on compute capability 8.9 with tuning: ReducePolicy { .multi_tile = ReducePassPolicy { .threads_per_block = 256, .items_per_thread = 16, .vec_size = 4, .reduce_algorithm = BLOCK_REDUCE_WARP_REDUCTIONS, .load_modifier = LOAD_LDG }, .single_tile = ReducePassPolicy { .threads_per_block = 256, .items_per_thread = 16, .vec_size = 4, .reduce_algorithm = BLOCK_REDUCE_WARP_REDUCTIONS, .load_modifier = LOAD_LDG } }
Invoking DeviceReduceKernel<<<720, 256, 0, 102783056903760>>>(), 16 items per thread, 6 SM occupancy
Invoking DeviceReduceSingleTileKernel<<<1, 256, 0, 102783056903760>>>(), 16 items per thread
Dispatching DeviceReduce on compute capability 8.9 with tuning: ReducePolicy { .multi_tile = ReducePassPolicy { .threads_per_block = 256, .items_per_thread = 16, .vec_size = 4, .reduce_algorithm = BLOCK_REDUCE_WARP_REDUCTIONS, .load_modifier = LOAD_LDG }, .single_tile = ReducePassPolicy { .threads_per_block = 256, .items_per_thread = 16, .vec_size = 4, .reduce_algorithm = BLOCK_REDUCE_WARP_REDUCTIONS, .load_modifier = LOAD_LDG } }
Invoking DeviceReduceKernel<<<720, 256, 0, 102783056903760>>>(), 16 items per thread, 6 SM occupancy
Invoking DeviceReduceSingleTileKernel<<<1, 256, 0, 102783056903760>>>(), 16 items per thread
Dispatching DeviceReduce on compute capability 8.9 with tuning: ReducePolicy { .multi_tile = ReducePassPolicy { .threads_per_block = 256, .items_per_thread = 16, .vec_size = 4, .reduce_algorithm = BLOCK_REDUCE_WARP_REDUCTIONS, .load_modifier = LOAD_LDG }, .single_tile = ReducePassPolicy { .threads_per_block = 256, .items_per_thread = 16, .vec_size = 4, .reduce_algorithm = BLOCK_REDUCE_WARP_REDUCTIONS, .load_modifier = LOAD_LDG } }
Invoking DeviceReduceKernel<<<720, 256, 0, 102783056903760>>>(), 16 items per thread, 6 SM occupancy
Invoking DeviceReduceSingleTileKernel<<<1, 256, 0, 102783056903760>>>(), 16 items per thread
Dispatching DeviceReduce on compute capability 8.9 with tuning: ReducePolicy { .multi_tile = ReducePassPolicy { .threads_per_block = 256, .items_per_thread = 16, .vec_size = 4, .reduce_algorithm = BLOCK_REDUCE_WARP_REDUCTIONS, .load_modifier = LOAD_LDG }, .single_tile = ReducePassPolicy { .threads_per_block = 256, .items_per_thread = 16, .vec_size = 4, .reduce_algorithm = BLOCK_REDUCE_WARP_REDUCTIONS, .load_modifier = LOAD_LDG } }
Invoking DeviceReduceKernel<<<720, 256, 0, 102783056903760>>>(), 16 items per thread, 6 SM occupancy
Invoking DeviceReduceSingleTileKernel<<<1, 256, 0, 102783056903760>>>(), 16 items per thread
Pass: Cold: 0.139264ms GPU, 1.101981ms CPU, 0.00s total GPU, 0.00s total wall, 1x 
CHECK Case=8 N=2949119 variant=0 before=26542036 after=26542036 input=0x505800000 output=0x506400000 scratch=0x506400200 stream=0x5d7b0b987e50
Run:  [2/2] tail_ab [Device=0 Case=9]
Dispatching DeviceReduce on compute capability 8.9 with tuning: ReducePolicy { .multi_tile = ReducePassPolicy { .threads_per_block = 256, .items_per_thread = 16, .vec_size = 4, .reduce_algorithm = BLOCK_REDUCE_WARP_REDUCTIONS, .load_modifier = LOAD_LDG }, .single_tile = ReducePassPolicy { .threads_per_block = 256, .items_per_thread = 16, .vec_size = 4, .reduce_algorithm = BLOCK_REDUCE_WARP_REDUCTIONS, .load_modifier = LOAD_LDG } }
Invoking DeviceReduceKernel<<<720, 256, 0, 102783056903760>>>(), 16 items per thread, 6 SM occupancy
Invoking DeviceReduceSingleTileKernel<<<1, 256, 0, 102783056903760>>>(), 16 items per thread
Dispatching DeviceReduce on compute capability 8.9 with tuning: ReducePolicy { .multi_tile = ReducePassPolicy { .threads_per_block = 256, .items_per_thread = 16, .vec_size = 4, .reduce_algorithm = BLOCK_REDUCE_WARP_REDUCTIONS, .load_modifier = LOAD_LDG }, .single_tile = ReducePassPolicy { .threads_per_block = 256, .items_per_thread = 16, .vec_size = 4, .reduce_algorithm = BLOCK_REDUCE_WARP_REDUCTIONS, .load_modifier = LOAD_LDG } }
Invoking DeviceReduceKernel<<<720, 256, 0, 102783056903760>>>(), 16 items per thread, 6 SM occupancy
Invoking DeviceReduceSingleTileKernel<<<1, 256, 0, 102783056903760>>>(), 16 items per thread
Pass: Cold: 0.110560ms GPU, 0.148067ms CPU, 0.00s total GPU, 0.00s total wall, 1x 
CHECK Case=9 N=2949119 variant=1 before=26542036 after=26542036 input=0x505800000 output=0x506400000 scratch=0x506400200 stream=0x5d7b0b987e50
```

# Benchmark Results

## tail_ab

### [0] NVIDIA GeForce RTX 4060 Laptop GPU

| Case | Samples |  CPU Time  | Noise |  GPU Time  | Noise | Elem/s  | GlobalMem BW | BWUtil |
|------|---------|------------|-------|------------|-------|---------|--------------|--------|
|    8 |      1x |   1.102 ms |  inf% | 139.264 us |  inf% | 21.176G |  84.706 GB/s | 33.08% |
|    9 |      1x | 148.067 us |  inf% | 110.560 us |  inf% | 26.674G | 106.698 GB/s | 41.67% |
