
	code for sm_89
	.target	sm_89

		Function : search_cost_f64_greater
	.headerflags	@"EF_CUDA_SM89 EF_CUDA_VIRTUAL_SM(EF_CUDA_SM89)"
        /*0000*/                   IMAD.MOV.U32 R1, RZ, RZ, c[0x0][0x28] ;           /* 0x00000a00ff017624 */
                                                                                     /* 0x000fe400078e00ff */
        /*0010*/                   S2R R5, SR_CTAID.X ;                              /* 0x0000000000057919 */
                                                                                     /* 0x000e280000002500 */
        /*0020*/                   S2R R0, SR_TID.X ;                                /* 0x0000000000007919 */
                                                                                     /* 0x000e240000002100 */
        /*0030*/                   IMAD R5, R5, c[0x0][0x0], R0 ;                    /* 0x0000000005057a24 */
                                                                                     /* 0x001fca00078e0200 */
        /*0040*/                   ISETP.GE.AND P0, PT, R5, c[0x0][0x178], PT ;      /* 0x00005e0005007a0c */
                                                                                     /* 0x000fda0003f06270 */
        /*0050*/               @P0 EXIT ;                                            /* 0x000000000000094d */
                                                                                     /* 0x000fea0003800000 */
        /*0060*/                   IMAD.MOV.U32 R7, RZ, RZ, c[0x0][0x168] ;          /* 0x00005a00ff077624 */
                                                                                     /* 0x000fe200078e00ff */
        /*0070*/                   ULDC.64 UR4, c[0x0][0x118] ;                      /* 0x0000460000047ab9 */
                                                                                     /* 0x000fe20000000a00 */
        /*0080*/                   IMAD.MOV.U32 R4, RZ, RZ, 0x3 ;                    /* 0x00000003ff047424 */
                                                                                     /* 0x000fe200078e00ff */
        /*0090*/                   BSSY B0, 0x7a0 ;                                  /* 0x0000070000007945 */
                                                                                     /* 0x000fe20003800000 */
        /*00a0*/                   IMAD.MOV.U32 R24, RZ, RZ, 0x8 ;                   /* 0x00000008ff187424 */
                                                                                     /* 0x000fe200078e00ff */
        /*00b0*/                   SHF.R.S32.HI R0, RZ, 0x1f, R5 ;                   /* 0x0000001fff007819 */
                                                                                     /* 0x000fe40000011405 */
        /*00c0*/                   SHF.L.U64.HI R4, R7.reuse, R4, c[0x0][0x16c] ;    /* 0x00005b0007047619 */
                                                                                     /* 0x040fe20000010204 */
        /*00d0*/                   IMAD.SHL.U32 R7, R7, 0x8, RZ ;                    /* 0x0000000807077824 */
                                                                                     /* 0x000fe400078e00ff */
        /*00e0*/                   IMAD.WIDE R2, R5, R24, c[0x0][0x170] ;            /* 0x00005c0005027625 */
                                                                                     /* 0x000fe200078e0218 */
        /*00f0*/                   SHF.R.S32.HI R17, RZ, 0x3, R4 ;                   /* 0x00000003ff117819 */
                                                                                     /* 0x000fc40000011404 */
        /*0100*/                   SHF.R.S64 R18, R7, 0x3, R4 ;                      /* 0x0000000307127819 */
                                                                                     /* 0x000fc80000001004 */
        /*0110*/                   ISETP.GE.U32.AND P0, PT, R18, -0x80000000, PT ;   /* 0x800000001200780c */
                                                                                     /* 0x000fc80003f06070 */
        /*0120*/                   ISETP.GE.U32.AND.EX P0, PT, R17, RZ, PT, P0 ;     /* 0x000000ff1100720c */
                                                                                     /* 0x000fda0003f06100 */
        /*0130*/              @!P0 BRA 0x530 ;                                       /* 0x000003f000008947 */
                                                                                     /* 0x000fea0003800000 */
        /*0140*/                   SHF.R.U64 R16, R18, 0x1, R17.reuse ;              /* 0x0000000112107819 */
                                                                                     /* 0x100fe20000001211 */
        /*0150*/                   LDG.E.64 R8, [R2.64] ;                            /* 0x0000000402087981 */
                                                                                     /* 0x000ea2000c1e1b00 */
        /*0160*/                   SHF.R.U32.HI R15, RZ, 0x1, R17 ;                  /* 0x00000001ff0f7819 */
                                                                                     /* 0x000fc60000011611 */
        /*0170*/                   IMAD.SHL.U32 R14, R16.reuse, 0x8, RZ ;            /* 0x00000008100e7824 */
                                                                                     /* 0x040fe200078e00ff */
        /*0180*/                   SHF.L.U64.HI R6, R16, 0x3, R15 ;                  /* 0x0000000310067819 */
                                                                                     /* 0x000fc8000001020f */
        /*0190*/                   IADD3 R10, P0, R14, c[0x0][0x160], RZ ;           /* 0x000058000e0a7a10 */
                                                                                     /* 0x000fc80007f1e0ff */
        /*01a0*/                   IADD3.X R11, R6, c[0x0][0x164], RZ, P0, !PT ;     /* 0x00005900060b7a10 */
                                                                                     /* 0x000fca00007fe4ff */
        /*01b0*/                   LDG.E.64 R12, [R10.64] ;                          /* 0x000000040a0c7981 */
                                                                                     /* 0x000ea2000c1e1b00 */
        /*01c0*/                   LOP3.LUT R19, RZ, R16, RZ, 0x33, !PT ;            /* 0x00000010ff137212 */
                                                                                     /* 0x000fe400078e33ff */
        /*01d0*/                   LOP3.LUT R20, RZ, R15, RZ, 0x33, !PT ;            /* 0x0000000fff147212 */
                                                                                     /* 0x000fe400078e33ff */
        /*01e0*/                   IADD3 R19, P0, R19, R18, RZ ;                     /* 0x0000001213137210 */
                                                                                     /* 0x000fca0007f1e0ff */
        /*01f0*/                   IMAD.X R20, R20, 0x1, R17, P0 ;                   /* 0x0000000114147824 */
                                                                                     /* 0x000fe200000e0611 */
        /*0200*/                   IADD3 R14, P2, R14, 0x8, RZ ;                     /* 0x000000080e0e7810 */
                                                                                     /* 0x000fc80007f5e0ff */
        /*0210*/                   IADD3 R14, P3, R14, c[0x0][0x160], RZ ;           /* 0x000058000e0e7a10 */
                                                                                     /* 0x000fc80007f7e0ff */
        /*0220*/                   IADD3.X R6, RZ, c[0x0][0x164], R6, P3, P2 ;       /* 0x00005900ff067a10 */
                                                                                     /* 0x000fe20001fe4406 */
        /*0230*/                   BSSY B1, 0x520 ;                                  /* 0x000002e000017945 */
                                                                                     /* 0x000fe20003800000 */
        /*0240*/                   DSETP.GT.AND P1, PT, R12, R8, PT ;                /* 0x000000080c00722a */
                                                                                     /* 0x004e0c0003f24000 */
        /*0250*/                   SEL R19, R16, R19, !P1 ;                          /* 0x0000001310137207 */
                                                                                     /* 0x001fe40004800000 */
        /*0260*/                   SEL R20, R15, R20, !P1 ;                          /* 0x000000140f147207 */
                                                                                     /* 0x000fe40004800000 */
        /*0270*/                   ISETP.NE.U32.AND P0, PT, R19, RZ, PT ;            /* 0x000000ff1300720c */
                                                                                     /* 0x000fc80003f05070 */
        /*0280*/                   ISETP.NE.AND.EX P0, PT, R20, RZ, PT, P0 ;         /* 0x000000ff1400720c */
                                                                                     /* 0x000fe40003f05300 */
        /*0290*/                   IADD3 R15, P4, R10, 0x8, RZ ;                     /* 0x000000080a0f7810 */
                                                                                     /* 0x000fe40007f9e0ff */
        /*02a0*/                   SEL R14, R14, c[0x0][0x160], P1 ;                 /* 0x000058000e0e7a07 */
                                                                                     /* 0x000fe40000800000 */
        /*02b0*/                   SEL R6, R6, c[0x0][0x164], P1 ;                   /* 0x0000590006067a07 */
                                                                                     /* 0x000fe20000800000 */
        /*02c0*/                   IMAD.X R18, RZ, RZ, R11, P4 ;                     /* 0x000000ffff127224 */
                                                                                     /* 0x000fe200020e060b */
        /*02d0*/                   SEL R15, R15, c[0x0][0x160], P1 ;                 /* 0x000058000f0f7a07 */
                                                                                     /* 0x000fe20000800000 */
        /*02e0*/                   IMAD.MOV.U32 R12, RZ, RZ, R14 ;                   /* 0x000000ffff0c7224 */
                                                                                     /* 0x000fe400078e000e */
        /*02f0*/                   IMAD.MOV.U32 R13, RZ, RZ, R6 ;                    /* 0x000000ffff0d7224 */
                                                                                     /* 0x000fe200078e0006 */
        /*0300*/                   SEL R18, R18, c[0x0][0x164], P1 ;                 /* 0x0000590012127a07 */
                                                                                     /* 0x000fe20000800000 */
        /*0310*/              @!P0 BRA 0x510 ;                                       /* 0x000001f000008947 */
                                                                                     /* 0x000fea0003800000 */
        /*0320*/                   SHF.R.U64 R26, R19, 0x1, R20.reuse ;              /* 0x00000001131a7819 */
                                                                                     /* 0x100fe40000001214 */
        /*0330*/                   SHF.R.U32.HI R27, RZ, 0x1, R20 ;                  /* 0x00000001ff1b7819 */
                                                                                     /* 0x000fc60000011614 */
        /*0340*/                   IMAD.SHL.U32 R24, R26.reuse, 0x8, RZ ;            /* 0x000000081a187824 */
                                                                                     /* 0x040fe200078e00ff */
        /*0350*/                   SHF.L.U64.HI R25, R26, 0x3, R27 ;                 /* 0x000000031a197819 */
                                                                                     /* 0x000fc8000001021b */
        /*0360*/                   IADD3 R10, P0, R15, R24, RZ ;                     /* 0x000000180f0a7210 */
                                                                                     /* 0x000fca0007f1e0ff */
        /*0370*/                   IMAD.X R11, R18, 0x1, R25, P0 ;                   /* 0x00000001120b7824 */
                                                                                     /* 0x000fca00000e0619 */
        /*0380*/                   LDG.E.64 R16, [R10.64] ;                          /* 0x000000040a107981 */
                                                                                     /* 0x000ea2000c1e1b00 */
        /*0390*/                   LOP3.LUT R22, RZ, R26, RZ, 0x33, !PT ;            /* 0x0000001aff167212 */
                                                                                     /* 0x000fe400078e33ff */
        /*03a0*/                   IADD3 R23, P0, R24, 0x8, RZ ;                     /* 0x0000000818177810 */
                                                                                     /* 0x000fe40007f1e0ff */
        /*03b0*/                   IADD3 R19, P3, R19, R22, RZ ;                     /* 0x0000001613137210 */
                                                                                     /* 0x000fe40007f7e0ff */
        /*03c0*/                   IADD3 R21, P2, R14, R23, RZ ;                     /* 0x000000170e157210 */
                                                                                     /* 0x000fe20007f5e0ff */
        /*03d0*/                   DSETP.GT.AND P1, PT, R16, R8, PT ;                /* 0x000000081000722a */
                                                                                     /* 0x0040640003f24000 */
        /*03e0*/                   LOP3.LUT R17, RZ, R27, RZ, 0x33, !PT ;            /* 0x0000001bff117212 */
                                                                                     /* 0x001fe200078e33ff */
        /*03f0*/                   IMAD.X R16, RZ, RZ, R25, P0 ;                     /* 0x000000ffff107224 */
                                                                                     /* 0x000fc600000e0619 */
        /*0400*/                   SEL R19, R26, R19, !P1 ;                          /* 0x000000131a137207 */
                                                                                     /* 0x002fe20004800000 */
        /*0410*/                   IMAD.X R20, R20, 0x1, R17, P3 ;                   /* 0x0000000114147824 */
                                                                                     /* 0x000fe200018e0611 */
        /*0420*/                   SEL R14, R14, R21, !P1 ;                          /* 0x000000150e0e7207 */
                                                                                     /* 0x000fe20004800000 */
        /*0430*/                   IMAD.X R21, R6, 0x1, R16, P2 ;                    /* 0x0000000106157824 */
                                                                                     /* 0x000fe200010e0610 */
        /*0440*/                   ISETP.NE.U32.AND P0, PT, R19, RZ, PT ;            /* 0x000000ff1300720c */
                                                                                     /* 0x000fe40003f05070 */
        /*0450*/                   SEL R20, R27, R20, !P1 ;                          /* 0x000000141b147207 */
                                                                                     /* 0x000fe40004800000 */
        /*0460*/                   IADD3 R17, P3, R12, R23, RZ ;                     /* 0x000000170c117210 */
                                                                                     /* 0x000fe40007f7e0ff */
        /*0470*/                   ISETP.NE.AND.EX P0, PT, R20, RZ, PT, P0 ;         /* 0x000000ff1400720c */
                                                                                     /* 0x000fc40003f05300 */
        /*0480*/                   IADD3 R10, P2, R10, 0x8, RZ ;                     /* 0x000000080a0a7810 */
                                                                                     /* 0x000fe20007f5e0ff */
        /*0490*/                   IMAD.X R16, R13.reuse, 0x1, R16, P3 ;             /* 0x000000010d107824 */
                                                                                     /* 0x040fe200018e0610 */
        /*04a0*/                   SEL R6, R6, R21, !P1 ;                            /* 0x0000001506067207 */
                                                                                     /* 0x000fe40004800000 */
        /*04b0*/                   SEL R12, R12, R17, !P1 ;                          /* 0x000000110c0c7207 */
                                                                                     /* 0x000fe20004800000 */
        /*04c0*/                   IMAD.X R11, RZ, RZ, R11, P2 ;                     /* 0x000000ffff0b7224 */
                                                                                     /* 0x000fe200010e060b */
        /*04d0*/                   SEL R13, R13, R16, !P1 ;                          /* 0x000000100d0d7207 */
                                                                                     /* 0x000fe40004800000 */
        /*04e0*/                   SEL R15, R15, R10, !P1 ;                          /* 0x0000000a0f0f7207 */
                                                                                     /* 0x000fe40004800000 */
        /*04f0*/                   SEL R18, R18, R11, !P1 ;                          /* 0x0000000b12127207 */
                                                                                     /* 0x000fe20004800000 */
        /*0500*/               @P0 BRA 0x320 ;                                       /* 0xfffffe1000000947 */
                                                                                     /* 0x000fea000383ffff */
        /*0510*/                   BSYNC B1 ;                                        /* 0x0000000000017941 */
                                                                                     /* 0x000fea0003800000 */
        /*0520*/                   BRA 0x790 ;                                       /* 0x0000026000007947 */
                                                                                     /* 0x000fea0003800000 */
        /*0530*/                   ISETP.NE.AND P0, PT, R18, RZ, PT ;                /* 0x000000ff1200720c */
                                                                                     /* 0x000fe20003f05270 */
        /*0540*/                   IMAD.MOV.U32 R14, RZ, RZ, c[0x0][0x160] ;         /* 0x00005800ff0e7624 */
                                                                                     /* 0x000fc400078e00ff */
        /*0550*/                   IMAD.MOV.U32 R6, RZ, RZ, c[0x0][0x164] ;          /* 0x00005900ff067624 */
                                                                                     /* 0x000fe400078e00ff */
        /*0560*/                   IMAD.MOV.U32 R12, RZ, RZ, c[0x0][0x160] ;         /* 0x00005800ff0c7624 */
                                                                                     /* 0x000fe400078e00ff */
        /*0570*/                   IMAD.MOV.U32 R13, RZ, RZ, c[0x0][0x164] ;         /* 0x00005900ff0d7624 */
                                                                                     /* 0x000fcc00078e00ff */
        /*0580*/              @!P0 BRA 0x790 ;                                       /* 0x0000020000008947 */
                                                                                     /* 0x000fea0003800000 */
        /*0590*/                   LDG.E.64 R8, [R2.64] ;                            /* 0x0000000402087981 */
                                                                                     /* 0x000162000c1e1b00 */
        /*05a0*/                   IMAD.MOV.U32 R15, RZ, RZ, R18 ;                   /* 0x000000ffff0f7224 */
                                                                                     /* 0x000fe400078e0012 */
        /*05b0*/                   IMAD.MOV.U32 R25, RZ, RZ, c[0x0][0x160] ;         /* 0x00005800ff197624 */
                                                                                     /* 0x000fe400078e00ff */
        /*05c0*/                   IMAD.MOV.U32 R22, RZ, RZ, c[0x0][0x164] ;         /* 0x00005900ff167624 */
                                                                                     /* 0x000fe400078e00ff */
        /*05d0*/                   IMAD.MOV.U32 R14, RZ, RZ, c[0x0][0x160] ;         /* 0x00005800ff0e7624 */
                                                                                     /* 0x000fe400078e00ff */
        /*05e0*/                   IMAD.MOV.U32 R6, RZ, RZ, c[0x0][0x164] ;          /* 0x00005900ff067624 */
                                                                                     /* 0x000fe400078e00ff */
        /*05f0*/                   IMAD.MOV.U32 R12, RZ, RZ, c[0x0][0x160] ;         /* 0x00005800ff0c7624 */
                                                                                     /* 0x000fc400078e00ff */
        /*0600*/                   IMAD.MOV.U32 R13, RZ, RZ, c[0x0][0x164] ;         /* 0x00005900ff0d7624 */
                                                                                     /* 0x001fe400078e00ff */
        /*0610*/                   SHF.R.U32.HI R19, RZ, 0x1, R15 ;                  /* 0x00000001ff137819 */
                                                                                     /* 0x000fe2000001160f */
        /*0620*/                   IMAD.MOV.U32 R10, RZ, RZ, R25 ;                   /* 0x000000ffff0a7224 */
                                                                                     /* 0x000fe400078e0019 */
        /*0630*/                   IMAD.MOV.U32 R11, RZ, RZ, R22 ;                   /* 0x000000ffff0b7224 */
                                                                                     /* 0x000fc800078e0016 */
        /*0640*/                   IMAD.WIDE.U32 R16, R19, 0x8, R10 ;                /* 0x0000000813107825 */
                                                                                     /* 0x000fca00078e000a */
        /*0650*/                   LDG.E.64 R10, [R16.64] ;                          /* 0x00000004100a7981 */
                                                                                     /* 0x000ea2000c1e1b00 */
        /*0660*/                   LOP3.LUT R18, RZ, R19, RZ, 0x33, !PT ;            /* 0x00000013ff127212 */
                                                                                     /* 0x000fe400078e33ff */
        /*0670*/                   IADD3 R20, P3, R16, 0x8, RZ ;                     /* 0x0000000810147810 */
                                                                                     /* 0x000fe20007f7e0ff */
        /*0680*/                   DSETP.GT.AND P0, PT, R10, R8, PT ;                /* 0x000000080a00722a */
                                                                                     /* 0x0240640003f04000 */
        /*0690*/                   IMAD.WIDE.U32 R10, R19, R24, c[0x2][0x0] ;        /* 0x00800000130a7625 */
                                                                                     /* 0x001fc800078e0018 */
        /*06a0*/                   SEL R25, R25, R20, !P0 ;                          /* 0x0000001419197207 */
                                                                                     /* 0x002fe40004000000 */
        /*06b0*/                   IADD3 R23, P1, R10.reuse, R14, RZ ;               /* 0x0000000e0a177210 */
                                                                                     /* 0x040fe40007f3e0ff */
        /*06c0*/                   IADD3 R21, P2, R10, R12, RZ ;                     /* 0x0000000c0a157210 */
                                                                                     /* 0x000fe20007f5e0ff */
        /*06d0*/                   IMAD.X R10, RZ, RZ, R17, P3 ;                     /* 0x000000ffff0a7224 */
                                                                                     /* 0x000fe200018e0611 */
        /*06e0*/                   SEL R14, R14, R23, !P0 ;                          /* 0x000000170e0e7207 */
                                                                                     /* 0x000fe40004000000 */
        /*06f0*/               @P0 IMAD.IADD R19, R18, 0x1, R15 ;                    /* 0x0000000112130824 */
                                                                                     /* 0x000fe200078e020f */
        /*0700*/                   SEL R12, R12, R21, !P0 ;                          /* 0x000000150c0c7207 */
                                                                                     /* 0x000fe20004000000 */
        /*0710*/                   IMAD.X R15, R11.reuse, 0x1, R6, P1 ;              /* 0x000000010b0f7824 */
                                                                                     /* 0x040fe200008e0606 */
        /*0720*/                   SEL R22, R22, R10, !P0 ;                          /* 0x0000000a16167207 */
                                                                                     /* 0x000fe20004000000 */
        /*0730*/                   IMAD.X R18, R11, 0x1, R13, P2 ;                   /* 0x000000010b127824 */
                                                                                     /* 0x000fe200010e060d */
        /*0740*/                   ISETP.NE.AND P1, PT, R19, RZ, PT ;                /* 0x000000ff1300720c */
                                                                                     /* 0x000fc40003f25270 */
        /*0750*/                   SEL R6, R6, R15, !P0 ;                            /* 0x0000000f06067207 */
                                                                                     /* 0x000fe20004000000 */
        /*0760*/                   IMAD.MOV.U32 R15, RZ, RZ, R19 ;                   /* 0x000000ffff0f7224 */
                                                                                     /* 0x000fe200078e0013 */
        /*0770*/                   SEL R13, R13, R18, !P0 ;                          /* 0x000000120d0d7207 */
                                                                                     /* 0x000fd20004000000 */
        /*0780*/               @P1 BRA 0x610 ;                                       /* 0xfffffe8000001947 */
                                                                                     /* 0x000fea000383ffff */
        /*0790*/                   BSYNC B0 ;                                        /* 0x0000000000007941 */
                                                                                     /* 0x000fea0003800000 */
        /*07a0*/                   IADD3 R7, P1, R7, c[0x0][0x160], RZ ;             /* 0x0000580007077a10 */
                                                                                     /* 0x000fc80007f3e0ff */
        /*07b0*/                   ISETP.NE.U32.AND P0, PT, R14, R7, PT ;            /* 0x000000070e00720c */
                                                                                     /* 0x000fe40003f05070 */
        /*07c0*/                   IADD3.X R7, R4, c[0x0][0x164], RZ, P1, !PT ;      /* 0x0000590004077a10 */
                                                                                     /* 0x000fc80000ffe4ff */
        /*07d0*/                   ISETP.NE.AND.EX P0, PT, R6, R7, PT, P0 ;          /* 0x000000070600720c */
                                                                                     /* 0x000fda0003f05300 */
        /*07e0*/               @P0 LDG.E.64 R2, [R2.64] ;                            /* 0x0000000402020981 */
                                                                                     /* 0x000ea8000c1e1b00 */
        /*07f0*/               @P0 LDG.E.64 R6, [R12.64] ;                           /* 0x000000040c060981 */
                                                                                     /* 0x000ea2000c1e1b00 */
        /*0800*/                   LEA R4, P2, R5, c[0x0][0x180], 0x2 ;              /* 0x0000600005047a11 */
                                                                                     /* 0x000fc800078410ff */
        /*0810*/                   LEA.HI.X R5, R5, c[0x0][0x184], R0, 0x2, P2 ;     /* 0x0000610005057a11 */
                                                                                     /* 0x000fe200010f1400 */
        /*0820*/               @P0 DSETP.GT.AND P1, PT, R2, R6, PT ;                 /* 0x000000060200022a */
                                                                                     /* 0x0040640003f24000 */
        /*0830*/                   IMAD.MOV.U32 R7, RZ, RZ, RZ ;                     /* 0x000000ffff077224 */
                                                                                     /* 0x001fc800078e00ff */
        /*0840*/               @P0 SEL R7, RZ, 0x1, P1 ;                             /* 0x00000001ff070807 */
                                                                                     /* 0x002fca0000800000 */
        /*0850*/                   STG.E [R4.64], R7 ;                               /* 0x0000000704007986 */
                                                                                     /* 0x000fe2000c101904 */
        /*0860*/                   EXIT ;                                            /* 0x000000000000794d */
                                                                                     /* 0x000fea0003800000 */
        /*0870*/                   BRA 0x870;                                        /* 0xfffffff000007947 */
                                                                                     /* 0x000fc0000383ffff */
        /*0880*/                   NOP;                                              /* 0x0000000000007918 */
                                                                                     /* 0x000fc00000000000 */
        /*0890*/                   NOP;                                              /* 0x0000000000007918 */
                                                                                     /* 0x000fc00000000000 */
        /*08a0*/                   NOP;                                              /* 0x0000000000007918 */
                                                                                     /* 0x000fc00000000000 */
        /*08b0*/                   NOP;                                              /* 0x0000000000007918 */
                                                                                     /* 0x000fc00000000000 */
        /*08c0*/                   NOP;                                              /* 0x0000000000007918 */
                                                                                     /* 0x000fc00000000000 */
        /*08d0*/                   NOP;                                              /* 0x0000000000007918 */
                                                                                     /* 0x000fc00000000000 */
        /*08e0*/                   NOP;                                              /* 0x0000000000007918 */
                                                                                     /* 0x000fc00000000000 */
        /*08f0*/                   NOP;                                              /* 0x0000000000007918 */
                                                                                     /* 0x000fc00000000000 */
		..........


		Function : search_cost_f64_less
	.headerflags	@"EF_CUDA_SM89 EF_CUDA_VIRTUAL_SM(EF_CUDA_SM89)"
        /*0000*/                   IMAD.MOV.U32 R1, RZ, RZ, c[0x0][0x28] ;           /* 0x00000a00ff017624 */
                                                                                     /* 0x000fe400078e00ff */
        /*0010*/                   S2R R5, SR_CTAID.X ;                              /* 0x0000000000057919 */
                                                                                     /* 0x000e280000002500 */
        /*0020*/                   S2R R0, SR_TID.X ;                                /* 0x0000000000007919 */
                                                                                     /* 0x000e240000002100 */
        /*0030*/                   IMAD R5, R5, c[0x0][0x0], R0 ;                    /* 0x0000000005057a24 */
                                                                                     /* 0x001fca00078e0200 */
        /*0040*/                   ISETP.GE.AND P0, PT, R5, c[0x0][0x178], PT ;      /* 0x00005e0005007a0c */
                                                                                     /* 0x000fda0003f06270 */
        /*0050*/               @P0 EXIT ;                                            /* 0x000000000000094d */
                                                                                     /* 0x000fea0003800000 */
        /*0060*/                   IMAD.MOV.U32 R7, RZ, RZ, c[0x0][0x168] ;          /* 0x00005a00ff077624 */
                                                                                     /* 0x000fe200078e00ff */
        /*0070*/                   ULDC.64 UR4, c[0x0][0x118] ;                      /* 0x0000460000047ab9 */
                                                                                     /* 0x000fe20000000a00 */
        /*0080*/                   IMAD.MOV.U32 R4, RZ, RZ, 0x3 ;                    /* 0x00000003ff047424 */
                                                                                     /* 0x000fe200078e00ff */
        /*0090*/                   BSSY B0, 0x7a0 ;                                  /* 0x0000070000007945 */
                                                                                     /* 0x000fe20003800000 */
        /*00a0*/                   IMAD.MOV.U32 R24, RZ, RZ, 0x8 ;                   /* 0x00000008ff187424 */
                                                                                     /* 0x000fe200078e00ff */
        /*00b0*/                   SHF.R.S32.HI R0, RZ, 0x1f, R5 ;                   /* 0x0000001fff007819 */
                                                                                     /* 0x000fe40000011405 */
        /*00c0*/                   SHF.L.U64.HI R4, R7.reuse, R4, c[0x0][0x16c] ;    /* 0x00005b0007047619 */
                                                                                     /* 0x040fe20000010204 */
        /*00d0*/                   IMAD.SHL.U32 R7, R7, 0x8, RZ ;                    /* 0x0000000807077824 */
                                                                                     /* 0x000fe400078e00ff */
        /*00e0*/                   IMAD.WIDE R2, R5, R24, c[0x0][0x170] ;            /* 0x00005c0005027625 */
                                                                                     /* 0x000fe200078e0218 */
        /*00f0*/                   SHF.R.S32.HI R17, RZ, 0x3, R4 ;                   /* 0x00000003ff117819 */
                                                                                     /* 0x000fc40000011404 */
        /*0100*/                   SHF.R.S64 R18, R7, 0x3, R4 ;                      /* 0x0000000307127819 */
                                                                                     /* 0x000fc80000001004 */
        /*0110*/                   ISETP.GE.U32.AND P0, PT, R18, -0x80000000, PT ;   /* 0x800000001200780c */
                                                                                     /* 0x000fc80003f06070 */
        /*0120*/                   ISETP.GE.U32.AND.EX P0, PT, R17, RZ, PT, P0 ;     /* 0x000000ff1100720c */
                                                                                     /* 0x000fda0003f06100 */
        /*0130*/              @!P0 BRA 0x530 ;                                       /* 0x000003f000008947 */
                                                                                     /* 0x000fea0003800000 */
        /*0140*/                   SHF.R.U64 R16, R18, 0x1, R17.reuse ;              /* 0x0000000112107819 */
                                                                                     /* 0x100fe20000001211 */
        /*0150*/                   LDG.E.64 R8, [R2.64] ;                            /* 0x0000000402087981 */
                                                                                     /* 0x000ea2000c1e1b00 */
        /*0160*/                   SHF.R.U32.HI R15, RZ, 0x1, R17 ;                  /* 0x00000001ff0f7819 */
                                                                                     /* 0x000fc60000011611 */
        /*0170*/                   IMAD.SHL.U32 R14, R16.reuse, 0x8, RZ ;            /* 0x00000008100e7824 */
                                                                                     /* 0x040fe200078e00ff */
        /*0180*/                   SHF.L.U64.HI R6, R16, 0x3, R15 ;                  /* 0x0000000310067819 */
                                                                                     /* 0x000fc8000001020f */
        /*0190*/                   IADD3 R10, P0, R14, c[0x0][0x160], RZ ;           /* 0x000058000e0a7a10 */
                                                                                     /* 0x000fc80007f1e0ff */
        /*01a0*/                   IADD3.X R11, R6, c[0x0][0x164], RZ, P0, !PT ;     /* 0x00005900060b7a10 */
                                                                                     /* 0x000fca00007fe4ff */
        /*01b0*/                   LDG.E.64 R12, [R10.64] ;                          /* 0x000000040a0c7981 */
                                                                                     /* 0x000ea2000c1e1b00 */
        /*01c0*/                   LOP3.LUT R19, RZ, R16, RZ, 0x33, !PT ;            /* 0x00000010ff137212 */
                                                                                     /* 0x000fe400078e33ff */
        /*01d0*/                   LOP3.LUT R20, RZ, R15, RZ, 0x33, !PT ;            /* 0x0000000fff147212 */
                                                                                     /* 0x000fe400078e33ff */
        /*01e0*/                   IADD3 R19, P0, R19, R18, RZ ;                     /* 0x0000001213137210 */
                                                                                     /* 0x000fca0007f1e0ff */
        /*01f0*/                   IMAD.X R20, R20, 0x1, R17, P0 ;                   /* 0x0000000114147824 */
                                                                                     /* 0x000fe200000e0611 */
        /*0200*/                   IADD3 R14, P2, R14, 0x8, RZ ;                     /* 0x000000080e0e7810 */
                                                                                     /* 0x000fc80007f5e0ff */
        /*0210*/                   IADD3 R14, P3, R14, c[0x0][0x160], RZ ;           /* 0x000058000e0e7a10 */
                                                                                     /* 0x000fc80007f7e0ff */
        /*0220*/                   IADD3.X R6, RZ, c[0x0][0x164], R6, P3, P2 ;       /* 0x00005900ff067a10 */
                                                                                     /* 0x000fe20001fe4406 */
        /*0230*/                   BSSY B1, 0x520 ;                                  /* 0x000002e000017945 */
                                                                                     /* 0x000fe20003800000 */
        /*0240*/                   DSETP.GEU.AND P1, PT, R12, R8, PT ;               /* 0x000000080c00722a */
                                                                                     /* 0x004e0c0003f2e000 */
        /*0250*/                   SEL R19, R16, R19, P1 ;                           /* 0x0000001310137207 */
                                                                                     /* 0x001fe40000800000 */
        /*0260*/                   SEL R20, R15, R20, P1 ;                           /* 0x000000140f147207 */
                                                                                     /* 0x000fe40000800000 */
        /*0270*/                   ISETP.NE.U32.AND P0, PT, R19, RZ, PT ;            /* 0x000000ff1300720c */
                                                                                     /* 0x000fc80003f05070 */
        /*0280*/                   ISETP.NE.AND.EX P0, PT, R20, RZ, PT, P0 ;         /* 0x000000ff1400720c */
                                                                                     /* 0x000fe40003f05300 */
        /*0290*/                   IADD3 R15, P4, R10, 0x8, RZ ;                     /* 0x000000080a0f7810 */
                                                                                     /* 0x000fe40007f9e0ff */
        /*02a0*/                   SEL R14, R14, c[0x0][0x160], !P1 ;                /* 0x000058000e0e7a07 */
                                                                                     /* 0x000fe40004800000 */
        /*02b0*/                   SEL R6, R6, c[0x0][0x164], !P1 ;                  /* 0x0000590006067a07 */
                                                                                     /* 0x000fe20004800000 */
        /*02c0*/                   IMAD.X R18, RZ, RZ, R11, P4 ;                     /* 0x000000ffff127224 */
                                                                                     /* 0x000fe200020e060b */
        /*02d0*/                   SEL R15, R15, c[0x0][0x160], !P1 ;                /* 0x000058000f0f7a07 */
                                                                                     /* 0x000fe20004800000 */
        /*02e0*/                   IMAD.MOV.U32 R12, RZ, RZ, R14 ;                   /* 0x000000ffff0c7224 */
                                                                                     /* 0x000fe400078e000e */
        /*02f0*/                   IMAD.MOV.U32 R13, RZ, RZ, R6 ;                    /* 0x000000ffff0d7224 */
                                                                                     /* 0x000fe200078e0006 */
        /*0300*/                   SEL R18, R18, c[0x0][0x164], !P1 ;                /* 0x0000590012127a07 */
                                                                                     /* 0x000fe20004800000 */
        /*0310*/              @!P0 BRA 0x510 ;                                       /* 0x000001f000008947 */
                                                                                     /* 0x000fea0003800000 */
        /*0320*/                   SHF.R.U64 R26, R19, 0x1, R20.reuse ;              /* 0x00000001131a7819 */
                                                                                     /* 0x100fe40000001214 */
        /*0330*/                   SHF.R.U32.HI R27, RZ, 0x1, R20 ;                  /* 0x00000001ff1b7819 */
                                                                                     /* 0x000fc60000011614 */
        /*0340*/                   IMAD.SHL.U32 R24, R26.reuse, 0x8, RZ ;            /* 0x000000081a187824 */
                                                                                     /* 0x040fe200078e00ff */
        /*0350*/                   SHF.L.U64.HI R25, R26, 0x3, R27 ;                 /* 0x000000031a197819 */
                                                                                     /* 0x000fc8000001021b */
        /*0360*/                   IADD3 R10, P0, R15, R24, RZ ;                     /* 0x000000180f0a7210 */
                                                                                     /* 0x000fca0007f1e0ff */
        /*0370*/                   IMAD.X R11, R18, 0x1, R25, P0 ;                   /* 0x00000001120b7824 */
                                                                                     /* 0x000fca00000e0619 */
        /*0380*/                   LDG.E.64 R16, [R10.64] ;                          /* 0x000000040a107981 */
                                                                                     /* 0x000ea2000c1e1b00 */
        /*0390*/                   LOP3.LUT R22, RZ, R26, RZ, 0x33, !PT ;            /* 0x0000001aff167212 */
                                                                                     /* 0x000fe400078e33ff */
        /*03a0*/                   IADD3 R23, P0, R24, 0x8, RZ ;                     /* 0x0000000818177810 */
                                                                                     /* 0x000fe40007f1e0ff */
        /*03b0*/                   IADD3 R19, P3, R19, R22, RZ ;                     /* 0x0000001613137210 */
                                                                                     /* 0x000fe40007f7e0ff */
        /*03c0*/                   IADD3 R21, P2, R14, R23, RZ ;                     /* 0x000000170e157210 */
                                                                                     /* 0x000fe20007f5e0ff */
        /*03d0*/                   DSETP.GEU.AND P1, PT, R16, R8, PT ;               /* 0x000000081000722a */
                                                                                     /* 0x0040640003f2e000 */
        /*03e0*/                   LOP3.LUT R17, RZ, R27, RZ, 0x33, !PT ;            /* 0x0000001bff117212 */
                                                                                     /* 0x001fe200078e33ff */
        /*03f0*/                   IMAD.X R16, RZ, RZ, R25, P0 ;                     /* 0x000000ffff107224 */
                                                                                     /* 0x000fc600000e0619 */
        /*0400*/                   SEL R19, R26, R19, P1 ;                           /* 0x000000131a137207 */
                                                                                     /* 0x002fe20000800000 */
        /*0410*/                   IMAD.X R20, R20, 0x1, R17, P3 ;                   /* 0x0000000114147824 */
                                                                                     /* 0x000fe200018e0611 */
        /*0420*/                   SEL R14, R14, R21, P1 ;                           /* 0x000000150e0e7207 */
                                                                                     /* 0x000fe20000800000 */
        /*0430*/                   IMAD.X R21, R6, 0x1, R16, P2 ;                    /* 0x0000000106157824 */
                                                                                     /* 0x000fe200010e0610 */
        /*0440*/                   ISETP.NE.U32.AND P0, PT, R19, RZ, PT ;            /* 0x000000ff1300720c */
                                                                                     /* 0x000fe40003f05070 */
        /*0450*/                   SEL R20, R27, R20, P1 ;                           /* 0x000000141b147207 */
                                                                                     /* 0x000fe40000800000 */
        /*0460*/                   IADD3 R17, P3, R12, R23, RZ ;                     /* 0x000000170c117210 */
                                                                                     /* 0x000fe40007f7e0ff */
        /*0470*/                   ISETP.NE.AND.EX P0, PT, R20, RZ, PT, P0 ;         /* 0x000000ff1400720c */
                                                                                     /* 0x000fc40003f05300 */
        /*0480*/                   IADD3 R10, P2, R10, 0x8, RZ ;                     /* 0x000000080a0a7810 */
                                                                                     /* 0x000fe20007f5e0ff */
        /*0490*/                   IMAD.X R16, R13.reuse, 0x1, R16, P3 ;             /* 0x000000010d107824 */
                                                                                     /* 0x040fe200018e0610 */
        /*04a0*/                   SEL R6, R6, R21, P1 ;                             /* 0x0000001506067207 */
                                                                                     /* 0x000fe40000800000 */
        /*04b0*/                   SEL R12, R12, R17, P1 ;                           /* 0x000000110c0c7207 */
                                                                                     /* 0x000fe20000800000 */
        /*04c0*/                   IMAD.X R11, RZ, RZ, R11, P2 ;                     /* 0x000000ffff0b7224 */
                                                                                     /* 0x000fe200010e060b */
        /*04d0*/                   SEL R13, R13, R16, P1 ;                           /* 0x000000100d0d7207 */
                                                                                     /* 0x000fe40000800000 */
        /*04e0*/                   SEL R15, R15, R10, P1 ;                           /* 0x0000000a0f0f7207 */
                                                                                     /* 0x000fe40000800000 */
        /*04f0*/                   SEL R18, R18, R11, P1 ;                           /* 0x0000000b12127207 */
                                                                                     /* 0x000fe20000800000 */
        /*0500*/               @P0 BRA 0x320 ;                                       /* 0xfffffe1000000947 */
                                                                                     /* 0x000fea000383ffff */
        /*0510*/                   BSYNC B1 ;                                        /* 0x0000000000017941 */
                                                                                     /* 0x000fea0003800000 */
        /*0520*/                   BRA 0x790 ;                                       /* 0x0000026000007947 */
                                                                                     /* 0x000fea0003800000 */
        /*0530*/                   ISETP.NE.AND P0, PT, R18, RZ, PT ;                /* 0x000000ff1200720c */
                                                                                     /* 0x000fe20003f05270 */
        /*0540*/                   IMAD.MOV.U32 R14, RZ, RZ, c[0x0][0x160] ;         /* 0x00005800ff0e7624 */
                                                                                     /* 0x000fc400078e00ff */
        /*0550*/                   IMAD.MOV.U32 R6, RZ, RZ, c[0x0][0x164] ;          /* 0x00005900ff067624 */
                                                                                     /* 0x000fe400078e00ff */
        /*0560*/                   IMAD.MOV.U32 R12, RZ, RZ, c[0x0][0x160] ;         /* 0x00005800ff0c7624 */
                                                                                     /* 0x000fe400078e00ff */
        /*0570*/                   IMAD.MOV.U32 R13, RZ, RZ, c[0x0][0x164] ;         /* 0x00005900ff0d7624 */
                                                                                     /* 0x000fcc00078e00ff */
        /*0580*/              @!P0 BRA 0x790 ;                                       /* 0x0000020000008947 */
                                                                                     /* 0x000fea0003800000 */
        /*0590*/                   LDG.E.64 R8, [R2.64] ;                            /* 0x0000000402087981 */
                                                                                     /* 0x000162000c1e1b00 */
        /*05a0*/                   IMAD.MOV.U32 R15, RZ, RZ, R18 ;                   /* 0x000000ffff0f7224 */
                                                                                     /* 0x000fe400078e0012 */
        /*05b0*/                   IMAD.MOV.U32 R25, RZ, RZ, c[0x0][0x160] ;         /* 0x00005800ff197624 */
                                                                                     /* 0x000fe400078e00ff */
        /*05c0*/                   IMAD.MOV.U32 R22, RZ, RZ, c[0x0][0x164] ;         /* 0x00005900ff167624 */
                                                                                     /* 0x000fe400078e00ff */
        /*05d0*/                   IMAD.MOV.U32 R14, RZ, RZ, c[0x0][0x160] ;         /* 0x00005800ff0e7624 */
                                                                                     /* 0x000fe400078e00ff */
        /*05e0*/                   IMAD.MOV.U32 R6, RZ, RZ, c[0x0][0x164] ;          /* 0x00005900ff067624 */
                                                                                     /* 0x000fe400078e00ff */
        /*05f0*/                   IMAD.MOV.U32 R12, RZ, RZ, c[0x0][0x160] ;         /* 0x00005800ff0c7624 */
                                                                                     /* 0x000fc400078e00ff */
        /*0600*/                   IMAD.MOV.U32 R13, RZ, RZ, c[0x0][0x164] ;         /* 0x00005900ff0d7624 */
                                                                                     /* 0x001fe400078e00ff */
        /*0610*/                   SHF.R.U32.HI R19, RZ, 0x1, R15 ;                  /* 0x00000001ff137819 */
                                                                                     /* 0x000fe2000001160f */
        /*0620*/                   IMAD.MOV.U32 R10, RZ, RZ, R25 ;                   /* 0x000000ffff0a7224 */
                                                                                     /* 0x000fe400078e0019 */
        /*0630*/                   IMAD.MOV.U32 R11, RZ, RZ, R22 ;                   /* 0x000000ffff0b7224 */
                                                                                     /* 0x000fc800078e0016 */
        /*0640*/                   IMAD.WIDE.U32 R16, R19, 0x8, R10 ;                /* 0x0000000813107825 */
                                                                                     /* 0x000fca00078e000a */
        /*0650*/                   LDG.E.64 R10, [R16.64] ;                          /* 0x00000004100a7981 */
                                                                                     /* 0x000ea2000c1e1b00 */
        /*0660*/                   LOP3.LUT R18, RZ, R19, RZ, 0x33, !PT ;            /* 0x00000013ff127212 */
                                                                                     /* 0x000fe400078e33ff */
        /*0670*/                   IADD3 R20, P3, R16, 0x8, RZ ;                     /* 0x0000000810147810 */
                                                                                     /* 0x000fe20007f7e0ff */
        /*0680*/                   DSETP.GEU.AND P0, PT, R10, R8, PT ;               /* 0x000000080a00722a */
                                                                                     /* 0x0240640003f0e000 */
        /*0690*/                   IMAD.WIDE.U32 R10, R19, R24, c[0x2][0x0] ;        /* 0x00800000130a7625 */
                                                                                     /* 0x001fc800078e0018 */
        /*06a0*/                   SEL R25, R25, R20, P0 ;                           /* 0x0000001419197207 */
                                                                                     /* 0x002fe40000000000 */
        /*06b0*/                   IADD3 R23, P1, R10.reuse, R14, RZ ;               /* 0x0000000e0a177210 */
                                                                                     /* 0x040fe40007f3e0ff */
        /*06c0*/                   IADD3 R21, P2, R10, R12, RZ ;                     /* 0x0000000c0a157210 */
                                                                                     /* 0x000fe20007f5e0ff */
        /*06d0*/                   IMAD.X R10, RZ, RZ, R17, P3 ;                     /* 0x000000ffff0a7224 */
                                                                                     /* 0x000fe200018e0611 */
        /*06e0*/                   SEL R14, R14, R23, P0 ;                           /* 0x000000170e0e7207 */
                                                                                     /* 0x000fe40000000000 */
        /*06f0*/              @!P0 IMAD.IADD R19, R18, 0x1, R15 ;                    /* 0x0000000112138824 */
                                                                                     /* 0x000fe200078e020f */
        /*0700*/                   SEL R12, R12, R21, P0 ;                           /* 0x000000150c0c7207 */
                                                                                     /* 0x000fe20000000000 */
        /*0710*/                   IMAD.X R15, R11.reuse, 0x1, R6, P1 ;              /* 0x000000010b0f7824 */
                                                                                     /* 0x040fe200008e0606 */
        /*0720*/                   SEL R22, R22, R10, P0 ;                           /* 0x0000000a16167207 */
                                                                                     /* 0x000fe20000000000 */
        /*0730*/                   IMAD.X R18, R11, 0x1, R13, P2 ;                   /* 0x000000010b127824 */
                                                                                     /* 0x000fe200010e060d */
        /*0740*/                   ISETP.NE.AND P1, PT, R19, RZ, PT ;                /* 0x000000ff1300720c */
                                                                                     /* 0x000fc40003f25270 */
        /*0750*/                   SEL R6, R6, R15, P0 ;                             /* 0x0000000f06067207 */
                                                                                     /* 0x000fe20000000000 */
        /*0760*/                   IMAD.MOV.U32 R15, RZ, RZ, R19 ;                   /* 0x000000ffff0f7224 */
                                                                                     /* 0x000fe200078e0013 */
        /*0770*/                   SEL R13, R13, R18, P0 ;                           /* 0x000000120d0d7207 */
                                                                                     /* 0x000fd20000000000 */
        /*0780*/               @P1 BRA 0x610 ;                                       /* 0xfffffe8000001947 */
                                                                                     /* 0x000fea000383ffff */
        /*0790*/                   BSYNC B0 ;                                        /* 0x0000000000007941 */
                                                                                     /* 0x000fea0003800000 */
        /*07a0*/                   IADD3 R7, P1, R7, c[0x0][0x160], RZ ;             /* 0x0000580007077a10 */
                                                                                     /* 0x000fc80007f3e0ff */
        /*07b0*/                   ISETP.NE.U32.AND P0, PT, R14, R7, PT ;            /* 0x000000070e00720c */
                                                                                     /* 0x000fe40003f05070 */
        /*07c0*/                   IADD3.X R7, R4, c[0x0][0x164], RZ, P1, !PT ;      /* 0x0000590004077a10 */
                                                                                     /* 0x000fc80000ffe4ff */
        /*07d0*/                   ISETP.NE.AND.EX P0, PT, R6, R7, PT, P0 ;          /* 0x000000070600720c */
                                                                                     /* 0x000fda0003f05300 */
        /*07e0*/               @P0 LDG.E.64 R2, [R2.64] ;                            /* 0x0000000402020981 */
                                                                                     /* 0x000ea8000c1e1b00 */
        /*07f0*/               @P0 LDG.E.64 R6, [R12.64] ;                           /* 0x000000040c060981 */
                                                                                     /* 0x000ea2000c1e1b00 */
        /*0800*/                   LEA R4, P2, R5, c[0x0][0x180], 0x2 ;              /* 0x0000600005047a11 */
                                                                                     /* 0x000fc800078410ff */
        /*0810*/                   LEA.HI.X R5, R5, c[0x0][0x184], R0, 0x2, P2 ;     /* 0x0000610005057a11 */
                                                                                     /* 0x000fe200010f1400 */
        /*0820*/               @P0 DSETP.GEU.AND P1, PT, R2, R6, PT ;                /* 0x000000060200022a */
                                                                                     /* 0x0040640003f2e000 */
        /*0830*/                   IMAD.MOV.U32 R7, RZ, RZ, RZ ;                     /* 0x000000ffff077224 */
                                                                                     /* 0x001fc800078e00ff */
        /*0840*/               @P0 SEL R7, RZ, 0x1, !P1 ;                            /* 0x00000001ff070807 */
                                                                                     /* 0x002fca0004800000 */
        /*0850*/                   STG.E [R4.64], R7 ;                               /* 0x0000000704007986 */
                                                                                     /* 0x000fe2000c101904 */
        /*0860*/                   EXIT ;                                            /* 0x000000000000794d */
                                                                                     /* 0x000fea0003800000 */
        /*0870*/                   BRA 0x870;                                        /* 0xfffffff000007947 */
                                                                                     /* 0x000fc0000383ffff */
        /*0880*/                   NOP;                                              /* 0x0000000000007918 */
                                                                                     /* 0x000fc00000000000 */
        /*0890*/                   NOP;                                              /* 0x0000000000007918 */
                                                                                     /* 0x000fc00000000000 */
        /*08a0*/                   NOP;                                              /* 0x0000000000007918 */
                                                                                     /* 0x000fc00000000000 */
        /*08b0*/                   NOP;                                              /* 0x0000000000007918 */
                                                                                     /* 0x000fc00000000000 */
        /*08c0*/                   NOP;                                              /* 0x0000000000007918 */
                                                                                     /* 0x000fc00000000000 */
        /*08d0*/                   NOP;                                              /* 0x0000000000007918 */
                                                                                     /* 0x000fc00000000000 */
        /*08e0*/                   NOP;                                              /* 0x0000000000007918 */
                                                                                     /* 0x000fc00000000000 */
        /*08f0*/                   NOP;                                              /* 0x0000000000007918 */
                                                                                     /* 0x000fc00000000000 */
		..........


		Function : search_cost_f32_greater
	.headerflags	@"EF_CUDA_SM89 EF_CUDA_VIRTUAL_SM(EF_CUDA_SM89)"
        /*0000*/                   IMAD.MOV.U32 R1, RZ, RZ, c[0x0][0x28] ;           /* 0x00000a00ff017624 */
                                                                                     /* 0x000fe400078e00ff */
        /*0010*/                   S2R R0, SR_CTAID.X ;                              /* 0x0000000000007919 */
                                                                                     /* 0x000e280000002500 */
        /*0020*/                   S2R R3, SR_TID.X ;                                /* 0x0000000000037919 */
                                                                                     /* 0x000e240000002100 */
        /*0030*/                   IMAD R0, R0, c[0x0][0x0], R3 ;                    /* 0x0000000000007a24 */
                                                                                     /* 0x001fca00078e0203 */
        /*0040*/                   ISETP.GE.AND P0, PT, R0, c[0x0][0x178], PT ;      /* 0x00005e0000007a0c */
                                                                                     /* 0x000fda0003f06270 */
        /*0050*/               @P0 EXIT ;                                            /* 0x000000000000094d */
                                                                                     /* 0x000fea0003800000 */
        /*0060*/                   IMAD.MOV.U32 R9, RZ, RZ, c[0x0][0x168] ;          /* 0x00005a00ff097624 */
                                                                                     /* 0x000fe200078e00ff */
        /*0070*/                   ULDC.64 UR4, c[0x0][0x118] ;                      /* 0x0000460000047ab9 */
                                                                                     /* 0x000fe20000000a00 */
        /*0080*/                   IMAD.MOV.U32 R4, RZ, RZ, 0x2 ;                    /* 0x00000002ff047424 */
                                                                                     /* 0x000fe200078e00ff */
        /*0090*/                   BSSY B0, 0x7c0 ;                                  /* 0x0000072000007945 */
                                                                                     /* 0x000fe20003800000 */
        /*00a0*/                   IMAD.MOV.U32 R22, RZ, RZ, 0x4 ;                   /* 0x00000004ff167424 */
                                                                                     /* 0x000fe200078e00ff */
        /*00b0*/                   SHF.R.S32.HI R5, RZ, 0x1f, R0 ;                   /* 0x0000001fff057819 */
                                                                                     /* 0x000fe40000011400 */
        /*00c0*/                   SHF.L.U64.HI R4, R9.reuse, R4, c[0x0][0x16c] ;    /* 0x00005b0009047619 */
                                                                                     /* 0x040fe20000010204 */
        /*00d0*/                   IMAD.SHL.U32 R9, R9, 0x4, RZ ;                    /* 0x0000000409097824 */
                                                                                     /* 0x000fe400078e00ff */
        /*00e0*/                   IMAD.WIDE R2, R0, R22, c[0x0][0x170] ;            /* 0x00005c0000027625 */
                                                                                     /* 0x000fe200078e0216 */
        /*00f0*/                   SHF.R.S32.HI R19, RZ, 0x2, R4 ;                   /* 0x00000002ff137819 */
                                                                                     /* 0x000fc40000011404 */
        /*0100*/                   SHF.R.S64 R14, R9, 0x2, R4 ;                      /* 0x00000002090e7819 */
                                                                                     /* 0x000fc80000001004 */
        /*0110*/                   ISETP.GE.U32.AND P0, PT, R14, -0x80000000, PT ;   /* 0x800000000e00780c */
                                                                                     /* 0x000fc80003f06070 */
        /*0120*/                   ISETP.GE.U32.AND.EX P0, PT, R19, RZ, PT, P0 ;     /* 0x000000ff1300720c */
                                                                                     /* 0x000fda0003f06100 */
        /*0130*/              @!P0 BRA 0x550 ;                                       /* 0x0000041000008947 */
                                                                                     /* 0x000fea0003800000 */
        /*0140*/                   SHF.R.U64 R12, R14, 0x1, R19.reuse ;              /* 0x000000010e0c7819 */
                                                                                     /* 0x100fe20000001213 */
        /*0150*/                   LDG.E R11, [R2.64] ;                              /* 0x00000004020b7981 */
                                                                                     /* 0x000ea2000c1e1900 */
        /*0160*/                   SHF.R.U32.HI R17, RZ, 0x1, R19 ;                  /* 0x00000001ff117819 */
                                                                                     /* 0x000fc60000011613 */
        /*0170*/                   IMAD.SHL.U32 R10, R12.reuse, 0x4, RZ ;            /* 0x000000040c0a7824 */
                                                                                     /* 0x040fe200078e00ff */
        /*0180*/                   SHF.L.U64.HI R13, R12, 0x2, R17 ;                 /* 0x000000020c0d7819 */
                                                                                     /* 0x000fc80000010211 */
        /*0190*/                   IADD3 R6, P0, R10, c[0x0][0x160], RZ ;            /* 0x000058000a067a10 */
                                                                                     /* 0x000fc80007f1e0ff */
        /*01a0*/                   IADD3.X R7, R13, c[0x0][0x164], RZ, P0, !PT ;     /* 0x000059000d077a10 */
                                                                                     /* 0x000fca00007fe4ff */
        /*01b0*/                   LDG.E R8, [R6.64] ;                               /* 0x0000000406087981 */
                                                                                     /* 0x000ea2000c1e1900 */
        /*01c0*/                   LOP3.LUT R15, RZ, R12, RZ, 0x33, !PT ;            /* 0x0000000cff0f7212 */
                                                                                     /* 0x000fe400078e33ff */
        /*01d0*/                   LOP3.LUT R16, RZ, R17, RZ, 0x33, !PT ;            /* 0x00000011ff107212 */
                                                                                     /* 0x000fe400078e33ff */
        /*01e0*/                   IADD3 R15, P0, R15, R14, RZ ;                     /* 0x0000000e0f0f7210 */
                                                                                     /* 0x000fca0007f1e0ff */
        /*01f0*/                   IMAD.X R16, R16, 0x1, R19, P0 ;                   /* 0x0000000110107824 */
                                                                                     /* 0x000fe200000e0613 */
        /*0200*/                   BSSY B1, 0x540 ;                                  /* 0x0000033000017945 */
                                                                                     /* 0x000fe20003800000 */
        /*0210*/                   FSETP.GT.AND P1, PT, R8, R11, PT ;                /* 0x0000000b0800720b */
                                                                                     /* 0x004fc80003f24000 */
        /*0220*/                   SEL R15, R12, R15, !P1 ;                          /* 0x0000000f0c0f7207 */
                                                                                     /* 0x000fe40004800000 */
        /*0230*/                   SEL R16, R17, R16, !P1 ;                          /* 0x0000001011107207 */
                                                                                     /* 0x000fe40004800000 */
        /*0240*/                   ISETP.NE.U32.AND P0, PT, R15, RZ, PT ;            /* 0x000000ff0f00720c */
                                                                                     /* 0x000fe40003f05070 */
        /*0250*/                   IADD3 R8, P2, R10, 0x4, RZ ;                      /* 0x000000040a087810 */
                                                                                     /* 0x000fe40007f5e0ff */
        /*0260*/                   ISETP.NE.AND.EX P0, PT, R16, RZ, PT, P0 ;         /* 0x000000ff1000720c */
                                                                                     /* 0x000fe40003f05300 */
        /*0270*/                   IADD3 R8, P3, R8, c[0x0][0x160], RZ ;             /* 0x0000580008087a10 */
                                                                                     /* 0x000fc40007f7e0ff */
        /*0280*/                   IADD3 R12, P4, R6, 0x4, RZ ;                      /* 0x00000004060c7810 */
                                                                                     /* 0x000fe40007f9e0ff */
        /*0290*/                   IADD3.X R10, RZ, c[0x0][0x164], R13, P3, P2 ;     /* 0x00005900ff0a7a10 */
                                                                                     /* 0x000fe40001fe440d */
        /*02a0*/                   SEL R8, R8, c[0x0][0x160], P1 ;                   /* 0x0000580008087a07 */
                                                                                     /* 0x000fe20000800000 */
        /*02b0*/                   IMAD.X R7, RZ, RZ, R7, P4 ;                       /* 0x000000ffff077224 */
                                                                                     /* 0x000fe200020e0607 */
        /*02c0*/                   SEL R10, R10, c[0x0][0x164], P1 ;                 /* 0x000059000a0a7a07 */
                                                                                     /* 0x000fe40000800000 */
        /*02d0*/                   SEL R6, R12, c[0x0][0x160], P1 ;                  /* 0x000058000c067a07 */
                                                                                     /* 0x000fe20000800000 */
        /*02e0*/                   IMAD.MOV.U32 R12, RZ, RZ, R8 ;                    /* 0x000000ffff0c7224 */
                                                                                     /* 0x000fe200078e0008 */
        /*02f0*/                   SEL R7, R7, c[0x0][0x164], P1 ;                   /* 0x0000590007077a07 */
                                                                                     /* 0x000fe20000800000 */
        /*0300*/                   IMAD.MOV.U32 R13, RZ, RZ, R10 ;                   /* 0x000000ffff0d7224 */
                                                                                     /* 0x000fe200078e000a */
        /*0310*/              @!P0 BRA 0x530 ;                                       /* 0x0000021000008947 */
                                                                                     /* 0x000fea0003800000 */
        /*0320*/                   IMAD.MOV.U32 R24, RZ, RZ, R6 ;                    /* 0x000000ffff187224 */
                                                                                     /* 0x000fe400078e0006 */
        /*0330*/                   IMAD.MOV.U32 R25, RZ, RZ, R7 ;                    /* 0x000000ffff197224 */
                                                                                     /* 0x000fc400078e0007 */
        /*0340*/                   SHF.R.U64 R22, R15, 0x1, R16.reuse ;              /* 0x000000010f167819 */
                                                                                     /* 0x100fe40000001210 */
        /*0350*/                   SHF.R.U32.HI R23, RZ, 0x1, R16 ;                  /* 0x00000001ff177819 */
                                                                                     /* 0x000fc60000011610 */
        /*0360*/                   IMAD.SHL.U32 R21, R22.reuse, 0x4, RZ ;            /* 0x0000000416157824 */
                                                                                     /* 0x040fe200078e00ff */
        /*0370*/                   SHF.L.U64.HI R20, R22, 0x2, R23 ;                 /* 0x0000000216147819 */
                                                                                     /* 0x000fc80000010217 */
        /*0380*/                   IADD3 R6, P0, R24, R21, RZ ;                      /* 0x0000001518067210 */
                                                                                     /* 0x000fca0007f1e0ff */
        /*0390*/                   IMAD.X R7, R25, 0x1, R20, P0 ;                    /* 0x0000000119077824 */
                                                                                     /* 0x000fca00000e0614 */
        /*03a0*/                   LDG.E R14, [R6.64] ;                              /* 0x00000004060e7981 */
                                                                                     /* 0x000ea2000c1e1900 */
        /*03b0*/                   LOP3.LUT R18, RZ, R22, RZ, 0x33, !PT ;            /* 0x00000016ff127212 */
                                                                                     /* 0x000fe400078e33ff */
        /*03c0*/                   LOP3.LUT R17, RZ, R23, RZ, 0x33, !PT ;            /* 0x00000017ff117212 */
                                                                                     /* 0x000fe400078e33ff */
        /*03d0*/                   IADD3 R15, P3, R15, R18, RZ ;                     /* 0x000000120f0f7210 */
                                                                                     /* 0x000fe40007f7e0ff */
        /*03e0*/                   IADD3 R21, P0, R21, 0x4, RZ ;                     /* 0x0000000415157810 */
                                                                                     /* 0x000fc60007f1e0ff */
        /*03f0*/                   IMAD.X R16, R16, 0x1, R17, P3 ;                   /* 0x0000000110107824 */
                                                                                     /* 0x000fe200018e0611 */
        /*0400*/                   IADD3 R19, P2, R8, R21.reuse, RZ ;                /* 0x0000001508137210 */
                                                                                     /* 0x080fe40007f5e0ff */
        /*0410*/                   IADD3 R17, P3, R12, R21, RZ ;                     /* 0x000000150c117210 */
                                                                                     /* 0x000fe40007f7e0ff */
        /*0420*/                   FSETP.GT.AND P1, PT, R14, R11, PT ;               /* 0x0000000b0e00720b */
                                                                                     /* 0x004fe20003f24000 */
        /*0430*/                   IMAD.X R14, RZ, RZ, R20, P0 ;                     /* 0x000000ffff0e7224 */
                                                                                     /* 0x000fc600000e0614 */
        /*0440*/                   SEL R15, R22, R15, !P1 ;                          /* 0x0000000f160f7207 */
                                                                                     /* 0x000fe40004800000 */
        /*0450*/                   SEL R16, R23, R16, !P1 ;                          /* 0x0000001017107207 */
                                                                                     /* 0x000fe40004800000 */
        /*0460*/                   ISETP.NE.U32.AND P0, PT, R15, RZ, PT ;            /* 0x000000ff0f00720c */
                                                                                     /* 0x000fe40003f05070 */
        /*0470*/                   SEL R8, R8, R19, !P1 ;                            /* 0x0000001308087207 */
                                                                                     /* 0x000fe20004800000 */
        /*0480*/                   IMAD.X R19, R10, 0x1, R14.reuse, P2 ;             /* 0x000000010a137824 */
                                                                                     /* 0x100fe200010e060e */
        /*0490*/                   ISETP.NE.AND.EX P0, PT, R16, RZ, PT, P0 ;         /* 0x000000ff1000720c */
                                                                                     /* 0x000fe20003f05300 */
        /*04a0*/                   IMAD.X R14, R13, 0x1, R14, P3 ;                   /* 0x000000010d0e7824 */
                                                                                     /* 0x000fe200018e060e */
        /*04b0*/                   IADD3 R6, P2, R6, 0x4, RZ ;                       /* 0x0000000406067810 */
                                                                                     /* 0x000fc40007f5e0ff */
        /*04c0*/                   SEL R10, R10, R19, !P1 ;                          /* 0x000000130a0a7207 */
                                                                                     /* 0x000fe40004800000 */
        /*04d0*/                   SEL R12, R12, R17, !P1 ;                          /* 0x000000110c0c7207 */
                                                                                     /* 0x000fe20004800000 */
        /*04e0*/                   IMAD.X R7, RZ, RZ, R7, P2 ;                       /* 0x000000ffff077224 */
                                                                                     /* 0x000fe200010e0607 */
        /*04f0*/                   SEL R13, R13, R14, !P1 ;                          /* 0x0000000e0d0d7207 */
                                                                                     /* 0x000fe40004800000 */
        /*0500*/                   SEL R24, R24, R6, !P1 ;                           /* 0x0000000618187207 */
                                                                                     /* 0x000fe40004800000 */
        /*0510*/                   SEL R25, R25, R7, !P1 ;                           /* 0x0000000719197207 */
                                                                                     /* 0x000fe20004800000 */
        /*0520*/               @P0 BRA 0x340 ;                                       /* 0xfffffe1000000947 */
                                                                                     /* 0x000fea000383ffff */
        /*0530*/                   BSYNC B1 ;                                        /* 0x0000000000017941 */
                                                                                     /* 0x000fea0003800000 */
        /*0540*/                   BRA 0x7b0 ;                                       /* 0x0000026000007947 */
                                                                                     /* 0x000fea0003800000 */
        /*0550*/                   ISETP.NE.AND P0, PT, R14, RZ, PT ;                /* 0x000000ff0e00720c */
                                                                                     /* 0x000fe20003f05270 */
        /*0560*/                   IMAD.MOV.U32 R8, RZ, RZ, c[0x0][0x160] ;          /* 0x00005800ff087624 */
                                                                                     /* 0x000fc400078e00ff */
        /*0570*/                   IMAD.MOV.U32 R10, RZ, RZ, c[0x0][0x164] ;         /* 0x00005900ff0a7624 */
                                                                                     /* 0x000fe400078e00ff */
        /*0580*/                   IMAD.MOV.U32 R12, RZ, RZ, c[0x0][0x160] ;         /* 0x00005800ff0c7624 */
                                                                                     /* 0x000fe400078e00ff */
        /*0590*/                   IMAD.MOV.U32 R13, RZ, RZ, c[0x0][0x164] ;         /* 0x00005900ff0d7624 */
                                                                                     /* 0x000fcc00078e00ff */
        /*05a0*/              @!P0 BRA 0x7b0 ;                                       /* 0x0000020000008947 */
                                                                                     /* 0x000fea0003800000 */
        /*05b0*/                   LDG.E R16, [R2.64] ;                              /* 0x0000000402107981 */
                                                                                     /* 0x000162000c1e1900 */
        /*05c0*/                   IMAD.MOV.U32 R11, RZ, RZ, R14 ;                   /* 0x000000ffff0b7224 */
                                                                                     /* 0x000fe400078e000e */
        /*05d0*/                   IMAD.MOV.U32 R20, RZ, RZ, c[0x0][0x160] ;         /* 0x00005800ff147624 */
                                                                                     /* 0x000fe400078e00ff */
        /*05e0*/                   IMAD.MOV.U32 R25, RZ, RZ, c[0x0][0x164] ;         /* 0x00005900ff197624 */
                                                                                     /* 0x000fe400078e00ff */
        /*05f0*/                   IMAD.MOV.U32 R8, RZ, RZ, c[0x0][0x160] ;          /* 0x00005800ff087624 */
                                                                                     /* 0x000fe400078e00ff */
        /*0600*/                   IMAD.MOV.U32 R10, RZ, RZ, c[0x0][0x164] ;         /* 0x00005900ff0a7624 */
                                                                                     /* 0x000fe400078e00ff */
        /*0610*/                   IMAD.MOV.U32 R12, RZ, RZ, c[0x0][0x160] ;         /* 0x00005800ff0c7624 */
                                                                                     /* 0x000fc400078e00ff */
        /*0620*/                   IMAD.MOV.U32 R13, RZ, RZ, c[0x0][0x164] ;         /* 0x00005900ff0d7624 */
                                                                                     /* 0x001fe400078e00ff */
        /*0630*/                   SHF.R.U32.HI R17, RZ, 0x1, R11 ;                  /* 0x00000001ff117819 */
                                                                                     /* 0x000fe2000001160b */
        /*0640*/                   IMAD.MOV.U32 R6, RZ, RZ, R20 ;                    /* 0x000000ffff067224 */
                                                                                     /* 0x000fe400078e0014 */
        /*0650*/                   IMAD.MOV.U32 R7, RZ, RZ, R25 ;                    /* 0x000000ffff077224 */
                                                                                     /* 0x000fc800078e0019 */
        /*0660*/                   IMAD.WIDE.U32 R14, R17, 0x4, R6 ;                 /* 0x00000004110e7825 */
                                                                                     /* 0x000fca00078e0006 */
        /*0670*/                   LDG.E R7, [R14.64] ;                              /* 0x000000040e077981 */
                                                                                     /* 0x000ea2000c1e1900 */
        /*0680*/                   LOP3.LUT R18, RZ, R17, RZ, 0x33, !PT ;            /* 0x00000011ff127212 */
                                                                                     /* 0x000fe400078e33ff */
        /*0690*/                   IADD3 R19, P3, R14, 0x4, RZ ;                     /* 0x000000040e137810 */
                                                                                     /* 0x000fe40007f7e0ff */
        /*06a0*/                   FSETP.GT.AND P0, PT, R7, R16, PT ;                /* 0x000000100700720b */
                                                                                     /* 0x024fe20003f04000 */
        /*06b0*/                   IMAD.WIDE.U32 R6, R17, R22, c[0x2][0x0] ;         /* 0x0080000011067625 */
                                                                                     /* 0x000fc600078e0016 */
        /*06c0*/                   SEL R20, R20, R19, !P0 ;                          /* 0x0000001314147207 */
                                                                                     /* 0x000fe40004000000 */
        /*06d0*/                   IADD3 R23, P1, R6.reuse, R8, RZ ;                 /* 0x0000000806177210 */
                                                                                     /* 0x040fe40007f3e0ff */
        /*06e0*/                   IADD3 R21, P2, R6, R12, RZ ;                      /* 0x0000000c06157210 */
                                                                                     /* 0x000fe20007f5e0ff */
        /*06f0*/                   IMAD.X R6, RZ, RZ, R15, P3 ;                      /* 0x000000ffff067224 */
                                                                                     /* 0x000fe200018e060f */
        /*0700*/                   SEL R8, R8, R23, !P0 ;                            /* 0x0000001708087207 */
                                                                                     /* 0x000fe40004000000 */
        /*0710*/                   SEL R12, R12, R21, !P0 ;                          /* 0x000000150c0c7207 */
                                                                                     /* 0x000fe20004000000 */
        /*0720*/               @P0 IMAD.IADD R17, R18, 0x1, R11 ;                    /* 0x0000000112110824 */
                                                                                     /* 0x000fe200078e020b */
        /*0730*/                   SEL R25, R25, R6, !P0 ;                           /* 0x0000000619197207 */
                                                                                     /* 0x000fe20004000000 */
        /*0740*/                   IMAD.X R11, R7, 0x1, R10, P1 ;                    /* 0x00000001070b7824 */
                                                                                     /* 0x000fc400008e060a */
        /*0750*/                   IMAD.X R18, R7, 0x1, R13, P2 ;                    /* 0x0000000107127824 */
                                                                                     /* 0x000fe200010e060d */
        /*0760*/                   ISETP.NE.AND P1, PT, R17, RZ, PT ;                /* 0x000000ff1100720c */
                                                                                     /* 0x000fe40003f25270 */
        /*0770*/                   SEL R10, R10, R11, !P0 ;                          /* 0x0000000b0a0a7207 */
                                                                                     /* 0x000fe20004000000 */
        /*0780*/                   IMAD.MOV.U32 R11, RZ, RZ, R17 ;                   /* 0x000000ffff0b7224 */
                                                                                     /* 0x000fe200078e0011 */
        /*0790*/                   SEL R13, R13, R18, !P0 ;                          /* 0x000000120d0d7207 */
                                                                                     /* 0x000fd20004000000 */
        /*07a0*/               @P1 BRA 0x630 ;                                       /* 0xfffffe8000001947 */
                                                                                     /* 0x000fea000383ffff */
        /*07b0*/                   BSYNC B0 ;                                        /* 0x0000000000007941 */
                                                                                     /* 0x000fea0003800000 */
        /*07c0*/                   IADD3 R9, P1, R9, c[0x0][0x160], RZ ;             /* 0x0000580009097a10 */
                                                                                     /* 0x000fc80007f3e0ff */
        /*07d0*/                   ISETP.NE.U32.AND P0, PT, R8, R9, PT ;             /* 0x000000090800720c */
                                                                                     /* 0x000fe40003f05070 */
        /*07e0*/                   IADD3.X R7, R4, c[0x0][0x164], RZ, P1, !PT ;      /* 0x0000590004077a10 */
                                                                                     /* 0x000fc80000ffe4ff */
        /*07f0*/                   ISETP.NE.AND.EX P0, PT, R10, R7, PT, P0 ;         /* 0x000000070a00720c */
                                                                                     /* 0x000fda0003f05300 */
        /*0800*/               @P0 LDG.E R2, [R2.64] ;                               /* 0x0000000402020981 */
                                                                                     /* 0x000ea8000c1e1900 */
        /*0810*/               @P0 LDG.E R13, [R12.64] ;                             /* 0x000000040c0d0981 */
                                                                                     /* 0x000ea2000c1e1900 */
        /*0820*/                   LEA R4, P2, R0, c[0x0][0x180], 0x2 ;              /* 0x0000600000047a11 */
                                                                                     /* 0x000fe200078410ff */
        /*0830*/                   IMAD.MOV.U32 R7, RZ, RZ, RZ ;                     /* 0x000000ffff077224 */
                                                                                     /* 0x000fc600078e00ff */
        /*0840*/                   LEA.HI.X R5, R0, c[0x0][0x184], R5, 0x2, P2 ;     /* 0x0000610000057a11 */
                                                                                     /* 0x000fe400010f1405 */
        /*0850*/               @P0 FSETP.GT.AND P1, PT, R2, R13, PT ;                /* 0x0000000d0200020b */
                                                                                     /* 0x004fc80003f24000 */
        /*0860*/               @P0 SEL R7, RZ, 0x1, P1 ;                             /* 0x00000001ff070807 */
                                                                                     /* 0x000fca0000800000 */
        /*0870*/                   STG.E [R4.64], R7 ;                               /* 0x0000000704007986 */
                                                                                     /* 0x000fe2000c101904 */
        /*0880*/                   EXIT ;                                            /* 0x000000000000794d */
                                                                                     /* 0x000fea0003800000 */
        /*0890*/                   BRA 0x890;                                        /* 0xfffffff000007947 */
                                                                                     /* 0x000fc0000383ffff */
        /*08a0*/                   NOP;                                              /* 0x0000000000007918 */
                                                                                     /* 0x000fc00000000000 */
        /*08b0*/                   NOP;                                              /* 0x0000000000007918 */
                                                                                     /* 0x000fc00000000000 */
        /*08c0*/                   NOP;                                              /* 0x0000000000007918 */
                                                                                     /* 0x000fc00000000000 */
        /*08d0*/                   NOP;                                              /* 0x0000000000007918 */
                                                                                     /* 0x000fc00000000000 */
        /*08e0*/                   NOP;                                              /* 0x0000000000007918 */
                                                                                     /* 0x000fc00000000000 */
        /*08f0*/                   NOP;                                              /* 0x0000000000007918 */
                                                                                     /* 0x000fc00000000000 */
        /*0900*/                   NOP;                                              /* 0x0000000000007918 */
                                                                                     /* 0x000fc00000000000 */
        /*0910*/                   NOP;                                              /* 0x0000000000007918 */
                                                                                     /* 0x000fc00000000000 */
        /*0920*/                   NOP;                                              /* 0x0000000000007918 */
                                                                                     /* 0x000fc00000000000 */
        /*0930*/                   NOP;                                              /* 0x0000000000007918 */
                                                                                     /* 0x000fc00000000000 */
        /*0940*/                   NOP;                                              /* 0x0000000000007918 */
                                                                                     /* 0x000fc00000000000 */
        /*0950*/                   NOP;                                              /* 0x0000000000007918 */
                                                                                     /* 0x000fc00000000000 */
        /*0960*/                   NOP;                                              /* 0x0000000000007918 */
                                                                                     /* 0x000fc00000000000 */
        /*0970*/                   NOP;                                              /* 0x0000000000007918 */
                                                                                     /* 0x000fc00000000000 */
		..........


		Function : search_cost_f32_less
	.headerflags	@"EF_CUDA_SM89 EF_CUDA_VIRTUAL_SM(EF_CUDA_SM89)"
        /*0000*/                   IMAD.MOV.U32 R1, RZ, RZ, c[0x0][0x28] ;           /* 0x00000a00ff017624 */
                                                                                     /* 0x000fe400078e00ff */
        /*0010*/                   S2R R0, SR_CTAID.X ;                              /* 0x0000000000007919 */
                                                                                     /* 0x000e280000002500 */
        /*0020*/                   S2R R3, SR_TID.X ;                                /* 0x0000000000037919 */
                                                                                     /* 0x000e240000002100 */
        /*0030*/                   IMAD R0, R0, c[0x0][0x0], R3 ;                    /* 0x0000000000007a24 */
                                                                                     /* 0x001fca00078e0203 */
        /*0040*/                   ISETP.GE.AND P0, PT, R0, c[0x0][0x178], PT ;      /* 0x00005e0000007a0c */
                                                                                     /* 0x000fda0003f06270 */
        /*0050*/               @P0 EXIT ;                                            /* 0x000000000000094d */
                                                                                     /* 0x000fea0003800000 */
        /*0060*/                   IMAD.MOV.U32 R9, RZ, RZ, c[0x0][0x168] ;          /* 0x00005a00ff097624 */
                                                                                     /* 0x000fe200078e00ff */
        /*0070*/                   ULDC.64 UR4, c[0x0][0x118] ;                      /* 0x0000460000047ab9 */
                                                                                     /* 0x000fe20000000a00 */
        /*0080*/                   IMAD.MOV.U32 R4, RZ, RZ, 0x2 ;                    /* 0x00000002ff047424 */
                                                                                     /* 0x000fe200078e00ff */
        /*0090*/                   BSSY B0, 0x7c0 ;                                  /* 0x0000072000007945 */
                                                                                     /* 0x000fe20003800000 */
        /*00a0*/                   IMAD.MOV.U32 R22, RZ, RZ, 0x4 ;                   /* 0x00000004ff167424 */
                                                                                     /* 0x000fe200078e00ff */
        /*00b0*/                   SHF.R.S32.HI R5, RZ, 0x1f, R0 ;                   /* 0x0000001fff057819 */
                                                                                     /* 0x000fe40000011400 */
        /*00c0*/                   SHF.L.U64.HI R4, R9.reuse, R4, c[0x0][0x16c] ;    /* 0x00005b0009047619 */
                                                                                     /* 0x040fe20000010204 */
        /*00d0*/                   IMAD.SHL.U32 R9, R9, 0x4, RZ ;                    /* 0x0000000409097824 */
                                                                                     /* 0x000fe400078e00ff */
        /*00e0*/                   IMAD.WIDE R2, R0, R22, c[0x0][0x170] ;            /* 0x00005c0000027625 */
                                                                                     /* 0x000fe200078e0216 */
        /*00f0*/                   SHF.R.S32.HI R19, RZ, 0x2, R4 ;                   /* 0x00000002ff137819 */
                                                                                     /* 0x000fc40000011404 */
        /*0100*/                   SHF.R.S64 R14, R9, 0x2, R4 ;                      /* 0x00000002090e7819 */
                                                                                     /* 0x000fc80000001004 */
        /*0110*/                   ISETP.GE.U32.AND P0, PT, R14, -0x80000000, PT ;   /* 0x800000000e00780c */
                                                                                     /* 0x000fc80003f06070 */
        /*0120*/                   ISETP.GE.U32.AND.EX P0, PT, R19, RZ, PT, P0 ;     /* 0x000000ff1300720c */
                                                                                     /* 0x000fda0003f06100 */
        /*0130*/              @!P0 BRA 0x550 ;                                       /* 0x0000041000008947 */
                                                                                     /* 0x000fea0003800000 */
        /*0140*/                   SHF.R.U64 R12, R14, 0x1, R19.reuse ;              /* 0x000000010e0c7819 */
                                                                                     /* 0x100fe20000001213 */
        /*0150*/                   LDG.E R11, [R2.64] ;                              /* 0x00000004020b7981 */
                                                                                     /* 0x000ea2000c1e1900 */
        /*0160*/                   SHF.R.U32.HI R17, RZ, 0x1, R19 ;                  /* 0x00000001ff117819 */
                                                                                     /* 0x000fc60000011613 */
        /*0170*/                   IMAD.SHL.U32 R10, R12.reuse, 0x4, RZ ;            /* 0x000000040c0a7824 */
                                                                                     /* 0x040fe200078e00ff */
        /*0180*/                   SHF.L.U64.HI R13, R12, 0x2, R17 ;                 /* 0x000000020c0d7819 */
                                                                                     /* 0x000fc80000010211 */
        /*0190*/                   IADD3 R6, P0, R10, c[0x0][0x160], RZ ;            /* 0x000058000a067a10 */
                                                                                     /* 0x000fc80007f1e0ff */
        /*01a0*/                   IADD3.X R7, R13, c[0x0][0x164], RZ, P0, !PT ;     /* 0x000059000d077a10 */
                                                                                     /* 0x000fca00007fe4ff */
        /*01b0*/                   LDG.E R8, [R6.64] ;                               /* 0x0000000406087981 */
                                                                                     /* 0x000ea2000c1e1900 */
        /*01c0*/                   LOP3.LUT R15, RZ, R12, RZ, 0x33, !PT ;            /* 0x0000000cff0f7212 */
                                                                                     /* 0x000fe400078e33ff */
        /*01d0*/                   LOP3.LUT R16, RZ, R17, RZ, 0x33, !PT ;            /* 0x00000011ff107212 */
                                                                                     /* 0x000fe400078e33ff */
        /*01e0*/                   IADD3 R15, P0, R15, R14, RZ ;                     /* 0x0000000e0f0f7210 */
                                                                                     /* 0x000fca0007f1e0ff */
        /*01f0*/                   IMAD.X R16, R16, 0x1, R19, P0 ;                   /* 0x0000000110107824 */
                                                                                     /* 0x000fe200000e0613 */
        /*0200*/                   BSSY B1, 0x540 ;                                  /* 0x0000033000017945 */
                                                                                     /* 0x000fe20003800000 */
        /*0210*/                   FSETP.GEU.AND P1, PT, R8, R11, PT ;               /* 0x0000000b0800720b */
                                                                                     /* 0x004fc80003f2e000 */
        /*0220*/                   SEL R15, R12, R15, P1 ;                           /* 0x0000000f0c0f7207 */
                                                                                     /* 0x000fe40000800000 */
        /*0230*/                   SEL R16, R17, R16, P1 ;                           /* 0x0000001011107207 */
                                                                                     /* 0x000fe40000800000 */
        /*0240*/                   ISETP.NE.U32.AND P0, PT, R15, RZ, PT ;            /* 0x000000ff0f00720c */
                                                                                     /* 0x000fe40003f05070 */
        /*0250*/                   IADD3 R8, P2, R10, 0x4, RZ ;                      /* 0x000000040a087810 */
                                                                                     /* 0x000fe40007f5e0ff */
        /*0260*/                   ISETP.NE.AND.EX P0, PT, R16, RZ, PT, P0 ;         /* 0x000000ff1000720c */
                                                                                     /* 0x000fe40003f05300 */
        /*0270*/                   IADD3 R8, P3, R8, c[0x0][0x160], RZ ;             /* 0x0000580008087a10 */
                                                                                     /* 0x000fc40007f7e0ff */
        /*0280*/                   IADD3 R12, P4, R6, 0x4, RZ ;                      /* 0x00000004060c7810 */
                                                                                     /* 0x000fe40007f9e0ff */
        /*0290*/                   IADD3.X R10, RZ, c[0x0][0x164], R13, P3, P2 ;     /* 0x00005900ff0a7a10 */
                                                                                     /* 0x000fe40001fe440d */
        /*02a0*/                   SEL R8, R8, c[0x0][0x160], !P1 ;                  /* 0x0000580008087a07 */
                                                                                     /* 0x000fe20004800000 */
        /*02b0*/                   IMAD.X R7, RZ, RZ, R7, P4 ;                       /* 0x000000ffff077224 */
                                                                                     /* 0x000fe200020e0607 */
        /*02c0*/                   SEL R10, R10, c[0x0][0x164], !P1 ;                /* 0x000059000a0a7a07 */
                                                                                     /* 0x000fe40004800000 */
        /*02d0*/                   SEL R6, R12, c[0x0][0x160], !P1 ;                 /* 0x000058000c067a07 */
                                                                                     /* 0x000fe20004800000 */
        /*02e0*/                   IMAD.MOV.U32 R12, RZ, RZ, R8 ;                    /* 0x000000ffff0c7224 */
                                                                                     /* 0x000fe200078e0008 */
        /*02f0*/                   SEL R7, R7, c[0x0][0x164], !P1 ;                  /* 0x0000590007077a07 */
                                                                                     /* 0x000fe20004800000 */
        /*0300*/                   IMAD.MOV.U32 R13, RZ, RZ, R10 ;                   /* 0x000000ffff0d7224 */
                                                                                     /* 0x000fe200078e000a */
        /*0310*/              @!P0 BRA 0x530 ;                                       /* 0x0000021000008947 */
                                                                                     /* 0x000fea0003800000 */
        /*0320*/                   IMAD.MOV.U32 R24, RZ, RZ, R6 ;                    /* 0x000000ffff187224 */
                                                                                     /* 0x000fe400078e0006 */
        /*0330*/                   IMAD.MOV.U32 R25, RZ, RZ, R7 ;                    /* 0x000000ffff197224 */
                                                                                     /* 0x000fc400078e0007 */
        /*0340*/                   SHF.R.U64 R22, R15, 0x1, R16.reuse ;              /* 0x000000010f167819 */
                                                                                     /* 0x100fe40000001210 */
        /*0350*/                   SHF.R.U32.HI R23, RZ, 0x1, R16 ;                  /* 0x00000001ff177819 */
                                                                                     /* 0x000fc60000011610 */
        /*0360*/                   IMAD.SHL.U32 R21, R22.reuse, 0x4, RZ ;            /* 0x0000000416157824 */
                                                                                     /* 0x040fe200078e00ff */
        /*0370*/                   SHF.L.U64.HI R20, R22, 0x2, R23 ;                 /* 0x0000000216147819 */
                                                                                     /* 0x000fc80000010217 */
        /*0380*/                   IADD3 R6, P0, R24, R21, RZ ;                      /* 0x0000001518067210 */
                                                                                     /* 0x000fca0007f1e0ff */
        /*0390*/                   IMAD.X R7, R25, 0x1, R20, P0 ;                    /* 0x0000000119077824 */
                                                                                     /* 0x000fca00000e0614 */
        /*03a0*/                   LDG.E R14, [R6.64] ;                              /* 0x00000004060e7981 */
                                                                                     /* 0x000ea2000c1e1900 */
        /*03b0*/                   LOP3.LUT R18, RZ, R22, RZ, 0x33, !PT ;            /* 0x00000016ff127212 */
                                                                                     /* 0x000fe400078e33ff */
        /*03c0*/                   LOP3.LUT R17, RZ, R23, RZ, 0x33, !PT ;            /* 0x00000017ff117212 */
                                                                                     /* 0x000fe400078e33ff */
        /*03d0*/                   IADD3 R15, P3, R15, R18, RZ ;                     /* 0x000000120f0f7210 */
                                                                                     /* 0x000fe40007f7e0ff */
        /*03e0*/                   IADD3 R21, P0, R21, 0x4, RZ ;                     /* 0x0000000415157810 */
                                                                                     /* 0x000fc60007f1e0ff */
        /*03f0*/                   IMAD.X R16, R16, 0x1, R17, P3 ;                   /* 0x0000000110107824 */
                                                                                     /* 0x000fe200018e0611 */
        /*0400*/                   IADD3 R19, P2, R8, R21.reuse, RZ ;                /* 0x0000001508137210 */
                                                                                     /* 0x080fe40007f5e0ff */
        /*0410*/                   IADD3 R17, P3, R12, R21, RZ ;                     /* 0x000000150c117210 */
                                                                                     /* 0x000fe40007f7e0ff */
        /*0420*/                   FSETP.GEU.AND P1, PT, R14, R11, PT ;              /* 0x0000000b0e00720b */
                                                                                     /* 0x004fe20003f2e000 */
        /*0430*/                   IMAD.X R14, RZ, RZ, R20, P0 ;                     /* 0x000000ffff0e7224 */
                                                                                     /* 0x000fc600000e0614 */
        /*0440*/                   SEL R15, R22, R15, P1 ;                           /* 0x0000000f160f7207 */
                                                                                     /* 0x000fe40000800000 */
        /*0450*/                   SEL R16, R23, R16, P1 ;                           /* 0x0000001017107207 */
                                                                                     /* 0x000fe40000800000 */
        /*0460*/                   ISETP.NE.U32.AND P0, PT, R15, RZ, PT ;            /* 0x000000ff0f00720c */
                                                                                     /* 0x000fe40003f05070 */
        /*0470*/                   SEL R8, R8, R19, P1 ;                             /* 0x0000001308087207 */
                                                                                     /* 0x000fe20000800000 */
        /*0480*/                   IMAD.X R19, R10, 0x1, R14.reuse, P2 ;             /* 0x000000010a137824 */
                                                                                     /* 0x100fe200010e060e */
        /*0490*/                   ISETP.NE.AND.EX P0, PT, R16, RZ, PT, P0 ;         /* 0x000000ff1000720c */
                                                                                     /* 0x000fe20003f05300 */
        /*04a0*/                   IMAD.X R14, R13, 0x1, R14, P3 ;                   /* 0x000000010d0e7824 */
                                                                                     /* 0x000fe200018e060e */
        /*04b0*/                   IADD3 R6, P2, R6, 0x4, RZ ;                       /* 0x0000000406067810 */
                                                                                     /* 0x000fc40007f5e0ff */
        /*04c0*/                   SEL R10, R10, R19, P1 ;                           /* 0x000000130a0a7207 */
                                                                                     /* 0x000fe40000800000 */
        /*04d0*/                   SEL R12, R12, R17, P1 ;                           /* 0x000000110c0c7207 */
                                                                                     /* 0x000fe20000800000 */
        /*04e0*/                   IMAD.X R7, RZ, RZ, R7, P2 ;                       /* 0x000000ffff077224 */
                                                                                     /* 0x000fe200010e0607 */
        /*04f0*/                   SEL R13, R13, R14, P1 ;                           /* 0x0000000e0d0d7207 */
                                                                                     /* 0x000fe40000800000 */
        /*0500*/                   SEL R24, R24, R6, P1 ;                            /* 0x0000000618187207 */
                                                                                     /* 0x000fe40000800000 */
        /*0510*/                   SEL R25, R25, R7, P1 ;                            /* 0x0000000719197207 */
                                                                                     /* 0x000fe20000800000 */
        /*0520*/               @P0 BRA 0x340 ;                                       /* 0xfffffe1000000947 */
                                                                                     /* 0x000fea000383ffff */
        /*0530*/                   BSYNC B1 ;                                        /* 0x0000000000017941 */
                                                                                     /* 0x000fea0003800000 */
        /*0540*/                   BRA 0x7b0 ;                                       /* 0x0000026000007947 */
                                                                                     /* 0x000fea0003800000 */
        /*0550*/                   ISETP.NE.AND P0, PT, R14, RZ, PT ;                /* 0x000000ff0e00720c */
                                                                                     /* 0x000fe20003f05270 */
        /*0560*/                   IMAD.MOV.U32 R8, RZ, RZ, c[0x0][0x160] ;          /* 0x00005800ff087624 */
                                                                                     /* 0x000fc400078e00ff */
        /*0570*/                   IMAD.MOV.U32 R10, RZ, RZ, c[0x0][0x164] ;         /* 0x00005900ff0a7624 */
                                                                                     /* 0x000fe400078e00ff */
        /*0580*/                   IMAD.MOV.U32 R12, RZ, RZ, c[0x0][0x160] ;         /* 0x00005800ff0c7624 */
                                                                                     /* 0x000fe400078e00ff */
        /*0590*/                   IMAD.MOV.U32 R13, RZ, RZ, c[0x0][0x164] ;         /* 0x00005900ff0d7624 */
                                                                                     /* 0x000fcc00078e00ff */
        /*05a0*/              @!P0 BRA 0x7b0 ;                                       /* 0x0000020000008947 */
                                                                                     /* 0x000fea0003800000 */
        /*05b0*/                   LDG.E R16, [R2.64] ;                              /* 0x0000000402107981 */
                                                                                     /* 0x000162000c1e1900 */
        /*05c0*/                   IMAD.MOV.U32 R11, RZ, RZ, R14 ;                   /* 0x000000ffff0b7224 */
                                                                                     /* 0x000fe400078e000e */
        /*05d0*/                   IMAD.MOV.U32 R20, RZ, RZ, c[0x0][0x160] ;         /* 0x00005800ff147624 */
                                                                                     /* 0x000fe400078e00ff */
        /*05e0*/                   IMAD.MOV.U32 R25, RZ, RZ, c[0x0][0x164] ;         /* 0x00005900ff197624 */
                                                                                     /* 0x000fe400078e00ff */
        /*05f0*/                   IMAD.MOV.U32 R8, RZ, RZ, c[0x0][0x160] ;          /* 0x00005800ff087624 */
                                                                                     /* 0x000fe400078e00ff */
        /*0600*/                   IMAD.MOV.U32 R10, RZ, RZ, c[0x0][0x164] ;         /* 0x00005900ff0a7624 */
                                                                                     /* 0x000fe400078e00ff */
        /*0610*/                   IMAD.MOV.U32 R12, RZ, RZ, c[0x0][0x160] ;         /* 0x00005800ff0c7624 */
                                                                                     /* 0x000fc400078e00ff */
        /*0620*/                   IMAD.MOV.U32 R13, RZ, RZ, c[0x0][0x164] ;         /* 0x00005900ff0d7624 */
                                                                                     /* 0x001fe400078e00ff */
        /*0630*/                   SHF.R.U32.HI R17, RZ, 0x1, R11 ;                  /* 0x00000001ff117819 */
                                                                                     /* 0x000fe2000001160b */
        /*0640*/                   IMAD.MOV.U32 R6, RZ, RZ, R20 ;                    /* 0x000000ffff067224 */
                                                                                     /* 0x000fe400078e0014 */
        /*0650*/                   IMAD.MOV.U32 R7, RZ, RZ, R25 ;                    /* 0x000000ffff077224 */
                                                                                     /* 0x000fc800078e0019 */
        /*0660*/                   IMAD.WIDE.U32 R14, R17, 0x4, R6 ;                 /* 0x00000004110e7825 */
                                                                                     /* 0x000fca00078e0006 */
        /*0670*/                   LDG.E R7, [R14.64] ;                              /* 0x000000040e077981 */
                                                                                     /* 0x000ea2000c1e1900 */
        /*0680*/                   LOP3.LUT R18, RZ, R17, RZ, 0x33, !PT ;            /* 0x00000011ff127212 */
                                                                                     /* 0x000fe400078e33ff */
        /*0690*/                   IADD3 R19, P3, R14, 0x4, RZ ;                     /* 0x000000040e137810 */
                                                                                     /* 0x000fe40007f7e0ff */
        /*06a0*/                   FSETP.GEU.AND P0, PT, R7, R16, PT ;               /* 0x000000100700720b */
                                                                                     /* 0x024fe20003f0e000 */
        /*06b0*/                   IMAD.WIDE.U32 R6, R17, R22, c[0x2][0x0] ;         /* 0x0080000011067625 */
                                                                                     /* 0x000fc600078e0016 */
        /*06c0*/                   SEL R20, R20, R19, P0 ;                           /* 0x0000001314147207 */
                                                                                     /* 0x000fe40000000000 */
        /*06d0*/                   IADD3 R23, P1, R6.reuse, R8, RZ ;                 /* 0x0000000806177210 */
                                                                                     /* 0x040fe40007f3e0ff */
        /*06e0*/                   IADD3 R21, P2, R6, R12, RZ ;                      /* 0x0000000c06157210 */
                                                                                     /* 0x000fe20007f5e0ff */
        /*06f0*/                   IMAD.X R6, RZ, RZ, R15, P3 ;                      /* 0x000000ffff067224 */
                                                                                     /* 0x000fe200018e060f */
        /*0700*/                   SEL R8, R8, R23, P0 ;                             /* 0x0000001708087207 */
                                                                                     /* 0x000fe40000000000 */
        /*0710*/                   SEL R12, R12, R21, P0 ;                           /* 0x000000150c0c7207 */
                                                                                     /* 0x000fe20000000000 */
        /*0720*/              @!P0 IMAD.IADD R17, R18, 0x1, R11 ;                    /* 0x0000000112118824 */
                                                                                     /* 0x000fe200078e020b */
        /*0730*/                   SEL R25, R25, R6, P0 ;                            /* 0x0000000619197207 */
                                                                                     /* 0x000fe20000000000 */
        /*0740*/                   IMAD.X R11, R7, 0x1, R10, P1 ;                    /* 0x00000001070b7824 */
                                                                                     /* 0x000fc400008e060a */
        /*0750*/                   IMAD.X R18, R7, 0x1, R13, P2 ;                    /* 0x0000000107127824 */
                                                                                     /* 0x000fe200010e060d */
        /*0760*/                   ISETP.NE.AND P1, PT, R17, RZ, PT ;                /* 0x000000ff1100720c */
                                                                                     /* 0x000fe40003f25270 */
        /*0770*/                   SEL R10, R10, R11, P0 ;                           /* 0x0000000b0a0a7207 */
                                                                                     /* 0x000fe20000000000 */
        /*0780*/                   IMAD.MOV.U32 R11, RZ, RZ, R17 ;                   /* 0x000000ffff0b7224 */
                                                                                     /* 0x000fe200078e0011 */
        /*0790*/                   SEL R13, R13, R18, P0 ;                           /* 0x000000120d0d7207 */
                                                                                     /* 0x000fd20000000000 */
        /*07a0*/               @P1 BRA 0x630 ;                                       /* 0xfffffe8000001947 */
                                                                                     /* 0x000fea000383ffff */
        /*07b0*/                   BSYNC B0 ;                                        /* 0x0000000000007941 */
                                                                                     /* 0x000fea0003800000 */
        /*07c0*/                   IADD3 R9, P1, R9, c[0x0][0x160], RZ ;             /* 0x0000580009097a10 */
                                                                                     /* 0x000fc80007f3e0ff */
        /*07d0*/                   ISETP.NE.U32.AND P0, PT, R8, R9, PT ;             /* 0x000000090800720c */
                                                                                     /* 0x000fe40003f05070 */
        /*07e0*/                   IADD3.X R7, R4, c[0x0][0x164], RZ, P1, !PT ;      /* 0x0000590004077a10 */
                                                                                     /* 0x000fc80000ffe4ff */
        /*07f0*/                   ISETP.NE.AND.EX P0, PT, R10, R7, PT, P0 ;         /* 0x000000070a00720c */
                                                                                     /* 0x000fda0003f05300 */
        /*0800*/               @P0 LDG.E R2, [R2.64] ;                               /* 0x0000000402020981 */
                                                                                     /* 0x000ea8000c1e1900 */
        /*0810*/               @P0 LDG.E R13, [R12.64] ;                             /* 0x000000040c0d0981 */
                                                                                     /* 0x000ea2000c1e1900 */
        /*0820*/                   LEA R4, P2, R0, c[0x0][0x180], 0x2 ;              /* 0x0000600000047a11 */
                                                                                     /* 0x000fe200078410ff */
        /*0830*/                   IMAD.MOV.U32 R7, RZ, RZ, RZ ;                     /* 0x000000ffff077224 */
                                                                                     /* 0x000fc600078e00ff */
        /*0840*/                   LEA.HI.X R5, R0, c[0x0][0x184], R5, 0x2, P2 ;     /* 0x0000610000057a11 */
                                                                                     /* 0x000fe400010f1405 */
        /*0850*/               @P0 FSETP.GEU.AND P1, PT, R2, R13, PT ;               /* 0x0000000d0200020b */
                                                                                     /* 0x004fc80003f2e000 */
        /*0860*/               @P0 SEL R7, RZ, 0x1, !P1 ;                            /* 0x00000001ff070807 */
                                                                                     /* 0x000fca0004800000 */
        /*0870*/                   STG.E [R4.64], R7 ;                               /* 0x0000000704007986 */
                                                                                     /* 0x000fe2000c101904 */
        /*0880*/                   EXIT ;                                            /* 0x000000000000794d */
                                                                                     /* 0x000fea0003800000 */
        /*0890*/                   BRA 0x890;                                        /* 0xfffffff000007947 */
                                                                                     /* 0x000fc0000383ffff */
        /*08a0*/                   NOP;                                              /* 0x0000000000007918 */
                                                                                     /* 0x000fc00000000000 */
        /*08b0*/                   NOP;                                              /* 0x0000000000007918 */
                                                                                     /* 0x000fc00000000000 */
        /*08c0*/                   NOP;                                              /* 0x0000000000007918 */
                                                                                     /* 0x000fc00000000000 */
        /*08d0*/                   NOP;                                              /* 0x0000000000007918 */
                                                                                     /* 0x000fc00000000000 */
        /*08e0*/                   NOP;                                              /* 0x0000000000007918 */
                                                                                     /* 0x000fc00000000000 */
        /*08f0*/                   NOP;                                              /* 0x0000000000007918 */
                                                                                     /* 0x000fc00000000000 */
        /*0900*/                   NOP;                                              /* 0x0000000000007918 */
                                                                                     /* 0x000fc00000000000 */
        /*0910*/                   NOP;                                              /* 0x0000000000007918 */
                                                                                     /* 0x000fc00000000000 */
        /*0920*/                   NOP;                                              /* 0x0000000000007918 */
                                                                                     /* 0x000fc00000000000 */
        /*0930*/                   NOP;                                              /* 0x0000000000007918 */
                                                                                     /* 0x000fc00000000000 */
        /*0940*/                   NOP;                                              /* 0x0000000000007918 */
                                                                                     /* 0x000fc00000000000 */
        /*0950*/                   NOP;                                              /* 0x0000000000007918 */
                                                                                     /* 0x000fc00000000000 */
        /*0960*/                   NOP;                                              /* 0x0000000000007918 */
                                                                                     /* 0x000fc00000000000 */
        /*0970*/                   NOP;                                              /* 0x0000000000007918 */
                                                                                     /* 0x000fc00000000000 */
		..........


		Function : search_cost_u64_greater
	.headerflags	@"EF_CUDA_SM89 EF_CUDA_VIRTUAL_SM(EF_CUDA_SM89)"
        /*0000*/                   IMAD.MOV.U32 R1, RZ, RZ, c[0x0][0x28] ;           /* 0x00000a00ff017624 */
                                                                                     /* 0x000fe400078e00ff */
        /*0010*/                   S2R R5, SR_CTAID.X ;                              /* 0x0000000000057919 */
                                                                                     /* 0x000e280000002500 */
        /*0020*/                   S2R R0, SR_TID.X ;                                /* 0x0000000000007919 */
                                                                                     /* 0x000e240000002100 */
        /*0030*/                   IMAD R5, R5, c[0x0][0x0], R0 ;                    /* 0x0000000005057a24 */
                                                                                     /* 0x001fca00078e0200 */
        /*0040*/                   ISETP.GE.AND P0, PT, R5, c[0x0][0x178], PT ;      /* 0x00005e0005007a0c */
                                                                                     /* 0x000fda0003f06270 */
        /*0050*/               @P0 EXIT ;                                            /* 0x000000000000094d */
                                                                                     /* 0x000fea0003800000 */
        /*0060*/                   IMAD.MOV.U32 R7, RZ, RZ, c[0x0][0x168] ;          /* 0x00005a00ff077624 */
                                                                                     /* 0x000fe200078e00ff */
        /*0070*/                   ULDC.64 UR4, c[0x0][0x118] ;                      /* 0x0000460000047ab9 */
                                                                                     /* 0x000fe20000000a00 */
        /*0080*/                   IMAD.MOV.U32 R4, RZ, RZ, 0x3 ;                    /* 0x00000003ff047424 */
                                                                                     /* 0x000fe200078e00ff */
        /*0090*/                   BSSY B0, 0x7c0 ;                                  /* 0x0000072000007945 */
                                                                                     /* 0x000fe20003800000 */
        /*00a0*/                   IMAD.MOV.U32 R24, RZ, RZ, 0x8 ;                   /* 0x00000008ff187424 */
                                                                                     /* 0x000fe200078e00ff */
        /*00b0*/                   SHF.R.S32.HI R0, RZ, 0x1f, R5 ;                   /* 0x0000001fff007819 */
                                                                                     /* 0x000fe40000011405 */
        /*00c0*/                   SHF.L.U64.HI R4, R7.reuse, R4, c[0x0][0x16c] ;    /* 0x00005b0007047619 */
                                                                                     /* 0x040fe20000010204 */
        /*00d0*/                   IMAD.SHL.U32 R7, R7, 0x8, RZ ;                    /* 0x0000000807077824 */
                                                                                     /* 0x000fe400078e00ff */
        /*00e0*/                   IMAD.WIDE R2, R5, R24, c[0x0][0x170] ;            /* 0x00005c0005027625 */
                                                                                     /* 0x000fe200078e0218 */
        /*00f0*/                   SHF.R.S32.HI R18, RZ, 0x3, R4 ;                   /* 0x00000003ff127819 */
                                                                                     /* 0x000fc40000011404 */
        /*0100*/                   SHF.R.S64 R17, R7, 0x3, R4 ;                      /* 0x0000000307117819 */
                                                                                     /* 0x000fc80000001004 */
        /*0110*/                   ISETP.GE.U32.AND P0, PT, R17, -0x80000000, PT ;   /* 0x800000001100780c */
                                                                                     /* 0x000fc80003f06070 */
        /*0120*/                   ISETP.GE.U32.AND.EX P0, PT, R18, RZ, PT, P0 ;     /* 0x000000ff1200720c */
                                                                                     /* 0x000fda0003f06100 */
        /*0130*/              @!P0 BRA 0x550 ;                                       /* 0x0000041000008947 */
                                                                                     /* 0x000fea0003800000 */
        /*0140*/                   SHF.R.U64 R14, R17, 0x1, R18.reuse ;              /* 0x00000001110e7819 */
                                                                                     /* 0x100fe20000001212 */
        /*0150*/                   LDG.E.64 R8, [R2.64] ;                            /* 0x0000000402087981 */
                                                                                     /* 0x000ea2000c1e1b00 */
        /*0160*/                   SHF.R.U32.HI R15, RZ, 0x1, R18 ;                  /* 0x00000001ff0f7819 */
                                                                                     /* 0x000fc60000011612 */
        /*0170*/                   IMAD.SHL.U32 R16, R14.reuse, 0x8, RZ ;            /* 0x000000080e107824 */
                                                                                     /* 0x040fe200078e00ff */
        /*0180*/                   SHF.L.U64.HI R6, R14, 0x3, R15 ;                  /* 0x000000030e067819 */
                                                                                     /* 0x000fc8000001020f */
        /*0190*/                   IADD3 R10, P0, R16, c[0x0][0x160], RZ ;           /* 0x00005800100a7a10 */
                                                                                     /* 0x000fc80007f1e0ff */
        /*01a0*/                   IADD3.X R11, R6, c[0x0][0x164], RZ, P0, !PT ;     /* 0x00005900060b7a10 */
                                                                                     /* 0x000fca00007fe4ff */
        /*01b0*/                   LDG.E.64 R12, [R10.64] ;                          /* 0x000000040a0c7981 */
                                                                                     /* 0x000ea2000c1e1b00 */
        /*01c0*/                   LOP3.LUT R19, RZ, R14, RZ, 0x33, !PT ;            /* 0x0000000eff137212 */
                                                                                     /* 0x000fe400078e33ff */
        /*01d0*/                   LOP3.LUT R20, RZ, R15, RZ, 0x33, !PT ;            /* 0x0000000fff147212 */
                                                                                     /* 0x000fe400078e33ff */
        /*01e0*/                   IADD3 R19, P1, R19, R17, RZ ;                     /* 0x0000001113137210 */
                                                                                     /* 0x000fca0007f3e0ff */
        /*01f0*/                   IMAD.X R20, R20, 0x1, R18, P1 ;                   /* 0x0000000114147824 */
                                                                                     /* 0x000fe200008e0612 */
        /*0200*/                   IADD3 R16, P2, R16, 0x8, RZ ;                     /* 0x0000000810107810 */
                                                                                     /* 0x000fc80007f5e0ff */
        /*0210*/                   IADD3 R16, P3, R16, c[0x0][0x160], RZ ;           /* 0x0000580010107a10 */
                                                                                     /* 0x000fe40007f7e0ff */
        /*0220*/                   IADD3 R17, P4, R10, 0x8, RZ ;                     /* 0x000000080a117810 */
                                                                                     /* 0x000fe40007f9e0ff */
        /*0230*/                   IADD3.X R6, RZ, c[0x0][0x164], R6, P3, P2 ;       /* 0x00005900ff067a10 */
                                                                                     /* 0x000fe20001fe4406 */
        /*0240*/                   BSSY B1, 0x540 ;                                  /* 0x000002f000017945 */
                                                                                     /* 0x000fe40003800000 */
        /*0250*/                   IMAD.X R18, RZ, RZ, R11, P4 ;                     /* 0x000000ffff127224 */
                                                                                     /* 0x000fe200020e060b */
        /*0260*/                   ISETP.GT.U32.AND P0, PT, R12, R8, PT ;            /* 0x000000080c00720c */
                                                                                     /* 0x004fc80003f04070 */
        /*0270*/                   ISETP.GT.U32.AND.EX P0, PT, R13, R9, PT, P0 ;     /* 0x000000090d00720c */
                                                                                     /* 0x000fc80003f04100 */
        /*0280*/                   SEL R19, R19, R14, P0 ;                           /* 0x0000000e13137207 */
                                                                                     /* 0x000fe40000000000 */
        /*0290*/                   SEL R20, R20, R15, P0 ;                           /* 0x0000000f14147207 */
                                                                                     /* 0x000fe40000000000 */
        /*02a0*/                   ISETP.NE.U32.AND P1, PT, R19, RZ, PT ;            /* 0x000000ff1300720c */
                                                                                     /* 0x000fc80003f25070 */
        /*02b0*/                   ISETP.NE.AND.EX P1, PT, R20, RZ, PT, P1 ;         /* 0x000000ff1400720c */
                                                                                     /* 0x000fe40003f25310 */
        /*02c0*/                   SEL R16, R16, c[0x0][0x160], P0 ;                 /* 0x0000580010107a07 */
                                                                                     /* 0x000fe40000000000 */
        /*02d0*/                   SEL R6, R6, c[0x0][0x164], P0 ;                   /* 0x0000590006067a07 */
                                                                                     /* 0x000fe40000000000 */
        /*02e0*/                   SEL R17, R17, c[0x0][0x160], P0 ;                 /* 0x0000580011117a07 */
                                                                                     /* 0x000fe20000000000 */
        /*02f0*/                   IMAD.MOV.U32 R14, RZ, RZ, R16 ;                   /* 0x000000ffff0e7224 */
                                                                                     /* 0x000fe200078e0010 */
        /*0300*/                   SEL R18, R18, c[0x0][0x164], P0 ;                 /* 0x0000590012127a07 */
                                                                                     /* 0x000fe20000000000 */
        /*0310*/                   IMAD.MOV.U32 R15, RZ, RZ, R6 ;                    /* 0x000000ffff0f7224 */
                                                                                     /* 0x000fc800078e0006 */
        /*0320*/              @!P1 BRA 0x530 ;                                       /* 0x0000020000009947 */
                                                                                     /* 0x000fea0003800000 */
        /*0330*/                   SHF.R.U64 R26, R19, 0x1, R20.reuse ;              /* 0x00000001131a7819 */
                                                                                     /* 0x100fe40000001214 */
        /*0340*/                   SHF.R.U32.HI R27, RZ, 0x1, R20 ;                  /* 0x00000001ff1b7819 */
                                                                                     /* 0x000fc60000011614 */
        /*0350*/                   IMAD.SHL.U32 R24, R26.reuse, 0x8, RZ ;            /* 0x000000081a187824 */
                                                                                     /* 0x040fe200078e00ff */
        /*0360*/                   SHF.L.U64.HI R25, R26, 0x3, R27 ;                 /* 0x000000031a197819 */
                                                                                     /* 0x000fc8000001021b */
        /*0370*/                   IADD3 R10, P0, R17, R24, RZ ;                     /* 0x00000018110a7210 */
                                                                                     /* 0x000fca0007f1e0ff */
        /*0380*/                   IMAD.X R11, R18, 0x1, R25, P0 ;                   /* 0x00000001120b7824 */
                                                                                     /* 0x000fca00000e0619 */
        /*0390*/                   LDG.E.64 R12, [R10.64] ;                          /* 0x000000040a0c7981 */
                                                                                     /* 0x000ea2000c1e1b00 */
        /*03a0*/                   LOP3.LUT R22, RZ, R26, RZ, 0x33, !PT ;            /* 0x0000001aff167212 */
                                                                                     /* 0x000fe400078e33ff */
        /*03b0*/                   LOP3.LUT R21, RZ, R27, RZ, 0x33, !PT ;            /* 0x0000001bff157212 */
                                                                                     /* 0x000fe400078e33ff */
        /*03c0*/                   IADD3 R19, P3, R19, R22, RZ ;                     /* 0x0000001613137210 */
                                                                                     /* 0x000fe40007f7e0ff */
        /*03d0*/                   IADD3 R23, P1, R24, 0x8, RZ ;                     /* 0x0000000818177810 */
                                                                                     /* 0x000fc60007f3e0ff */
        /*03e0*/                   IMAD.X R20, R20, 0x1, R21, P3 ;                   /* 0x0000000114147824 */
                                                                                     /* 0x000fe200018e0615 */
        /*03f0*/                   ISETP.GT.U32.AND P0, PT, R12, R8, PT ;            /* 0x000000080c00720c */
                                                                                     /* 0x004fe20003f04070 */
        /*0400*/                   IMAD.X R12, RZ, RZ, R25, P1 ;                     /* 0x000000ffff0c7224 */
                                                                                     /* 0x000fc600008e0619 */
        /*0410*/                   ISETP.GT.U32.AND.EX P0, PT, R13, R9, PT, P0 ;     /* 0x000000090d00720c */
                                                                                     /* 0x000fe40003f04100 */
        /*0420*/                   IADD3 R13, P2, R16, R23, RZ ;                     /* 0x00000017100d7210 */
                                                                                     /* 0x000fe40007f5e0ff */
        /*0430*/                   SEL R19, R19, R26, P0 ;                           /* 0x0000001a13137207 */
                                                                                     /* 0x000fe40000000000 */
        /*0440*/                   SEL R20, R20, R27, P0 ;                           /* 0x0000001b14147207 */
                                                                                     /* 0x000fe20000000000 */
        /*0450*/                   IMAD.X R21, R6, 0x1, R12, P2 ;                    /* 0x0000000106157824 */
                                                                                     /* 0x000fe200010e060c */
        /*0460*/                   ISETP.NE.U32.AND P1, PT, R19, RZ, PT ;            /* 0x000000ff1300720c */
                                                                                     /* 0x000fe40003f25070 */
        /*0470*/                   SEL R16, R13, R16, P0 ;                           /* 0x000000100d107207 */
                                                                                     /* 0x000fc40000000000 */
        /*0480*/                   ISETP.NE.AND.EX P1, PT, R20, RZ, PT, P1 ;         /* 0x000000ff1400720c */
                                                                                     /* 0x000fe40003f25310 */
        /*0490*/                   IADD3 R13, P3, R14, R23, RZ ;                     /* 0x000000170e0d7210 */
                                                                                     /* 0x000fe40007f7e0ff */
        /*04a0*/                   IADD3 R10, P2, R10, 0x8, RZ ;                     /* 0x000000080a0a7810 */
                                                                                     /* 0x000fe40007f5e0ff */
        /*04b0*/                   SEL R6, R21, R6, P0 ;                             /* 0x0000000615067207 */
                                                                                     /* 0x000fe20000000000 */
        /*04c0*/                   IMAD.X R12, R15, 0x1, R12, P3 ;                   /* 0x000000010f0c7824 */
                                                                                     /* 0x000fe200018e060c */
        /*04d0*/                   SEL R14, R13, R14, P0 ;                           /* 0x0000000e0d0e7207 */
                                                                                     /* 0x000fe20000000000 */
        /*04e0*/                   IMAD.X R11, RZ, RZ, R11, P2 ;                     /* 0x000000ffff0b7224 */
                                                                                     /* 0x000fe200010e060b */
        /*04f0*/                   SEL R17, R10, R17, P0 ;                           /* 0x000000110a117207 */
                                                                                     /* 0x000fc40000000000 */
        /*0500*/                   SEL R15, R12, R15, P0 ;                           /* 0x0000000f0c0f7207 */
                                                                                     /* 0x000fe40000000000 */
        /*0510*/                   SEL R18, R11, R18, P0 ;                           /* 0x000000120b127207 */
                                                                                     /* 0x000fe20000000000 */
        /*0520*/               @P1 BRA 0x330 ;                                       /* 0xfffffe0000001947 */
                                                                                     /* 0x000fea000383ffff */
        /*0530*/                   BSYNC B1 ;                                        /* 0x0000000000017941 */
                                                                                     /* 0x000fea0003800000 */
        /*0540*/                   BRA 0x7b0 ;                                       /* 0x0000026000007947 */
                                                                                     /* 0x000fea0003800000 */
        /*0550*/                   ISETP.NE.AND P0, PT, R17, RZ, PT ;                /* 0x000000ff1100720c */
                                                                                     /* 0x000fe20003f05270 */
        /*0560*/                   IMAD.MOV.U32 R16, RZ, RZ, c[0x0][0x160] ;         /* 0x00005800ff107624 */
                                                                                     /* 0x000fe400078e00ff */
        /*0570*/                   IMAD.MOV.U32 R6, RZ, RZ, c[0x0][0x164] ;          /* 0x00005900ff067624 */
                                                                                     /* 0x000fe400078e00ff */
        /*0580*/                   IMAD.MOV.U32 R14, RZ, RZ, c[0x0][0x160] ;         /* 0x00005800ff0e7624 */
                                                                                     /* 0x000fe400078e00ff */
        /*0590*/                   IMAD.MOV.U32 R15, RZ, RZ, c[0x0][0x164] ;         /* 0x00005900ff0f7624 */
                                                                                     /* 0x000fcc00078e00ff */
        /*05a0*/              @!P0 BRA 0x7b0 ;                                       /* 0x0000020000008947 */
                                                                                     /* 0x000fea0003800000 */
        /*05b0*/                   LDG.E.64 R8, [R2.64] ;                            /* 0x0000000402087981 */
                                                                                     /* 0x000162000c1e1b00 */
        /*05c0*/                   IMAD.MOV.U32 R25, RZ, RZ, c[0x0][0x160] ;         /* 0x00005800ff197624 */
                                                                                     /* 0x000fe400078e00ff */
        /*05d0*/                   IMAD.MOV.U32 R22, RZ, RZ, c[0x0][0x164] ;         /* 0x00005900ff167624 */
                                                                                     /* 0x000fe400078e00ff */
        /*05e0*/                   IMAD.MOV.U32 R16, RZ, RZ, c[0x0][0x160] ;         /* 0x00005800ff107624 */
                                                                                     /* 0x000fe400078e00ff */
        /*05f0*/                   IMAD.MOV.U32 R6, RZ, RZ, c[0x0][0x164] ;          /* 0x00005900ff067624 */
                                                                                     /* 0x000fe400078e00ff */
        /*0600*/                   IMAD.MOV.U32 R14, RZ, RZ, c[0x0][0x160] ;         /* 0x00005800ff0e7624 */
                                                                                     /* 0x000fe400078e00ff */
        /*0610*/                   IMAD.MOV.U32 R15, RZ, RZ, c[0x0][0x164] ;         /* 0x00005900ff0f7624 */
                                                                                     /* 0x001fc400078e00ff */
        /*0620*/                   SHF.R.U32.HI R19, RZ, 0x1, R17 ;                  /* 0x00000001ff137819 */
                                                                                     /* 0x000fe20000011611 */
        /*0630*/                   IMAD.MOV.U32 R10, RZ, RZ, R25 ;                   /* 0x000000ffff0a7224 */
                                                                                     /* 0x000fc400078e0019 */
        /*0640*/                   IMAD.MOV.U32 R11, RZ, RZ, R22 ;                   /* 0x000000ffff0b7224 */
                                                                                     /* 0x000fc800078e0016 */
        /*0650*/                   IMAD.WIDE.U32 R10, R19, 0x8, R10 ;                /* 0x00000008130a7825 */
                                                                                     /* 0x000fca00078e000a */
        /*0660*/                   LDG.E.64 R12, [R10.64] ;                          /* 0x000000040a0c7981 */
                                                                                     /* 0x000ea2000c1e1b00 */
        /*0670*/                   LOP3.LUT R18, RZ, R19, RZ, 0x33, !PT ;            /* 0x00000013ff127212 */
                                                                                     /* 0x000fe400078e33ff */
        /*0680*/                   IADD3 R20, P3, R10, 0x8, RZ ;                     /* 0x000000080a147810 */
                                                                                     /* 0x000fe40007f7e0ff */
        /*0690*/                   ISETP.GT.U32.AND P0, PT, R12, R8, PT ;            /* 0x000000080c00720c */
                                                                                     /* 0x024fc80003f04070 */
        /*06a0*/                   ISETP.GT.U32.AND.EX P0, PT, R13, R9, PT, P0 ;     /* 0x000000090d00720c */
                                                                                     /* 0x000fe20003f04100 */
        /*06b0*/                   IMAD.WIDE.U32 R12, R19, R24, c[0x2][0x0] ;        /* 0x00800000130c7625 */
                                                                                     /* 0x000fc600078e0018 */
        /*06c0*/                   SEL R25, R20, R25, P0 ;                           /* 0x0000001914197207 */
                                                                                     /* 0x000fe40000000000 */
        /*06d0*/                   IADD3 R23, P1, R12.reuse, R16, RZ ;               /* 0x000000100c177210 */
                                                                                     /* 0x040fe40007f3e0ff */
        /*06e0*/                   IADD3 R21, P2, R12, R14, RZ ;                     /* 0x0000000e0c157210 */
                                                                                     /* 0x000fe20007f5e0ff */
        /*06f0*/                   IMAD.X R12, RZ, RZ, R11, P3 ;                     /* 0x000000ffff0c7224 */
                                                                                     /* 0x000fe200018e060b */
        /*0700*/                   SEL R16, R23, R16, P0 ;                           /* 0x0000001017107207 */
                                                                                     /* 0x000fe40000000000 */
        /*0710*/                   SEL R14, R21, R14, P0 ;                           /* 0x0000000e150e7207 */
                                                                                     /* 0x000fe20000000000 */
        /*0720*/               @P0 IMAD.IADD R19, R18, 0x1, R17 ;                    /* 0x0000000112130824 */
                                                                                     /* 0x000fe200078e0211 */
        /*0730*/                   SEL R22, R12, R22, P0 ;                           /* 0x000000160c167207 */
                                                                                     /* 0x000fe20000000000 */
        /*0740*/                   IMAD.X R17, R13, 0x1, R6, P1 ;                    /* 0x000000010d117824 */
                                                                                     /* 0x000fc400008e0606 */
        /*0750*/                   IMAD.X R10, R13, 0x1, R15, P2 ;                   /* 0x000000010d0a7824 */
                                                                                     /* 0x000fe200010e060f */
        /*0760*/                   ISETP.NE.AND P1, PT, R19, RZ, PT ;                /* 0x000000ff1300720c */
                                                                                     /* 0x000fe40003f25270 */
        /*0770*/                   SEL R6, R17, R6, P0 ;                             /* 0x0000000611067207 */
                                                                                     /* 0x000fe20000000000 */
        /*0780*/                   IMAD.MOV.U32 R17, RZ, RZ, R19 ;                   /* 0x000000ffff117224 */
                                                                                     /* 0x000fe200078e0013 */
        /*0790*/                   SEL R15, R10, R15, P0 ;                           /* 0x0000000f0a0f7207 */
                                                                                     /* 0x000fd20000000000 */
        /*07a0*/               @P1 BRA 0x620 ;                                       /* 0xfffffe7000001947 */
                                                                                     /* 0x000fea000383ffff */
        /*07b0*/                   BSYNC B0 ;                                        /* 0x0000000000007941 */
                                                                                     /* 0x000fea0003800000 */
        /*07c0*/                   IADD3 R7, P1, R7, c[0x0][0x160], RZ ;             /* 0x0000580007077a10 */
                                                                                     /* 0x000fc80007f3e0ff */
        /*07d0*/                   ISETP.NE.U32.AND P0, PT, R16, R7, PT ;            /* 0x000000071000720c */
                                                                                     /* 0x000fe40003f05070 */
        /*07e0*/                   IADD3.X R7, R4, c[0x0][0x164], RZ, P1, !PT ;      /* 0x0000590004077a10 */
                                                                                     /* 0x000fc80000ffe4ff */
        /*07f0*/                   ISETP.NE.AND.EX P0, PT, R6, R7, PT, P0 ;          /* 0x000000070600720c */
                                                                                     /* 0x000fda0003f05300 */
        /*0800*/               @P0 LDG.E.64 R2, [R2.64] ;                            /* 0x0000000402020981 */
                                                                                     /* 0x000ea8000c1e1b00 */
        /*0810*/               @P0 LDG.E.64 R6, [R14.64] ;                           /* 0x000000040e060981 */
                                                                                     /* 0x000ea2000c1e1b00 */
        /*0820*/                   LEA R4, P2, R5, c[0x0][0x180], 0x2 ;              /* 0x0000600005047a11 */
                                                                                     /* 0x000fe200078410ff */
        /*0830*/                   IMAD.MOV.U32 R9, RZ, RZ, RZ ;                     /* 0x000000ffff097224 */
                                                                                     /* 0x000fc600078e00ff */
        /*0840*/                   LEA.HI.X R5, R5, c[0x0][0x184], R0, 0x2, P2 ;     /* 0x0000610005057a11 */
                                                                                     /* 0x000fe400010f1400 */
        /*0850*/               @P0 ISETP.GT.U32.AND P1, PT, R2, R6, PT ;             /* 0x000000060200020c */
                                                                                     /* 0x004fc80003f24070 */
        /*0860*/               @P0 ISETP.GT.U32.AND.EX P1, PT, R3, R7, PT, P1 ;      /* 0x000000070300020c */
                                                                                     /* 0x000fc80003f24110 */
        /*0870*/               @P0 SEL R9, RZ, 0x1, P1 ;                             /* 0x00000001ff090807 */
                                                                                     /* 0x000fca0000800000 */
        /*0880*/                   STG.E [R4.64], R9 ;                               /* 0x0000000904007986 */
                                                                                     /* 0x000fe2000c101904 */
        /*0890*/                   EXIT ;                                            /* 0x000000000000794d */
                                                                                     /* 0x000fea0003800000 */
        /*08a0*/                   BRA 0x8a0;                                        /* 0xfffffff000007947 */
                                                                                     /* 0x000fc0000383ffff */
        /*08b0*/                   NOP;                                              /* 0x0000000000007918 */
                                                                                     /* 0x000fc00000000000 */
        /*08c0*/                   NOP;                                              /* 0x0000000000007918 */
                                                                                     /* 0x000fc00000000000 */
        /*08d0*/                   NOP;                                              /* 0x0000000000007918 */
                                                                                     /* 0x000fc00000000000 */
        /*08e0*/                   NOP;                                              /* 0x0000000000007918 */
                                                                                     /* 0x000fc00000000000 */
        /*08f0*/                   NOP;                                              /* 0x0000000000007918 */
                                                                                     /* 0x000fc00000000000 */
        /*0900*/                   NOP;                                              /* 0x0000000000007918 */
                                                                                     /* 0x000fc00000000000 */
        /*0910*/                   NOP;                                              /* 0x0000000000007918 */
                                                                                     /* 0x000fc00000000000 */
        /*0920*/                   NOP;                                              /* 0x0000000000007918 */
                                                                                     /* 0x000fc00000000000 */
        /*0930*/                   NOP;                                              /* 0x0000000000007918 */
                                                                                     /* 0x000fc00000000000 */
        /*0940*/                   NOP;                                              /* 0x0000000000007918 */
                                                                                     /* 0x000fc00000000000 */
        /*0950*/                   NOP;                                              /* 0x0000000000007918 */
                                                                                     /* 0x000fc00000000000 */
        /*0960*/                   NOP;                                              /* 0x0000000000007918 */
                                                                                     /* 0x000fc00000000000 */
        /*0970*/                   NOP;                                              /* 0x0000000000007918 */
                                                                                     /* 0x000fc00000000000 */
		..........


		Function : search_cost_u64_less
	.headerflags	@"EF_CUDA_SM89 EF_CUDA_VIRTUAL_SM(EF_CUDA_SM89)"
        /*0000*/                   IMAD.MOV.U32 R1, RZ, RZ, c[0x0][0x28] ;           /* 0x00000a00ff017624 */
                                                                                     /* 0x000fe400078e00ff */
        /*0010*/                   S2R R5, SR_CTAID.X ;                              /* 0x0000000000057919 */
                                                                                     /* 0x000e280000002500 */
        /*0020*/                   S2R R0, SR_TID.X ;                                /* 0x0000000000007919 */
                                                                                     /* 0x000e240000002100 */
        /*0030*/                   IMAD R5, R5, c[0x0][0x0], R0 ;                    /* 0x0000000005057a24 */
                                                                                     /* 0x001fca00078e0200 */
        /*0040*/                   ISETP.GE.AND P0, PT, R5, c[0x0][0x178], PT ;      /* 0x00005e0005007a0c */
                                                                                     /* 0x000fda0003f06270 */
        /*0050*/               @P0 EXIT ;                                            /* 0x000000000000094d */
                                                                                     /* 0x000fea0003800000 */
        /*0060*/                   IMAD.MOV.U32 R7, RZ, RZ, c[0x0][0x168] ;          /* 0x00005a00ff077624 */
                                                                                     /* 0x000fe200078e00ff */
        /*0070*/                   ULDC.64 UR4, c[0x0][0x118] ;                      /* 0x0000460000047ab9 */
                                                                                     /* 0x000fe20000000a00 */
        /*0080*/                   IMAD.MOV.U32 R4, RZ, RZ, 0x3 ;                    /* 0x00000003ff047424 */
                                                                                     /* 0x000fe200078e00ff */
        /*0090*/                   BSSY B0, 0x7c0 ;                                  /* 0x0000072000007945 */
                                                                                     /* 0x000fe20003800000 */
        /*00a0*/                   IMAD.MOV.U32 R24, RZ, RZ, 0x8 ;                   /* 0x00000008ff187424 */
                                                                                     /* 0x000fe200078e00ff */
        /*00b0*/                   SHF.R.S32.HI R0, RZ, 0x1f, R5 ;                   /* 0x0000001fff007819 */
                                                                                     /* 0x000fe40000011405 */
        /*00c0*/                   SHF.L.U64.HI R4, R7.reuse, R4, c[0x0][0x16c] ;    /* 0x00005b0007047619 */
                                                                                     /* 0x040fe20000010204 */
        /*00d0*/                   IMAD.SHL.U32 R7, R7, 0x8, RZ ;                    /* 0x0000000807077824 */
                                                                                     /* 0x000fe400078e00ff */
        /*00e0*/                   IMAD.WIDE R2, R5, R24, c[0x0][0x170] ;            /* 0x00005c0005027625 */
                                                                                     /* 0x000fe200078e0218 */
        /*00f0*/                   SHF.R.S32.HI R18, RZ, 0x3, R4 ;                   /* 0x00000003ff127819 */
                                                                                     /* 0x000fc40000011404 */
        /*0100*/                   SHF.R.S64 R17, R7, 0x3, R4 ;                      /* 0x0000000307117819 */
                                                                                     /* 0x000fc80000001004 */
        /*0110*/                   ISETP.GE.U32.AND P0, PT, R17, -0x80000000, PT ;   /* 0x800000001100780c */
                                                                                     /* 0x000fc80003f06070 */
        /*0120*/                   ISETP.GE.U32.AND.EX P0, PT, R18, RZ, PT, P0 ;     /* 0x000000ff1200720c */
                                                                                     /* 0x000fda0003f06100 */
        /*0130*/              @!P0 BRA 0x550 ;                                       /* 0x0000041000008947 */
                                                                                     /* 0x000fea0003800000 */
        /*0140*/                   SHF.R.U64 R14, R17, 0x1, R18.reuse ;              /* 0x00000001110e7819 */
                                                                                     /* 0x100fe20000001212 */
        /*0150*/                   LDG.E.64 R8, [R2.64] ;                            /* 0x0000000402087981 */
                                                                                     /* 0x000ea2000c1e1b00 */
        /*0160*/                   SHF.R.U32.HI R15, RZ, 0x1, R18 ;                  /* 0x00000001ff0f7819 */
                                                                                     /* 0x000fc60000011612 */
        /*0170*/                   IMAD.SHL.U32 R16, R14.reuse, 0x8, RZ ;            /* 0x000000080e107824 */
                                                                                     /* 0x040fe200078e00ff */
        /*0180*/                   SHF.L.U64.HI R6, R14, 0x3, R15 ;                  /* 0x000000030e067819 */
                                                                                     /* 0x000fc8000001020f */
        /*0190*/                   IADD3 R10, P0, R16, c[0x0][0x160], RZ ;           /* 0x00005800100a7a10 */
                                                                                     /* 0x000fc80007f1e0ff */
        /*01a0*/                   IADD3.X R11, R6, c[0x0][0x164], RZ, P0, !PT ;     /* 0x00005900060b7a10 */
                                                                                     /* 0x000fca00007fe4ff */
        /*01b0*/                   LDG.E.64 R12, [R10.64] ;                          /* 0x000000040a0c7981 */
                                                                                     /* 0x000ea2000c1e1b00 */
        /*01c0*/                   LOP3.LUT R19, RZ, R14, RZ, 0x33, !PT ;            /* 0x0000000eff137212 */
                                                                                     /* 0x000fe400078e33ff */
        /*01d0*/                   LOP3.LUT R20, RZ, R15, RZ, 0x33, !PT ;            /* 0x0000000fff147212 */
                                                                                     /* 0x000fe400078e33ff */
        /*01e0*/                   IADD3 R19, P1, R19, R17, RZ ;                     /* 0x0000001113137210 */
                                                                                     /* 0x000fca0007f3e0ff */
        /*01f0*/                   IMAD.X R20, R20, 0x1, R18, P1 ;                   /* 0x0000000114147824 */
                                                                                     /* 0x000fe200008e0612 */
        /*0200*/                   IADD3 R16, P2, R16, 0x8, RZ ;                     /* 0x0000000810107810 */
                                                                                     /* 0x000fc80007f5e0ff */
        /*0210*/                   IADD3 R16, P3, R16, c[0x0][0x160], RZ ;           /* 0x0000580010107a10 */
                                                                                     /* 0x000fe40007f7e0ff */
        /*0220*/                   IADD3 R17, P4, R10, 0x8, RZ ;                     /* 0x000000080a117810 */
                                                                                     /* 0x000fe40007f9e0ff */
        /*0230*/                   IADD3.X R6, RZ, c[0x0][0x164], R6, P3, P2 ;       /* 0x00005900ff067a10 */
                                                                                     /* 0x000fe20001fe4406 */
        /*0240*/                   BSSY B1, 0x540 ;                                  /* 0x000002f000017945 */
                                                                                     /* 0x000fe40003800000 */
        /*0250*/                   IMAD.X R18, RZ, RZ, R11, P4 ;                     /* 0x000000ffff127224 */
                                                                                     /* 0x000fe200020e060b */
        /*0260*/                   ISETP.GE.U32.AND P0, PT, R12, R8, PT ;            /* 0x000000080c00720c */
                                                                                     /* 0x004fc80003f06070 */
        /*0270*/                   ISETP.GE.U32.AND.EX P0, PT, R13, R9, PT, P0 ;     /* 0x000000090d00720c */
                                                                                     /* 0x000fc80003f06100 */
        /*0280*/                   SEL R19, R19, R14, !P0 ;                          /* 0x0000000e13137207 */
                                                                                     /* 0x000fe40004000000 */
        /*0290*/                   SEL R20, R20, R15, !P0 ;                          /* 0x0000000f14147207 */
                                                                                     /* 0x000fe40004000000 */
        /*02a0*/                   ISETP.NE.U32.AND P1, PT, R19, RZ, PT ;            /* 0x000000ff1300720c */
                                                                                     /* 0x000fc80003f25070 */
        /*02b0*/                   ISETP.NE.AND.EX P1, PT, R20, RZ, PT, P1 ;         /* 0x000000ff1400720c */
                                                                                     /* 0x000fe40003f25310 */
        /*02c0*/                   SEL R16, R16, c[0x0][0x160], !P0 ;                /* 0x0000580010107a07 */
                                                                                     /* 0x000fe40004000000 */
        /*02d0*/                   SEL R6, R6, c[0x0][0x164], !P0 ;                  /* 0x0000590006067a07 */
                                                                                     /* 0x000fe40004000000 */
        /*02e0*/                   SEL R17, R17, c[0x0][0x160], !P0 ;                /* 0x0000580011117a07 */
                                                                                     /* 0x000fe20004000000 */
        /*02f0*/                   IMAD.MOV.U32 R14, RZ, RZ, R16 ;                   /* 0x000000ffff0e7224 */
                                                                                     /* 0x000fe200078e0010 */
        /*0300*/                   SEL R18, R18, c[0x0][0x164], !P0 ;                /* 0x0000590012127a07 */
                                                                                     /* 0x000fe20004000000 */
        /*0310*/                   IMAD.MOV.U32 R15, RZ, RZ, R6 ;                    /* 0x000000ffff0f7224 */
                                                                                     /* 0x000fc800078e0006 */
        /*0320*/              @!P1 BRA 0x530 ;                                       /* 0x0000020000009947 */
                                                                                     /* 0x000fea0003800000 */
        /*0330*/                   SHF.R.U64 R26, R19, 0x1, R20.reuse ;              /* 0x00000001131a7819 */
                                                                                     /* 0x100fe40000001214 */
        /*0340*/                   SHF.R.U32.HI R27, RZ, 0x1, R20 ;                  /* 0x00000001ff1b7819 */
                                                                                     /* 0x000fc60000011614 */
        /*0350*/                   IMAD.SHL.U32 R24, R26.reuse, 0x8, RZ ;            /* 0x000000081a187824 */
                                                                                     /* 0x040fe200078e00ff */
        /*0360*/                   SHF.L.U64.HI R25, R26, 0x3, R27 ;                 /* 0x000000031a197819 */
                                                                                     /* 0x000fc8000001021b */
        /*0370*/                   IADD3 R10, P0, R17, R24, RZ ;                     /* 0x00000018110a7210 */
                                                                                     /* 0x000fca0007f1e0ff */
        /*0380*/                   IMAD.X R11, R18, 0x1, R25, P0 ;                   /* 0x00000001120b7824 */
                                                                                     /* 0x000fca00000e0619 */
        /*0390*/                   LDG.E.64 R12, [R10.64] ;                          /* 0x000000040a0c7981 */
                                                                                     /* 0x000ea2000c1e1b00 */
        /*03a0*/                   LOP3.LUT R22, RZ, R26, RZ, 0x33, !PT ;            /* 0x0000001aff167212 */
                                                                                     /* 0x000fe400078e33ff */
        /*03b0*/                   LOP3.LUT R21, RZ, R27, RZ, 0x33, !PT ;            /* 0x0000001bff157212 */
                                                                                     /* 0x000fe400078e33ff */
        /*03c0*/                   IADD3 R19, P3, R19, R22, RZ ;                     /* 0x0000001613137210 */
                                                                                     /* 0x000fe40007f7e0ff */
        /*03d0*/                   IADD3 R23, P1, R24, 0x8, RZ ;                     /* 0x0000000818177810 */
                                                                                     /* 0x000fc60007f3e0ff */
        /*03e0*/                   IMAD.X R20, R20, 0x1, R21, P3 ;                   /* 0x0000000114147824 */
                                                                                     /* 0x000fe200018e0615 */
        /*03f0*/                   ISETP.GE.U32.AND P0, PT, R12, R8, PT ;            /* 0x000000080c00720c */
                                                                                     /* 0x004fe20003f06070 */
        /*0400*/                   IMAD.X R12, RZ, RZ, R25, P1 ;                     /* 0x000000ffff0c7224 */
                                                                                     /* 0x000fc600008e0619 */
        /*0410*/                   ISETP.GE.U32.AND.EX P0, PT, R13, R9, PT, P0 ;     /* 0x000000090d00720c */
                                                                                     /* 0x000fe40003f06100 */
        /*0420*/                   IADD3 R13, P2, R16, R23, RZ ;                     /* 0x00000017100d7210 */
                                                                                     /* 0x000fe40007f5e0ff */
        /*0430*/                   SEL R19, R19, R26, !P0 ;                          /* 0x0000001a13137207 */
                                                                                     /* 0x000fe40004000000 */
        /*0440*/                   SEL R20, R20, R27, !P0 ;                          /* 0x0000001b14147207 */
                                                                                     /* 0x000fe20004000000 */
        /*0450*/                   IMAD.X R21, R6, 0x1, R12, P2 ;                    /* 0x0000000106157824 */
                                                                                     /* 0x000fe200010e060c */
        /*0460*/                   ISETP.NE.U32.AND P1, PT, R19, RZ, PT ;            /* 0x000000ff1300720c */
                                                                                     /* 0x000fe40003f25070 */
        /*0470*/                   SEL R16, R13, R16, !P0 ;                          /* 0x000000100d107207 */
                                                                                     /* 0x000fc40004000000 */
        /*0480*/                   ISETP.NE.AND.EX P1, PT, R20, RZ, PT, P1 ;         /* 0x000000ff1400720c */
                                                                                     /* 0x000fe40003f25310 */
        /*0490*/                   IADD3 R13, P3, R14, R23, RZ ;                     /* 0x000000170e0d7210 */
                                                                                     /* 0x000fe40007f7e0ff */
        /*04a0*/                   IADD3 R10, P2, R10, 0x8, RZ ;                     /* 0x000000080a0a7810 */
                                                                                     /* 0x000fe40007f5e0ff */
        /*04b0*/                   SEL R6, R21, R6, !P0 ;                            /* 0x0000000615067207 */
                                                                                     /* 0x000fe20004000000 */
        /*04c0*/                   IMAD.X R12, R15, 0x1, R12, P3 ;                   /* 0x000000010f0c7824 */
                                                                                     /* 0x000fe200018e060c */
        /*04d0*/                   SEL R14, R13, R14, !P0 ;                          /* 0x0000000e0d0e7207 */
                                                                                     /* 0x000fe20004000000 */
        /*04e0*/                   IMAD.X R11, RZ, RZ, R11, P2 ;                     /* 0x000000ffff0b7224 */
                                                                                     /* 0x000fe200010e060b */
        /*04f0*/                   SEL R17, R10, R17, !P0 ;                          /* 0x000000110a117207 */
                                                                                     /* 0x000fc40004000000 */
        /*0500*/                   SEL R15, R12, R15, !P0 ;                          /* 0x0000000f0c0f7207 */
                                                                                     /* 0x000fe40004000000 */
        /*0510*/                   SEL R18, R11, R18, !P0 ;                          /* 0x000000120b127207 */
                                                                                     /* 0x000fe20004000000 */
        /*0520*/               @P1 BRA 0x330 ;                                       /* 0xfffffe0000001947 */
                                                                                     /* 0x000fea000383ffff */
        /*0530*/                   BSYNC B1 ;                                        /* 0x0000000000017941 */
                                                                                     /* 0x000fea0003800000 */
        /*0540*/                   BRA 0x7b0 ;                                       /* 0x0000026000007947 */
                                                                                     /* 0x000fea0003800000 */
        /*0550*/                   ISETP.NE.AND P0, PT, R17, RZ, PT ;                /* 0x000000ff1100720c */
                                                                                     /* 0x000fe20003f05270 */
        /*0560*/                   IMAD.MOV.U32 R16, RZ, RZ, c[0x0][0x160] ;         /* 0x00005800ff107624 */
                                                                                     /* 0x000fe400078e00ff */
        /*0570*/                   IMAD.MOV.U32 R6, RZ, RZ, c[0x0][0x164] ;          /* 0x00005900ff067624 */
                                                                                     /* 0x000fe400078e00ff */
        /*0580*/                   IMAD.MOV.U32 R14, RZ, RZ, c[0x0][0x160] ;         /* 0x00005800ff0e7624 */
                                                                                     /* 0x000fe400078e00ff */
        /*0590*/                   IMAD.MOV.U32 R15, RZ, RZ, c[0x0][0x164] ;         /* 0x00005900ff0f7624 */
                                                                                     /* 0x000fcc00078e00ff */
        /*05a0*/              @!P0 BRA 0x7b0 ;                                       /* 0x0000020000008947 */
                                                                                     /* 0x000fea0003800000 */
        /*05b0*/                   LDG.E.64 R8, [R2.64] ;                            /* 0x0000000402087981 */
                                                                                     /* 0x000162000c1e1b00 */
        /*05c0*/                   IMAD.MOV.U32 R25, RZ, RZ, c[0x0][0x160] ;         /* 0x00005800ff197624 */
                                                                                     /* 0x000fe400078e00ff */
        /*05d0*/                   IMAD.MOV.U32 R22, RZ, RZ, c[0x0][0x164] ;         /* 0x00005900ff167624 */
                                                                                     /* 0x000fe400078e00ff */
        /*05e0*/                   IMAD.MOV.U32 R16, RZ, RZ, c[0x0][0x160] ;         /* 0x00005800ff107624 */
                                                                                     /* 0x000fe400078e00ff */
        /*05f0*/                   IMAD.MOV.U32 R6, RZ, RZ, c[0x0][0x164] ;          /* 0x00005900ff067624 */
                                                                                     /* 0x000fe400078e00ff */
        /*0600*/                   IMAD.MOV.U32 R14, RZ, RZ, c[0x0][0x160] ;         /* 0x00005800ff0e7624 */
                                                                                     /* 0x000fe400078e00ff */
        /*0610*/                   IMAD.MOV.U32 R15, RZ, RZ, c[0x0][0x164] ;         /* 0x00005900ff0f7624 */
                                                                                     /* 0x001fc400078e00ff */
        /*0620*/                   SHF.R.U32.HI R19, RZ, 0x1, R17 ;                  /* 0x00000001ff137819 */
                                                                                     /* 0x000fe20000011611 */
        /*0630*/                   IMAD.MOV.U32 R10, RZ, RZ, R25 ;                   /* 0x000000ffff0a7224 */
                                                                                     /* 0x000fc400078e0019 */
        /*0640*/                   IMAD.MOV.U32 R11, RZ, RZ, R22 ;                   /* 0x000000ffff0b7224 */
                                                                                     /* 0x000fc800078e0016 */
        /*0650*/                   IMAD.WIDE.U32 R10, R19, 0x8, R10 ;                /* 0x00000008130a7825 */
                                                                                     /* 0x000fca00078e000a */
        /*0660*/                   LDG.E.64 R12, [R10.64] ;                          /* 0x000000040a0c7981 */
                                                                                     /* 0x000ea2000c1e1b00 */
        /*0670*/                   LOP3.LUT R18, RZ, R19, RZ, 0x33, !PT ;            /* 0x00000013ff127212 */
                                                                                     /* 0x000fe400078e33ff */
        /*0680*/                   IADD3 R20, P3, R10, 0x8, RZ ;                     /* 0x000000080a147810 */
                                                                                     /* 0x000fe40007f7e0ff */
        /*0690*/                   ISETP.GE.U32.AND P0, PT, R12, R8, PT ;            /* 0x000000080c00720c */
                                                                                     /* 0x024fc80003f06070 */
        /*06a0*/                   ISETP.GE.U32.AND.EX P0, PT, R13, R9, PT, P0 ;     /* 0x000000090d00720c */
                                                                                     /* 0x000fe20003f06100 */
        /*06b0*/                   IMAD.WIDE.U32 R12, R19, R24, c[0x2][0x0] ;        /* 0x00800000130c7625 */
                                                                                     /* 0x000fc600078e0018 */
        /*06c0*/                   SEL R25, R20, R25, !P0 ;                          /* 0x0000001914197207 */
                                                                                     /* 0x000fe40004000000 */
        /*06d0*/                   IADD3 R23, P1, R12.reuse, R16, RZ ;               /* 0x000000100c177210 */
                                                                                     /* 0x040fe40007f3e0ff */
        /*06e0*/                   IADD3 R21, P2, R12, R14, RZ ;                     /* 0x0000000e0c157210 */
                                                                                     /* 0x000fe20007f5e0ff */
        /*06f0*/                   IMAD.X R12, RZ, RZ, R11, P3 ;                     /* 0x000000ffff0c7224 */
                                                                                     /* 0x000fe200018e060b */
        /*0700*/                   SEL R16, R23, R16, !P0 ;                          /* 0x0000001017107207 */
                                                                                     /* 0x000fe40004000000 */
        /*0710*/                   SEL R14, R21, R14, !P0 ;                          /* 0x0000000e150e7207 */
                                                                                     /* 0x000fe20004000000 */
        /*0720*/              @!P0 IMAD.IADD R19, R18, 0x1, R17 ;                    /* 0x0000000112138824 */
                                                                                     /* 0x000fe200078e0211 */
        /*0730*/                   SEL R22, R12, R22, !P0 ;                          /* 0x000000160c167207 */
                                                                                     /* 0x000fe20004000000 */
        /*0740*/                   IMAD.X R17, R13, 0x1, R6, P1 ;                    /* 0x000000010d117824 */
                                                                                     /* 0x000fc400008e0606 */
        /*0750*/                   IMAD.X R10, R13, 0x1, R15, P2 ;                   /* 0x000000010d0a7824 */
                                                                                     /* 0x000fe200010e060f */
        /*0760*/                   ISETP.NE.AND P1, PT, R19, RZ, PT ;                /* 0x000000ff1300720c */
                                                                                     /* 0x000fe40003f25270 */
        /*0770*/                   SEL R6, R17, R6, !P0 ;                            /* 0x0000000611067207 */
                                                                                     /* 0x000fe20004000000 */
        /*0780*/                   IMAD.MOV.U32 R17, RZ, RZ, R19 ;                   /* 0x000000ffff117224 */
                                                                                     /* 0x000fe200078e0013 */
        /*0790*/                   SEL R15, R10, R15, !P0 ;                          /* 0x0000000f0a0f7207 */
                                                                                     /* 0x000fd20004000000 */
        /*07a0*/               @P1 BRA 0x620 ;                                       /* 0xfffffe7000001947 */
                                                                                     /* 0x000fea000383ffff */
        /*07b0*/                   BSYNC B0 ;                                        /* 0x0000000000007941 */
                                                                                     /* 0x000fea0003800000 */
        /*07c0*/                   IADD3 R7, P0, R7, c[0x0][0x160], RZ ;             /* 0x0000580007077a10 */
                                                                                     /* 0x000fc80007f1e0ff */
        /*07d0*/                   ISETP.NE.U32.AND P1, PT, R16, R7, PT ;            /* 0x000000071000720c */
                                                                                     /* 0x000fe40003f25070 */
        /*07e0*/                   IADD3.X R7, R4, c[0x0][0x164], RZ, P0, !PT ;      /* 0x0000590004077a10 */
                                                                                     /* 0x000fc800007fe4ff */
        /*07f0*/                   ISETP.NE.AND.EX P1, PT, R6, R7, PT, P1 ;          /* 0x000000070600720c */
                                                                                     /* 0x000fda0003f25310 */
        /*0800*/               @P1 LDG.E.64 R2, [R2.64] ;                            /* 0x0000000402021981 */
                                                                                     /* 0x000ea8000c1e1b00 */
        /*0810*/               @P1 LDG.E.64 R6, [R14.64] ;                           /* 0x000000040e061981 */
                                                                                     /* 0x000ea2000c1e1b00 */
        /*0820*/                   LEA R4, P2, R5, c[0x0][0x180], 0x2 ;              /* 0x0000600005047a11 */
                                                                                     /* 0x000fe200078410ff */
        /*0830*/                   IMAD.MOV.U32 R9, RZ, RZ, RZ ;                     /* 0x000000ffff097224 */
                                                                                     /* 0x000fc600078e00ff */
        /*0840*/                   LEA.HI.X R5, R5, c[0x0][0x184], R0, 0x2, P2 ;     /* 0x0000610005057a11 */
                                                                                     /* 0x000fe400010f1400 */
        /*0850*/               @P1 ISETP.GE.U32.AND P0, PT, R2, R6, PT ;             /* 0x000000060200120c */
                                                                                     /* 0x004fc80003f06070 */
        /*0860*/               @P1 ISETP.GE.U32.AND.EX P0, PT, R3, R7, PT, P0 ;      /* 0x000000070300120c */
                                                                                     /* 0x000fc80003f06100 */
        /*0870*/               @P1 SEL R9, RZ, 0x1, !P0 ;                            /* 0x00000001ff091807 */
                                                                                     /* 0x000fca0004000000 */
        /*0880*/                   STG.E [R4.64], R9 ;                               /* 0x0000000904007986 */
                                                                                     /* 0x000fe2000c101904 */
        /*0890*/                   EXIT ;                                            /* 0x000000000000794d */
                                                                                     /* 0x000fea0003800000 */
        /*08a0*/                   BRA 0x8a0;                                        /* 0xfffffff000007947 */
                                                                                     /* 0x000fc0000383ffff */
        /*08b0*/                   NOP;                                              /* 0x0000000000007918 */
                                                                                     /* 0x000fc00000000000 */
        /*08c0*/                   NOP;                                              /* 0x0000000000007918 */
                                                                                     /* 0x000fc00000000000 */
        /*08d0*/                   NOP;                                              /* 0x0000000000007918 */
                                                                                     /* 0x000fc00000000000 */
        /*08e0*/                   NOP;                                              /* 0x0000000000007918 */
                                                                                     /* 0x000fc00000000000 */
        /*08f0*/                   NOP;                                              /* 0x0000000000007918 */
                                                                                     /* 0x000fc00000000000 */
        /*0900*/                   NOP;                                              /* 0x0000000000007918 */
                                                                                     /* 0x000fc00000000000 */
        /*0910*/                   NOP;                                              /* 0x0000000000007918 */
                                                                                     /* 0x000fc00000000000 */
        /*0920*/                   NOP;                                              /* 0x0000000000007918 */
                                                                                     /* 0x000fc00000000000 */
        /*0930*/                   NOP;                                              /* 0x0000000000007918 */
                                                                                     /* 0x000fc00000000000 */
        /*0940*/                   NOP;                                              /* 0x0000000000007918 */
                                                                                     /* 0x000fc00000000000 */
        /*0950*/                   NOP;                                              /* 0x0000000000007918 */
                                                                                     /* 0x000fc00000000000 */
        /*0960*/                   NOP;                                              /* 0x0000000000007918 */
                                                                                     /* 0x000fc00000000000 */
        /*0970*/                   NOP;                                              /* 0x0000000000007918 */
                                                                                     /* 0x000fc00000000000 */
		..........


		Function : search_cost_i64_greater
	.headerflags	@"EF_CUDA_SM89 EF_CUDA_VIRTUAL_SM(EF_CUDA_SM89)"
        /*0000*/                   IMAD.MOV.U32 R1, RZ, RZ, c[0x0][0x28] ;           /* 0x00000a00ff017624 */
                                                                                     /* 0x000fe400078e00ff */
        /*0010*/                   S2R R5, SR_CTAID.X ;                              /* 0x0000000000057919 */
                                                                                     /* 0x000e280000002500 */
        /*0020*/                   S2R R0, SR_TID.X ;                                /* 0x0000000000007919 */
                                                                                     /* 0x000e240000002100 */
        /*0030*/                   IMAD R5, R5, c[0x0][0x0], R0 ;                    /* 0x0000000005057a24 */
                                                                                     /* 0x001fca00078e0200 */
        /*0040*/                   ISETP.GE.AND P0, PT, R5, c[0x0][0x178], PT ;      /* 0x00005e0005007a0c */
                                                                                     /* 0x000fda0003f06270 */
        /*0050*/               @P0 EXIT ;                                            /* 0x000000000000094d */
                                                                                     /* 0x000fea0003800000 */
        /*0060*/                   IMAD.MOV.U32 R7, RZ, RZ, c[0x0][0x168] ;          /* 0x00005a00ff077624 */
                                                                                     /* 0x000fe200078e00ff */
        /*0070*/                   ULDC.64 UR4, c[0x0][0x118] ;                      /* 0x0000460000047ab9 */
                                                                                     /* 0x000fe20000000a00 */
        /*0080*/                   IMAD.MOV.U32 R4, RZ, RZ, 0x3 ;                    /* 0x00000003ff047424 */
                                                                                     /* 0x000fe200078e00ff */
        /*0090*/                   BSSY B0, 0x7c0 ;                                  /* 0x0000072000007945 */
                                                                                     /* 0x000fe20003800000 */
        /*00a0*/                   IMAD.MOV.U32 R24, RZ, RZ, 0x8 ;                   /* 0x00000008ff187424 */
                                                                                     /* 0x000fe200078e00ff */
        /*00b0*/                   SHF.R.S32.HI R0, RZ, 0x1f, R5 ;                   /* 0x0000001fff007819 */
                                                                                     /* 0x000fe40000011405 */
        /*00c0*/                   SHF.L.U64.HI R4, R7.reuse, R4, c[0x0][0x16c] ;    /* 0x00005b0007047619 */
                                                                                     /* 0x040fe20000010204 */
        /*00d0*/                   IMAD.SHL.U32 R7, R7, 0x8, RZ ;                    /* 0x0000000807077824 */
                                                                                     /* 0x000fe400078e00ff */
        /*00e0*/                   IMAD.WIDE R2, R5, R24, c[0x0][0x170] ;            /* 0x00005c0005027625 */
                                                                                     /* 0x000fe200078e0218 */
        /*00f0*/                   SHF.R.S32.HI R18, RZ, 0x3, R4 ;                   /* 0x00000003ff127819 */
                                                                                     /* 0x000fc40000011404 */
        /*0100*/                   SHF.R.S64 R17, R7, 0x3, R4 ;                      /* 0x0000000307117819 */
                                                                                     /* 0x000fc80000001004 */
        /*0110*/                   ISETP.GE.U32.AND P0, PT, R17, -0x80000000, PT ;   /* 0x800000001100780c */
                                                                                     /* 0x000fc80003f06070 */
        /*0120*/                   ISETP.GE.U32.AND.EX P0, PT, R18, RZ, PT, P0 ;     /* 0x000000ff1200720c */
                                                                                     /* 0x000fda0003f06100 */
        /*0130*/              @!P0 BRA 0x550 ;                                       /* 0x0000041000008947 */
                                                                                     /* 0x000fea0003800000 */
        /*0140*/                   SHF.R.U64 R14, R17, 0x1, R18.reuse ;              /* 0x00000001110e7819 */
                                                                                     /* 0x100fe20000001212 */
        /*0150*/                   LDG.E.64 R8, [R2.64] ;                            /* 0x0000000402087981 */
                                                                                     /* 0x000ea2000c1e1b00 */
        /*0160*/                   SHF.R.U32.HI R15, RZ, 0x1, R18 ;                  /* 0x00000001ff0f7819 */
                                                                                     /* 0x000fc60000011612 */
        /*0170*/                   IMAD.SHL.U32 R16, R14.reuse, 0x8, RZ ;            /* 0x000000080e107824 */
                                                                                     /* 0x040fe200078e00ff */
        /*0180*/                   SHF.L.U64.HI R6, R14, 0x3, R15 ;                  /* 0x000000030e067819 */
                                                                                     /* 0x000fc8000001020f */
        /*0190*/                   IADD3 R10, P0, R16, c[0x0][0x160], RZ ;           /* 0x00005800100a7a10 */
                                                                                     /* 0x000fc80007f1e0ff */
        /*01a0*/                   IADD3.X R11, R6, c[0x0][0x164], RZ, P0, !PT ;     /* 0x00005900060b7a10 */
                                                                                     /* 0x000fca00007fe4ff */
        /*01b0*/                   LDG.E.64 R12, [R10.64] ;                          /* 0x000000040a0c7981 */
                                                                                     /* 0x000ea2000c1e1b00 */
        /*01c0*/                   LOP3.LUT R19, RZ, R14, RZ, 0x33, !PT ;            /* 0x0000000eff137212 */
                                                                                     /* 0x000fe400078e33ff */
        /*01d0*/                   LOP3.LUT R20, RZ, R15, RZ, 0x33, !PT ;            /* 0x0000000fff147212 */
                                                                                     /* 0x000fe400078e33ff */
        /*01e0*/                   IADD3 R19, P1, R19, R17, RZ ;                     /* 0x0000001113137210 */
                                                                                     /* 0x000fca0007f3e0ff */
        /*01f0*/                   IMAD.X R20, R20, 0x1, R18, P1 ;                   /* 0x0000000114147824 */
                                                                                     /* 0x000fe200008e0612 */
        /*0200*/                   IADD3 R16, P2, R16, 0x8, RZ ;                     /* 0x0000000810107810 */
                                                                                     /* 0x000fc80007f5e0ff */
        /*0210*/                   IADD3 R16, P3, R16, c[0x0][0x160], RZ ;           /* 0x0000580010107a10 */
                                                                                     /* 0x000fe40007f7e0ff */
        /*0220*/                   IADD3 R17, P4, R10, 0x8, RZ ;                     /* 0x000000080a117810 */
                                                                                     /* 0x000fe40007f9e0ff */
        /*0230*/                   IADD3.X R6, RZ, c[0x0][0x164], R6, P3, P2 ;       /* 0x00005900ff067a10 */
                                                                                     /* 0x000fe20001fe4406 */
        /*0240*/                   BSSY B1, 0x540 ;                                  /* 0x000002f000017945 */
                                                                                     /* 0x000fe40003800000 */
        /*0250*/                   IMAD.X R18, RZ, RZ, R11, P4 ;                     /* 0x000000ffff127224 */
                                                                                     /* 0x000fe200020e060b */
        /*0260*/                   ISETP.GT.U32.AND P0, PT, R12, R8, PT ;            /* 0x000000080c00720c */
                                                                                     /* 0x004fc80003f04070 */
        /*0270*/                   ISETP.GT.AND.EX P0, PT, R13, R9, PT, P0 ;         /* 0x000000090d00720c */
                                                                                     /* 0x000fc80003f04300 */
        /*0280*/                   SEL R19, R19, R14, P0 ;                           /* 0x0000000e13137207 */
                                                                                     /* 0x000fe40000000000 */
        /*0290*/                   SEL R20, R20, R15, P0 ;                           /* 0x0000000f14147207 */
                                                                                     /* 0x000fe40000000000 */
        /*02a0*/                   ISETP.NE.U32.AND P1, PT, R19, RZ, PT ;            /* 0x000000ff1300720c */
                                                                                     /* 0x000fc80003f25070 */
        /*02b0*/                   ISETP.NE.AND.EX P1, PT, R20, RZ, PT, P1 ;         /* 0x000000ff1400720c */
                                                                                     /* 0x000fe40003f25310 */
        /*02c0*/                   SEL R16, R16, c[0x0][0x160], P0 ;                 /* 0x0000580010107a07 */
                                                                                     /* 0x000fe40000000000 */
        /*02d0*/                   SEL R6, R6, c[0x0][0x164], P0 ;                   /* 0x0000590006067a07 */
                                                                                     /* 0x000fe40000000000 */
        /*02e0*/                   SEL R17, R17, c[0x0][0x160], P0 ;                 /* 0x0000580011117a07 */
                                                                                     /* 0x000fe20000000000 */
        /*02f0*/                   IMAD.MOV.U32 R14, RZ, RZ, R16 ;                   /* 0x000000ffff0e7224 */
                                                                                     /* 0x000fe200078e0010 */
        /*0300*/                   SEL R18, R18, c[0x0][0x164], P0 ;                 /* 0x0000590012127a07 */
                                                                                     /* 0x000fe20000000000 */
        /*0310*/                   IMAD.MOV.U32 R15, RZ, RZ, R6 ;                    /* 0x000000ffff0f7224 */
                                                                                     /* 0x000fc800078e0006 */
        /*0320*/              @!P1 BRA 0x530 ;                                       /* 0x0000020000009947 */
                                                                                     /* 0x000fea0003800000 */
        /*0330*/                   SHF.R.U64 R26, R19, 0x1, R20.reuse ;              /* 0x00000001131a7819 */
                                                                                     /* 0x100fe40000001214 */
        /*0340*/                   SHF.R.U32.HI R27, RZ, 0x1, R20 ;                  /* 0x00000001ff1b7819 */
                                                                                     /* 0x000fc60000011614 */
        /*0350*/                   IMAD.SHL.U32 R24, R26.reuse, 0x8, RZ ;            /* 0x000000081a187824 */
                                                                                     /* 0x040fe200078e00ff */
        /*0360*/                   SHF.L.U64.HI R25, R26, 0x3, R27 ;                 /* 0x000000031a197819 */
                                                                                     /* 0x000fc8000001021b */
        /*0370*/                   IADD3 R10, P0, R17, R24, RZ ;                     /* 0x00000018110a7210 */
                                                                                     /* 0x000fca0007f1e0ff */
        /*0380*/                   IMAD.X R11, R18, 0x1, R25, P0 ;                   /* 0x00000001120b7824 */
                                                                                     /* 0x000fca00000e0619 */
        /*0390*/                   LDG.E.64 R12, [R10.64] ;                          /* 0x000000040a0c7981 */
                                                                                     /* 0x000ea2000c1e1b00 */
        /*03a0*/                   LOP3.LUT R22, RZ, R26, RZ, 0x33, !PT ;            /* 0x0000001aff167212 */
                                                                                     /* 0x000fe400078e33ff */
        /*03b0*/                   LOP3.LUT R21, RZ, R27, RZ, 0x33, !PT ;            /* 0x0000001bff157212 */
                                                                                     /* 0x000fe400078e33ff */
        /*03c0*/                   IADD3 R19, P3, R19, R22, RZ ;                     /* 0x0000001613137210 */
                                                                                     /* 0x000fe40007f7e0ff */
        /*03d0*/                   IADD3 R23, P1, R24, 0x8, RZ ;                     /* 0x0000000818177810 */
                                                                                     /* 0x000fc60007f3e0ff */
        /*03e0*/                   IMAD.X R20, R20, 0x1, R21, P3 ;                   /* 0x0000000114147824 */
                                                                                     /* 0x000fe200018e0615 */
        /*03f0*/                   ISETP.GT.U32.AND P0, PT, R12, R8, PT ;            /* 0x000000080c00720c */
                                                                                     /* 0x004fe20003f04070 */
        /*0400*/                   IMAD.X R12, RZ, RZ, R25, P1 ;                     /* 0x000000ffff0c7224 */
                                                                                     /* 0x000fc600008e0619 */
        /*0410*/                   ISETP.GT.AND.EX P0, PT, R13, R9, PT, P0 ;         /* 0x000000090d00720c */
                                                                                     /* 0x000fe40003f04300 */
        /*0420*/                   IADD3 R13, P2, R16, R23, RZ ;                     /* 0x00000017100d7210 */
                                                                                     /* 0x000fe40007f5e0ff */
        /*0430*/                   SEL R19, R19, R26, P0 ;                           /* 0x0000001a13137207 */
                                                                                     /* 0x000fe40000000000 */
        /*0440*/                   SEL R20, R20, R27, P0 ;                           /* 0x0000001b14147207 */
                                                                                     /* 0x000fe20000000000 */
        /*0450*/                   IMAD.X R21, R6, 0x1, R12, P2 ;                    /* 0x0000000106157824 */
                                                                                     /* 0x000fe200010e060c */
        /*0460*/                   ISETP.NE.U32.AND P1, PT, R19, RZ, PT ;            /* 0x000000ff1300720c */
                                                                                     /* 0x000fe40003f25070 */
        /*0470*/                   SEL R16, R13, R16, P0 ;                           /* 0x000000100d107207 */
                                                                                     /* 0x000fc40000000000 */
        /*0480*/                   ISETP.NE.AND.EX P1, PT, R20, RZ, PT, P1 ;         /* 0x000000ff1400720c */
                                                                                     /* 0x000fe40003f25310 */
        /*0490*/                   IADD3 R13, P3, R14, R23, RZ ;                     /* 0x000000170e0d7210 */
                                                                                     /* 0x000fe40007f7e0ff */
        /*04a0*/                   IADD3 R10, P2, R10, 0x8, RZ ;                     /* 0x000000080a0a7810 */
                                                                                     /* 0x000fe40007f5e0ff */
        /*04b0*/                   SEL R6, R21, R6, P0 ;                             /* 0x0000000615067207 */
                                                                                     /* 0x000fe20000000000 */
        /*04c0*/                   IMAD.X R12, R15, 0x1, R12, P3 ;                   /* 0x000000010f0c7824 */
                                                                                     /* 0x000fe200018e060c */
        /*04d0*/                   SEL R14, R13, R14, P0 ;                           /* 0x0000000e0d0e7207 */
                                                                                     /* 0x000fe20000000000 */
        /*04e0*/                   IMAD.X R11, RZ, RZ, R11, P2 ;                     /* 0x000000ffff0b7224 */
                                                                                     /* 0x000fe200010e060b */
        /*04f0*/                   SEL R17, R10, R17, P0 ;                           /* 0x000000110a117207 */
                                                                                     /* 0x000fc40000000000 */
        /*0500*/                   SEL R15, R12, R15, P0 ;                           /* 0x0000000f0c0f7207 */
                                                                                     /* 0x000fe40000000000 */
        /*0510*/                   SEL R18, R11, R18, P0 ;                           /* 0x000000120b127207 */
                                                                                     /* 0x000fe20000000000 */
        /*0520*/               @P1 BRA 0x330 ;                                       /* 0xfffffe0000001947 */
                                                                                     /* 0x000fea000383ffff */
        /*0530*/                   BSYNC B1 ;                                        /* 0x0000000000017941 */
                                                                                     /* 0x000fea0003800000 */
        /*0540*/                   BRA 0x7b0 ;                                       /* 0x0000026000007947 */
                                                                                     /* 0x000fea0003800000 */
        /*0550*/                   ISETP.NE.AND P0, PT, R17, RZ, PT ;                /* 0x000000ff1100720c */
                                                                                     /* 0x000fe20003f05270 */
        /*0560*/                   IMAD.MOV.U32 R16, RZ, RZ, c[0x0][0x160] ;         /* 0x00005800ff107624 */
                                                                                     /* 0x000fe400078e00ff */
        /*0570*/                   IMAD.MOV.U32 R6, RZ, RZ, c[0x0][0x164] ;          /* 0x00005900ff067624 */
                                                                                     /* 0x000fe400078e00ff */
        /*0580*/                   IMAD.MOV.U32 R14, RZ, RZ, c[0x0][0x160] ;         /* 0x00005800ff0e7624 */
                                                                                     /* 0x000fe400078e00ff */
        /*0590*/                   IMAD.MOV.U32 R15, RZ, RZ, c[0x0][0x164] ;         /* 0x00005900ff0f7624 */
                                                                                     /* 0x000fcc00078e00ff */
        /*05a0*/              @!P0 BRA 0x7b0 ;                                       /* 0x0000020000008947 */
                                                                                     /* 0x000fea0003800000 */
        /*05b0*/                   LDG.E.64 R8, [R2.64] ;                            /* 0x0000000402087981 */
                                                                                     /* 0x000162000c1e1b00 */
        /*05c0*/                   IMAD.MOV.U32 R25, RZ, RZ, c[0x0][0x160] ;         /* 0x00005800ff197624 */
                                                                                     /* 0x000fe400078e00ff */
        /*05d0*/                   IMAD.MOV.U32 R22, RZ, RZ, c[0x0][0x164] ;         /* 0x00005900ff167624 */
                                                                                     /* 0x000fe400078e00ff */
        /*05e0*/                   IMAD.MOV.U32 R16, RZ, RZ, c[0x0][0x160] ;         /* 0x00005800ff107624 */
                                                                                     /* 0x000fe400078e00ff */
        /*05f0*/                   IMAD.MOV.U32 R6, RZ, RZ, c[0x0][0x164] ;          /* 0x00005900ff067624 */
                                                                                     /* 0x000fe400078e00ff */
        /*0600*/                   IMAD.MOV.U32 R14, RZ, RZ, c[0x0][0x160] ;         /* 0x00005800ff0e7624 */
                                                                                     /* 0x000fe400078e00ff */
        /*0610*/                   IMAD.MOV.U32 R15, RZ, RZ, c[0x0][0x164] ;         /* 0x00005900ff0f7624 */
                                                                                     /* 0x001fc400078e00ff */
        /*0620*/                   SHF.R.U32.HI R19, RZ, 0x1, R17 ;                  /* 0x00000001ff137819 */
                                                                                     /* 0x000fe20000011611 */
        /*0630*/                   IMAD.MOV.U32 R10, RZ, RZ, R25 ;                   /* 0x000000ffff0a7224 */
                                                                                     /* 0x000fc400078e0019 */
        /*0640*/                   IMAD.MOV.U32 R11, RZ, RZ, R22 ;                   /* 0x000000ffff0b7224 */
                                                                                     /* 0x000fc800078e0016 */
        /*0650*/                   IMAD.WIDE.U32 R10, R19, 0x8, R10 ;                /* 0x00000008130a7825 */
                                                                                     /* 0x000fca00078e000a */
        /*0660*/                   LDG.E.64 R12, [R10.64] ;                          /* 0x000000040a0c7981 */
                                                                                     /* 0x000ea2000c1e1b00 */
        /*0670*/                   LOP3.LUT R18, RZ, R19, RZ, 0x33, !PT ;            /* 0x00000013ff127212 */
                                                                                     /* 0x000fe400078e33ff */
        /*0680*/                   IADD3 R20, P3, R10, 0x8, RZ ;                     /* 0x000000080a147810 */
                                                                                     /* 0x000fe40007f7e0ff */
        /*0690*/                   ISETP.GT.U32.AND P0, PT, R12, R8, PT ;            /* 0x000000080c00720c */
                                                                                     /* 0x024fc80003f04070 */
        /*06a0*/                   ISETP.GT.AND.EX P0, PT, R13, R9, PT, P0 ;         /* 0x000000090d00720c */
                                                                                     /* 0x000fe20003f04300 */
        /*06b0*/                   IMAD.WIDE.U32 R12, R19, R24, c[0x2][0x0] ;        /* 0x00800000130c7625 */
                                                                                     /* 0x000fc600078e0018 */
        /*06c0*/                   SEL R25, R20, R25, P0 ;                           /* 0x0000001914197207 */
                                                                                     /* 0x000fe40000000000 */
        /*06d0*/                   IADD3 R23, P1, R12.reuse, R16, RZ ;               /* 0x000000100c177210 */
                                                                                     /* 0x040fe40007f3e0ff */
        /*06e0*/                   IADD3 R21, P2, R12, R14, RZ ;                     /* 0x0000000e0c157210 */
                                                                                     /* 0x000fe20007f5e0ff */
        /*06f0*/                   IMAD.X R12, RZ, RZ, R11, P3 ;                     /* 0x000000ffff0c7224 */
                                                                                     /* 0x000fe200018e060b */
        /*0700*/                   SEL R16, R23, R16, P0 ;                           /* 0x0000001017107207 */
                                                                                     /* 0x000fe40000000000 */
        /*0710*/                   SEL R14, R21, R14, P0 ;                           /* 0x0000000e150e7207 */
                                                                                     /* 0x000fe20000000000 */
        /*0720*/               @P0 IMAD.IADD R19, R18, 0x1, R17 ;                    /* 0x0000000112130824 */
                                                                                     /* 0x000fe200078e0211 */
        /*0730*/                   SEL R22, R12, R22, P0 ;                           /* 0x000000160c167207 */
                                                                                     /* 0x000fe20000000000 */
        /*0740*/                   IMAD.X R17, R13, 0x1, R6, P1 ;                    /* 0x000000010d117824 */
                                                                                     /* 0x000fc400008e0606 */
        /*0750*/                   IMAD.X R10, R13, 0x1, R15, P2 ;                   /* 0x000000010d0a7824 */
                                                                                     /* 0x000fe200010e060f */
        /*0760*/                   ISETP.NE.AND P1, PT, R19, RZ, PT ;                /* 0x000000ff1300720c */
                                                                                     /* 0x000fe40003f25270 */
        /*0770*/                   SEL R6, R17, R6, P0 ;                             /* 0x0000000611067207 */
                                                                                     /* 0x000fe20000000000 */
        /*0780*/                   IMAD.MOV.U32 R17, RZ, RZ, R19 ;                   /* 0x000000ffff117224 */
                                                                                     /* 0x000fe200078e0013 */
        /*0790*/                   SEL R15, R10, R15, P0 ;                           /* 0x0000000f0a0f7207 */
                                                                                     /* 0x000fd20000000000 */
        /*07a0*/               @P1 BRA 0x620 ;                                       /* 0xfffffe7000001947 */
                                                                                     /* 0x000fea000383ffff */
        /*07b0*/                   BSYNC B0 ;                                        /* 0x0000000000007941 */
                                                                                     /* 0x000fea0003800000 */
        /*07c0*/                   IADD3 R7, P1, R7, c[0x0][0x160], RZ ;             /* 0x0000580007077a10 */
                                                                                     /* 0x000fc80007f3e0ff */
        /*07d0*/                   ISETP.NE.U32.AND P0, PT, R16, R7, PT ;            /* 0x000000071000720c */
                                                                                     /* 0x000fe40003f05070 */
        /*07e0*/                   IADD3.X R7, R4, c[0x0][0x164], RZ, P1, !PT ;      /* 0x0000590004077a10 */
                                                                                     /* 0x000fc80000ffe4ff */
        /*07f0*/                   ISETP.NE.AND.EX P0, PT, R6, R7, PT, P0 ;          /* 0x000000070600720c */
                                                                                     /* 0x000fda0003f05300 */
        /*0800*/               @P0 LDG.E.64 R2, [R2.64] ;                            /* 0x0000000402020981 */
                                                                                     /* 0x000ea8000c1e1b00 */
        /*0810*/               @P0 LDG.E.64 R6, [R14.64] ;                           /* 0x000000040e060981 */
                                                                                     /* 0x000ea2000c1e1b00 */
        /*0820*/                   LEA R4, P2, R5, c[0x0][0x180], 0x2 ;              /* 0x0000600005047a11 */
                                                                                     /* 0x000fe200078410ff */
        /*0830*/                   IMAD.MOV.U32 R9, RZ, RZ, RZ ;                     /* 0x000000ffff097224 */
                                                                                     /* 0x000fc600078e00ff */
        /*0840*/                   LEA.HI.X R5, R5, c[0x0][0x184], R0, 0x2, P2 ;     /* 0x0000610005057a11 */
                                                                                     /* 0x000fe400010f1400 */
        /*0850*/               @P0 ISETP.GT.U32.AND P1, PT, R2, R6, PT ;             /* 0x000000060200020c */
                                                                                     /* 0x004fc80003f24070 */
        /*0860*/               @P0 ISETP.GT.AND.EX P1, PT, R3, R7, PT, P1 ;          /* 0x000000070300020c */
                                                                                     /* 0x000fc80003f24310 */
        /*0870*/               @P0 SEL R9, RZ, 0x1, P1 ;                             /* 0x00000001ff090807 */
                                                                                     /* 0x000fca0000800000 */
        /*0880*/                   STG.E [R4.64], R9 ;                               /* 0x0000000904007986 */
                                                                                     /* 0x000fe2000c101904 */
        /*0890*/                   EXIT ;                                            /* 0x000000000000794d */
                                                                                     /* 0x000fea0003800000 */
        /*08a0*/                   BRA 0x8a0;                                        /* 0xfffffff000007947 */
                                                                                     /* 0x000fc0000383ffff */
        /*08b0*/                   NOP;                                              /* 0x0000000000007918 */
                                                                                     /* 0x000fc00000000000 */
        /*08c0*/                   NOP;                                              /* 0x0000000000007918 */
                                                                                     /* 0x000fc00000000000 */
        /*08d0*/                   NOP;                                              /* 0x0000000000007918 */
                                                                                     /* 0x000fc00000000000 */
        /*08e0*/                   NOP;                                              /* 0x0000000000007918 */
                                                                                     /* 0x000fc00000000000 */
        /*08f0*/                   NOP;                                              /* 0x0000000000007918 */
                                                                                     /* 0x000fc00000000000 */
        /*0900*/                   NOP;                                              /* 0x0000000000007918 */
                                                                                     /* 0x000fc00000000000 */
        /*0910*/                   NOP;                                              /* 0x0000000000007918 */
                                                                                     /* 0x000fc00000000000 */
        /*0920*/                   NOP;                                              /* 0x0000000000007918 */
                                                                                     /* 0x000fc00000000000 */
        /*0930*/                   NOP;                                              /* 0x0000000000007918 */
                                                                                     /* 0x000fc00000000000 */
        /*0940*/                   NOP;                                              /* 0x0000000000007918 */
                                                                                     /* 0x000fc00000000000 */
        /*0950*/                   NOP;                                              /* 0x0000000000007918 */
                                                                                     /* 0x000fc00000000000 */
        /*0960*/                   NOP;                                              /* 0x0000000000007918 */
                                                                                     /* 0x000fc00000000000 */
        /*0970*/                   NOP;                                              /* 0x0000000000007918 */
                                                                                     /* 0x000fc00000000000 */
		..........


		Function : search_cost_i64_less
	.headerflags	@"EF_CUDA_SM89 EF_CUDA_VIRTUAL_SM(EF_CUDA_SM89)"
        /*0000*/                   IMAD.MOV.U32 R1, RZ, RZ, c[0x0][0x28] ;           /* 0x00000a00ff017624 */
                                                                                     /* 0x000fe400078e00ff */
        /*0010*/                   S2R R5, SR_CTAID.X ;                              /* 0x0000000000057919 */
                                                                                     /* 0x000e280000002500 */
        /*0020*/                   S2R R0, SR_TID.X ;                                /* 0x0000000000007919 */
                                                                                     /* 0x000e240000002100 */
        /*0030*/                   IMAD R5, R5, c[0x0][0x0], R0 ;                    /* 0x0000000005057a24 */
                                                                                     /* 0x001fca00078e0200 */
        /*0040*/                   ISETP.GE.AND P0, PT, R5, c[0x0][0x178], PT ;      /* 0x00005e0005007a0c */
                                                                                     /* 0x000fda0003f06270 */
        /*0050*/               @P0 EXIT ;                                            /* 0x000000000000094d */
                                                                                     /* 0x000fea0003800000 */
        /*0060*/                   IMAD.MOV.U32 R7, RZ, RZ, c[0x0][0x168] ;          /* 0x00005a00ff077624 */
                                                                                     /* 0x000fe200078e00ff */
        /*0070*/                   ULDC.64 UR4, c[0x0][0x118] ;                      /* 0x0000460000047ab9 */
                                                                                     /* 0x000fe20000000a00 */
        /*0080*/                   IMAD.MOV.U32 R4, RZ, RZ, 0x3 ;                    /* 0x00000003ff047424 */
                                                                                     /* 0x000fe200078e00ff */
        /*0090*/                   BSSY B0, 0x7c0 ;                                  /* 0x0000072000007945 */
                                                                                     /* 0x000fe20003800000 */
        /*00a0*/                   IMAD.MOV.U32 R24, RZ, RZ, 0x8 ;                   /* 0x00000008ff187424 */
                                                                                     /* 0x000fe200078e00ff */
        /*00b0*/                   SHF.R.S32.HI R0, RZ, 0x1f, R5 ;                   /* 0x0000001fff007819 */
                                                                                     /* 0x000fe40000011405 */
        /*00c0*/                   SHF.L.U64.HI R4, R7.reuse, R4, c[0x0][0x16c] ;    /* 0x00005b0007047619 */
                                                                                     /* 0x040fe20000010204 */
        /*00d0*/                   IMAD.SHL.U32 R7, R7, 0x8, RZ ;                    /* 0x0000000807077824 */
                                                                                     /* 0x000fe400078e00ff */
        /*00e0*/                   IMAD.WIDE R2, R5, R24, c[0x0][0x170] ;            /* 0x00005c0005027625 */
                                                                                     /* 0x000fe200078e0218 */
        /*00f0*/                   SHF.R.S32.HI R18, RZ, 0x3, R4 ;                   /* 0x00000003ff127819 */
                                                                                     /* 0x000fc40000011404 */
        /*0100*/                   SHF.R.S64 R17, R7, 0x3, R4 ;                      /* 0x0000000307117819 */
                                                                                     /* 0x000fc80000001004 */
        /*0110*/                   ISETP.GE.U32.AND P0, PT, R17, -0x80000000, PT ;   /* 0x800000001100780c */
                                                                                     /* 0x000fc80003f06070 */
        /*0120*/                   ISETP.GE.U32.AND.EX P0, PT, R18, RZ, PT, P0 ;     /* 0x000000ff1200720c */
                                                                                     /* 0x000fda0003f06100 */
        /*0130*/              @!P0 BRA 0x550 ;                                       /* 0x0000041000008947 */
                                                                                     /* 0x000fea0003800000 */
        /*0140*/                   SHF.R.U64 R14, R17, 0x1, R18.reuse ;              /* 0x00000001110e7819 */
                                                                                     /* 0x100fe20000001212 */
        /*0150*/                   LDG.E.64 R8, [R2.64] ;                            /* 0x0000000402087981 */
                                                                                     /* 0x000ea2000c1e1b00 */
        /*0160*/                   SHF.R.U32.HI R15, RZ, 0x1, R18 ;                  /* 0x00000001ff0f7819 */
                                                                                     /* 0x000fc60000011612 */
        /*0170*/                   IMAD.SHL.U32 R16, R14.reuse, 0x8, RZ ;            /* 0x000000080e107824 */
                                                                                     /* 0x040fe200078e00ff */
        /*0180*/                   SHF.L.U64.HI R6, R14, 0x3, R15 ;                  /* 0x000000030e067819 */
                                                                                     /* 0x000fc8000001020f */
        /*0190*/                   IADD3 R10, P0, R16, c[0x0][0x160], RZ ;           /* 0x00005800100a7a10 */
                                                                                     /* 0x000fc80007f1e0ff */
        /*01a0*/                   IADD3.X R11, R6, c[0x0][0x164], RZ, P0, !PT ;     /* 0x00005900060b7a10 */
                                                                                     /* 0x000fca00007fe4ff */
        /*01b0*/                   LDG.E.64 R12, [R10.64] ;                          /* 0x000000040a0c7981 */
                                                                                     /* 0x000ea2000c1e1b00 */
        /*01c0*/                   LOP3.LUT R19, RZ, R14, RZ, 0x33, !PT ;            /* 0x0000000eff137212 */
                                                                                     /* 0x000fe400078e33ff */
        /*01d0*/                   LOP3.LUT R20, RZ, R15, RZ, 0x33, !PT ;            /* 0x0000000fff147212 */
                                                                                     /* 0x000fe400078e33ff */
        /*01e0*/                   IADD3 R19, P1, R19, R17, RZ ;                     /* 0x0000001113137210 */
                                                                                     /* 0x000fca0007f3e0ff */
        /*01f0*/                   IMAD.X R20, R20, 0x1, R18, P1 ;                   /* 0x0000000114147824 */
                                                                                     /* 0x000fe200008e0612 */
        /*0200*/                   IADD3 R16, P2, R16, 0x8, RZ ;                     /* 0x0000000810107810 */
                                                                                     /* 0x000fc80007f5e0ff */
        /*0210*/                   IADD3 R16, P3, R16, c[0x0][0x160], RZ ;           /* 0x0000580010107a10 */
                                                                                     /* 0x000fe40007f7e0ff */
        /*0220*/                   IADD3 R17, P4, R10, 0x8, RZ ;                     /* 0x000000080a117810 */
                                                                                     /* 0x000fe40007f9e0ff */
        /*0230*/                   IADD3.X R6, RZ, c[0x0][0x164], R6, P3, P2 ;       /* 0x00005900ff067a10 */
                                                                                     /* 0x000fe20001fe4406 */
        /*0240*/                   BSSY B1, 0x540 ;                                  /* 0x000002f000017945 */
                                                                                     /* 0x000fe40003800000 */
        /*0250*/                   IMAD.X R18, RZ, RZ, R11, P4 ;                     /* 0x000000ffff127224 */
                                                                                     /* 0x000fe200020e060b */
        /*0260*/                   ISETP.GE.U32.AND P0, PT, R12, R8, PT ;            /* 0x000000080c00720c */
                                                                                     /* 0x004fc80003f06070 */
        /*0270*/                   ISETP.GE.AND.EX P0, PT, R13, R9, PT, P0 ;         /* 0x000000090d00720c */
                                                                                     /* 0x000fc80003f06300 */
        /*0280*/                   SEL R19, R19, R14, !P0 ;                          /* 0x0000000e13137207 */
                                                                                     /* 0x000fe40004000000 */
        /*0290*/                   SEL R20, R20, R15, !P0 ;                          /* 0x0000000f14147207 */
                                                                                     /* 0x000fe40004000000 */
        /*02a0*/                   ISETP.NE.U32.AND P1, PT, R19, RZ, PT ;            /* 0x000000ff1300720c */
                                                                                     /* 0x000fc80003f25070 */
        /*02b0*/                   ISETP.NE.AND.EX P1, PT, R20, RZ, PT, P1 ;         /* 0x000000ff1400720c */
                                                                                     /* 0x000fe40003f25310 */
        /*02c0*/                   SEL R16, R16, c[0x0][0x160], !P0 ;                /* 0x0000580010107a07 */
                                                                                     /* 0x000fe40004000000 */
        /*02d0*/                   SEL R6, R6, c[0x0][0x164], !P0 ;                  /* 0x0000590006067a07 */
                                                                                     /* 0x000fe40004000000 */
        /*02e0*/                   SEL R17, R17, c[0x0][0x160], !P0 ;                /* 0x0000580011117a07 */
                                                                                     /* 0x000fe20004000000 */
        /*02f0*/                   IMAD.MOV.U32 R14, RZ, RZ, R16 ;                   /* 0x000000ffff0e7224 */
                                                                                     /* 0x000fe200078e0010 */
        /*0300*/                   SEL R18, R18, c[0x0][0x164], !P0 ;                /* 0x0000590012127a07 */
                                                                                     /* 0x000fe20004000000 */
        /*0310*/                   IMAD.MOV.U32 R15, RZ, RZ, R6 ;                    /* 0x000000ffff0f7224 */
                                                                                     /* 0x000fc800078e0006 */
        /*0320*/              @!P1 BRA 0x530 ;                                       /* 0x0000020000009947 */
                                                                                     /* 0x000fea0003800000 */
        /*0330*/                   SHF.R.U64 R26, R19, 0x1, R20.reuse ;              /* 0x00000001131a7819 */
                                                                                     /* 0x100fe40000001214 */
        /*0340*/                   SHF.R.U32.HI R27, RZ, 0x1, R20 ;                  /* 0x00000001ff1b7819 */
                                                                                     /* 0x000fc60000011614 */
        /*0350*/                   IMAD.SHL.U32 R24, R26.reuse, 0x8, RZ ;            /* 0x000000081a187824 */
                                                                                     /* 0x040fe200078e00ff */
        /*0360*/                   SHF.L.U64.HI R25, R26, 0x3, R27 ;                 /* 0x000000031a197819 */
                                                                                     /* 0x000fc8000001021b */
        /*0370*/                   IADD3 R10, P0, R17, R24, RZ ;                     /* 0x00000018110a7210 */
                                                                                     /* 0x000fca0007f1e0ff */
        /*0380*/                   IMAD.X R11, R18, 0x1, R25, P0 ;                   /* 0x00000001120b7824 */
                                                                                     /* 0x000fca00000e0619 */
        /*0390*/                   LDG.E.64 R12, [R10.64] ;                          /* 0x000000040a0c7981 */
                                                                                     /* 0x000ea2000c1e1b00 */
        /*03a0*/                   LOP3.LUT R22, RZ, R26, RZ, 0x33, !PT ;            /* 0x0000001aff167212 */
                                                                                     /* 0x000fe400078e33ff */
        /*03b0*/                   LOP3.LUT R21, RZ, R27, RZ, 0x33, !PT ;            /* 0x0000001bff157212 */
                                                                                     /* 0x000fe400078e33ff */
        /*03c0*/                   IADD3 R19, P3, R19, R22, RZ ;                     /* 0x0000001613137210 */
                                                                                     /* 0x000fe40007f7e0ff */
        /*03d0*/                   IADD3 R23, P1, R24, 0x8, RZ ;                     /* 0x0000000818177810 */
                                                                                     /* 0x000fc60007f3e0ff */
        /*03e0*/                   IMAD.X R20, R20, 0x1, R21, P3 ;                   /* 0x0000000114147824 */
                                                                                     /* 0x000fe200018e0615 */
        /*03f0*/                   ISETP.GE.U32.AND P0, PT, R12, R8, PT ;            /* 0x000000080c00720c */
                                                                                     /* 0x004fe20003f06070 */
        /*0400*/                   IMAD.X R12, RZ, RZ, R25, P1 ;                     /* 0x000000ffff0c7224 */
                                                                                     /* 0x000fc600008e0619 */
        /*0410*/                   ISETP.GE.AND.EX P0, PT, R13, R9, PT, P0 ;         /* 0x000000090d00720c */
                                                                                     /* 0x000fe40003f06300 */
        /*0420*/                   IADD3 R13, P2, R16, R23, RZ ;                     /* 0x00000017100d7210 */
                                                                                     /* 0x000fe40007f5e0ff */
        /*0430*/                   SEL R19, R19, R26, !P0 ;                          /* 0x0000001a13137207 */
                                                                                     /* 0x000fe40004000000 */
        /*0440*/                   SEL R20, R20, R27, !P0 ;                          /* 0x0000001b14147207 */
                                                                                     /* 0x000fe20004000000 */
        /*0450*/                   IMAD.X R21, R6, 0x1, R12, P2 ;                    /* 0x0000000106157824 */
                                                                                     /* 0x000fe200010e060c */
        /*0460*/                   ISETP.NE.U32.AND P1, PT, R19, RZ, PT ;            /* 0x000000ff1300720c */
                                                                                     /* 0x000fe40003f25070 */
        /*0470*/                   SEL R16, R13, R16, !P0 ;                          /* 0x000000100d107207 */
                                                                                     /* 0x000fc40004000000 */
        /*0480*/                   ISETP.NE.AND.EX P1, PT, R20, RZ, PT, P1 ;         /* 0x000000ff1400720c */
                                                                                     /* 0x000fe40003f25310 */
        /*0490*/                   IADD3 R13, P3, R14, R23, RZ ;                     /* 0x000000170e0d7210 */
                                                                                     /* 0x000fe40007f7e0ff */
        /*04a0*/                   IADD3 R10, P2, R10, 0x8, RZ ;                     /* 0x000000080a0a7810 */
                                                                                     /* 0x000fe40007f5e0ff */
        /*04b0*/                   SEL R6, R21, R6, !P0 ;                            /* 0x0000000615067207 */
                                                                                     /* 0x000fe20004000000 */
        /*04c0*/                   IMAD.X R12, R15, 0x1, R12, P3 ;                   /* 0x000000010f0c7824 */
                                                                                     /* 0x000fe200018e060c */
        /*04d0*/                   SEL R14, R13, R14, !P0 ;                          /* 0x0000000e0d0e7207 */
                                                                                     /* 0x000fe20004000000 */
        /*04e0*/                   IMAD.X R11, RZ, RZ, R11, P2 ;                     /* 0x000000ffff0b7224 */
                                                                                     /* 0x000fe200010e060b */
        /*04f0*/                   SEL R17, R10, R17, !P0 ;                          /* 0x000000110a117207 */
                                                                                     /* 0x000fc40004000000 */
        /*0500*/                   SEL R15, R12, R15, !P0 ;                          /* 0x0000000f0c0f7207 */
                                                                                     /* 0x000fe40004000000 */
        /*0510*/                   SEL R18, R11, R18, !P0 ;                          /* 0x000000120b127207 */
                                                                                     /* 0x000fe20004000000 */
        /*0520*/               @P1 BRA 0x330 ;                                       /* 0xfffffe0000001947 */
                                                                                     /* 0x000fea000383ffff */
        /*0530*/                   BSYNC B1 ;                                        /* 0x0000000000017941 */
                                                                                     /* 0x000fea0003800000 */
        /*0540*/                   BRA 0x7b0 ;                                       /* 0x0000026000007947 */
                                                                                     /* 0x000fea0003800000 */
        /*0550*/                   ISETP.NE.AND P0, PT, R17, RZ, PT ;                /* 0x000000ff1100720c */
                                                                                     /* 0x000fe20003f05270 */
        /*0560*/                   IMAD.MOV.U32 R16, RZ, RZ, c[0x0][0x160] ;         /* 0x00005800ff107624 */
                                                                                     /* 0x000fe400078e00ff */
        /*0570*/                   IMAD.MOV.U32 R6, RZ, RZ, c[0x0][0x164] ;          /* 0x00005900ff067624 */
                                                                                     /* 0x000fe400078e00ff */
        /*0580*/                   IMAD.MOV.U32 R14, RZ, RZ, c[0x0][0x160] ;         /* 0x00005800ff0e7624 */
                                                                                     /* 0x000fe400078e00ff */
        /*0590*/                   IMAD.MOV.U32 R15, RZ, RZ, c[0x0][0x164] ;         /* 0x00005900ff0f7624 */
                                                                                     /* 0x000fcc00078e00ff */
        /*05a0*/              @!P0 BRA 0x7b0 ;                                       /* 0x0000020000008947 */
                                                                                     /* 0x000fea0003800000 */
        /*05b0*/                   LDG.E.64 R8, [R2.64] ;                            /* 0x0000000402087981 */
                                                                                     /* 0x000162000c1e1b00 */
        /*05c0*/                   IMAD.MOV.U32 R25, RZ, RZ, c[0x0][0x160] ;         /* 0x00005800ff197624 */
                                                                                     /* 0x000fe400078e00ff */
        /*05d0*/                   IMAD.MOV.U32 R22, RZ, RZ, c[0x0][0x164] ;         /* 0x00005900ff167624 */
                                                                                     /* 0x000fe400078e00ff */
        /*05e0*/                   IMAD.MOV.U32 R16, RZ, RZ, c[0x0][0x160] ;         /* 0x00005800ff107624 */
                                                                                     /* 0x000fe400078e00ff */
        /*05f0*/                   IMAD.MOV.U32 R6, RZ, RZ, c[0x0][0x164] ;          /* 0x00005900ff067624 */
                                                                                     /* 0x000fe400078e00ff */
        /*0600*/                   IMAD.MOV.U32 R14, RZ, RZ, c[0x0][0x160] ;         /* 0x00005800ff0e7624 */
                                                                                     /* 0x000fe400078e00ff */
        /*0610*/                   IMAD.MOV.U32 R15, RZ, RZ, c[0x0][0x164] ;         /* 0x00005900ff0f7624 */
                                                                                     /* 0x001fc400078e00ff */
        /*0620*/                   SHF.R.U32.HI R19, RZ, 0x1, R17 ;                  /* 0x00000001ff137819 */
                                                                                     /* 0x000fe20000011611 */
        /*0630*/                   IMAD.MOV.U32 R10, RZ, RZ, R25 ;                   /* 0x000000ffff0a7224 */
                                                                                     /* 0x000fc400078e0019 */
        /*0640*/                   IMAD.MOV.U32 R11, RZ, RZ, R22 ;                   /* 0x000000ffff0b7224 */
                                                                                     /* 0x000fc800078e0016 */
        /*0650*/                   IMAD.WIDE.U32 R10, R19, 0x8, R10 ;                /* 0x00000008130a7825 */
                                                                                     /* 0x000fca00078e000a */
        /*0660*/                   LDG.E.64 R12, [R10.64] ;                          /* 0x000000040a0c7981 */
                                                                                     /* 0x000ea2000c1e1b00 */
        /*0670*/                   LOP3.LUT R18, RZ, R19, RZ, 0x33, !PT ;            /* 0x00000013ff127212 */
                                                                                     /* 0x000fe400078e33ff */
        /*0680*/                   IADD3 R20, P3, R10, 0x8, RZ ;                     /* 0x000000080a147810 */
                                                                                     /* 0x000fe40007f7e0ff */
        /*0690*/                   ISETP.GE.U32.AND P0, PT, R12, R8, PT ;            /* 0x000000080c00720c */
                                                                                     /* 0x024fc80003f06070 */
        /*06a0*/                   ISETP.GE.AND.EX P0, PT, R13, R9, PT, P0 ;         /* 0x000000090d00720c */
                                                                                     /* 0x000fe20003f06300 */
        /*06b0*/                   IMAD.WIDE.U32 R12, R19, R24, c[0x2][0x0] ;        /* 0x00800000130c7625 */
                                                                                     /* 0x000fc600078e0018 */
        /*06c0*/                   SEL R25, R20, R25, !P0 ;                          /* 0x0000001914197207 */
                                                                                     /* 0x000fe40004000000 */
        /*06d0*/                   IADD3 R23, P1, R12.reuse, R16, RZ ;               /* 0x000000100c177210 */
                                                                                     /* 0x040fe40007f3e0ff */
        /*06e0*/                   IADD3 R21, P2, R12, R14, RZ ;                     /* 0x0000000e0c157210 */
                                                                                     /* 0x000fe20007f5e0ff */
        /*06f0*/                   IMAD.X R12, RZ, RZ, R11, P3 ;                     /* 0x000000ffff0c7224 */
                                                                                     /* 0x000fe200018e060b */
        /*0700*/                   SEL R16, R23, R16, !P0 ;                          /* 0x0000001017107207 */
                                                                                     /* 0x000fe40004000000 */
        /*0710*/                   SEL R14, R21, R14, !P0 ;                          /* 0x0000000e150e7207 */
                                                                                     /* 0x000fe20004000000 */
        /*0720*/              @!P0 IMAD.IADD R19, R18, 0x1, R17 ;                    /* 0x0000000112138824 */
                                                                                     /* 0x000fe200078e0211 */
        /*0730*/                   SEL R22, R12, R22, !P0 ;                          /* 0x000000160c167207 */
                                                                                     /* 0x000fe20004000000 */
        /*0740*/                   IMAD.X R17, R13, 0x1, R6, P1 ;                    /* 0x000000010d117824 */
                                                                                     /* 0x000fc400008e0606 */
        /*0750*/                   IMAD.X R10, R13, 0x1, R15, P2 ;                   /* 0x000000010d0a7824 */
                                                                                     /* 0x000fe200010e060f */
        /*0760*/                   ISETP.NE.AND P1, PT, R19, RZ, PT ;                /* 0x000000ff1300720c */
                                                                                     /* 0x000fe40003f25270 */
        /*0770*/                   SEL R6, R17, R6, !P0 ;                            /* 0x0000000611067207 */
                                                                                     /* 0x000fe20004000000 */
        /*0780*/                   IMAD.MOV.U32 R17, RZ, RZ, R19 ;                   /* 0x000000ffff117224 */
                                                                                     /* 0x000fe200078e0013 */
        /*0790*/                   SEL R15, R10, R15, !P0 ;                          /* 0x0000000f0a0f7207 */
                                                                                     /* 0x000fd20004000000 */
        /*07a0*/               @P1 BRA 0x620 ;                                       /* 0xfffffe7000001947 */
                                                                                     /* 0x000fea000383ffff */
        /*07b0*/                   BSYNC B0 ;                                        /* 0x0000000000007941 */
                                                                                     /* 0x000fea0003800000 */
        /*07c0*/                   IADD3 R7, P0, R7, c[0x0][0x160], RZ ;             /* 0x0000580007077a10 */
                                                                                     /* 0x000fc80007f1e0ff */
        /*07d0*/                   ISETP.NE.U32.AND P1, PT, R16, R7, PT ;            /* 0x000000071000720c */
                                                                                     /* 0x000fe40003f25070 */
        /*07e0*/                   IADD3.X R7, R4, c[0x0][0x164], RZ, P0, !PT ;      /* 0x0000590004077a10 */
                                                                                     /* 0x000fc800007fe4ff */
        /*07f0*/                   ISETP.NE.AND.EX P1, PT, R6, R7, PT, P1 ;          /* 0x000000070600720c */
                                                                                     /* 0x000fda0003f25310 */
        /*0800*/               @P1 LDG.E.64 R2, [R2.64] ;                            /* 0x0000000402021981 */
                                                                                     /* 0x000ea8000c1e1b00 */
        /*0810*/               @P1 LDG.E.64 R6, [R14.64] ;                           /* 0x000000040e061981 */
                                                                                     /* 0x000ea2000c1e1b00 */
        /*0820*/                   LEA R4, P2, R5, c[0x0][0x180], 0x2 ;              /* 0x0000600005047a11 */
                                                                                     /* 0x000fe200078410ff */
        /*0830*/                   IMAD.MOV.U32 R9, RZ, RZ, RZ ;                     /* 0x000000ffff097224 */
                                                                                     /* 0x000fc600078e00ff */
        /*0840*/                   LEA.HI.X R5, R5, c[0x0][0x184], R0, 0x2, P2 ;     /* 0x0000610005057a11 */
                                                                                     /* 0x000fe400010f1400 */
        /*0850*/               @P1 ISETP.GE.U32.AND P0, PT, R2, R6, PT ;             /* 0x000000060200120c */
                                                                                     /* 0x004fc80003f06070 */
        /*0860*/               @P1 ISETP.GE.AND.EX P0, PT, R3, R7, PT, P0 ;          /* 0x000000070300120c */
                                                                                     /* 0x000fc80003f06300 */
        /*0870*/               @P1 SEL R9, RZ, 0x1, !P0 ;                            /* 0x00000001ff091807 */
                                                                                     /* 0x000fca0004000000 */
        /*0880*/                   STG.E [R4.64], R9 ;                               /* 0x0000000904007986 */
                                                                                     /* 0x000fe2000c101904 */
        /*0890*/                   EXIT ;                                            /* 0x000000000000794d */
                                                                                     /* 0x000fea0003800000 */
        /*08a0*/                   BRA 0x8a0;                                        /* 0xfffffff000007947 */
                                                                                     /* 0x000fc0000383ffff */
        /*08b0*/                   NOP;                                              /* 0x0000000000007918 */
                                                                                     /* 0x000fc00000000000 */
        /*08c0*/                   NOP;                                              /* 0x0000000000007918 */
                                                                                     /* 0x000fc00000000000 */
        /*08d0*/                   NOP;                                              /* 0x0000000000007918 */
                                                                                     /* 0x000fc00000000000 */
        /*08e0*/                   NOP;                                              /* 0x0000000000007918 */
                                                                                     /* 0x000fc00000000000 */
        /*08f0*/                   NOP;                                              /* 0x0000000000007918 */
                                                                                     /* 0x000fc00000000000 */
        /*0900*/                   NOP;                                              /* 0x0000000000007918 */
                                                                                     /* 0x000fc00000000000 */
        /*0910*/                   NOP;                                              /* 0x0000000000007918 */
                                                                                     /* 0x000fc00000000000 */
        /*0920*/                   NOP;                                              /* 0x0000000000007918 */
                                                                                     /* 0x000fc00000000000 */
        /*0930*/                   NOP;                                              /* 0x0000000000007918 */
                                                                                     /* 0x000fc00000000000 */
        /*0940*/                   NOP;                                              /* 0x0000000000007918 */
                                                                                     /* 0x000fc00000000000 */
        /*0950*/                   NOP;                                              /* 0x0000000000007918 */
                                                                                     /* 0x000fc00000000000 */
        /*0960*/                   NOP;                                              /* 0x0000000000007918 */
                                                                                     /* 0x000fc00000000000 */
        /*0970*/                   NOP;                                              /* 0x0000000000007918 */
                                                                                     /* 0x000fc00000000000 */
		..........


		Function : search_cost_u32_greater
	.headerflags	@"EF_CUDA_SM89 EF_CUDA_VIRTUAL_SM(EF_CUDA_SM89)"
        /*0000*/                   IMAD.MOV.U32 R1, RZ, RZ, c[0x0][0x28] ;           /* 0x00000a00ff017624 */
                                                                                     /* 0x000fe400078e00ff */
        /*0010*/                   S2R R0, SR_CTAID.X ;                              /* 0x0000000000007919 */
                                                                                     /* 0x000e280000002500 */
        /*0020*/                   S2R R3, SR_TID.X ;                                /* 0x0000000000037919 */
                                                                                     /* 0x000e240000002100 */
        /*0030*/                   IMAD R0, R0, c[0x0][0x0], R3 ;                    /* 0x0000000000007a24 */
                                                                                     /* 0x001fca00078e0203 */
        /*0040*/                   ISETP.GE.AND P0, PT, R0, c[0x0][0x178], PT ;      /* 0x00005e0000007a0c */
                                                                                     /* 0x000fda0003f06270 */
        /*0050*/               @P0 EXIT ;                                            /* 0x000000000000094d */
                                                                                     /* 0x000fea0003800000 */
        /*0060*/                   IMAD.MOV.U32 R9, RZ, RZ, c[0x0][0x168] ;          /* 0x00005a00ff097624 */
                                                                                     /* 0x000fe200078e00ff */
        /*0070*/                   ULDC.64 UR4, c[0x0][0x118] ;                      /* 0x0000460000047ab9 */
                                                                                     /* 0x000fe20000000a00 */
        /*0080*/                   IMAD.MOV.U32 R4, RZ, RZ, 0x2 ;                    /* 0x00000002ff047424 */
                                                                                     /* 0x000fe200078e00ff */
        /*0090*/                   BSSY B0, 0x7c0 ;                                  /* 0x0000072000007945 */
                                                                                     /* 0x000fe20003800000 */
        /*00a0*/                   IMAD.MOV.U32 R22, RZ, RZ, 0x4 ;                   /* 0x00000004ff167424 */
                                                                                     /* 0x000fe200078e00ff */
        /*00b0*/                   SHF.R.S32.HI R5, RZ, 0x1f, R0 ;                   /* 0x0000001fff057819 */
                                                                                     /* 0x000fe40000011400 */
        /*00c0*/                   SHF.L.U64.HI R4, R9.reuse, R4, c[0x0][0x16c] ;    /* 0x00005b0009047619 */
                                                                                     /* 0x040fe20000010204 */
        /*00d0*/                   IMAD.SHL.U32 R9, R9, 0x4, RZ ;                    /* 0x0000000409097824 */
                                                                                     /* 0x000fe400078e00ff */
        /*00e0*/                   IMAD.WIDE R2, R0, R22, c[0x0][0x170] ;            /* 0x00005c0000027625 */
                                                                                     /* 0x000fe200078e0216 */
        /*00f0*/                   SHF.R.S32.HI R17, RZ, 0x2, R4 ;                   /* 0x00000002ff117819 */
                                                                                     /* 0x000fc40000011404 */
        /*0100*/                   SHF.R.S64 R18, R9, 0x2, R4 ;                      /* 0x0000000209127819 */
                                                                                     /* 0x000fc80000001004 */
        /*0110*/                   ISETP.GE.U32.AND P0, PT, R18, -0x80000000, PT ;   /* 0x800000001200780c */
                                                                                     /* 0x000fc80003f06070 */
        /*0120*/                   ISETP.GE.U32.AND.EX P0, PT, R17, RZ, PT, P0 ;     /* 0x000000ff1100720c */
                                                                                     /* 0x000fda0003f06100 */
        /*0130*/              @!P0 BRA 0x550 ;                                       /* 0x0000041000008947 */
                                                                                     /* 0x000fea0003800000 */
        /*0140*/                   SHF.R.U64 R14, R18, 0x1, R17.reuse ;              /* 0x00000001120e7819 */
                                                                                     /* 0x100fe20000001211 */
        /*0150*/                   LDG.E R13, [R2.64] ;                              /* 0x00000004020d7981 */
                                                                                     /* 0x000ea2000c1e1900 */
        /*0160*/                   SHF.R.U32.HI R11, RZ, 0x1, R17 ;                  /* 0x00000001ff0b7819 */
                                                                                     /* 0x000fc60000011611 */
        /*0170*/                   IMAD.SHL.U32 R10, R14.reuse, 0x4, RZ ;            /* 0x000000040e0a7824 */
                                                                                     /* 0x040fe200078e00ff */
        /*0180*/                   SHF.L.U64.HI R12, R14, 0x2, R11 ;                 /* 0x000000020e0c7819 */
                                                                                     /* 0x000fc8000001020b */
        /*0190*/                   IADD3 R6, P0, R10, c[0x0][0x160], RZ ;            /* 0x000058000a067a10 */
                                                                                     /* 0x000fc80007f1e0ff */
        /*01a0*/                   IADD3.X R7, R12, c[0x0][0x164], RZ, P0, !PT ;     /* 0x000059000c077a10 */
                                                                                     /* 0x000fca00007fe4ff */
        /*01b0*/                   LDG.E R8, [R6.64] ;                               /* 0x0000000406087981 */
                                                                                     /* 0x000ea2000c1e1900 */
        /*01c0*/                   LOP3.LUT R15, RZ, R14, RZ, 0x33, !PT ;            /* 0x0000000eff0f7212 */
                                                                                     /* 0x000fe400078e33ff */
        /*01d0*/                   LOP3.LUT R16, RZ, R11, RZ, 0x33, !PT ;            /* 0x0000000bff107212 */
                                                                                     /* 0x000fe400078e33ff */
        /*01e0*/                   IADD3 R15, P0, R15, R18, RZ ;                     /* 0x000000120f0f7210 */
                                                                                     /* 0x000fca0007f1e0ff */
        /*01f0*/                   IMAD.X R16, R16, 0x1, R17, P0 ;                   /* 0x0000000110107824 */
                                                                                     /* 0x000fe200000e0611 */
        /*0200*/                   BSSY B1, 0x540 ;                                  /* 0x0000033000017945 */
                                                                                     /* 0x000fe20003800000 */
        /*0210*/                   ISETP.GT.U32.AND P1, PT, R8, R13, PT ;            /* 0x0000000d0800720c */
                                                                                     /* 0x004fc80003f24070 */
        /*0220*/                   SEL R15, R15, R14, P1 ;                           /* 0x0000000e0f0f7207 */
                                                                                     /* 0x000fe40000800000 */
        /*0230*/                   SEL R16, R16, R11, P1 ;                           /* 0x0000000b10107207 */
                                                                                     /* 0x000fe40000800000 */
        /*0240*/                   ISETP.NE.U32.AND P0, PT, R15, RZ, PT ;            /* 0x000000ff0f00720c */
                                                                                     /* 0x000fe40003f05070 */
        /*0250*/                   IADD3 R8, P2, R10, 0x4, RZ ;                      /* 0x000000040a087810 */
                                                                                     /* 0x000fe40007f5e0ff */
        /*0260*/                   ISETP.NE.AND.EX P0, PT, R16, RZ, PT, P0 ;         /* 0x000000ff1000720c */
                                                                                     /* 0x000fe40003f05300 */
        /*0270*/                   IADD3 R8, P3, R8, c[0x0][0x160], RZ ;             /* 0x0000580008087a10 */
                                                                                     /* 0x000fc40007f7e0ff */
        /*0280*/                   IADD3 R10, P4, R6, 0x4, RZ ;                      /* 0x00000004060a7810 */
                                                                                     /* 0x000fe40007f9e0ff */
        /*0290*/                   IADD3.X R12, RZ, c[0x0][0x164], R12, P3, P2 ;     /* 0x00005900ff0c7a10 */
                                                                                     /* 0x000fe40001fe440c */
        /*02a0*/                   SEL R8, R8, c[0x0][0x160], P1 ;                   /* 0x0000580008087a07 */
                                                                                     /* 0x000fe20000800000 */
        /*02b0*/                   IMAD.X R7, RZ, RZ, R7, P4 ;                       /* 0x000000ffff077224 */
                                                                                     /* 0x000fe200020e0607 */
        /*02c0*/                   SEL R12, R12, c[0x0][0x164], P1 ;                 /* 0x000059000c0c7a07 */
                                                                                     /* 0x000fe40000800000 */
        /*02d0*/                   SEL R6, R10, c[0x0][0x160], P1 ;                  /* 0x000058000a067a07 */
                                                                                     /* 0x000fe20000800000 */
        /*02e0*/                   IMAD.MOV.U32 R10, RZ, RZ, R8 ;                    /* 0x000000ffff0a7224 */
                                                                                     /* 0x000fe200078e0008 */
        /*02f0*/                   SEL R7, R7, c[0x0][0x164], P1 ;                   /* 0x0000590007077a07 */
                                                                                     /* 0x000fe20000800000 */
        /*0300*/                   IMAD.MOV.U32 R11, RZ, RZ, R12 ;                   /* 0x000000ffff0b7224 */
                                                                                     /* 0x000fe200078e000c */
        /*0310*/              @!P0 BRA 0x530 ;                                       /* 0x0000021000008947 */
                                                                                     /* 0x000fea0003800000 */
        /*0320*/                   IMAD.MOV.U32 R24, RZ, RZ, R6 ;                    /* 0x000000ffff187224 */
                                                                                     /* 0x000fe400078e0006 */
        /*0330*/                   IMAD.MOV.U32 R25, RZ, RZ, R7 ;                    /* 0x000000ffff197224 */
                                                                                     /* 0x000fc400078e0007 */
        /*0340*/                   SHF.R.U64 R22, R15, 0x1, R16.reuse ;              /* 0x000000010f167819 */
                                                                                     /* 0x100fe40000001210 */
        /*0350*/                   SHF.R.U32.HI R23, RZ, 0x1, R16 ;                  /* 0x00000001ff177819 */
                                                                                     /* 0x000fc60000011610 */
        /*0360*/                   IMAD.SHL.U32 R21, R22.reuse, 0x4, RZ ;            /* 0x0000000416157824 */
                                                                                     /* 0x040fe200078e00ff */
        /*0370*/                   SHF.L.U64.HI R20, R22, 0x2, R23 ;                 /* 0x0000000216147819 */
                                                                                     /* 0x000fc80000010217 */
        /*0380*/                   IADD3 R6, P0, R24, R21, RZ ;                      /* 0x0000001518067210 */
                                                                                     /* 0x000fca0007f1e0ff */
        /*0390*/                   IMAD.X R7, R25, 0x1, R20, P0 ;                    /* 0x0000000119077824 */
                                                                                     /* 0x000fca00000e0614 */
        /*03a0*/                   LDG.E R14, [R6.64] ;                              /* 0x00000004060e7981 */
                                                                                     /* 0x000ea2000c1e1900 */
        /*03b0*/                   LOP3.LUT R18, RZ, R22, RZ, 0x33, !PT ;            /* 0x00000016ff127212 */
                                                                                     /* 0x000fe400078e33ff */
        /*03c0*/                   LOP3.LUT R17, RZ, R23, RZ, 0x33, !PT ;            /* 0x00000017ff117212 */
                                                                                     /* 0x000fe400078e33ff */
        /*03d0*/                   IADD3 R15, P3, R15, R18, RZ ;                     /* 0x000000120f0f7210 */
                                                                                     /* 0x000fe40007f7e0ff */
        /*03e0*/                   IADD3 R21, P0, R21, 0x4, RZ ;                     /* 0x0000000415157810 */
                                                                                     /* 0x000fc60007f1e0ff */
        /*03f0*/                   IMAD.X R16, R16, 0x1, R17, P3 ;                   /* 0x0000000110107824 */
                                                                                     /* 0x000fe200018e0611 */
        /*0400*/                   IADD3 R19, P2, R8, R21.reuse, RZ ;                /* 0x0000001508137210 */
                                                                                     /* 0x080fe40007f5e0ff */
        /*0410*/                   IADD3 R17, P3, R10, R21, RZ ;                     /* 0x000000150a117210 */
                                                                                     /* 0x000fe40007f7e0ff */
        /*0420*/                   ISETP.GT.U32.AND P1, PT, R14, R13, PT ;           /* 0x0000000d0e00720c */
                                                                                     /* 0x004fe20003f24070 */
        /*0430*/                   IMAD.X R14, RZ, RZ, R20, P0 ;                     /* 0x000000ffff0e7224 */
                                                                                     /* 0x000fc600000e0614 */
        /*0440*/                   SEL R15, R15, R22, P1 ;                           /* 0x000000160f0f7207 */
                                                                                     /* 0x000fe40000800000 */
        /*0450*/                   SEL R16, R16, R23, P1 ;                           /* 0x0000001710107207 */
                                                                                     /* 0x000fe40000800000 */
        /*0460*/                   ISETP.NE.U32.AND P0, PT, R15, RZ, PT ;            /* 0x000000ff0f00720c */
                                                                                     /* 0x000fe40003f05070 */
        /*0470*/                   SEL R8, R19, R8, P1 ;                             /* 0x0000000813087207 */
                                                                                     /* 0x000fe20000800000 */
        /*0480*/                   IMAD.X R19, R12, 0x1, R14.reuse, P2 ;             /* 0x000000010c137824 */
                                                                                     /* 0x100fe200010e060e */
        /*0490*/                   ISETP.NE.AND.EX P0, PT, R16, RZ, PT, P0 ;         /* 0x000000ff1000720c */
                                                                                     /* 0x000fe20003f05300 */
        /*04a0*/                   IMAD.X R14, R11, 0x1, R14, P3 ;                   /* 0x000000010b0e7824 */
                                                                                     /* 0x000fe200018e060e */
        /*04b0*/                   IADD3 R6, P2, R6, 0x4, RZ ;                       /* 0x0000000406067810 */
                                                                                     /* 0x000fc40007f5e0ff */
        /*04c0*/                   SEL R12, R19, R12, P1 ;                           /* 0x0000000c130c7207 */
                                                                                     /* 0x000fe40000800000 */
        /*04d0*/                   SEL R10, R17, R10, P1 ;                           /* 0x0000000a110a7207 */
                                                                                     /* 0x000fe20000800000 */
        /*04e0*/                   IMAD.X R7, RZ, RZ, R7, P2 ;                       /* 0x000000ffff077224 */
                                                                                     /* 0x000fe200010e0607 */
        /*04f0*/                   SEL R11, R14, R11, P1 ;                           /* 0x0000000b0e0b7207 */
                                                                                     /* 0x000fe40000800000 */
        /*0500*/                   SEL R24, R6, R24, P1 ;                            /* 0x0000001806187207 */
                                                                                     /* 0x000fe40000800000 */
        /*0510*/                   SEL R25, R7, R25, P1 ;                            /* 0x0000001907197207 */
                                                                                     /* 0x000fe20000800000 */
        /*0520*/               @P0 BRA 0x340 ;                                       /* 0xfffffe1000000947 */
                                                                                     /* 0x000fea000383ffff */
        /*0530*/                   BSYNC B1 ;                                        /* 0x0000000000017941 */
                                                                                     /* 0x000fea0003800000 */
        /*0540*/                   BRA 0x7b0 ;                                       /* 0x0000026000007947 */
                                                                                     /* 0x000fea0003800000 */
        /*0550*/                   ISETP.NE.AND P0, PT, R18, RZ, PT ;                /* 0x000000ff1200720c */
                                                                                     /* 0x000fe20003f05270 */
        /*0560*/                   IMAD.MOV.U32 R8, RZ, RZ, c[0x0][0x160] ;          /* 0x00005800ff087624 */
                                                                                     /* 0x000fc400078e00ff */
        /*0570*/                   IMAD.MOV.U32 R12, RZ, RZ, c[0x0][0x164] ;         /* 0x00005900ff0c7624 */
                                                                                     /* 0x000fe400078e00ff */
        /*0580*/                   IMAD.MOV.U32 R10, RZ, RZ, c[0x0][0x160] ;         /* 0x00005800ff0a7624 */
                                                                                     /* 0x000fe400078e00ff */
        /*0590*/                   IMAD.MOV.U32 R11, RZ, RZ, c[0x0][0x164] ;         /* 0x00005900ff0b7624 */
                                                                                     /* 0x000fcc00078e00ff */
        /*05a0*/              @!P0 BRA 0x7b0 ;                                       /* 0x0000020000008947 */
                                                                                     /* 0x000fea0003800000 */
        /*05b0*/                   LDG.E R16, [R2.64] ;                              /* 0x0000000402107981 */
                                                                                     /* 0x000162000c1e1900 */
        /*05c0*/                   IMAD.MOV.U32 R13, RZ, RZ, R18 ;                   /* 0x000000ffff0d7224 */
                                                                                     /* 0x000fe400078e0012 */
        /*05d0*/                   IMAD.MOV.U32 R20, RZ, RZ, c[0x0][0x160] ;         /* 0x00005800ff147624 */
                                                                                     /* 0x000fe400078e00ff */
        /*05e0*/                   IMAD.MOV.U32 R25, RZ, RZ, c[0x0][0x164] ;         /* 0x00005900ff197624 */
                                                                                     /* 0x000fe400078e00ff */
        /*05f0*/                   IMAD.MOV.U32 R8, RZ, RZ, c[0x0][0x160] ;          /* 0x00005800ff087624 */
                                                                                     /* 0x000fe400078e00ff */
        /*0600*/                   IMAD.MOV.U32 R12, RZ, RZ, c[0x0][0x164] ;         /* 0x00005900ff0c7624 */
                                                                                     /* 0x000fe400078e00ff */
        /*0610*/                   IMAD.MOV.U32 R10, RZ, RZ, c[0x0][0x160] ;         /* 0x00005800ff0a7624 */
                                                                                     /* 0x000fc400078e00ff */
        /*0620*/                   IMAD.MOV.U32 R11, RZ, RZ, c[0x0][0x164] ;         /* 0x00005900ff0b7624 */
                                                                                     /* 0x001fe400078e00ff */
        /*0630*/                   SHF.R.U32.HI R17, RZ, 0x1, R13 ;                  /* 0x00000001ff117819 */
                                                                                     /* 0x000fe2000001160d */
        /*0640*/                   IMAD.MOV.U32 R6, RZ, RZ, R20 ;                    /* 0x000000ffff067224 */
                                                                                     /* 0x000fe400078e0014 */
        /*0650*/                   IMAD.MOV.U32 R7, RZ, RZ, R25 ;                    /* 0x000000ffff077224 */
                                                                                     /* 0x000fc800078e0019 */
        /*0660*/                   IMAD.WIDE.U32 R6, R17, 0x4, R6 ;                  /* 0x0000000411067825 */
                                                                                     /* 0x000fca00078e0006 */
        /*0670*/                   LDG.E R15, [R6.64] ;                              /* 0x00000004060f7981 */
                                                                                     /* 0x000ea2000c1e1900 */
        /*0680*/                   LOP3.LUT R18, RZ, R17, RZ, 0x33, !PT ;            /* 0x00000011ff127212 */
                                                                                     /* 0x000fe400078e33ff */
        /*0690*/                   IADD3 R19, P3, R6, 0x4, RZ ;                      /* 0x0000000406137810 */
                                                                                     /* 0x000fe40007f7e0ff */
        /*06a0*/                   ISETP.GT.U32.AND P0, PT, R15, R16, PT ;           /* 0x000000100f00720c */
                                                                                     /* 0x024fe20003f04070 */
        /*06b0*/                   IMAD.WIDE.U32 R14, R17, R22, c[0x2][0x0] ;        /* 0x00800000110e7625 */
                                                                                     /* 0x000fc600078e0016 */
        /*06c0*/                   SEL R20, R19, R20, P0 ;                           /* 0x0000001413147207 */
                                                                                     /* 0x000fe40000000000 */
        /*06d0*/                   IADD3 R23, P1, R14.reuse, R8, RZ ;                /* 0x000000080e177210 */
                                                                                     /* 0x040fe40007f3e0ff */
        /*06e0*/                   IADD3 R21, P2, R14, R10, RZ ;                     /* 0x0000000a0e157210 */
                                                                                     /* 0x000fe20007f5e0ff */
        /*06f0*/                   IMAD.X R14, RZ, RZ, R7, P3 ;                      /* 0x000000ffff0e7224 */
                                                                                     /* 0x000fe200018e0607 */
        /*0700*/                   SEL R8, R23, R8, P0 ;                             /* 0x0000000817087207 */
                                                                                     /* 0x000fe40000000000 */
        /*0710*/                   SEL R10, R21, R10, P0 ;                           /* 0x0000000a150a7207 */
                                                                                     /* 0x000fe20000000000 */
        /*0720*/               @P0 IMAD.IADD R17, R18, 0x1, R13 ;                    /* 0x0000000112110824 */
                                                                                     /* 0x000fe200078e020d */
        /*0730*/                   SEL R25, R14, R25, P0 ;                           /* 0x000000190e197207 */
                                                                                     /* 0x000fe20000000000 */
        /*0740*/                   IMAD.X R13, R15, 0x1, R12, P1 ;                   /* 0x000000010f0d7824 */
                                                                                     /* 0x000fc400008e060c */
        /*0750*/                   IMAD.X R18, R15, 0x1, R11, P2 ;                   /* 0x000000010f127824 */
                                                                                     /* 0x000fe200010e060b */
        /*0760*/                   ISETP.NE.AND P1, PT, R17, RZ, PT ;                /* 0x000000ff1100720c */
                                                                                     /* 0x000fe40003f25270 */
        /*0770*/                   SEL R12, R13, R12, P0 ;                           /* 0x0000000c0d0c7207 */
                                                                                     /* 0x000fe20000000000 */
        /*0780*/                   IMAD.MOV.U32 R13, RZ, RZ, R17 ;                   /* 0x000000ffff0d7224 */
                                                                                     /* 0x000fe200078e0011 */
        /*0790*/                   SEL R11, R18, R11, P0 ;                           /* 0x0000000b120b7207 */
                                                                                     /* 0x000fd20000000000 */
        /*07a0*/               @P1 BRA 0x630 ;                                       /* 0xfffffe8000001947 */
                                                                                     /* 0x000fea000383ffff */
        /*07b0*/                   BSYNC B0 ;                                        /* 0x0000000000007941 */
                                                                                     /* 0x000fea0003800000 */
        /*07c0*/                   IADD3 R9, P1, R9, c[0x0][0x160], RZ ;             /* 0x0000580009097a10 */
                                                                                     /* 0x000fc80007f3e0ff */
        /*07d0*/                   ISETP.NE.U32.AND P0, PT, R8, R9, PT ;             /* 0x000000090800720c */
                                                                                     /* 0x000fe40003f05070 */
        /*07e0*/                   IADD3.X R7, R4, c[0x0][0x164], RZ, P1, !PT ;      /* 0x0000590004077a10 */
                                                                                     /* 0x000fc80000ffe4ff */
        /*07f0*/                   ISETP.NE.AND.EX P0, PT, R12, R7, PT, P0 ;         /* 0x000000070c00720c */
                                                                                     /* 0x000fda0003f05300 */
        /*0800*/               @P0 LDG.E R2, [R2.64] ;                               /* 0x0000000402020981 */
                                                                                     /* 0x000ea8000c1e1900 */
        /*0810*/               @P0 LDG.E R11, [R10.64] ;                             /* 0x000000040a0b0981 */
                                                                                     /* 0x000ea2000c1e1900 */
        /*0820*/                   LEA R4, P2, R0, c[0x0][0x180], 0x2 ;              /* 0x0000600000047a11 */
                                                                                     /* 0x000fe200078410ff */
        /*0830*/                   IMAD.MOV.U32 R7, RZ, RZ, RZ ;                     /* 0x000000ffff077224 */
                                                                                     /* 0x000fc600078e00ff */
        /*0840*/                   LEA.HI.X R5, R0, c[0x0][0x184], R5, 0x2, P2 ;     /* 0x0000610000057a11 */
                                                                                     /* 0x000fe400010f1405 */
        /*0850*/               @P0 ISETP.GT.U32.AND P1, PT, R2, R11, PT ;            /* 0x0000000b0200020c */
                                                                                     /* 0x004fc80003f24070 */
        /*0860*/               @P0 SEL R7, RZ, 0x1, P1 ;                             /* 0x00000001ff070807 */
                                                                                     /* 0x000fca0000800000 */
        /*0870*/                   STG.E [R4.64], R7 ;                               /* 0x0000000704007986 */
                                                                                     /* 0x000fe2000c101904 */
        /*0880*/                   EXIT ;                                            /* 0x000000000000794d */
                                                                                     /* 0x000fea0003800000 */
        /*0890*/                   BRA 0x890;                                        /* 0xfffffff000007947 */
                                                                                     /* 0x000fc0000383ffff */
        /*08a0*/                   NOP;                                              /* 0x0000000000007918 */
                                                                                     /* 0x000fc00000000000 */
        /*08b0*/                   NOP;                                              /* 0x0000000000007918 */
                                                                                     /* 0x000fc00000000000 */
        /*08c0*/                   NOP;                                              /* 0x0000000000007918 */
                                                                                     /* 0x000fc00000000000 */
        /*08d0*/                   NOP;                                              /* 0x0000000000007918 */
                                                                                     /* 0x000fc00000000000 */
        /*08e0*/                   NOP;                                              /* 0x0000000000007918 */
                                                                                     /* 0x000fc00000000000 */
        /*08f0*/                   NOP;                                              /* 0x0000000000007918 */
                                                                                     /* 0x000fc00000000000 */
        /*0900*/                   NOP;                                              /* 0x0000000000007918 */
                                                                                     /* 0x000fc00000000000 */
        /*0910*/                   NOP;                                              /* 0x0000000000007918 */
                                                                                     /* 0x000fc00000000000 */
        /*0920*/                   NOP;                                              /* 0x0000000000007918 */
                                                                                     /* 0x000fc00000000000 */
        /*0930*/                   NOP;                                              /* 0x0000000000007918 */
                                                                                     /* 0x000fc00000000000 */
        /*0940*/                   NOP;                                              /* 0x0000000000007918 */
                                                                                     /* 0x000fc00000000000 */
        /*0950*/                   NOP;                                              /* 0x0000000000007918 */
                                                                                     /* 0x000fc00000000000 */
        /*0960*/                   NOP;                                              /* 0x0000000000007918 */
                                                                                     /* 0x000fc00000000000 */
        /*0970*/                   NOP;                                              /* 0x0000000000007918 */
                                                                                     /* 0x000fc00000000000 */
		..........


		Function : search_cost_u32_less
	.headerflags	@"EF_CUDA_SM89 EF_CUDA_VIRTUAL_SM(EF_CUDA_SM89)"
        /*0000*/                   IMAD.MOV.U32 R1, RZ, RZ, c[0x0][0x28] ;           /* 0x00000a00ff017624 */
                                                                                     /* 0x000fe400078e00ff */
        /*0010*/                   S2R R0, SR_CTAID.X ;                              /* 0x0000000000007919 */
                                                                                     /* 0x000e280000002500 */
        /*0020*/                   S2R R3, SR_TID.X ;                                /* 0x0000000000037919 */
                                                                                     /* 0x000e240000002100 */
        /*0030*/                   IMAD R0, R0, c[0x0][0x0], R3 ;                    /* 0x0000000000007a24 */
                                                                                     /* 0x001fca00078e0203 */
        /*0040*/                   ISETP.GE.AND P0, PT, R0, c[0x0][0x178], PT ;      /* 0x00005e0000007a0c */
                                                                                     /* 0x000fda0003f06270 */
        /*0050*/               @P0 EXIT ;                                            /* 0x000000000000094d */
                                                                                     /* 0x000fea0003800000 */
        /*0060*/                   IMAD.MOV.U32 R9, RZ, RZ, c[0x0][0x168] ;          /* 0x00005a00ff097624 */
                                                                                     /* 0x000fe200078e00ff */
        /*0070*/                   ULDC.64 UR4, c[0x0][0x118] ;                      /* 0x0000460000047ab9 */
                                                                                     /* 0x000fe20000000a00 */
        /*0080*/                   IMAD.MOV.U32 R4, RZ, RZ, 0x2 ;                    /* 0x00000002ff047424 */
                                                                                     /* 0x000fe200078e00ff */
        /*0090*/                   BSSY B0, 0x7c0 ;                                  /* 0x0000072000007945 */
                                                                                     /* 0x000fe20003800000 */
        /*00a0*/                   IMAD.MOV.U32 R22, RZ, RZ, 0x4 ;                   /* 0x00000004ff167424 */
                                                                                     /* 0x000fe200078e00ff */
        /*00b0*/                   SHF.R.S32.HI R5, RZ, 0x1f, R0 ;                   /* 0x0000001fff057819 */
                                                                                     /* 0x000fe40000011400 */
        /*00c0*/                   SHF.L.U64.HI R4, R9.reuse, R4, c[0x0][0x16c] ;    /* 0x00005b0009047619 */
                                                                                     /* 0x040fe20000010204 */
        /*00d0*/                   IMAD.SHL.U32 R9, R9, 0x4, RZ ;                    /* 0x0000000409097824 */
                                                                                     /* 0x000fe400078e00ff */
        /*00e0*/                   IMAD.WIDE R2, R0, R22, c[0x0][0x170] ;            /* 0x00005c0000027625 */
                                                                                     /* 0x000fe200078e0216 */
        /*00f0*/                   SHF.R.S32.HI R17, RZ, 0x2, R4 ;                   /* 0x00000002ff117819 */
                                                                                     /* 0x000fc40000011404 */
        /*0100*/                   SHF.R.S64 R18, R9, 0x2, R4 ;                      /* 0x0000000209127819 */
                                                                                     /* 0x000fc80000001004 */
        /*0110*/                   ISETP.GE.U32.AND P0, PT, R18, -0x80000000, PT ;   /* 0x800000001200780c */
                                                                                     /* 0x000fc80003f06070 */
        /*0120*/                   ISETP.GE.U32.AND.EX P0, PT, R17, RZ, PT, P0 ;     /* 0x000000ff1100720c */
                                                                                     /* 0x000fda0003f06100 */
        /*0130*/              @!P0 BRA 0x550 ;                                       /* 0x0000041000008947 */
                                                                                     /* 0x000fea0003800000 */
        /*0140*/                   SHF.R.U64 R14, R18, 0x1, R17.reuse ;              /* 0x00000001120e7819 */
                                                                                     /* 0x100fe20000001211 */
        /*0150*/                   LDG.E R13, [R2.64] ;                              /* 0x00000004020d7981 */
                                                                                     /* 0x000ea2000c1e1900 */
        /*0160*/                   SHF.R.U32.HI R11, RZ, 0x1, R17 ;                  /* 0x00000001ff0b7819 */
                                                                                     /* 0x000fc60000011611 */
        /*0170*/                   IMAD.SHL.U32 R10, R14.reuse, 0x4, RZ ;            /* 0x000000040e0a7824 */
                                                                                     /* 0x040fe200078e00ff */
        /*0180*/                   SHF.L.U64.HI R12, R14, 0x2, R11 ;                 /* 0x000000020e0c7819 */
                                                                                     /* 0x000fc8000001020b */
        /*0190*/                   IADD3 R6, P0, R10, c[0x0][0x160], RZ ;            /* 0x000058000a067a10 */
                                                                                     /* 0x000fc80007f1e0ff */
        /*01a0*/                   IADD3.X R7, R12, c[0x0][0x164], RZ, P0, !PT ;     /* 0x000059000c077a10 */
                                                                                     /* 0x000fca00007fe4ff */
        /*01b0*/                   LDG.E R8, [R6.64] ;                               /* 0x0000000406087981 */
                                                                                     /* 0x000ea2000c1e1900 */
        /*01c0*/                   LOP3.LUT R15, RZ, R14, RZ, 0x33, !PT ;            /* 0x0000000eff0f7212 */
                                                                                     /* 0x000fe400078e33ff */
        /*01d0*/                   LOP3.LUT R16, RZ, R11, RZ, 0x33, !PT ;            /* 0x0000000bff107212 */
                                                                                     /* 0x000fe400078e33ff */
        /*01e0*/                   IADD3 R15, P0, R15, R18, RZ ;                     /* 0x000000120f0f7210 */
                                                                                     /* 0x000fca0007f1e0ff */
        /*01f0*/                   IMAD.X R16, R16, 0x1, R17, P0 ;                   /* 0x0000000110107824 */
                                                                                     /* 0x000fe200000e0611 */
        /*0200*/                   BSSY B1, 0x540 ;                                  /* 0x0000033000017945 */
                                                                                     /* 0x000fe20003800000 */
        /*0210*/                   ISETP.GE.U32.AND P1, PT, R8, R13, PT ;            /* 0x0000000d0800720c */
                                                                                     /* 0x004fc80003f26070 */
        /*0220*/                   SEL R15, R15, R14, !P1 ;                          /* 0x0000000e0f0f7207 */
                                                                                     /* 0x000fe40004800000 */
        /*0230*/                   SEL R16, R16, R11, !P1 ;                          /* 0x0000000b10107207 */
                                                                                     /* 0x000fe40004800000 */
        /*0240*/                   ISETP.NE.U32.AND P0, PT, R15, RZ, PT ;            /* 0x000000ff0f00720c */
                                                                                     /* 0x000fe40003f05070 */
        /*0250*/                   IADD3 R8, P2, R10, 0x4, RZ ;                      /* 0x000000040a087810 */
                                                                                     /* 0x000fe40007f5e0ff */
        /*0260*/                   ISETP.NE.AND.EX P0, PT, R16, RZ, PT, P0 ;         /* 0x000000ff1000720c */
                                                                                     /* 0x000fe40003f05300 */
        /*0270*/                   IADD3 R8, P3, R8, c[0x0][0x160], RZ ;             /* 0x0000580008087a10 */
                                                                                     /* 0x000fc40007f7e0ff */
        /*0280*/                   IADD3 R10, P4, R6, 0x4, RZ ;                      /* 0x00000004060a7810 */
                                                                                     /* 0x000fe40007f9e0ff */
        /*0290*/                   IADD3.X R12, RZ, c[0x0][0x164], R12, P3, P2 ;     /* 0x00005900ff0c7a10 */
                                                                                     /* 0x000fe40001fe440c */
        /*02a0*/                   SEL R8, R8, c[0x0][0x160], !P1 ;                  /* 0x0000580008087a07 */
                                                                                     /* 0x000fe20004800000 */
        /*02b0*/                   IMAD.X R7, RZ, RZ, R7, P4 ;                       /* 0x000000ffff077224 */
                                                                                     /* 0x000fe200020e0607 */
        /*02c0*/                   SEL R12, R12, c[0x0][0x164], !P1 ;                /* 0x000059000c0c7a07 */
                                                                                     /* 0x000fe40004800000 */
        /*02d0*/                   SEL R6, R10, c[0x0][0x160], !P1 ;                 /* 0x000058000a067a07 */
                                                                                     /* 0x000fe20004800000 */
        /*02e0*/                   IMAD.MOV.U32 R10, RZ, RZ, R8 ;                    /* 0x000000ffff0a7224 */
                                                                                     /* 0x000fe200078e0008 */
        /*02f0*/                   SEL R7, R7, c[0x0][0x164], !P1 ;                  /* 0x0000590007077a07 */
                                                                                     /* 0x000fe20004800000 */
        /*0300*/                   IMAD.MOV.U32 R11, RZ, RZ, R12 ;                   /* 0x000000ffff0b7224 */
                                                                                     /* 0x000fe200078e000c */
        /*0310*/              @!P0 BRA 0x530 ;                                       /* 0x0000021000008947 */
                                                                                     /* 0x000fea0003800000 */
        /*0320*/                   IMAD.MOV.U32 R24, RZ, RZ, R6 ;                    /* 0x000000ffff187224 */
                                                                                     /* 0x000fe400078e0006 */
        /*0330*/                   IMAD.MOV.U32 R25, RZ, RZ, R7 ;                    /* 0x000000ffff197224 */
                                                                                     /* 0x000fc400078e0007 */
        /*0340*/                   SHF.R.U64 R22, R15, 0x1, R16.reuse ;              /* 0x000000010f167819 */
                                                                                     /* 0x100fe40000001210 */
        /*0350*/                   SHF.R.U32.HI R23, RZ, 0x1, R16 ;                  /* 0x00000001ff177819 */
                                                                                     /* 0x000fc60000011610 */
        /*0360*/                   IMAD.SHL.U32 R21, R22.reuse, 0x4, RZ ;            /* 0x0000000416157824 */
                                                                                     /* 0x040fe200078e00ff */
        /*0370*/                   SHF.L.U64.HI R20, R22, 0x2, R23 ;                 /* 0x0000000216147819 */
                                                                                     /* 0x000fc80000010217 */
        /*0380*/                   IADD3 R6, P0, R24, R21, RZ ;                      /* 0x0000001518067210 */
                                                                                     /* 0x000fca0007f1e0ff */
        /*0390*/                   IMAD.X R7, R25, 0x1, R20, P0 ;                    /* 0x0000000119077824 */
                                                                                     /* 0x000fca00000e0614 */
        /*03a0*/                   LDG.E R14, [R6.64] ;                              /* 0x00000004060e7981 */
                                                                                     /* 0x000ea2000c1e1900 */
        /*03b0*/                   LOP3.LUT R18, RZ, R22, RZ, 0x33, !PT ;            /* 0x00000016ff127212 */
                                                                                     /* 0x000fe400078e33ff */
        /*03c0*/                   LOP3.LUT R17, RZ, R23, RZ, 0x33, !PT ;            /* 0x00000017ff117212 */
                                                                                     /* 0x000fe400078e33ff */
        /*03d0*/                   IADD3 R15, P3, R15, R18, RZ ;                     /* 0x000000120f0f7210 */
                                                                                     /* 0x000fe40007f7e0ff */
        /*03e0*/                   IADD3 R21, P0, R21, 0x4, RZ ;                     /* 0x0000000415157810 */
                                                                                     /* 0x000fc60007f1e0ff */
        /*03f0*/                   IMAD.X R16, R16, 0x1, R17, P3 ;                   /* 0x0000000110107824 */
                                                                                     /* 0x000fe200018e0611 */
        /*0400*/                   IADD3 R19, P2, R8, R21.reuse, RZ ;                /* 0x0000001508137210 */
                                                                                     /* 0x080fe40007f5e0ff */
        /*0410*/                   IADD3 R17, P3, R10, R21, RZ ;                     /* 0x000000150a117210 */
                                                                                     /* 0x000fe40007f7e0ff */
        /*0420*/                   ISETP.GE.U32.AND P1, PT, R14, R13, PT ;           /* 0x0000000d0e00720c */
                                                                                     /* 0x004fe20003f26070 */
        /*0430*/                   IMAD.X R14, RZ, RZ, R20, P0 ;                     /* 0x000000ffff0e7224 */
                                                                                     /* 0x000fc600000e0614 */
        /*0440*/                   SEL R15, R15, R22, !P1 ;                          /* 0x000000160f0f7207 */
                                                                                     /* 0x000fe40004800000 */
        /*0450*/                   SEL R16, R16, R23, !P1 ;                          /* 0x0000001710107207 */
                                                                                     /* 0x000fe40004800000 */
        /*0460*/                   ISETP.NE.U32.AND P0, PT, R15, RZ, PT ;            /* 0x000000ff0f00720c */
                                                                                     /* 0x000fe40003f05070 */
        /*0470*/                   SEL R8, R19, R8, !P1 ;                            /* 0x0000000813087207 */
                                                                                     /* 0x000fe20004800000 */
        /*0480*/                   IMAD.X R19, R12, 0x1, R14.reuse, P2 ;             /* 0x000000010c137824 */
                                                                                     /* 0x100fe200010e060e */
        /*0490*/                   ISETP.NE.AND.EX P0, PT, R16, RZ, PT, P0 ;         /* 0x000000ff1000720c */
                                                                                     /* 0x000fe20003f05300 */
        /*04a0*/                   IMAD.X R14, R11, 0x1, R14, P3 ;                   /* 0x000000010b0e7824 */
                                                                                     /* 0x000fe200018e060e */
        /*04b0*/                   IADD3 R6, P2, R6, 0x4, RZ ;                       /* 0x0000000406067810 */
                                                                                     /* 0x000fc40007f5e0ff */
        /*04c0*/                   SEL R12, R19, R12, !P1 ;                          /* 0x0000000c130c7207 */
                                                                                     /* 0x000fe40004800000 */
        /*04d0*/                   SEL R10, R17, R10, !P1 ;                          /* 0x0000000a110a7207 */
                                                                                     /* 0x000fe20004800000 */
        /*04e0*/                   IMAD.X R7, RZ, RZ, R7, P2 ;                       /* 0x000000ffff077224 */
                                                                                     /* 0x000fe200010e0607 */
        /*04f0*/                   SEL R11, R14, R11, !P1 ;                          /* 0x0000000b0e0b7207 */
                                                                                     /* 0x000fe40004800000 */
        /*0500*/                   SEL R24, R6, R24, !P1 ;                           /* 0x0000001806187207 */
                                                                                     /* 0x000fe40004800000 */
        /*0510*/                   SEL R25, R7, R25, !P1 ;                           /* 0x0000001907197207 */
                                                                                     /* 0x000fe20004800000 */
        /*0520*/               @P0 BRA 0x340 ;                                       /* 0xfffffe1000000947 */
                                                                                     /* 0x000fea000383ffff */
        /*0530*/                   BSYNC B1 ;                                        /* 0x0000000000017941 */
                                                                                     /* 0x000fea0003800000 */
        /*0540*/                   BRA 0x7b0 ;                                       /* 0x0000026000007947 */
                                                                                     /* 0x000fea0003800000 */
        /*0550*/                   ISETP.NE.AND P0, PT, R18, RZ, PT ;                /* 0x000000ff1200720c */
                                                                                     /* 0x000fe20003f05270 */
        /*0560*/                   IMAD.MOV.U32 R8, RZ, RZ, c[0x0][0x160] ;          /* 0x00005800ff087624 */
                                                                                     /* 0x000fc400078e00ff */
        /*0570*/                   IMAD.MOV.U32 R12, RZ, RZ, c[0x0][0x164] ;         /* 0x00005900ff0c7624 */
                                                                                     /* 0x000fe400078e00ff */
        /*0580*/                   IMAD.MOV.U32 R10, RZ, RZ, c[0x0][0x160] ;         /* 0x00005800ff0a7624 */
                                                                                     /* 0x000fe400078e00ff */
        /*0590*/                   IMAD.MOV.U32 R11, RZ, RZ, c[0x0][0x164] ;         /* 0x00005900ff0b7624 */
                                                                                     /* 0x000fcc00078e00ff */
        /*05a0*/              @!P0 BRA 0x7b0 ;                                       /* 0x0000020000008947 */
                                                                                     /* 0x000fea0003800000 */
        /*05b0*/                   LDG.E R16, [R2.64] ;                              /* 0x0000000402107981 */
                                                                                     /* 0x000162000c1e1900 */
        /*05c0*/                   IMAD.MOV.U32 R13, RZ, RZ, R18 ;                   /* 0x000000ffff0d7224 */
                                                                                     /* 0x000fe400078e0012 */
        /*05d0*/                   IMAD.MOV.U32 R20, RZ, RZ, c[0x0][0x160] ;         /* 0x00005800ff147624 */
                                                                                     /* 0x000fe400078e00ff */
        /*05e0*/                   IMAD.MOV.U32 R25, RZ, RZ, c[0x0][0x164] ;         /* 0x00005900ff197624 */
                                                                                     /* 0x000fe400078e00ff */
        /*05f0*/                   IMAD.MOV.U32 R8, RZ, RZ, c[0x0][0x160] ;          /* 0x00005800ff087624 */
                                                                                     /* 0x000fe400078e00ff */
        /*0600*/                   IMAD.MOV.U32 R12, RZ, RZ, c[0x0][0x164] ;         /* 0x00005900ff0c7624 */
                                                                                     /* 0x000fe400078e00ff */
        /*0610*/                   IMAD.MOV.U32 R10, RZ, RZ, c[0x0][0x160] ;         /* 0x00005800ff0a7624 */
                                                                                     /* 0x000fc400078e00ff */
        /*0620*/                   IMAD.MOV.U32 R11, RZ, RZ, c[0x0][0x164] ;         /* 0x00005900ff0b7624 */
                                                                                     /* 0x001fe400078e00ff */
        /*0630*/                   SHF.R.U32.HI R17, RZ, 0x1, R13 ;                  /* 0x00000001ff117819 */
                                                                                     /* 0x000fe2000001160d */
        /*0640*/                   IMAD.MOV.U32 R6, RZ, RZ, R20 ;                    /* 0x000000ffff067224 */
                                                                                     /* 0x000fe400078e0014 */
        /*0650*/                   IMAD.MOV.U32 R7, RZ, RZ, R25 ;                    /* 0x000000ffff077224 */
                                                                                     /* 0x000fc800078e0019 */
        /*0660*/                   IMAD.WIDE.U32 R6, R17, 0x4, R6 ;                  /* 0x0000000411067825 */
                                                                                     /* 0x000fca00078e0006 */
        /*0670*/                   LDG.E R15, [R6.64] ;                              /* 0x00000004060f7981 */
                                                                                     /* 0x000ea2000c1e1900 */
        /*0680*/                   LOP3.LUT R18, RZ, R17, RZ, 0x33, !PT ;            /* 0x00000011ff127212 */
                                                                                     /* 0x000fe400078e33ff */
        /*0690*/                   IADD3 R19, P3, R6, 0x4, RZ ;                      /* 0x0000000406137810 */
                                                                                     /* 0x000fe40007f7e0ff */
        /*06a0*/                   ISETP.GE.U32.AND P0, PT, R15, R16, PT ;           /* 0x000000100f00720c */
                                                                                     /* 0x024fe20003f06070 */
        /*06b0*/                   IMAD.WIDE.U32 R14, R17, R22, c[0x2][0x0] ;        /* 0x00800000110e7625 */
                                                                                     /* 0x000fc600078e0016 */
        /*06c0*/                   SEL R20, R19, R20, !P0 ;                          /* 0x0000001413147207 */
                                                                                     /* 0x000fe40004000000 */
        /*06d0*/                   IADD3 R23, P1, R14.reuse, R8, RZ ;                /* 0x000000080e177210 */
                                                                                     /* 0x040fe40007f3e0ff */
        /*06e0*/                   IADD3 R21, P2, R14, R10, RZ ;                     /* 0x0000000a0e157210 */
                                                                                     /* 0x000fe20007f5e0ff */
        /*06f0*/                   IMAD.X R14, RZ, RZ, R7, P3 ;                      /* 0x000000ffff0e7224 */
                                                                                     /* 0x000fe200018e0607 */
        /*0700*/                   SEL R8, R23, R8, !P0 ;                            /* 0x0000000817087207 */
                                                                                     /* 0x000fe40004000000 */
        /*0710*/                   SEL R10, R21, R10, !P0 ;                          /* 0x0000000a150a7207 */
                                                                                     /* 0x000fe20004000000 */
        /*0720*/              @!P0 IMAD.IADD R17, R18, 0x1, R13 ;                    /* 0x0000000112118824 */
                                                                                     /* 0x000fe200078e020d */
        /*0730*/                   SEL R25, R14, R25, !P0 ;                          /* 0x000000190e197207 */
                                                                                     /* 0x000fe20004000000 */
        /*0740*/                   IMAD.X R13, R15, 0x1, R12, P1 ;                   /* 0x000000010f0d7824 */
                                                                                     /* 0x000fc400008e060c */
        /*0750*/                   IMAD.X R18, R15, 0x1, R11, P2 ;                   /* 0x000000010f127824 */
                                                                                     /* 0x000fe200010e060b */
        /*0760*/                   ISETP.NE.AND P1, PT, R17, RZ, PT ;                /* 0x000000ff1100720c */
                                                                                     /* 0x000fe40003f25270 */
        /*0770*/                   SEL R12, R13, R12, !P0 ;                          /* 0x0000000c0d0c7207 */
                                                                                     /* 0x000fe20004000000 */
        /*0780*/                   IMAD.MOV.U32 R13, RZ, RZ, R17 ;                   /* 0x000000ffff0d7224 */
                                                                                     /* 0x000fe200078e0011 */
        /*0790*/                   SEL R11, R18, R11, !P0 ;                          /* 0x0000000b120b7207 */
                                                                                     /* 0x000fd20004000000 */
        /*07a0*/               @P1 BRA 0x630 ;                                       /* 0xfffffe8000001947 */
                                                                                     /* 0x000fea000383ffff */
        /*07b0*/                   BSYNC B0 ;                                        /* 0x0000000000007941 */
                                                                                     /* 0x000fea0003800000 */
        /*07c0*/                   IADD3 R9, P1, R9, c[0x0][0x160], RZ ;             /* 0x0000580009097a10 */
                                                                                     /* 0x000fc80007f3e0ff */
        /*07d0*/                   ISETP.NE.U32.AND P0, PT, R8, R9, PT ;             /* 0x000000090800720c */
                                                                                     /* 0x000fe40003f05070 */
        /*07e0*/                   IADD3.X R7, R4, c[0x0][0x164], RZ, P1, !PT ;      /* 0x0000590004077a10 */
                                                                                     /* 0x000fc80000ffe4ff */
        /*07f0*/                   ISETP.NE.AND.EX P0, PT, R12, R7, PT, P0 ;         /* 0x000000070c00720c */
                                                                                     /* 0x000fda0003f05300 */
        /*0800*/               @P0 LDG.E R2, [R2.64] ;                               /* 0x0000000402020981 */
                                                                                     /* 0x000ea8000c1e1900 */
        /*0810*/               @P0 LDG.E R11, [R10.64] ;                             /* 0x000000040a0b0981 */
                                                                                     /* 0x000ea2000c1e1900 */
        /*0820*/                   LEA R4, P2, R0, c[0x0][0x180], 0x2 ;              /* 0x0000600000047a11 */
                                                                                     /* 0x000fe200078410ff */
        /*0830*/                   IMAD.MOV.U32 R7, RZ, RZ, RZ ;                     /* 0x000000ffff077224 */
                                                                                     /* 0x000fc600078e00ff */
        /*0840*/                   LEA.HI.X R5, R0, c[0x0][0x184], R5, 0x2, P2 ;     /* 0x0000610000057a11 */
                                                                                     /* 0x000fe400010f1405 */
        /*0850*/               @P0 ISETP.GE.U32.AND P1, PT, R2, R11, PT ;            /* 0x0000000b0200020c */
                                                                                     /* 0x004fc80003f26070 */
        /*0860*/               @P0 SEL R7, RZ, 0x1, !P1 ;                            /* 0x00000001ff070807 */
                                                                                     /* 0x000fca0004800000 */
        /*0870*/                   STG.E [R4.64], R7 ;                               /* 0x0000000704007986 */
                                                                                     /* 0x000fe2000c101904 */
        /*0880*/                   EXIT ;                                            /* 0x000000000000794d */
                                                                                     /* 0x000fea0003800000 */
        /*0890*/                   BRA 0x890;                                        /* 0xfffffff000007947 */
                                                                                     /* 0x000fc0000383ffff */
        /*08a0*/                   NOP;                                              /* 0x0000000000007918 */
                                                                                     /* 0x000fc00000000000 */
        /*08b0*/                   NOP;                                              /* 0x0000000000007918 */
                                                                                     /* 0x000fc00000000000 */
        /*08c0*/                   NOP;                                              /* 0x0000000000007918 */
                                                                                     /* 0x000fc00000000000 */
        /*08d0*/                   NOP;                                              /* 0x0000000000007918 */
                                                                                     /* 0x000fc00000000000 */
        /*08e0*/                   NOP;                                              /* 0x0000000000007918 */
                                                                                     /* 0x000fc00000000000 */
        /*08f0*/                   NOP;                                              /* 0x0000000000007918 */
                                                                                     /* 0x000fc00000000000 */
        /*0900*/                   NOP;                                              /* 0x0000000000007918 */
                                                                                     /* 0x000fc00000000000 */
        /*0910*/                   NOP;                                              /* 0x0000000000007918 */
                                                                                     /* 0x000fc00000000000 */
        /*0920*/                   NOP;                                              /* 0x0000000000007918 */
                                                                                     /* 0x000fc00000000000 */
        /*0930*/                   NOP;                                              /* 0x0000000000007918 */
                                                                                     /* 0x000fc00000000000 */
        /*0940*/                   NOP;                                              /* 0x0000000000007918 */
                                                                                     /* 0x000fc00000000000 */
        /*0950*/                   NOP;                                              /* 0x0000000000007918 */
                                                                                     /* 0x000fc00000000000 */
        /*0960*/                   NOP;                                              /* 0x0000000000007918 */
                                                                                     /* 0x000fc00000000000 */
        /*0970*/                   NOP;                                              /* 0x0000000000007918 */
                                                                                     /* 0x000fc00000000000 */
		..........


		Function : search_cost_i32_greater
	.headerflags	@"EF_CUDA_SM89 EF_CUDA_VIRTUAL_SM(EF_CUDA_SM89)"
        /*0000*/                   IMAD.MOV.U32 R1, RZ, RZ, c[0x0][0x28] ;           /* 0x00000a00ff017624 */
                                                                                     /* 0x000fe400078e00ff */
        /*0010*/                   S2R R0, SR_CTAID.X ;                              /* 0x0000000000007919 */
                                                                                     /* 0x000e280000002500 */
        /*0020*/                   S2R R3, SR_TID.X ;                                /* 0x0000000000037919 */
                                                                                     /* 0x000e240000002100 */
        /*0030*/                   IMAD R0, R0, c[0x0][0x0], R3 ;                    /* 0x0000000000007a24 */
                                                                                     /* 0x001fca00078e0203 */
        /*0040*/                   ISETP.GE.AND P0, PT, R0, c[0x0][0x178], PT ;      /* 0x00005e0000007a0c */
                                                                                     /* 0x000fda0003f06270 */
        /*0050*/               @P0 EXIT ;                                            /* 0x000000000000094d */
                                                                                     /* 0x000fea0003800000 */
        /*0060*/                   IMAD.MOV.U32 R9, RZ, RZ, c[0x0][0x168] ;          /* 0x00005a00ff097624 */
                                                                                     /* 0x000fe200078e00ff */
        /*0070*/                   ULDC.64 UR4, c[0x0][0x118] ;                      /* 0x0000460000047ab9 */
                                                                                     /* 0x000fe20000000a00 */
        /*0080*/                   IMAD.MOV.U32 R4, RZ, RZ, 0x2 ;                    /* 0x00000002ff047424 */
                                                                                     /* 0x000fe200078e00ff */
        /*0090*/                   BSSY B0, 0x7c0 ;                                  /* 0x0000072000007945 */
                                                                                     /* 0x000fe20003800000 */
        /*00a0*/                   IMAD.MOV.U32 R22, RZ, RZ, 0x4 ;                   /* 0x00000004ff167424 */
                                                                                     /* 0x000fe200078e00ff */
        /*00b0*/                   SHF.R.S32.HI R5, RZ, 0x1f, R0 ;                   /* 0x0000001fff057819 */
                                                                                     /* 0x000fe40000011400 */
        /*00c0*/                   SHF.L.U64.HI R4, R9.reuse, R4, c[0x0][0x16c] ;    /* 0x00005b0009047619 */
                                                                                     /* 0x040fe20000010204 */
        /*00d0*/                   IMAD.SHL.U32 R9, R9, 0x4, RZ ;                    /* 0x0000000409097824 */
                                                                                     /* 0x000fe400078e00ff */
        /*00e0*/                   IMAD.WIDE R2, R0, R22, c[0x0][0x170] ;            /* 0x00005c0000027625 */
                                                                                     /* 0x000fe200078e0216 */
        /*00f0*/                   SHF.R.S32.HI R17, RZ, 0x2, R4 ;                   /* 0x00000002ff117819 */
                                                                                     /* 0x000fc40000011404 */
        /*0100*/                   SHF.R.S64 R18, R9, 0x2, R4 ;                      /* 0x0000000209127819 */
                                                                                     /* 0x000fc80000001004 */
        /*0110*/                   ISETP.GE.U32.AND P0, PT, R18, -0x80000000, PT ;   /* 0x800000001200780c */
                                                                                     /* 0x000fc80003f06070 */
        /*0120*/                   ISETP.GE.U32.AND.EX P0, PT, R17, RZ, PT, P0 ;     /* 0x000000ff1100720c */
                                                                                     /* 0x000fda0003f06100 */
        /*0130*/              @!P0 BRA 0x550 ;                                       /* 0x0000041000008947 */
                                                                                     /* 0x000fea0003800000 */
        /*0140*/                   SHF.R.U64 R14, R18, 0x1, R17.reuse ;              /* 0x00000001120e7819 */
                                                                                     /* 0x100fe20000001211 */
        /*0150*/                   LDG.E R13, [R2.64] ;                              /* 0x00000004020d7981 */
                                                                                     /* 0x000ea2000c1e1900 */
        /*0160*/                   SHF.R.U32.HI R11, RZ, 0x1, R17 ;                  /* 0x00000001ff0b7819 */
                                                                                     /* 0x000fc60000011611 */
        /*0170*/                   IMAD.SHL.U32 R10, R14.reuse, 0x4, RZ ;            /* 0x000000040e0a7824 */
                                                                                     /* 0x040fe200078e00ff */
        /*0180*/                   SHF.L.U64.HI R12, R14, 0x2, R11 ;                 /* 0x000000020e0c7819 */
                                                                                     /* 0x000fc8000001020b */
        /*0190*/                   IADD3 R6, P0, R10, c[0x0][0x160], RZ ;            /* 0x000058000a067a10 */
                                                                                     /* 0x000fc80007f1e0ff */
        /*01a0*/                   IADD3.X R7, R12, c[0x0][0x164], RZ, P0, !PT ;     /* 0x000059000c077a10 */
                                                                                     /* 0x000fca00007fe4ff */
        /*01b0*/                   LDG.E R8, [R6.64] ;                               /* 0x0000000406087981 */
                                                                                     /* 0x000ea2000c1e1900 */
        /*01c0*/                   LOP3.LUT R15, RZ, R14, RZ, 0x33, !PT ;            /* 0x0000000eff0f7212 */
                                                                                     /* 0x000fe400078e33ff */
        /*01d0*/                   LOP3.LUT R16, RZ, R11, RZ, 0x33, !PT ;            /* 0x0000000bff107212 */
                                                                                     /* 0x000fe400078e33ff */
        /*01e0*/                   IADD3 R15, P0, R15, R18, RZ ;                     /* 0x000000120f0f7210 */
                                                                                     /* 0x000fca0007f1e0ff */
        /*01f0*/                   IMAD.X R16, R16, 0x1, R17, P0 ;                   /* 0x0000000110107824 */
                                                                                     /* 0x000fe200000e0611 */
        /*0200*/                   BSSY B1, 0x540 ;                                  /* 0x0000033000017945 */
                                                                                     /* 0x000fe20003800000 */
        /*0210*/                   ISETP.GT.AND P1, PT, R8, R13, PT ;                /* 0x0000000d0800720c */
                                                                                     /* 0x004fc80003f24270 */
        /*0220*/                   SEL R15, R15, R14, P1 ;                           /* 0x0000000e0f0f7207 */
                                                                                     /* 0x000fe40000800000 */
        /*0230*/                   SEL R16, R16, R11, P1 ;                           /* 0x0000000b10107207 */
                                                                                     /* 0x000fe40000800000 */
        /*0240*/                   ISETP.NE.U32.AND P0, PT, R15, RZ, PT ;            /* 0x000000ff0f00720c */
                                                                                     /* 0x000fe40003f05070 */
        /*0250*/                   IADD3 R8, P2, R10, 0x4, RZ ;                      /* 0x000000040a087810 */
                                                                                     /* 0x000fe40007f5e0ff */
        /*0260*/                   ISETP.NE.AND.EX P0, PT, R16, RZ, PT, P0 ;         /* 0x000000ff1000720c */
                                                                                     /* 0x000fe40003f05300 */
        /*0270*/                   IADD3 R8, P3, R8, c[0x0][0x160], RZ ;             /* 0x0000580008087a10 */
                                                                                     /* 0x000fc40007f7e0ff */
        /*0280*/                   IADD3 R10, P4, R6, 0x4, RZ ;                      /* 0x00000004060a7810 */
                                                                                     /* 0x000fe40007f9e0ff */
        /*0290*/                   IADD3.X R12, RZ, c[0x0][0x164], R12, P3, P2 ;     /* 0x00005900ff0c7a10 */
                                                                                     /* 0x000fe40001fe440c */
        /*02a0*/                   SEL R8, R8, c[0x0][0x160], P1 ;                   /* 0x0000580008087a07 */
                                                                                     /* 0x000fe20000800000 */
        /*02b0*/                   IMAD.X R7, RZ, RZ, R7, P4 ;                       /* 0x000000ffff077224 */
                                                                                     /* 0x000fe200020e0607 */
        /*02c0*/                   SEL R12, R12, c[0x0][0x164], P1 ;                 /* 0x000059000c0c7a07 */
                                                                                     /* 0x000fe40000800000 */
        /*02d0*/                   SEL R6, R10, c[0x0][0x160], P1 ;                  /* 0x000058000a067a07 */
                                                                                     /* 0x000fe20000800000 */
        /*02e0*/                   IMAD.MOV.U32 R10, RZ, RZ, R8 ;                    /* 0x000000ffff0a7224 */
                                                                                     /* 0x000fe200078e0008 */
        /*02f0*/                   SEL R7, R7, c[0x0][0x164], P1 ;                   /* 0x0000590007077a07 */
                                                                                     /* 0x000fe20000800000 */
        /*0300*/                   IMAD.MOV.U32 R11, RZ, RZ, R12 ;                   /* 0x000000ffff0b7224 */
                                                                                     /* 0x000fe200078e000c */
        /*0310*/              @!P0 BRA 0x530 ;                                       /* 0x0000021000008947 */
                                                                                     /* 0x000fea0003800000 */
        /*0320*/                   IMAD.MOV.U32 R24, RZ, RZ, R6 ;                    /* 0x000000ffff187224 */
                                                                                     /* 0x000fe400078e0006 */
        /*0330*/                   IMAD.MOV.U32 R25, RZ, RZ, R7 ;                    /* 0x000000ffff197224 */
                                                                                     /* 0x000fc400078e0007 */
        /*0340*/                   SHF.R.U64 R22, R15, 0x1, R16.reuse ;              /* 0x000000010f167819 */
                                                                                     /* 0x100fe40000001210 */
        /*0350*/                   SHF.R.U32.HI R23, RZ, 0x1, R16 ;                  /* 0x00000001ff177819 */
                                                                                     /* 0x000fc60000011610 */
        /*0360*/                   IMAD.SHL.U32 R21, R22.reuse, 0x4, RZ ;            /* 0x0000000416157824 */
                                                                                     /* 0x040fe200078e00ff */
        /*0370*/                   SHF.L.U64.HI R20, R22, 0x2, R23 ;                 /* 0x0000000216147819 */
                                                                                     /* 0x000fc80000010217 */
        /*0380*/                   IADD3 R6, P0, R24, R21, RZ ;                      /* 0x0000001518067210 */
                                                                                     /* 0x000fca0007f1e0ff */
        /*0390*/                   IMAD.X R7, R25, 0x1, R20, P0 ;                    /* 0x0000000119077824 */
                                                                                     /* 0x000fca00000e0614 */
        /*03a0*/                   LDG.E R14, [R6.64] ;                              /* 0x00000004060e7981 */
                                                                                     /* 0x000ea2000c1e1900 */
        /*03b0*/                   LOP3.LUT R18, RZ, R22, RZ, 0x33, !PT ;            /* 0x00000016ff127212 */
                                                                                     /* 0x000fe400078e33ff */
        /*03c0*/                   LOP3.LUT R17, RZ, R23, RZ, 0x33, !PT ;            /* 0x00000017ff117212 */
                                                                                     /* 0x000fe400078e33ff */
        /*03d0*/                   IADD3 R15, P3, R15, R18, RZ ;                     /* 0x000000120f0f7210 */
                                                                                     /* 0x000fe40007f7e0ff */
        /*03e0*/                   IADD3 R21, P0, R21, 0x4, RZ ;                     /* 0x0000000415157810 */
                                                                                     /* 0x000fc60007f1e0ff */
        /*03f0*/                   IMAD.X R16, R16, 0x1, R17, P3 ;                   /* 0x0000000110107824 */
                                                                                     /* 0x000fe200018e0611 */
        /*0400*/                   IADD3 R19, P2, R8, R21.reuse, RZ ;                /* 0x0000001508137210 */
                                                                                     /* 0x080fe40007f5e0ff */
        /*0410*/                   IADD3 R17, P3, R10, R21, RZ ;                     /* 0x000000150a117210 */
                                                                                     /* 0x000fe40007f7e0ff */
        /*0420*/                   ISETP.GT.AND P1, PT, R14, R13, PT ;               /* 0x0000000d0e00720c */
                                                                                     /* 0x004fe20003f24270 */
        /*0430*/                   IMAD.X R14, RZ, RZ, R20, P0 ;                     /* 0x000000ffff0e7224 */
                                                                                     /* 0x000fc600000e0614 */
        /*0440*/                   SEL R15, R15, R22, P1 ;                           /* 0x000000160f0f7207 */
                                                                                     /* 0x000fe40000800000 */
        /*0450*/                   SEL R16, R16, R23, P1 ;                           /* 0x0000001710107207 */
                                                                                     /* 0x000fe40000800000 */
        /*0460*/                   ISETP.NE.U32.AND P0, PT, R15, RZ, PT ;            /* 0x000000ff0f00720c */
                                                                                     /* 0x000fe40003f05070 */
        /*0470*/                   SEL R8, R19, R8, P1 ;                             /* 0x0000000813087207 */
                                                                                     /* 0x000fe20000800000 */
        /*0480*/                   IMAD.X R19, R12, 0x1, R14.reuse, P2 ;             /* 0x000000010c137824 */
                                                                                     /* 0x100fe200010e060e */
        /*0490*/                   ISETP.NE.AND.EX P0, PT, R16, RZ, PT, P0 ;         /* 0x000000ff1000720c */
                                                                                     /* 0x000fe20003f05300 */
        /*04a0*/                   IMAD.X R14, R11, 0x1, R14, P3 ;                   /* 0x000000010b0e7824 */
                                                                                     /* 0x000fe200018e060e */
        /*04b0*/                   IADD3 R6, P2, R6, 0x4, RZ ;                       /* 0x0000000406067810 */
                                                                                     /* 0x000fc40007f5e0ff */
        /*04c0*/                   SEL R12, R19, R12, P1 ;                           /* 0x0000000c130c7207 */
                                                                                     /* 0x000fe40000800000 */
        /*04d0*/                   SEL R10, R17, R10, P1 ;                           /* 0x0000000a110a7207 */
                                                                                     /* 0x000fe20000800000 */
        /*04e0*/                   IMAD.X R7, RZ, RZ, R7, P2 ;                       /* 0x000000ffff077224 */
                                                                                     /* 0x000fe200010e0607 */
        /*04f0*/                   SEL R11, R14, R11, P1 ;                           /* 0x0000000b0e0b7207 */
                                                                                     /* 0x000fe40000800000 */
        /*0500*/                   SEL R24, R6, R24, P1 ;                            /* 0x0000001806187207 */
                                                                                     /* 0x000fe40000800000 */
        /*0510*/                   SEL R25, R7, R25, P1 ;                            /* 0x0000001907197207 */
                                                                                     /* 0x000fe20000800000 */
        /*0520*/               @P0 BRA 0x340 ;                                       /* 0xfffffe1000000947 */
                                                                                     /* 0x000fea000383ffff */
        /*0530*/                   BSYNC B1 ;                                        /* 0x0000000000017941 */
                                                                                     /* 0x000fea0003800000 */
        /*0540*/                   BRA 0x7b0 ;                                       /* 0x0000026000007947 */
                                                                                     /* 0x000fea0003800000 */
        /*0550*/                   ISETP.NE.AND P0, PT, R18, RZ, PT ;                /* 0x000000ff1200720c */
                                                                                     /* 0x000fe20003f05270 */
        /*0560*/                   IMAD.MOV.U32 R8, RZ, RZ, c[0x0][0x160] ;          /* 0x00005800ff087624 */
                                                                                     /* 0x000fc400078e00ff */
        /*0570*/                   IMAD.MOV.U32 R12, RZ, RZ, c[0x0][0x164] ;         /* 0x00005900ff0c7624 */
                                                                                     /* 0x000fe400078e00ff */
        /*0580*/                   IMAD.MOV.U32 R10, RZ, RZ, c[0x0][0x160] ;         /* 0x00005800ff0a7624 */
                                                                                     /* 0x000fe400078e00ff */
        /*0590*/                   IMAD.MOV.U32 R11, RZ, RZ, c[0x0][0x164] ;         /* 0x00005900ff0b7624 */
                                                                                     /* 0x000fcc00078e00ff */
        /*05a0*/              @!P0 BRA 0x7b0 ;                                       /* 0x0000020000008947 */
                                                                                     /* 0x000fea0003800000 */
        /*05b0*/                   LDG.E R16, [R2.64] ;                              /* 0x0000000402107981 */
                                                                                     /* 0x000162000c1e1900 */
        /*05c0*/                   IMAD.MOV.U32 R13, RZ, RZ, R18 ;                   /* 0x000000ffff0d7224 */
                                                                                     /* 0x000fe400078e0012 */
        /*05d0*/                   IMAD.MOV.U32 R20, RZ, RZ, c[0x0][0x160] ;         /* 0x00005800ff147624 */
                                                                                     /* 0x000fe400078e00ff */
        /*05e0*/                   IMAD.MOV.U32 R25, RZ, RZ, c[0x0][0x164] ;         /* 0x00005900ff197624 */
                                                                                     /* 0x000fe400078e00ff */
        /*05f0*/                   IMAD.MOV.U32 R8, RZ, RZ, c[0x0][0x160] ;          /* 0x00005800ff087624 */
                                                                                     /* 0x000fe400078e00ff */
        /*0600*/                   IMAD.MOV.U32 R12, RZ, RZ, c[0x0][0x164] ;         /* 0x00005900ff0c7624 */
                                                                                     /* 0x000fe400078e00ff */
        /*0610*/                   IMAD.MOV.U32 R10, RZ, RZ, c[0x0][0x160] ;         /* 0x00005800ff0a7624 */
                                                                                     /* 0x000fc400078e00ff */
        /*0620*/                   IMAD.MOV.U32 R11, RZ, RZ, c[0x0][0x164] ;         /* 0x00005900ff0b7624 */
                                                                                     /* 0x001fe400078e00ff */
        /*0630*/                   SHF.R.U32.HI R17, RZ, 0x1, R13 ;                  /* 0x00000001ff117819 */
                                                                                     /* 0x000fe2000001160d */
        /*0640*/                   IMAD.MOV.U32 R6, RZ, RZ, R20 ;                    /* 0x000000ffff067224 */
                                                                                     /* 0x000fe400078e0014 */
        /*0650*/                   IMAD.MOV.U32 R7, RZ, RZ, R25 ;                    /* 0x000000ffff077224 */
                                                                                     /* 0x000fc800078e0019 */
        /*0660*/                   IMAD.WIDE.U32 R6, R17, 0x4, R6 ;                  /* 0x0000000411067825 */
                                                                                     /* 0x000fca00078e0006 */
        /*0670*/                   LDG.E R15, [R6.64] ;                              /* 0x00000004060f7981 */
                                                                                     /* 0x000ea2000c1e1900 */
        /*0680*/                   LOP3.LUT R18, RZ, R17, RZ, 0x33, !PT ;            /* 0x00000011ff127212 */
                                                                                     /* 0x000fe400078e33ff */
        /*0690*/                   IADD3 R19, P3, R6, 0x4, RZ ;                      /* 0x0000000406137810 */
                                                                                     /* 0x000fe40007f7e0ff */
        /*06a0*/                   ISETP.GT.AND P0, PT, R15, R16, PT ;               /* 0x000000100f00720c */
                                                                                     /* 0x024fe20003f04270 */
        /*06b0*/                   IMAD.WIDE.U32 R14, R17, R22, c[0x2][0x0] ;        /* 0x00800000110e7625 */
                                                                                     /* 0x000fc600078e0016 */
        /*06c0*/                   SEL R20, R19, R20, P0 ;                           /* 0x0000001413147207 */
                                                                                     /* 0x000fe40000000000 */
        /*06d0*/                   IADD3 R23, P1, R14.reuse, R8, RZ ;                /* 0x000000080e177210 */
                                                                                     /* 0x040fe40007f3e0ff */
        /*06e0*/                   IADD3 R21, P2, R14, R10, RZ ;                     /* 0x0000000a0e157210 */
                                                                                     /* 0x000fe20007f5e0ff */
        /*06f0*/                   IMAD.X R14, RZ, RZ, R7, P3 ;                      /* 0x000000ffff0e7224 */
                                                                                     /* 0x000fe200018e0607 */
        /*0700*/                   SEL R8, R23, R8, P0 ;                             /* 0x0000000817087207 */
                                                                                     /* 0x000fe40000000000 */
        /*0710*/                   SEL R10, R21, R10, P0 ;                           /* 0x0000000a150a7207 */
                                                                                     /* 0x000fe20000000000 */
        /*0720*/               @P0 IMAD.IADD R17, R18, 0x1, R13 ;                    /* 0x0000000112110824 */
                                                                                     /* 0x000fe200078e020d */
        /*0730*/                   SEL R25, R14, R25, P0 ;                           /* 0x000000190e197207 */
                                                                                     /* 0x000fe20000000000 */
        /*0740*/                   IMAD.X R13, R15, 0x1, R12, P1 ;                   /* 0x000000010f0d7824 */
                                                                                     /* 0x000fc400008e060c */
        /*0750*/                   IMAD.X R18, R15, 0x1, R11, P2 ;                   /* 0x000000010f127824 */
                                                                                     /* 0x000fe200010e060b */
        /*0760*/                   ISETP.NE.AND P1, PT, R17, RZ, PT ;                /* 0x000000ff1100720c */
                                                                                     /* 0x000fe40003f25270 */
        /*0770*/                   SEL R12, R13, R12, P0 ;                           /* 0x0000000c0d0c7207 */
                                                                                     /* 0x000fe20000000000 */
        /*0780*/                   IMAD.MOV.U32 R13, RZ, RZ, R17 ;                   /* 0x000000ffff0d7224 */
                                                                                     /* 0x000fe200078e0011 */
        /*0790*/                   SEL R11, R18, R11, P0 ;                           /* 0x0000000b120b7207 */
                                                                                     /* 0x000fd20000000000 */
        /*07a0*/               @P1 BRA 0x630 ;                                       /* 0xfffffe8000001947 */
                                                                                     /* 0x000fea000383ffff */
        /*07b0*/                   BSYNC B0 ;                                        /* 0x0000000000007941 */
                                                                                     /* 0x000fea0003800000 */
        /*07c0*/                   IADD3 R9, P1, R9, c[0x0][0x160], RZ ;             /* 0x0000580009097a10 */
                                                                                     /* 0x000fc80007f3e0ff */
        /*07d0*/                   ISETP.NE.U32.AND P0, PT, R8, R9, PT ;             /* 0x000000090800720c */
                                                                                     /* 0x000fe40003f05070 */
        /*07e0*/                   IADD3.X R7, R4, c[0x0][0x164], RZ, P1, !PT ;      /* 0x0000590004077a10 */
                                                                                     /* 0x000fc80000ffe4ff */
        /*07f0*/                   ISETP.NE.AND.EX P0, PT, R12, R7, PT, P0 ;         /* 0x000000070c00720c */
                                                                                     /* 0x000fda0003f05300 */
        /*0800*/               @P0 LDG.E R2, [R2.64] ;                               /* 0x0000000402020981 */
                                                                                     /* 0x000ea8000c1e1900 */
        /*0810*/               @P0 LDG.E R11, [R10.64] ;                             /* 0x000000040a0b0981 */
                                                                                     /* 0x000ea2000c1e1900 */
        /*0820*/                   LEA R4, P2, R0, c[0x0][0x180], 0x2 ;              /* 0x0000600000047a11 */
                                                                                     /* 0x000fe200078410ff */
        /*0830*/                   IMAD.MOV.U32 R7, RZ, RZ, RZ ;                     /* 0x000000ffff077224 */
                                                                                     /* 0x000fc600078e00ff */
        /*0840*/                   LEA.HI.X R5, R0, c[0x0][0x184], R5, 0x2, P2 ;     /* 0x0000610000057a11 */
                                                                                     /* 0x000fe400010f1405 */
        /*0850*/               @P0 ISETP.GT.AND P1, PT, R2, R11, PT ;                /* 0x0000000b0200020c */
                                                                                     /* 0x004fc80003f24270 */
        /*0860*/               @P0 SEL R7, RZ, 0x1, P1 ;                             /* 0x00000001ff070807 */
                                                                                     /* 0x000fca0000800000 */
        /*0870*/                   STG.E [R4.64], R7 ;                               /* 0x0000000704007986 */
                                                                                     /* 0x000fe2000c101904 */
        /*0880*/                   EXIT ;                                            /* 0x000000000000794d */
                                                                                     /* 0x000fea0003800000 */
        /*0890*/                   BRA 0x890;                                        /* 0xfffffff000007947 */
                                                                                     /* 0x000fc0000383ffff */
        /*08a0*/                   NOP;                                              /* 0x0000000000007918 */
                                                                                     /* 0x000fc00000000000 */
        /*08b0*/                   NOP;                                              /* 0x0000000000007918 */
                                                                                     /* 0x000fc00000000000 */
        /*08c0*/                   NOP;                                              /* 0x0000000000007918 */
                                                                                     /* 0x000fc00000000000 */
        /*08d0*/                   NOP;                                              /* 0x0000000000007918 */
                                                                                     /* 0x000fc00000000000 */
        /*08e0*/                   NOP;                                              /* 0x0000000000007918 */
                                                                                     /* 0x000fc00000000000 */
        /*08f0*/                   NOP;                                              /* 0x0000000000007918 */
                                                                                     /* 0x000fc00000000000 */
        /*0900*/                   NOP;                                              /* 0x0000000000007918 */
                                                                                     /* 0x000fc00000000000 */
        /*0910*/                   NOP;                                              /* 0x0000000000007918 */
                                                                                     /* 0x000fc00000000000 */
        /*0920*/                   NOP;                                              /* 0x0000000000007918 */
                                                                                     /* 0x000fc00000000000 */
        /*0930*/                   NOP;                                              /* 0x0000000000007918 */
                                                                                     /* 0x000fc00000000000 */
        /*0940*/                   NOP;                                              /* 0x0000000000007918 */
                                                                                     /* 0x000fc00000000000 */
        /*0950*/                   NOP;                                              /* 0x0000000000007918 */
                                                                                     /* 0x000fc00000000000 */
        /*0960*/                   NOP;                                              /* 0x0000000000007918 */
                                                                                     /* 0x000fc00000000000 */
        /*0970*/                   NOP;                                              /* 0x0000000000007918 */
                                                                                     /* 0x000fc00000000000 */
		..........


		Function : search_cost_i32_less
	.headerflags	@"EF_CUDA_SM89 EF_CUDA_VIRTUAL_SM(EF_CUDA_SM89)"
        /*0000*/                   IMAD.MOV.U32 R1, RZ, RZ, c[0x0][0x28] ;           /* 0x00000a00ff017624 */
                                                                                     /* 0x000fe400078e00ff */
        /*0010*/                   S2R R0, SR_CTAID.X ;                              /* 0x0000000000007919 */
                                                                                     /* 0x000e280000002500 */
        /*0020*/                   S2R R3, SR_TID.X ;                                /* 0x0000000000037919 */
                                                                                     /* 0x000e240000002100 */
        /*0030*/                   IMAD R0, R0, c[0x0][0x0], R3 ;                    /* 0x0000000000007a24 */
                                                                                     /* 0x001fca00078e0203 */
        /*0040*/                   ISETP.GE.AND P0, PT, R0, c[0x0][0x178], PT ;      /* 0x00005e0000007a0c */
                                                                                     /* 0x000fda0003f06270 */
        /*0050*/               @P0 EXIT ;                                            /* 0x000000000000094d */
                                                                                     /* 0x000fea0003800000 */
        /*0060*/                   IMAD.MOV.U32 R9, RZ, RZ, c[0x0][0x168] ;          /* 0x00005a00ff097624 */
                                                                                     /* 0x000fe200078e00ff */
        /*0070*/                   ULDC.64 UR4, c[0x0][0x118] ;                      /* 0x0000460000047ab9 */
                                                                                     /* 0x000fe20000000a00 */
        /*0080*/                   IMAD.MOV.U32 R4, RZ, RZ, 0x2 ;                    /* 0x00000002ff047424 */
                                                                                     /* 0x000fe200078e00ff */
        /*0090*/                   BSSY B0, 0x7c0 ;                                  /* 0x0000072000007945 */
                                                                                     /* 0x000fe20003800000 */
        /*00a0*/                   IMAD.MOV.U32 R22, RZ, RZ, 0x4 ;                   /* 0x00000004ff167424 */
                                                                                     /* 0x000fe200078e00ff */
        /*00b0*/                   SHF.R.S32.HI R5, RZ, 0x1f, R0 ;                   /* 0x0000001fff057819 */
                                                                                     /* 0x000fe40000011400 */
        /*00c0*/                   SHF.L.U64.HI R4, R9.reuse, R4, c[0x0][0x16c] ;    /* 0x00005b0009047619 */
                                                                                     /* 0x040fe20000010204 */
        /*00d0*/                   IMAD.SHL.U32 R9, R9, 0x4, RZ ;                    /* 0x0000000409097824 */
                                                                                     /* 0x000fe400078e00ff */
        /*00e0*/                   IMAD.WIDE R2, R0, R22, c[0x0][0x170] ;            /* 0x00005c0000027625 */
                                                                                     /* 0x000fe200078e0216 */
        /*00f0*/                   SHF.R.S32.HI R17, RZ, 0x2, R4 ;                   /* 0x00000002ff117819 */
                                                                                     /* 0x000fc40000011404 */
        /*0100*/                   SHF.R.S64 R18, R9, 0x2, R4 ;                      /* 0x0000000209127819 */
                                                                                     /* 0x000fc80000001004 */
        /*0110*/                   ISETP.GE.U32.AND P0, PT, R18, -0x80000000, PT ;   /* 0x800000001200780c */
                                                                                     /* 0x000fc80003f06070 */
        /*0120*/                   ISETP.GE.U32.AND.EX P0, PT, R17, RZ, PT, P0 ;     /* 0x000000ff1100720c */
                                                                                     /* 0x000fda0003f06100 */
        /*0130*/              @!P0 BRA 0x550 ;                                       /* 0x0000041000008947 */
                                                                                     /* 0x000fea0003800000 */
        /*0140*/                   SHF.R.U64 R14, R18, 0x1, R17.reuse ;              /* 0x00000001120e7819 */
                                                                                     /* 0x100fe20000001211 */
        /*0150*/                   LDG.E R13, [R2.64] ;                              /* 0x00000004020d7981 */
                                                                                     /* 0x000ea2000c1e1900 */
        /*0160*/                   SHF.R.U32.HI R11, RZ, 0x1, R17 ;                  /* 0x00000001ff0b7819 */
                                                                                     /* 0x000fc60000011611 */
        /*0170*/                   IMAD.SHL.U32 R10, R14.reuse, 0x4, RZ ;            /* 0x000000040e0a7824 */
                                                                                     /* 0x040fe200078e00ff */
        /*0180*/                   SHF.L.U64.HI R12, R14, 0x2, R11 ;                 /* 0x000000020e0c7819 */
                                                                                     /* 0x000fc8000001020b */
        /*0190*/                   IADD3 R6, P0, R10, c[0x0][0x160], RZ ;            /* 0x000058000a067a10 */
                                                                                     /* 0x000fc80007f1e0ff */
        /*01a0*/                   IADD3.X R7, R12, c[0x0][0x164], RZ, P0, !PT ;     /* 0x000059000c077a10 */
                                                                                     /* 0x000fca00007fe4ff */
        /*01b0*/                   LDG.E R8, [R6.64] ;                               /* 0x0000000406087981 */
                                                                                     /* 0x000ea2000c1e1900 */
        /*01c0*/                   LOP3.LUT R15, RZ, R14, RZ, 0x33, !PT ;            /* 0x0000000eff0f7212 */
                                                                                     /* 0x000fe400078e33ff */
        /*01d0*/                   LOP3.LUT R16, RZ, R11, RZ, 0x33, !PT ;            /* 0x0000000bff107212 */
                                                                                     /* 0x000fe400078e33ff */
        /*01e0*/                   IADD3 R15, P0, R15, R18, RZ ;                     /* 0x000000120f0f7210 */
                                                                                     /* 0x000fca0007f1e0ff */
        /*01f0*/                   IMAD.X R16, R16, 0x1, R17, P0 ;                   /* 0x0000000110107824 */
                                                                                     /* 0x000fe200000e0611 */
        /*0200*/                   BSSY B1, 0x540 ;                                  /* 0x0000033000017945 */
                                                                                     /* 0x000fe20003800000 */
        /*0210*/                   ISETP.GE.AND P1, PT, R8, R13, PT ;                /* 0x0000000d0800720c */
                                                                                     /* 0x004fc80003f26270 */
        /*0220*/                   SEL R15, R15, R14, !P1 ;                          /* 0x0000000e0f0f7207 */
                                                                                     /* 0x000fe40004800000 */
        /*0230*/                   SEL R16, R16, R11, !P1 ;                          /* 0x0000000b10107207 */
                                                                                     /* 0x000fe40004800000 */
        /*0240*/                   ISETP.NE.U32.AND P0, PT, R15, RZ, PT ;            /* 0x000000ff0f00720c */
                                                                                     /* 0x000fe40003f05070 */
        /*0250*/                   IADD3 R8, P2, R10, 0x4, RZ ;                      /* 0x000000040a087810 */
                                                                                     /* 0x000fe40007f5e0ff */
        /*0260*/                   ISETP.NE.AND.EX P0, PT, R16, RZ, PT, P0 ;         /* 0x000000ff1000720c */
                                                                                     /* 0x000fe40003f05300 */
        /*0270*/                   IADD3 R8, P3, R8, c[0x0][0x160], RZ ;             /* 0x0000580008087a10 */
                                                                                     /* 0x000fc40007f7e0ff */
        /*0280*/                   IADD3 R10, P4, R6, 0x4, RZ ;                      /* 0x00000004060a7810 */
                                                                                     /* 0x000fe40007f9e0ff */
        /*0290*/                   IADD3.X R12, RZ, c[0x0][0x164], R12, P3, P2 ;     /* 0x00005900ff0c7a10 */
                                                                                     /* 0x000fe40001fe440c */
        /*02a0*/                   SEL R8, R8, c[0x0][0x160], !P1 ;                  /* 0x0000580008087a07 */
                                                                                     /* 0x000fe20004800000 */
        /*02b0*/                   IMAD.X R7, RZ, RZ, R7, P4 ;                       /* 0x000000ffff077224 */
                                                                                     /* 0x000fe200020e0607 */
        /*02c0*/                   SEL R12, R12, c[0x0][0x164], !P1 ;                /* 0x000059000c0c7a07 */
                                                                                     /* 0x000fe40004800000 */
        /*02d0*/                   SEL R6, R10, c[0x0][0x160], !P1 ;                 /* 0x000058000a067a07 */
                                                                                     /* 0x000fe20004800000 */
        /*02e0*/                   IMAD.MOV.U32 R10, RZ, RZ, R8 ;                    /* 0x000000ffff0a7224 */
                                                                                     /* 0x000fe200078e0008 */
        /*02f0*/                   SEL R7, R7, c[0x0][0x164], !P1 ;                  /* 0x0000590007077a07 */
                                                                                     /* 0x000fe20004800000 */
        /*0300*/                   IMAD.MOV.U32 R11, RZ, RZ, R12 ;                   /* 0x000000ffff0b7224 */
                                                                                     /* 0x000fe200078e000c */
        /*0310*/              @!P0 BRA 0x530 ;                                       /* 0x0000021000008947 */
                                                                                     /* 0x000fea0003800000 */
        /*0320*/                   IMAD.MOV.U32 R24, RZ, RZ, R6 ;                    /* 0x000000ffff187224 */
                                                                                     /* 0x000fe400078e0006 */
        /*0330*/                   IMAD.MOV.U32 R25, RZ, RZ, R7 ;                    /* 0x000000ffff197224 */
                                                                                     /* 0x000fc400078e0007 */
        /*0340*/                   SHF.R.U64 R22, R15, 0x1, R16.reuse ;              /* 0x000000010f167819 */
                                                                                     /* 0x100fe40000001210 */
        /*0350*/                   SHF.R.U32.HI R23, RZ, 0x1, R16 ;                  /* 0x00000001ff177819 */
                                                                                     /* 0x000fc60000011610 */
        /*0360*/                   IMAD.SHL.U32 R21, R22.reuse, 0x4, RZ ;            /* 0x0000000416157824 */
                                                                                     /* 0x040fe200078e00ff */
        /*0370*/                   SHF.L.U64.HI R20, R22, 0x2, R23 ;                 /* 0x0000000216147819 */
                                                                                     /* 0x000fc80000010217 */
        /*0380*/                   IADD3 R6, P0, R24, R21, RZ ;                      /* 0x0000001518067210 */
                                                                                     /* 0x000fca0007f1e0ff */
        /*0390*/                   IMAD.X R7, R25, 0x1, R20, P0 ;                    /* 0x0000000119077824 */
                                                                                     /* 0x000fca00000e0614 */
        /*03a0*/                   LDG.E R14, [R6.64] ;                              /* 0x00000004060e7981 */
                                                                                     /* 0x000ea2000c1e1900 */
        /*03b0*/                   LOP3.LUT R18, RZ, R22, RZ, 0x33, !PT ;            /* 0x00000016ff127212 */
                                                                                     /* 0x000fe400078e33ff */
        /*03c0*/                   LOP3.LUT R17, RZ, R23, RZ, 0x33, !PT ;            /* 0x00000017ff117212 */
                                                                                     /* 0x000fe400078e33ff */
        /*03d0*/                   IADD3 R15, P3, R15, R18, RZ ;                     /* 0x000000120f0f7210 */
                                                                                     /* 0x000fe40007f7e0ff */
        /*03e0*/                   IADD3 R21, P0, R21, 0x4, RZ ;                     /* 0x0000000415157810 */
                                                                                     /* 0x000fc60007f1e0ff */
        /*03f0*/                   IMAD.X R16, R16, 0x1, R17, P3 ;                   /* 0x0000000110107824 */
                                                                                     /* 0x000fe200018e0611 */
        /*0400*/                   IADD3 R19, P2, R8, R21.reuse, RZ ;                /* 0x0000001508137210 */
                                                                                     /* 0x080fe40007f5e0ff */
        /*0410*/                   IADD3 R17, P3, R10, R21, RZ ;                     /* 0x000000150a117210 */
                                                                                     /* 0x000fe40007f7e0ff */
        /*0420*/                   ISETP.GE.AND P1, PT, R14, R13, PT ;               /* 0x0000000d0e00720c */
                                                                                     /* 0x004fe20003f26270 */
        /*0430*/                   IMAD.X R14, RZ, RZ, R20, P0 ;                     /* 0x000000ffff0e7224 */
                                                                                     /* 0x000fc600000e0614 */
        /*0440*/                   SEL R15, R15, R22, !P1 ;                          /* 0x000000160f0f7207 */
                                                                                     /* 0x000fe40004800000 */
        /*0450*/                   SEL R16, R16, R23, !P1 ;                          /* 0x0000001710107207 */
                                                                                     /* 0x000fe40004800000 */
        /*0460*/                   ISETP.NE.U32.AND P0, PT, R15, RZ, PT ;            /* 0x000000ff0f00720c */
                                                                                     /* 0x000fe40003f05070 */
        /*0470*/                   SEL R8, R19, R8, !P1 ;                            /* 0x0000000813087207 */
                                                                                     /* 0x000fe20004800000 */
        /*0480*/                   IMAD.X R19, R12, 0x1, R14.reuse, P2 ;             /* 0x000000010c137824 */
                                                                                     /* 0x100fe200010e060e */
        /*0490*/                   ISETP.NE.AND.EX P0, PT, R16, RZ, PT, P0 ;         /* 0x000000ff1000720c */
                                                                                     /* 0x000fe20003f05300 */
        /*04a0*/                   IMAD.X R14, R11, 0x1, R14, P3 ;                   /* 0x000000010b0e7824 */
                                                                                     /* 0x000fe200018e060e */
        /*04b0*/                   IADD3 R6, P2, R6, 0x4, RZ ;                       /* 0x0000000406067810 */
                                                                                     /* 0x000fc40007f5e0ff */
        /*04c0*/                   SEL R12, R19, R12, !P1 ;                          /* 0x0000000c130c7207 */
                                                                                     /* 0x000fe40004800000 */
        /*04d0*/                   SEL R10, R17, R10, !P1 ;                          /* 0x0000000a110a7207 */
                                                                                     /* 0x000fe20004800000 */
        /*04e0*/                   IMAD.X R7, RZ, RZ, R7, P2 ;                       /* 0x000000ffff077224 */
                                                                                     /* 0x000fe200010e0607 */
        /*04f0*/                   SEL R11, R14, R11, !P1 ;                          /* 0x0000000b0e0b7207 */
                                                                                     /* 0x000fe40004800000 */
        /*0500*/                   SEL R24, R6, R24, !P1 ;                           /* 0x0000001806187207 */
                                                                                     /* 0x000fe40004800000 */
        /*0510*/                   SEL R25, R7, R25, !P1 ;                           /* 0x0000001907197207 */
                                                                                     /* 0x000fe20004800000 */
        /*0520*/               @P0 BRA 0x340 ;                                       /* 0xfffffe1000000947 */
                                                                                     /* 0x000fea000383ffff */
        /*0530*/                   BSYNC B1 ;                                        /* 0x0000000000017941 */
                                                                                     /* 0x000fea0003800000 */
        /*0540*/                   BRA 0x7b0 ;                                       /* 0x0000026000007947 */
                                                                                     /* 0x000fea0003800000 */
        /*0550*/                   ISETP.NE.AND P0, PT, R18, RZ, PT ;                /* 0x000000ff1200720c */
                                                                                     /* 0x000fe20003f05270 */
        /*0560*/                   IMAD.MOV.U32 R8, RZ, RZ, c[0x0][0x160] ;          /* 0x00005800ff087624 */
                                                                                     /* 0x000fc400078e00ff */
        /*0570*/                   IMAD.MOV.U32 R12, RZ, RZ, c[0x0][0x164] ;         /* 0x00005900ff0c7624 */
                                                                                     /* 0x000fe400078e00ff */
        /*0580*/                   IMAD.MOV.U32 R10, RZ, RZ, c[0x0][0x160] ;         /* 0x00005800ff0a7624 */
                                                                                     /* 0x000fe400078e00ff */
        /*0590*/                   IMAD.MOV.U32 R11, RZ, RZ, c[0x0][0x164] ;         /* 0x00005900ff0b7624 */
                                                                                     /* 0x000fcc00078e00ff */
        /*05a0*/              @!P0 BRA 0x7b0 ;                                       /* 0x0000020000008947 */
                                                                                     /* 0x000fea0003800000 */
        /*05b0*/                   LDG.E R16, [R2.64] ;                              /* 0x0000000402107981 */
                                                                                     /* 0x000162000c1e1900 */
        /*05c0*/                   IMAD.MOV.U32 R13, RZ, RZ, R18 ;                   /* 0x000000ffff0d7224 */
                                                                                     /* 0x000fe400078e0012 */
        /*05d0*/                   IMAD.MOV.U32 R20, RZ, RZ, c[0x0][0x160] ;         /* 0x00005800ff147624 */
                                                                                     /* 0x000fe400078e00ff */
        /*05e0*/                   IMAD.MOV.U32 R25, RZ, RZ, c[0x0][0x164] ;         /* 0x00005900ff197624 */
                                                                                     /* 0x000fe400078e00ff */
        /*05f0*/                   IMAD.MOV.U32 R8, RZ, RZ, c[0x0][0x160] ;          /* 0x00005800ff087624 */
                                                                                     /* 0x000fe400078e00ff */
        /*0600*/                   IMAD.MOV.U32 R12, RZ, RZ, c[0x0][0x164] ;         /* 0x00005900ff0c7624 */
                                                                                     /* 0x000fe400078e00ff */
        /*0610*/                   IMAD.MOV.U32 R10, RZ, RZ, c[0x0][0x160] ;         /* 0x00005800ff0a7624 */
                                                                                     /* 0x000fc400078e00ff */
        /*0620*/                   IMAD.MOV.U32 R11, RZ, RZ, c[0x0][0x164] ;         /* 0x00005900ff0b7624 */
                                                                                     /* 0x001fe400078e00ff */
        /*0630*/                   SHF.R.U32.HI R17, RZ, 0x1, R13 ;                  /* 0x00000001ff117819 */
                                                                                     /* 0x000fe2000001160d */
        /*0640*/                   IMAD.MOV.U32 R6, RZ, RZ, R20 ;                    /* 0x000000ffff067224 */
                                                                                     /* 0x000fe400078e0014 */
        /*0650*/                   IMAD.MOV.U32 R7, RZ, RZ, R25 ;                    /* 0x000000ffff077224 */
                                                                                     /* 0x000fc800078e0019 */
        /*0660*/                   IMAD.WIDE.U32 R6, R17, 0x4, R6 ;                  /* 0x0000000411067825 */
                                                                                     /* 0x000fca00078e0006 */
        /*0670*/                   LDG.E R15, [R6.64] ;                              /* 0x00000004060f7981 */
                                                                                     /* 0x000ea2000c1e1900 */
        /*0680*/                   LOP3.LUT R18, RZ, R17, RZ, 0x33, !PT ;            /* 0x00000011ff127212 */
                                                                                     /* 0x000fe400078e33ff */
        /*0690*/                   IADD3 R19, P3, R6, 0x4, RZ ;                      /* 0x0000000406137810 */
                                                                                     /* 0x000fe40007f7e0ff */
        /*06a0*/                   ISETP.GE.AND P0, PT, R15, R16, PT ;               /* 0x000000100f00720c */
                                                                                     /* 0x024fe20003f06270 */
        /*06b0*/                   IMAD.WIDE.U32 R14, R17, R22, c[0x2][0x0] ;        /* 0x00800000110e7625 */
                                                                                     /* 0x000fc600078e0016 */
        /*06c0*/                   SEL R20, R19, R20, !P0 ;                          /* 0x0000001413147207 */
                                                                                     /* 0x000fe40004000000 */
        /*06d0*/                   IADD3 R23, P1, R14.reuse, R8, RZ ;                /* 0x000000080e177210 */
                                                                                     /* 0x040fe40007f3e0ff */
        /*06e0*/                   IADD3 R21, P2, R14, R10, RZ ;                     /* 0x0000000a0e157210 */
                                                                                     /* 0x000fe20007f5e0ff */
        /*06f0*/                   IMAD.X R14, RZ, RZ, R7, P3 ;                      /* 0x000000ffff0e7224 */
                                                                                     /* 0x000fe200018e0607 */
        /*0700*/                   SEL R8, R23, R8, !P0 ;                            /* 0x0000000817087207 */
                                                                                     /* 0x000fe40004000000 */
        /*0710*/                   SEL R10, R21, R10, !P0 ;                          /* 0x0000000a150a7207 */
                                                                                     /* 0x000fe20004000000 */
        /*0720*/              @!P0 IMAD.IADD R17, R18, 0x1, R13 ;                    /* 0x0000000112118824 */
                                                                                     /* 0x000fe200078e020d */
        /*0730*/                   SEL R25, R14, R25, !P0 ;                          /* 0x000000190e197207 */
                                                                                     /* 0x000fe20004000000 */
        /*0740*/                   IMAD.X R13, R15, 0x1, R12, P1 ;                   /* 0x000000010f0d7824 */
                                                                                     /* 0x000fc400008e060c */
        /*0750*/                   IMAD.X R18, R15, 0x1, R11, P2 ;                   /* 0x000000010f127824 */
                                                                                     /* 0x000fe200010e060b */
        /*0760*/                   ISETP.NE.AND P1, PT, R17, RZ, PT ;                /* 0x000000ff1100720c */
                                                                                     /* 0x000fe40003f25270 */
        /*0770*/                   SEL R12, R13, R12, !P0 ;                          /* 0x0000000c0d0c7207 */
                                                                                     /* 0x000fe20004000000 */
        /*0780*/                   IMAD.MOV.U32 R13, RZ, RZ, R17 ;                   /* 0x000000ffff0d7224 */
                                                                                     /* 0x000fe200078e0011 */
        /*0790*/                   SEL R11, R18, R11, !P0 ;                          /* 0x0000000b120b7207 */
                                                                                     /* 0x000fd20004000000 */
        /*07a0*/               @P1 BRA 0x630 ;                                       /* 0xfffffe8000001947 */
                                                                                     /* 0x000fea000383ffff */
        /*07b0*/                   BSYNC B0 ;                                        /* 0x0000000000007941 */
                                                                                     /* 0x000fea0003800000 */
        /*07c0*/                   IADD3 R9, P1, R9, c[0x0][0x160], RZ ;             /* 0x0000580009097a10 */
                                                                                     /* 0x000fc80007f3e0ff */
        /*07d0*/                   ISETP.NE.U32.AND P0, PT, R8, R9, PT ;             /* 0x000000090800720c */
                                                                                     /* 0x000fe40003f05070 */
        /*07e0*/                   IADD3.X R7, R4, c[0x0][0x164], RZ, P1, !PT ;      /* 0x0000590004077a10 */
                                                                                     /* 0x000fc80000ffe4ff */
        /*07f0*/                   ISETP.NE.AND.EX P0, PT, R12, R7, PT, P0 ;         /* 0x000000070c00720c */
                                                                                     /* 0x000fda0003f05300 */
        /*0800*/               @P0 LDG.E R2, [R2.64] ;                               /* 0x0000000402020981 */
                                                                                     /* 0x000ea8000c1e1900 */
        /*0810*/               @P0 LDG.E R11, [R10.64] ;                             /* 0x000000040a0b0981 */
                                                                                     /* 0x000ea2000c1e1900 */
        /*0820*/                   LEA R4, P2, R0, c[0x0][0x180], 0x2 ;              /* 0x0000600000047a11 */
                                                                                     /* 0x000fe200078410ff */
        /*0830*/                   IMAD.MOV.U32 R7, RZ, RZ, RZ ;                     /* 0x000000ffff077224 */
                                                                                     /* 0x000fc600078e00ff */
        /*0840*/                   LEA.HI.X R5, R0, c[0x0][0x184], R5, 0x2, P2 ;     /* 0x0000610000057a11 */
                                                                                     /* 0x000fe400010f1405 */
        /*0850*/               @P0 ISETP.GE.AND P1, PT, R2, R11, PT ;                /* 0x0000000b0200020c */
                                                                                     /* 0x004fc80003f26270 */
        /*0860*/               @P0 SEL R7, RZ, 0x1, !P1 ;                            /* 0x00000001ff070807 */
                                                                                     /* 0x000fca0004800000 */
        /*0870*/                   STG.E [R4.64], R7 ;                               /* 0x0000000704007986 */
                                                                                     /* 0x000fe2000c101904 */
        /*0880*/                   EXIT ;                                            /* 0x000000000000794d */
                                                                                     /* 0x000fea0003800000 */
        /*0890*/                   BRA 0x890;                                        /* 0xfffffff000007947 */
                                                                                     /* 0x000fc0000383ffff */
        /*08a0*/                   NOP;                                              /* 0x0000000000007918 */
                                                                                     /* 0x000fc00000000000 */
        /*08b0*/                   NOP;                                              /* 0x0000000000007918 */
                                                                                     /* 0x000fc00000000000 */
        /*08c0*/                   NOP;                                              /* 0x0000000000007918 */
                                                                                     /* 0x000fc00000000000 */
        /*08d0*/                   NOP;                                              /* 0x0000000000007918 */
                                                                                     /* 0x000fc00000000000 */
        /*08e0*/                   NOP;                                              /* 0x0000000000007918 */
                                                                                     /* 0x000fc00000000000 */
        /*08f0*/                   NOP;                                              /* 0x0000000000007918 */
                                                                                     /* 0x000fc00000000000 */
        /*0900*/                   NOP;                                              /* 0x0000000000007918 */
                                                                                     /* 0x000fc00000000000 */
        /*0910*/                   NOP;                                              /* 0x0000000000007918 */
                                                                                     /* 0x000fc00000000000 */
        /*0920*/                   NOP;                                              /* 0x0000000000007918 */
                                                                                     /* 0x000fc00000000000 */
        /*0930*/                   NOP;                                              /* 0x0000000000007918 */
                                                                                     /* 0x000fc00000000000 */
        /*0940*/                   NOP;                                              /* 0x0000000000007918 */
                                                                                     /* 0x000fc00000000000 */
        /*0950*/                   NOP;                                              /* 0x0000000000007918 */
                                                                                     /* 0x000fc00000000000 */
        /*0960*/                   NOP;                                              /* 0x0000000000007918 */
                                                                                     /* 0x000fc00000000000 */
        /*0970*/                   NOP;                                              /* 0x0000000000007918 */
                                                                                     /* 0x000fc00000000000 */
		..........


