
Fatbin elf code:
================
arch = sm_89
code version = [1,8]
host = linux
compile_size = 64bit

	code for sm_89
	.target	sm_89


Fatbin elf code:
================
arch = sm_89
code version = [1,8]
host = linux
compile_size = 64bit

	code for sm_89
	.target	sm_89

		Function : _Z15repeated_searchILi4EEvPKiiS1_iPi
	.headerflags	@"EF_CUDA_SM89 EF_CUDA_VIRTUAL_SM(EF_CUDA_SM89)"
        /*0000*/                   IMAD.MOV.U32 R1, RZ, RZ, c[0x0][0x28] ;               /* 0x00000a00ff017624 */
                                                                                         /* 0x000fe400078e00ff */
        /*0010*/                   S2R R0, SR_TID.X ;                                    /* 0x0000000000007919 */
                                                                                         /* 0x000e220000002100 */
        /*0020*/                   ISETP.LT.AND P0, PT, RZ, c[0x0][0x168], PT ;          /* 0x00005a00ff007a0c */
                                                                                         /* 0x000fe20003f01270 */
        /*0030*/                   ULDC.64 UR4, c[0x0][0x118] ;                          /* 0x0000460000047ab9 */
                                                                                         /* 0x000fe20000000a00 */
        /*0040*/                   ISETP.NE.AND P1, PT, R0.reuse, RZ, PT ;               /* 0x000000ff0000720c */
                                                                                         /* 0x041fe40003f25270 */
        /*0050*/                   ISETP.GE.OR P0, PT, R0, c[0x0][0x178], !P0 ;          /* 0x00005e0000007a0c */
                                                                                         /* 0x000fd60004706670 */
        /*0060*/              @!P1 STS [RZ], RZ ;                                        /* 0x000000ffff009388 */
                                                                                         /* 0x000fe80000000800 */
        /*0070*/                   BAR.SYNC.DEFER_BLOCKING 0x0 ;                         /* 0x0000000000007b1d */
                                                                                         /* 0x000fec0000010000 */
        /*0080*/               @P0 BRA 0x270 ;                                           /* 0x000001e000000947 */
                                                                                         /* 0x000fea0003800000 */
        /*0090*/                   IMAD.MOV.U32 R3, RZ, RZ, 0x4 ;                        /* 0x00000004ff037424 */
                                                                                         /* 0x000fc800078e00ff */
        /*00a0*/                   IMAD.WIDE R2, R0, R3, c[0x0][0x170] ;                 /* 0x00005c0000027625 */
                                                                                         /* 0x000fca00078e0203 */
        /*00b0*/                   LDG.E R6, [R2.64] ;                                   /* 0x0000000402067981 */
                                                                                         /* 0x000162000c1e1900 */
        /*00c0*/                   IADD3 R0, R0, c[0x0][0x0], RZ ;                       /* 0x0000000000007a10 */
                                                                                         /* 0x000fe20007ffe0ff */
        /*00d0*/                   YIELD ;                                               /* 0x0000000000007946 */
                                                                                         /* 0x000fe20003800000 */
        /*00e0*/                   BSSY B0, 0x260 ;                                      /* 0x0000017000007945 */
                                                                                         /* 0x000fe20003800000 */
        /*00f0*/                   IMAD.MOV.U32 R4, RZ, RZ, RZ ;                         /* 0x000000ffff047224 */
                                                                                         /* 0x000fe200078e00ff */
        /*0100*/                   ISETP.GE.AND P0, PT, R0, c[0x0][0x178], PT ;          /* 0x00005e0000007a0c */
                                                                                         /* 0x000fe20003f06270 */
        /*0110*/                   IMAD.MOV.U32 R5, RZ, RZ, c[0x0][0x168] ;              /* 0x00005a00ff057624 */
                                                                                         /* 0x000fc800078e00ff */
        /*0120*/                   IMAD.IADD R2, R5, 0x1, -R4 ;                          /* 0x0000000105027824 */
                                                                                         /* 0x001fca00078e0a04 */
        /*0130*/                   LEA.HI R3, R2, R2, RZ, 0x1 ;                          /* 0x0000000202037211 */
                                                                                         /* 0x000fe200078f08ff */
        /*0140*/                   IMAD.MOV.U32 R2, RZ, RZ, 0x4 ;                        /* 0x00000004ff027424 */
                                                                                         /* 0x000fc600078e00ff */
        /*0150*/                   LEA.HI.SX32 R7, R3, R4, 0x1f ;                        /* 0x0000000403077211 */
                                                                                         /* 0x000fca00078ffaff */
        /*0160*/                   IMAD.WIDE R2, R7, R2, c[0x0][0x160] ;                 /* 0x0000580007027625 */
                                                                                         /* 0x000fcc00078e0202 */
        /*0170*/                   LDG.E R3, [R2.64] ;                                   /* 0x0000000402037981 */
                                                                                         /* 0x000ea2000c1e1900 */
        /*0180*/                   BSSY B1, 0x230 ;                                      /* 0x000000a000017945 */
                                                                                         /* 0x000fe20003800000 */
        /*0190*/                   ISETP.GE.AND P2, PT, R3, R6, PT ;                     /* 0x000000060300720c */
                                                                                         /* 0x024fda0003f46270 */
        /*01a0*/              @!P2 BRA 0x210 ;                                           /* 0x000000600000a947 */
                                                                                         /* 0x000fea0003800000 */
        /*01b0*/                   ISETP.GT.AND P2, PT, R3, R6, PT ;                     /* 0x000000060300720c */
                                                                                         /* 0x000fe20003f44270 */
        /*01c0*/                   IMAD.MOV.U32 R5, RZ, RZ, R7 ;                         /* 0x000000ffff057224 */
                                                                                         /* 0x000fd800078e0007 */
        /*01d0*/              @!P2 BREAK B1 ;                                            /* 0x000000000001a942 */
                                                                                         /* 0x000fe20003800000 */
        /*01e0*/               @P2 BRA 0x220 ;                                           /* 0x0000003000002947 */
                                                                                         /* 0x000fea0003800000 */
        /*01f0*/                   ATOMS.POPC.INC.32 RZ, [URZ] ;                         /* 0x00000000ffff7f8c */
                                                                                         /* 0x000fe2000d00003f */
        /*0200*/                   BRA 0x250 ;                                           /* 0x0000004000007947 */
                                                                                         /* 0x000fea0003800000 */
        /*0210*/                   IADD3 R4, R7, 0x1, RZ ;                               /* 0x0000000107047810 */
                                                                                         /* 0x000fe40007ffe0ff */
        /*0220*/                   BSYNC B1 ;                                            /* 0x0000000000017941 */
                                                                                         /* 0x000fea0003800000 */
        /*0230*/                   ISETP.GT.AND P2, PT, R5, R4, PT ;                     /* 0x000000040500720c */
                                                                                         /* 0x000fda0003f44270 */
        /*0240*/               @P2 BRA 0x120 ;                                           /* 0xfffffed000002947 */
                                                                                         /* 0x000fea000383ffff */
        /*0250*/                   BSYNC B0 ;                                            /* 0x0000000000007941 */
                                                                                         /* 0x000fea0003800000 */
        /*0260*/              @!P0 BRA 0x90 ;                                            /* 0xfffffe2000008947 */
                                                                                         /* 0x000fea000383ffff */
        /*0270*/                   WARPSYNC 0xffffffff ;                                 /* 0xffffffff00007948 */
                                                                                         /* 0x000fe20003800000 */
        /*0280*/                   BAR.SYNC.DEFER_BLOCKING 0x0 ;                         /* 0x0000000000007b1d */
                                                                                         /* 0x000fec0000010000 */
        /*0290*/               @P1 EXIT ;                                                /* 0x000000000000194d */
                                                                                         /* 0x000fea0003800000 */
        /*02a0*/                   LDS R5, [RZ] ;                                        /* 0x00000000ff057984 */
                                                                                         /* 0x000e220000000800 */
        /*02b0*/                   IMAD.MOV.U32 R3, RZ, RZ, 0x4 ;                        /* 0x00000004ff037424 */
                                                                                         /* 0x000fc600078e00ff */
        /*02c0*/                   S2R R2, SR_CTAID.X ;                                  /* 0x0000000000027919 */
                                                                                         /* 0x000e640000002500 */
        /*02d0*/                   IMAD.WIDE.U32 R2, R2, R3, c[0x0][0x180] ;             /* 0x0000600002027625 */
                                                                                         /* 0x002fca00078e0003 */
        /*02e0*/                   STG.E [R2.64], R5 ;                                   /* 0x0000000502007986 */
                                                                                         /* 0x001fe2000c101904 */
        /*02f0*/                   EXIT ;                                                /* 0x000000000000794d */
                                                                                         /* 0x000fea0003800000 */
        /*0300*/                   BRA 0x300;                                            /* 0xfffffff000007947 */
                                                                                         /* 0x000fc0000383ffff */
        /*0310*/                   NOP;                                                  /* 0x0000000000007918 */
                                                                                         /* 0x000fc00000000000 */
        /*0320*/                   NOP;                                                  /* 0x0000000000007918 */
                                                                                         /* 0x000fc00000000000 */
        /*0330*/                   NOP;                                                  /* 0x0000000000007918 */
                                                                                         /* 0x000fc00000000000 */
        /*0340*/                   NOP;                                                  /* 0x0000000000007918 */
                                                                                         /* 0x000fc00000000000 */
        /*0350*/                   NOP;                                                  /* 0x0000000000007918 */
                                                                                         /* 0x000fc00000000000 */
        /*0360*/                   NOP;                                                  /* 0x0000000000007918 */
                                                                                         /* 0x000fc00000000000 */
        /*0370*/                   NOP;                                                  /* 0x0000000000007918 */
                                                                                         /* 0x000fc00000000000 */
        /*0380*/                   NOP;                                                  /* 0x0000000000007918 */
                                                                                         /* 0x000fc00000000000 */
        /*0390*/                   NOP;                                                  /* 0x0000000000007918 */
                                                                                         /* 0x000fc00000000000 */
        /*03a0*/                   NOP;                                                  /* 0x0000000000007918 */
                                                                                         /* 0x000fc00000000000 */
        /*03b0*/                   NOP;                                                  /* 0x0000000000007918 */
                                                                                         /* 0x000fc00000000000 */
        /*03c0*/                   NOP;                                                  /* 0x0000000000007918 */
                                                                                         /* 0x000fc00000000000 */
        /*03d0*/                   NOP;                                                  /* 0x0000000000007918 */
                                                                                         /* 0x000fc00000000000 */
        /*03e0*/                   NOP;                                                  /* 0x0000000000007918 */
                                                                                         /* 0x000fc00000000000 */
        /*03f0*/                   NOP;                                                  /* 0x0000000000007918 */
                                                                                         /* 0x000fc00000000000 */
		..........


		Function : _Z15repeated_searchILi3EEvPKiiS1_iPi
	.headerflags	@"EF_CUDA_SM89 EF_CUDA_VIRTUAL_SM(EF_CUDA_SM89)"
        /*0000*/                   IMAD.MOV.U32 R1, RZ, RZ, c[0x0][0x28] ;               /* 0x00000a00ff017624 */
                                                                                         /* 0x000fe400078e00ff */
        /*0010*/                   S2R R0, SR_TID.X ;                                    /* 0x0000000000007919 */
                                                                                         /* 0x000e220000002100 */
        /*0020*/                   ISETP.LT.AND P0, PT, RZ, c[0x0][0x168], PT ;          /* 0x00005a00ff007a0c */
                                                                                         /* 0x000fe20003f01270 */
        /*0030*/                   ULDC.64 UR4, c[0x0][0x118] ;                          /* 0x0000460000047ab9 */
                                                                                         /* 0x000fe20000000a00 */
        /*0040*/                   ISETP.NE.AND P1, PT, R0.reuse, RZ, PT ;               /* 0x000000ff0000720c */
                                                                                         /* 0x041fe40003f25270 */
        /*0050*/                   ISETP.GE.OR P0, PT, R0, c[0x0][0x178], !P0 ;          /* 0x00005e0000007a0c */
                                                                                         /* 0x000fd60004706670 */
        /*0060*/              @!P1 STS [RZ], RZ ;                                        /* 0x000000ffff009388 */
                                                                                         /* 0x000fe80000000800 */
        /*0070*/                   BAR.SYNC.DEFER_BLOCKING 0x0 ;                         /* 0x0000000000007b1d */
                                                                                         /* 0x000fec0000010000 */
        /*0080*/               @P0 BRA 0x2d0 ;                                           /* 0x0000024000000947 */
                                                                                         /* 0x000fea0003800000 */
        /*0090*/                   IMAD.MOV.U32 R7, RZ, RZ, 0x4 ;                        /* 0x00000004ff077424 */
                                                                                         /* 0x000fc800078e00ff */
        /*00a0*/                   IMAD.WIDE R2, R0, R7, c[0x0][0x170] ;                 /* 0x00005c0000027625 */
                                                                                         /* 0x000fca00078e0207 */
        /*00b0*/                   LDG.E R9, [R2.64] ;                                   /* 0x0000000402097981 */
                                                                                         /* 0x000162000c1e1900 */
        /*00c0*/                   IADD3 R0, R0, c[0x0][0x0], RZ ;                       /* 0x0000000000007a10 */
                                                                                         /* 0x000fe20007ffe0ff */
        /*00d0*/                   YIELD ;                                               /* 0x0000000000007946 */
                                                                                         /* 0x000fe20003800000 */
        /*00e0*/                   BSSY B0, 0x1d0 ;                                      /* 0x000000e000007945 */
                                                                                         /* 0x000fe20003800000 */
        /*00f0*/                   IMAD.MOV.U32 R4, RZ, RZ, RZ ;                         /* 0x000000ffff047224 */
                                                                                         /* 0x000fe200078e00ff */
        /*0100*/                   ISETP.GE.AND P0, PT, R0, c[0x0][0x178], PT ;          /* 0x00005e0000007a0c */
                                                                                         /* 0x000fe20003f06270 */
        /*0110*/                   IMAD.MOV.U32 R5, RZ, RZ, c[0x0][0x168] ;              /* 0x00005a00ff057624 */
                                                                                         /* 0x000fc800078e00ff */
        /*0120*/                   IMAD.IADD R2, R5, 0x1, -R4 ;                          /* 0x0000000105027824 */
                                                                                         /* 0x001fca00078e0a04 */
        /*0130*/                   LEA.HI R3, R2, R2, RZ, 0x1 ;                          /* 0x0000000202037211 */
                                                                                         /* 0x000fc800078f08ff */
        /*0140*/                   LEA.HI.SX32 R6, R3, R4, 0x1f ;                        /* 0x0000000403067211 */
                                                                                         /* 0x000fca00078ffaff */
        /*0150*/                   IMAD.WIDE R2, R6, R7, c[0x0][0x160] ;                 /* 0x0000580006027625 */
                                                                                         /* 0x000fcc00078e0207 */
        /*0160*/                   LDG.E R2, [R2.64] ;                                   /* 0x0000000402027981 */
                                                                                         /* 0x000ea4000c1e1900 */
        /*0170*/                   ISETP.GE.AND P2, PT, R2, R9, PT ;                     /* 0x000000090200720c */
                                                                                         /* 0x024fc80003f46270 */
        /*0180*/                   SEL R5, R5, R6, !P2 ;                                 /* 0x0000000605057207 */
                                                                                         /* 0x000fd20005000000 */
        /*0190*/              @!P2 IADD3 R4, R6, 0x1, RZ ;                               /* 0x000000010604a810 */
                                                                                         /* 0x000fc80007ffe0ff */
        /*01a0*/                   ISETP.GT.AND P2, PT, R5, R4, PT ;                     /* 0x000000040500720c */
                                                                                         /* 0x000fda0003f44270 */
        /*01b0*/               @P2 BRA 0x120 ;                                           /* 0xffffff6000002947 */
                                                                                         /* 0x000fea000383ffff */
        /*01c0*/                   BSYNC B0 ;                                            /* 0x0000000000007941 */
                                                                                         /* 0x000fea0003800000 */
        /*01d0*/                   ISETP.GE.AND P2, PT, R4, c[0x0][0x168], PT ;          /* 0x00005a0004007a0c */
                                                                                         /* 0x000fe20003f46270 */
        /*01e0*/                   BSSY B0, 0x260 ;                                      /* 0x0000007000007945 */
                                                                                         /* 0x000fe20003800000 */
        /*01f0*/                   PRMT R5, RZ, 0x7610, R5 ;                             /* 0x00007610ff057816 */
                                                                                         /* 0x000fd60000000005 */
        /*0200*/               @P2 BRA 0x250 ;                                           /* 0x0000004000002947 */
                                                                                         /* 0x000fea0003800000 */
        /*0210*/                   IMAD.WIDE R2, R4, R7, c[0x0][0x160] ;                 /* 0x0000580004027625 */
                                                                                         /* 0x000fcc00078e0207 */
        /*0220*/                   LDG.E R2, [R2.64] ;                                   /* 0x0000000402027981 */
                                                                                         /* 0x000ea4000c1e1900 */
        /*0230*/                   ISETP.GT.AND P2, PT, R2, R9, PT ;                     /* 0x000000090200720c */
                                                                                         /* 0x004fc80003f44270 */
        /*0240*/                   SEL R5, RZ, 0x1, P2 ;                                 /* 0x00000001ff057807 */
                                                                                         /* 0x000fc80001000000 */
        /*0250*/                   BSYNC B0 ;                                            /* 0x0000000000007941 */
                                                                                         /* 0x000fea0003800000 */
        /*0260*/                   PRMT R2, R5, 0x9910, RZ ;                             /* 0x0000991005027816 */
                                                                                         /* 0x000fe200000000ff */
        /*0270*/                   BSSY B0, 0x2c0 ;                                      /* 0x0000004000007945 */
                                                                                         /* 0x000fe60003800000 */
        /*0280*/                   ISETP.NE.AND P2, PT, R2, RZ, PT ;                     /* 0x000000ff0200720c */
                                                                                         /* 0x000fda0003f45270 */
        /*0290*/              @!P2 BRA 0x2b0 ;                                           /* 0x000000100000a947 */
                                                                                         /* 0x000fea0003800000 */
        /*02a0*/                   ATOMS.POPC.INC.32 RZ, [URZ] ;                         /* 0x00000000ffff7f8c */
                                                                                         /* 0x000fe4000d00003f */
        /*02b0*/                   BSYNC B0 ;                                            /* 0x0000000000007941 */
                                                                                         /* 0x000fea0003800000 */
        /*02c0*/              @!P0 BRA 0x90 ;                                            /* 0xfffffdc000008947 */
                                                                                         /* 0x000fea000383ffff */
        /*02d0*/                   WARPSYNC 0xffffffff ;                                 /* 0xffffffff00007948 */
                                                                                         /* 0x000fe20003800000 */
        /*02e0*/                   BAR.SYNC.DEFER_BLOCKING 0x0 ;                         /* 0x0000000000007b1d */
                                                                                         /* 0x000fec0000010000 */
        /*02f0*/               @P1 EXIT ;                                                /* 0x000000000000194d */
                                                                                         /* 0x000fea0003800000 */
        /*0300*/                   LDS R5, [RZ] ;                                        /* 0x00000000ff057984 */
                                                                                         /* 0x000e220000000800 */
        /*0310*/                   IMAD.MOV.U32 R3, RZ, RZ, 0x4 ;                        /* 0x00000004ff037424 */
                                                                                         /* 0x000fc600078e00ff */
        /*0320*/                   S2R R2, SR_CTAID.X ;                                  /* 0x0000000000027919 */
                                                                                         /* 0x000e640000002500 */
        /*0330*/                   IMAD.WIDE.U32 R2, R2, R3, c[0x0][0x180] ;             /* 0x0000600002027625 */
                                                                                         /* 0x002fca00078e0003 */
        /*0340*/                   STG.E [R2.64], R5 ;                                   /* 0x0000000502007986 */
                                                                                         /* 0x001fe2000c101904 */
        /*0350*/                   EXIT ;                                                /* 0x000000000000794d */
                                                                                         /* 0x000fea0003800000 */
        /*0360*/                   BRA 0x360;                                            /* 0xfffffff000007947 */
                                                                                         /* 0x000fc0000383ffff */
        /*0370*/                   NOP;                                                  /* 0x0000000000007918 */
                                                                                         /* 0x000fc00000000000 */
        /*0380*/                   NOP;                                                  /* 0x0000000000007918 */
                                                                                         /* 0x000fc00000000000 */
        /*0390*/                   NOP;                                                  /* 0x0000000000007918 */
                                                                                         /* 0x000fc00000000000 */
        /*03a0*/                   NOP;                                                  /* 0x0000000000007918 */
                                                                                         /* 0x000fc00000000000 */
        /*03b0*/                   NOP;                                                  /* 0x0000000000007918 */
                                                                                         /* 0x000fc00000000000 */
        /*03c0*/                   NOP;                                                  /* 0x0000000000007918 */
                                                                                         /* 0x000fc00000000000 */
        /*03d0*/                   NOP;                                                  /* 0x0000000000007918 */
                                                                                         /* 0x000fc00000000000 */
        /*03e0*/                   NOP;                                                  /* 0x0000000000007918 */
                                                                                         /* 0x000fc00000000000 */
        /*03f0*/                   NOP;                                                  /* 0x0000000000007918 */
                                                                                         /* 0x000fc00000000000 */
		..........


		Function : _Z15repeated_searchILi2EEvPKiiS1_iPi
	.headerflags	@"EF_CUDA_SM89 EF_CUDA_VIRTUAL_SM(EF_CUDA_SM89)"
        /*0000*/                   IMAD.MOV.U32 R1, RZ, RZ, c[0x0][0x28] ;               /* 0x00000a00ff017624 */
                                                                                         /* 0x000fe400078e00ff */
        /*0010*/                   S2R R0, SR_TID.X ;                                    /* 0x0000000000007919 */
                                                                                         /* 0x000e220000002100 */
        /*0020*/                   ISETP.LT.AND P0, PT, RZ, c[0x0][0x168], PT ;          /* 0x00005a00ff007a0c */
                                                                                         /* 0x000fe20003f01270 */
        /*0030*/                   ULDC.64 UR4, c[0x0][0x118] ;                          /* 0x0000460000047ab9 */
                                                                                         /* 0x000fe20000000a00 */
        /*0040*/                   ISETP.NE.AND P1, PT, R0.reuse, RZ, PT ;               /* 0x000000ff0000720c */
                                                                                         /* 0x041fe40003f25270 */
        /*0050*/                   ISETP.GE.OR P0, PT, R0, c[0x0][0x178], !P0 ;          /* 0x00005e0000007a0c */
                                                                                         /* 0x000fd60004706670 */
        /*0060*/              @!P1 STS [RZ], RZ ;                                        /* 0x000000ffff009388 */
                                                                                         /* 0x000fe80000000800 */
        /*0070*/                   BAR.SYNC.DEFER_BLOCKING 0x0 ;                         /* 0x0000000000007b1d */
                                                                                         /* 0x000fec0000010000 */
        /*0080*/               @P0 BRA 0x330 ;                                           /* 0x000002a000000947 */
                                                                                         /* 0x000fea0003800000 */
        /*0090*/                   IMAD.MOV.U32 R4, RZ, RZ, c[0x0][0x168] ;              /* 0x00005a00ff047624 */
                                                                                         /* 0x000fca00078e00ff */
        /*00a0*/                   SHF.R.S32.HI R4, RZ, 0x1f, R4 ;                       /* 0x0000001fff047819 */
                                                                                         /* 0x000fe40000011404 */
        /*00b0*/                   IMAD.MOV.U32 R3, RZ, RZ, 0x4 ;                        /* 0x00000004ff037424 */
                                                                                         /* 0x000fc800078e00ff */
        /*00c0*/                   IMAD.WIDE R2, R0, R3, c[0x0][0x170] ;                 /* 0x00005c0000027625 */
                                                                                         /* 0x000fca00078e0203 */
        /*00d0*/                   LDG.E R9, [R2.64] ;                                   /* 0x0000000402097981 */
                                                                                         /* 0x000162000c1e1900 */
        /*00e0*/                   IADD3 R0, R0, c[0x0][0x0], RZ ;                       /* 0x0000000000007a10 */
                                                                                         /* 0x000fe20007ffe0ff */
        /*00f0*/                   YIELD ;                                               /* 0x0000000000007946 */
                                                                                         /* 0x000fe20003800000 */
        /*0100*/                   BSSY B0, 0x320 ;                                      /* 0x0000021000007945 */
                                                                                         /* 0x000fe20003800000 */
        /*0110*/                   IMAD.MOV.U32 R8, RZ, RZ, RZ ;                         /* 0x000000ffff087224 */
                                                                                         /* 0x000fe200078e00ff */
        /*0120*/                   ISETP.GE.AND P2, PT, R0, c[0x0][0x178], PT ;          /* 0x00005e0000007a0c */
                                                                                         /* 0x000fe20003f46270 */
        /*0130*/                   IMAD.MOV.U32 R7, RZ, RZ, RZ ;                         /* 0x000000ffff077224 */
                                                                                         /* 0x000fe400078e00ff */
        /*0140*/                   IMAD.MOV.U32 R5, RZ, RZ, c[0x0][0x168] ;              /* 0x00005a00ff057624 */
                                                                                         /* 0x000fe400078e00ff */
        /*0150*/                   IMAD.MOV.U32 R6, RZ, RZ, R4 ;                         /* 0x000000ffff067224 */
                                                                                         /* 0x001fc600078e0004 */
        /*0160*/                   IADD3 R2, P0, R5, -R8, RZ ;                           /* 0x8000000805027210 */
                                                                                         /* 0x000fca0007f1e0ff */
        /*0170*/                   IMAD.X R3, R6, 0x1, ~R7, P0 ;                         /* 0x0000000106037824 */
                                                                                         /* 0x000fca00000e0e07 */
        /*0180*/                   LEA.HI R2, P0, R3, R2, RZ, 0x1 ;                      /* 0x0000000203027211 */
                                                                                         /* 0x000fca00078108ff */
        /*0190*/                   IMAD.X R3, RZ, RZ, R3, P0 ;                           /* 0x000000ffff037224 */
                                                                                         /* 0x000fca00000e0603 */
        /*01a0*/                   SHF.R.S64 R2, R2, 0x1, R3.reuse ;                     /* 0x0000000102027819 */
                                                                                         /* 0x100fe40000001003 */
        /*01b0*/                   SHF.R.S32.HI R3, RZ, 0x1, R3 ;                        /* 0x00000001ff037819 */
                                                                                         /* 0x000fe40000011403 */
        /*01c0*/                   IADD3 R10, P0, R2, R8, RZ ;                           /* 0x00000008020a7210 */
                                                                                         /* 0x000fca0007f1e0ff */
        /*01d0*/                   IMAD.X R11, R3, 0x1, R7, P0 ;                         /* 0x00000001030b7824 */
                                                                                         /* 0x000fe200000e0607 */
        /*01e0*/                   LEA R2, P0, R10, c[0x0][0x160], 0x2 ;                 /* 0x000058000a027a11 */
                                                                                         /* 0x000fc800078010ff */
        /*01f0*/                   LEA.HI.X R3, R10, c[0x0][0x164], R11, 0x2, P0 ;       /* 0x000059000a037a11 */
                                                                                         /* 0x000fca00000f140b */
        /*0200*/                   LDG.E R2, [R2.64] ;                                   /* 0x0000000402027981 */
                                                                                         /* 0x000ea2000c1e1900 */
        /*0210*/                   BSSY B1, 0x2e0 ;                                      /* 0x000000c000017945 */
                                                                                         /* 0x000fe20003800000 */
        /*0220*/                   ISETP.GE.AND P0, PT, R2, R9, PT ;                     /* 0x000000090200720c */
                                                                                         /* 0x024fda0003f06270 */
        /*0230*/              @!P0 BRA 0x2b0 ;                                           /* 0x0000007000008947 */
                                                                                         /* 0x000fea0003800000 */
        /*0240*/                   ISETP.GT.AND P0, PT, R2, R9, PT ;                     /* 0x000000090200720c */
                                                                                         /* 0x000fe20003f04270 */
        /*0250*/                   IMAD.MOV.U32 R5, RZ, RZ, R10 ;                        /* 0x000000ffff057224 */
                                                                                         /* 0x000fe400078e000a */
        /*0260*/                   IMAD.MOV.U32 R6, RZ, RZ, R11 ;                        /* 0x000000ffff067224 */
                                                                                         /* 0x000fd400078e000b */
        /*0270*/              @!P0 BREAK B1 ;                                            /* 0x0000000000018942 */
                                                                                         /* 0x000fe20003800000 */
        /*0280*/               @P0 BRA 0x2d0 ;                                           /* 0x0000004000000947 */
                                                                                         /* 0x000fea0003800000 */
        /*0290*/                   ATOMS.POPC.INC.32 RZ, [URZ] ;                         /* 0x00000000ffff7f8c */
                                                                                         /* 0x000fe2000d00003f */
        /*02a0*/                   BRA 0x310 ;                                           /* 0x0000006000007947 */
                                                                                         /* 0x000fea0003800000 */
        /*02b0*/                   IADD3 R8, P0, R10, 0x1, RZ ;                          /* 0x000000010a087810 */
                                                                                         /* 0x000fca0007f1e0ff */
        /*02c0*/                   IMAD.X R7, RZ, RZ, R11, P0 ;                          /* 0x000000ffff077224 */
                                                                                         /* 0x000fc600000e060b */
        /*02d0*/                   BSYNC B1 ;                                            /* 0x0000000000017941 */
                                                                                         /* 0x000fea0003800000 */
        /*02e0*/                   ISETP.GT.U32.AND P0, PT, R5, R8, PT ;                 /* 0x000000080500720c */
                                                                                         /* 0x000fc80003f04070 */
        /*02f0*/                   ISETP.GT.AND.EX P0, PT, R6, R7, PT, P0 ;              /* 0x000000070600720c */
                                                                                         /* 0x000fda0003f04300 */
        /*0300*/               @P0 BRA 0x160 ;                                           /* 0xfffffe5000000947 */
                                                                                         /* 0x000fea000383ffff */
        /*0310*/                   BSYNC B0 ;                                            /* 0x0000000000007941 */
                                                                                         /* 0x000fea0003800000 */
        /*0320*/              @!P2 BRA 0xb0 ;                                            /* 0xfffffd800000a947 */
                                                                                         /* 0x000fea000383ffff */
        /*0330*/                   WARPSYNC 0xffffffff ;                                 /* 0xffffffff00007948 */
                                                                                         /* 0x000fe20003800000 */
        /*0340*/                   BAR.SYNC.DEFER_BLOCKING 0x0 ;                         /* 0x0000000000007b1d */
                                                                                         /* 0x000fec0000010000 */
        /*0350*/               @P1 EXIT ;                                                /* 0x000000000000194d */
                                                                                         /* 0x000fea0003800000 */
        /*0360*/                   LDS R5, [RZ] ;                                        /* 0x00000000ff057984 */
                                                                                         /* 0x000e220000000800 */
        /*0370*/                   IMAD.MOV.U32 R3, RZ, RZ, 0x4 ;                        /* 0x00000004ff037424 */
                                                                                         /* 0x000fc600078e00ff */
        /*0380*/                   S2R R2, SR_CTAID.X ;                                  /* 0x0000000000027919 */
                                                                                         /* 0x000e640000002500 */
        /*0390*/                   IMAD.WIDE.U32 R2, R2, R3, c[0x0][0x180] ;             /* 0x0000600002027625 */
                                                                                         /* 0x002fca00078e0003 */
        /*03a0*/                   STG.E [R2.64], R5 ;                                   /* 0x0000000502007986 */
                                                                                         /* 0x001fe2000c101904 */
        /*03b0*/                   EXIT ;                                                /* 0x000000000000794d */
                                                                                         /* 0x000fea0003800000 */
        /*03c0*/                   BRA 0x3c0;                                            /* 0xfffffff000007947 */
                                                                                         /* 0x000fc0000383ffff */
        /*03d0*/                   NOP;                                                  /* 0x0000000000007918 */
                                                                                         /* 0x000fc00000000000 */
        /*03e0*/                   NOP;                                                  /* 0x0000000000007918 */
                                                                                         /* 0x000fc00000000000 */
        /*03f0*/                   NOP;                                                  /* 0x0000000000007918 */
                                                                                         /* 0x000fc00000000000 */
        /*0400*/                   NOP;                                                  /* 0x0000000000007918 */
                                                                                         /* 0x000fc00000000000 */
        /*0410*/                   NOP;                                                  /* 0x0000000000007918 */
                                                                                         /* 0x000fc00000000000 */
        /*0420*/                   NOP;                                                  /* 0x0000000000007918 */
                                                                                         /* 0x000fc00000000000 */
        /*0430*/                   NOP;                                                  /* 0x0000000000007918 */
                                                                                         /* 0x000fc00000000000 */
        /*0440*/                   NOP;                                                  /* 0x0000000000007918 */
                                                                                         /* 0x000fc00000000000 */
        /*0450*/                   NOP;                                                  /* 0x0000000000007918 */
                                                                                         /* 0x000fc00000000000 */
        /*0460*/                   NOP;                                                  /* 0x0000000000007918 */
                                                                                         /* 0x000fc00000000000 */
        /*0470*/                   NOP;                                                  /* 0x0000000000007918 */
                                                                                         /* 0x000fc00000000000 */
		..........


		Function : _Z15repeated_searchILi1EEvPKiiS1_iPi
	.headerflags	@"EF_CUDA_SM89 EF_CUDA_VIRTUAL_SM(EF_CUDA_SM89)"
        /*0000*/                   IMAD.MOV.U32 R1, RZ, RZ, c[0x0][0x28] ;               /* 0x00000a00ff017624 */
                                                                                         /* 0x000fe400078e00ff */
        /*0010*/                   S2R R0, SR_TID.X ;                                    /* 0x0000000000007919 */
                                                                                         /* 0x000e220000002100 */
        /*0020*/                   ULDC.64 UR4, c[0x0][0x118] ;                          /* 0x0000460000047ab9 */
                                                                                         /* 0x000fe20000000a00 */
        /*0030*/                   ISETP.NE.AND P1, PT, R0.reuse, RZ, PT ;               /* 0x000000ff0000720c */
                                                                                         /* 0x041fe40003f25270 */
        /*0040*/                   ISETP.GE.AND P0, PT, R0, c[0x0][0x178], PT ;          /* 0x00005e0000007a0c */
                                                                                         /* 0x000fd60003f06270 */
        /*0050*/              @!P1 STS [RZ], RZ ;                                        /* 0x000000ffff009388 */
                                                                                         /* 0x000fe80000000800 */
        /*0060*/                   BAR.SYNC.DEFER_BLOCKING 0x0 ;                         /* 0x0000000000007b1d */
                                                                                         /* 0x000fec0000010000 */
        /*0070*/               @P0 BRA 0x3f0 ;                                           /* 0x0000037000000947 */
                                                                                         /* 0x000fea0003800000 */
        /*0080*/                   ISETP.LT.AND P0, PT, RZ, c[0x0][0x168], PT ;          /* 0x00005a00ff007a0c */
                                                                                         /* 0x000fda0003f01270 */
        /*0090*/              @!P0 BRA 0x3f0 ;                                           /* 0x0000035000008947 */
                                                                                         /* 0x000fea0003800000 */
        /*00a0*/                   IMAD.MOV.U32 R5, RZ, RZ, c[0x0][0x168] ;              /* 0x00005a00ff057624 */
                                                                                         /* 0x000fca00078e00ff */
        /*00b0*/                   SHF.R.S32.HI R5, RZ, 0x1f, R5 ;                       /* 0x0000001fff057819 */
                                                                                         /* 0x000fe40000011405 */
        /*00c0*/                   IMAD.MOV.U32 R3, RZ, RZ, 0x4 ;                        /* 0x00000004ff037424 */
                                                                                         /* 0x000fc800078e00ff */
        /*00d0*/                   IMAD.WIDE R2, R0, R3, c[0x0][0x170] ;                 /* 0x00005c0000027625 */
                                                                                         /* 0x000fca00078e0203 */
        /*00e0*/                   LDG.E R13, [R2.64] ;                                  /* 0x00000004020d7981 */
                                                                                         /* 0x000162000c1e1900 */
        /*00f0*/                   IADD3 R0, R0, c[0x0][0x0], RZ ;                       /* 0x0000000000007a10 */
                                                                                         /* 0x000fe20007ffe0ff */
        /*0100*/                   YIELD ;                                               /* 0x0000000000007946 */
                                                                                         /* 0x000fe20003800000 */
        /*0110*/                   BSSY B0, 0x2d0 ;                                      /* 0x000001b000007945 */
                                                                                         /* 0x000fe20003800000 */
        /*0120*/                   IMAD.MOV.U32 R11, RZ, RZ, RZ ;                        /* 0x000000ffff0b7224 */
                                                                                         /* 0x000fe200078e00ff */
        /*0130*/                   ISETP.GE.AND P2, PT, R0, c[0x0][0x178], PT ;          /* 0x00005e0000007a0c */
                                                                                         /* 0x000fe20003f46270 */
        /*0140*/                   IMAD.MOV.U32 R12, RZ, RZ, RZ ;                        /* 0x000000ffff0c7224 */
                                                                                         /* 0x000fe400078e00ff */
        /*0150*/                   IMAD.MOV.U32 R10, RZ, RZ, c[0x0][0x168] ;             /* 0x00005a00ff0a7624 */
                                                                                         /* 0x000fe400078e00ff */
        /*0160*/                   IMAD.MOV.U32 R9, RZ, RZ, R5 ;                         /* 0x000000ffff097224 */
                                                                                         /* 0x001fc600078e0005 */
        /*0170*/                   IADD3 R7, P0, -R11, R10, RZ ;                         /* 0x0000000a0b077210 */
                                                                                         /* 0x000fca0007f1e1ff */
        /*0180*/                   IMAD.X R8, R9, 0x1, ~R12, P0 ;                        /* 0x0000000109087824 */
                                                                                         /* 0x000fca00000e0e0c */
        /*0190*/                   LEA.HI R7, P0, R8, R7, RZ, 0x1 ;                      /* 0x0000000708077211 */
                                                                                         /* 0x000fca00078108ff */
        /*01a0*/                   IMAD.X R8, RZ, RZ, R8, P0 ;                           /* 0x000000ffff087224 */
                                                                                         /* 0x000fca00000e0608 */
        /*01b0*/                   SHF.R.S64 R7, R7, 0x1, R8.reuse ;                     /* 0x0000000107077819 */
                                                                                         /* 0x100fe40000001008 */
        /*01c0*/                   SHF.R.S32.HI R8, RZ, 0x1, R8 ;                        /* 0x00000001ff087819 */
                                                                                         /* 0x000fe40000011408 */
        /*01d0*/                   IADD3 R7, P0, R11, R7, RZ ;                           /* 0x000000070b077210 */
                                                                                         /* 0x000fca0007f1e0ff */
        /*01e0*/                   IMAD.X R8, R12, 0x1, R8, P0 ;                         /* 0x000000010c087824 */
                                                                                         /* 0x000fe200000e0608 */
        /*01f0*/                   LEA R2, P0, R7, c[0x0][0x160], 0x2 ;                  /* 0x0000580007027a11 */
                                                                                         /* 0x000fc800078010ff */
        /*0200*/                   LEA.HI.X R3, R7, c[0x0][0x164], R8, 0x2, P0 ;         /* 0x0000590007037a11 */
                                                                                         /* 0x000fca00000f1408 */
        /*0210*/                   LDG.E R2, [R2.64] ;                                   /* 0x0000000402027981 */
                                                                                         /* 0x000ea2000c1e1900 */
        /*0220*/                   IADD3 R4, P3, R7, 0x1, RZ ;                           /* 0x0000000107047810 */
                                                                                         /* 0x000fca0007f7e0ff */
        /*0230*/                   IMAD.X R6, RZ, RZ, R8, P3 ;                           /* 0x000000ffff067224 */
                                                                                         /* 0x000fe200018e0608 */
        /*0240*/                   ISETP.GE.AND P0, PT, R2, R13, PT ;                    /* 0x0000000d0200720c */
                                                                                         /* 0x024fc80003f06270 */
        /*0250*/                   SEL R11, R4, R11, !P0 ;                               /* 0x0000000b040b7207 */
                                                                                         /* 0x000fe40004000000 */
        /*0260*/                   SEL R10, R10, R7, !P0 ;                               /* 0x000000070a0a7207 */
                                                                                         /* 0x000fe40004000000 */
        /*0270*/                   SEL R12, R6, R12, !P0 ;                               /* 0x0000000c060c7207 */
                                                                                         /* 0x000fe40004000000 */
        /*0280*/                   SEL R9, R9, R8, !P0 ;                                 /* 0x0000000809097207 */
                                                                                         /* 0x000fe40004000000 */
        /*0290*/                   ISETP.GT.U32.AND P0, PT, R10, R11, PT ;               /* 0x0000000b0a00720c */
                                                                                         /* 0x000fc80003f04070 */
        /*02a0*/                   ISETP.GT.AND.EX P0, PT, R9, R12, PT, P0 ;             /* 0x0000000c0900720c */
                                                                                         /* 0x000fda0003f04300 */
        /*02b0*/               @P0 BRA 0x170 ;                                           /* 0xfffffeb000000947 */
                                                                                         /* 0x000fea000383ffff */
        /*02c0*/                   BSYNC B0 ;                                            /* 0x0000000000007941 */
                                                                                         /* 0x000fea0003800000 */
        /*02d0*/                   ISETP.GE.U32.AND P0, PT, R11, c[0x0][0x168], PT ;     /* 0x00005a000b007a0c */
                                                                                         /* 0x000fe20003f06070 */
        /*02e0*/                   BSSY B0, 0x380 ;                                      /* 0x0000009000007945 */
                                                                                         /* 0x000fe20003800000 */
        /*02f0*/                   PRMT R4, RZ, 0x7610, R4 ;                             /* 0x00007610ff047816 */
                                                                                         /* 0x000fe40000000004 */
        /*0300*/                   ISETP.GE.AND.EX P0, PT, R12, R5, PT, P0 ;             /* 0x000000050c00720c */
                                                                                         /* 0x000fda0003f06300 */
        /*0310*/               @P0 BRA 0x370 ;                                           /* 0x0000005000000947 */
                                                                                         /* 0x000fea0003800000 */
        /*0320*/                   LEA R2, P0, R11, c[0x0][0x160], 0x2 ;                 /* 0x000058000b027a11 */
                                                                                         /* 0x000fc800078010ff */
        /*0330*/                   LEA.HI.X R3, R11, c[0x0][0x164], R12, 0x2, P0 ;       /* 0x000059000b037a11 */
                                                                                         /* 0x000fca00000f140c */
        /*0340*/                   LDG.E R2, [R2.64] ;                                   /* 0x0000000402027981 */
                                                                                         /* 0x000ea4000c1e1900 */
        /*0350*/                   ISETP.GT.AND P0, PT, R2, R13, PT ;                    /* 0x0000000d0200720c */
                                                                                         /* 0x004fc80003f04270 */
        /*0360*/                   SEL R4, RZ, 0x1, P0 ;                                 /* 0x00000001ff047807 */
                                                                                         /* 0x000fc80000000000 */
        /*0370*/                   BSYNC B0 ;                                            /* 0x0000000000007941 */
                                                                                         /* 0x000fea0003800000 */
        /*0380*/                   PRMT R2, R4, 0x9910, RZ ;                             /* 0x0000991004027816 */
                                                                                         /* 0x000fe200000000ff */
        /*0390*/                   BSSY B0, 0x3e0 ;                                      /* 0x0000004000007945 */
                                                                                         /* 0x000fe60003800000 */
        /*03a0*/                   ISETP.NE.AND P0, PT, R2, RZ, PT ;                     /* 0x000000ff0200720c */
                                                                                         /* 0x000fda0003f05270 */
        /*03b0*/              @!P0 BRA 0x3d0 ;                                           /* 0x0000001000008947 */
                                                                                         /* 0x000fea0003800000 */
        /*03c0*/                   ATOMS.POPC.INC.32 RZ, [URZ] ;                         /* 0x00000000ffff7f8c */
                                                                                         /* 0x000fe4000d00003f */
        /*03d0*/                   BSYNC B0 ;                                            /* 0x0000000000007941 */
                                                                                         /* 0x000fea0003800000 */
        /*03e0*/              @!P2 BRA 0xc0 ;                                            /* 0xfffffcd00000a947 */
                                                                                         /* 0x000fea000383ffff */
        /*03f0*/                   WARPSYNC 0xffffffff ;                                 /* 0xffffffff00007948 */
                                                                                         /* 0x000fe20003800000 */
        /*0400*/                   BAR.SYNC.DEFER_BLOCKING 0x0 ;                         /* 0x0000000000007b1d */
                                                                                         /* 0x000fec0000010000 */
        /*0410*/               @P1 EXIT ;                                                /* 0x000000000000194d */
                                                                                         /* 0x000fea0003800000 */
        /*0420*/                   LDS R5, [RZ] ;                                        /* 0x00000000ff057984 */
                                                                                         /* 0x000e220000000800 */
        /*0430*/                   IMAD.MOV.U32 R3, RZ, RZ, 0x4 ;                        /* 0x00000004ff037424 */
                                                                                         /* 0x000fc600078e00ff */
        /*0440*/                   S2R R2, SR_CTAID.X ;                                  /* 0x0000000000027919 */
                                                                                         /* 0x000e640000002500 */
        /*0450*/                   IMAD.WIDE.U32 R2, R2, R3, c[0x0][0x180] ;             /* 0x0000600002027625 */
                                                                                         /* 0x002fca00078e0003 */
        /*0460*/                   STG.E [R2.64], R5 ;                                   /* 0x0000000502007986 */
                                                                                         /* 0x001fe2000c101904 */
        /*0470*/                   EXIT ;                                                /* 0x000000000000794d */
                                                                                         /* 0x000fea0003800000 */
        /*0480*/                   BRA 0x480;                                            /* 0xfffffff000007947 */
                                                                                         /* 0x000fc0000383ffff */
        /*0490*/                   NOP;                                                  /* 0x0000000000007918 */
                                                                                         /* 0x000fc00000000000 */
        /*04a0*/                   NOP;                                                  /* 0x0000000000007918 */
                                                                                         /* 0x000fc00000000000 */
        /*04b0*/                   NOP;                                                  /* 0x0000000000007918 */
                                                                                         /* 0x000fc00000000000 */
        /*04c0*/                   NOP;                                                  /* 0x0000000000007918 */
                                                                                         /* 0x000fc00000000000 */
        /*04d0*/                   NOP;                                                  /* 0x0000000000007918 */
                                                                                         /* 0x000fc00000000000 */
        /*04e0*/                   NOP;                                                  /* 0x0000000000007918 */
                                                                                         /* 0x000fc00000000000 */
        /*04f0*/                   NOP;                                                  /* 0x0000000000007918 */
                                                                                         /* 0x000fc00000000000 */
        /*0500*/                   NOP;                                                  /* 0x0000000000007918 */
                                                                                         /* 0x000fc00000000000 */
        /*0510*/                   NOP;                                                  /* 0x0000000000007918 */
                                                                                         /* 0x000fc00000000000 */
        /*0520*/                   NOP;                                                  /* 0x0000000000007918 */
                                                                                         /* 0x000fc00000000000 */
        /*0530*/                   NOP;                                                  /* 0x0000000000007918 */
                                                                                         /* 0x000fc00000000000 */
        /*0540*/                   NOP;                                                  /* 0x0000000000007918 */
                                                                                         /* 0x000fc00000000000 */
        /*0550*/                   NOP;                                                  /* 0x0000000000007918 */
                                                                                         /* 0x000fc00000000000 */
        /*0560*/                   NOP;                                                  /* 0x0000000000007918 */
                                                                                         /* 0x000fc00000000000 */
        /*0570*/                   NOP;                                                  /* 0x0000000000007918 */
                                                                                         /* 0x000fc00000000000 */
		..........


		Function : _Z15repeated_searchILi0EEvPKiiS1_iPi
	.headerflags	@"EF_CUDA_SM89 EF_CUDA_VIRTUAL_SM(EF_CUDA_SM89)"
        /*0000*/                   IMAD.MOV.U32 R1, RZ, RZ, c[0x0][0x28] ;               /* 0x00000a00ff017624 */
                                                                                         /* 0x000fe400078e00ff */
        /*0010*/                   S2R R0, SR_TID.X ;                                    /* 0x0000000000007919 */
                                                                                         /* 0x000e220000002100 */
        /*0020*/                   ULDC.64 UR4, c[0x0][0x118] ;                          /* 0x0000460000047ab9 */
                                                                                         /* 0x000fe20000000a00 */
        /*0030*/                   ISETP.NE.AND P1, PT, R0.reuse, RZ, PT ;               /* 0x000000ff0000720c */
                                                                                         /* 0x041fe40003f25270 */
        /*0040*/                   ISETP.GE.AND P0, PT, R0, c[0x0][0x178], PT ;          /* 0x00005e0000007a0c */
                                                                                         /* 0x000fd60003f06270 */
        /*0050*/              @!P1 STS [RZ], RZ ;                                        /* 0x000000ffff009388 */
                                                                                         /* 0x000fe80000000800 */
        /*0060*/                   BAR.SYNC.DEFER_BLOCKING 0x0 ;                         /* 0x0000000000007b1d */
                                                                                         /* 0x000fec0000010000 */
        /*0070*/               @P0 BRA 0x660 ;                                           /* 0x000005e000000947 */
                                                                                         /* 0x000fea0003800000 */
        /*0080*/                   ISETP.NE.AND P0, PT, RZ, c[0x0][0x168], PT ;          /* 0x00005a00ff007a0c */
                                                                                         /* 0x000fe20003f05270 */
        /*0090*/                   IMAD.MOV.U32 R6, RZ, RZ, c[0x0][0x168] ;              /* 0x00005a00ff067624 */
                                                                                         /* 0x000fc400078e00ff */
        /*00a0*/                   IMAD.MOV.U32 R3, RZ, RZ, 0x4 ;                        /* 0x00000004ff037424 */
                                                                                         /* 0x000fc800078e00ff */
        /*00b0*/                   IMAD.WIDE R2, R6, R3, c[0x0][0x160] ;                 /* 0x0000580006027625 */
                                                                                         /* 0x000fcc00078e0203 */
        /*00c0*/              @!P0 BRA 0x500 ;                                           /* 0x0000043000008947 */
                                                                                         /* 0x000fea0003800000 */
        /*00d0*/                   SHF.R.S32.HI R6, RZ, 0x1f, R6 ;                       /* 0x0000001fff067819 */
                                                                                         /* 0x000fe40000011406 */
        /*00e0*/                   IMAD.MOV.U32 R5, RZ, RZ, 0x4 ;                        /* 0x00000004ff057424 */
                                                                                         /* 0x000fc800078e00ff */
        /*00f0*/                   IMAD.WIDE R4, R0, R5, c[0x0][0x170] ;                 /* 0x00005c0000047625 */
                                                                                         /* 0x000fca00078e0205 */
        /*0100*/                   LDG.E R23, [R4.64] ;                                  /* 0x0000000404177981 */
                                                                                         /* 0x000162000c1e1900 */
        /*0110*/                   YIELD ;                                               /* 0x0000000000007946 */
                                                                                         /* 0x000fe20003800000 */
        /*0120*/                   BSSY B0, 0x3b0 ;                                      /* 0x0000028000007945 */
                                                                                         /* 0x000fe20003800000 */
        /*0130*/                   IMAD.MOV.U32 R21, RZ, RZ, c[0x0][0x168] ;             /* 0x00005a00ff157624 */
                                                                                         /* 0x000fe400078e00ff */
        /*0140*/                   IMAD.MOV.U32 R22, RZ, RZ, R6 ;                        /* 0x000000ffff167224 */
                                                                                         /* 0x000fe400078e0006 */
        /*0150*/                   IMAD.MOV.U32 R18, RZ, RZ, c[0x0][0x160] ;             /* 0x00005800ff127624 */
                                                                                         /* 0x000fe400078e00ff */
        /*0160*/                   IMAD.MOV.U32 R20, RZ, RZ, c[0x0][0x164] ;             /* 0x00005900ff147624 */
                                                                                         /* 0x000fe400078e00ff */
        /*0170*/                   IMAD.MOV.U32 R15, RZ, RZ, c[0x0][0x160] ;             /* 0x00005800ff0f7624 */
                                                                                         /* 0x000fc400078e00ff */
        /*0180*/                   IMAD.MOV.U32 R19, RZ, RZ, c[0x0][0x164] ;             /* 0x00005900ff137624 */
                                                                                         /* 0x000fe400078e00ff */
        /*0190*/                   IMAD.MOV.U32 R16, RZ, RZ, c[0x0][0x160] ;             /* 0x00005800ff107624 */
                                                                                         /* 0x000fe400078e00ff */
        /*01a0*/                   IMAD.MOV.U32 R17, RZ, RZ, c[0x0][0x164] ;             /* 0x00005900ff117624 */
                                                                                         /* 0x001fe400078e00ff */
        /*01b0*/                   SHF.R.U64 R13, R21, 0x1, R22.reuse ;                  /* 0x00000001150d7819 */
                                                                                         /* 0x100fe40000001216 */
        /*01c0*/                   SHF.R.U32.HI R14, RZ, 0x1, R22 ;                      /* 0x00000001ff0e7819 */
                                                                                         /* 0x000fc60000011616 */
        /*01d0*/                   IMAD.SHL.U32 R11, R13.reuse, 0x4, RZ ;                /* 0x000000040d0b7824 */
                                                                                         /* 0x040fe200078e00ff */
        /*01e0*/                   SHF.L.U64.HI R12, R13, 0x2, R14 ;                     /* 0x000000020d0c7819 */
                                                                                         /* 0x000fc8000001020e */
        /*01f0*/                   IADD3 R4, P0, R18, R11, RZ ;                          /* 0x0000000b12047210 */
                                                                                         /* 0x000fca0007f1e0ff */
        /*0200*/                   IMAD.X R5, R20, 0x1, R12, P0 ;                        /* 0x0000000114057824 */
                                                                                         /* 0x000fca00000e060c */
        /*0210*/                   LDG.E R7, [R4.64] ;                                   /* 0x0000000404077981 */
                                                                                         /* 0x000ea2000c1e1900 */
        /*0220*/                   LOP3.LUT R8, RZ, R13, RZ, 0x33, !PT ;                 /* 0x0000000dff087212 */
                                                                                         /* 0x000fe400078e33ff */
        /*0230*/                   LOP3.LUT R9, RZ, R14, RZ, 0x33, !PT ;                 /* 0x0000000eff097212 */
                                                                                         /* 0x000fe400078e33ff */
        /*0240*/                   IADD3 R8, P4, R21, R8, RZ ;                           /* 0x0000000815087210 */
                                                                                         /* 0x000fe40007f9e0ff */
        /*0250*/                   IADD3 R11, P0, R11, 0x4, RZ ;                         /* 0x000000040b0b7810 */
                                                                                         /* 0x000fc80007f1e0ff */
        /*0260*/                   IADD3 R10, P3, R15, R11, RZ ;                         /* 0x0000000b0f0a7210 */
                                                                                         /* 0x000fe40007f7e0ff */
        /*0270*/                   ISETP.GE.AND P2, PT, R7, R23, PT ;                    /* 0x000000170700720c */
                                                                                         /* 0x024fe20003f46270 */
        /*0280*/                   IMAD.X R7, R22, 0x1, R9, P4 ;                         /* 0x0000000116077824 */
                                                                                         /* 0x000fc600020e0609 */
        /*0290*/                   SEL R21, R8, R13, !P2 ;                               /* 0x0000000d08157207 */
                                                                                         /* 0x000fe20005000000 */
        /*02a0*/                   IMAD.X R8, RZ, RZ, R12, P0 ;                          /* 0x000000ffff087224 */
                                                                                         /* 0x000fe200000e060c */
        /*02b0*/                   SEL R22, R7, R14, !P2 ;                               /* 0x0000000e07167207 */
                                                                                         /* 0x000fe40005000000 */
        /*02c0*/                   ISETP.NE.U32.AND P0, PT, R21, RZ, PT ;                /* 0x000000ff1500720c */
                                                                                         /* 0x000fe20003f05070 */
        /*02d0*/                   IMAD.X R9, R19, 0x1, R8.reuse, P3 ;                   /* 0x0000000113097824 */
                                                                                         /* 0x100fe200018e0608 */
        /*02e0*/                   IADD3 R7, P4, R16, R11, RZ ;                          /* 0x0000000b10077210 */
                                                                                         /* 0x000fe40007f9e0ff */
        /*02f0*/                   ISETP.NE.AND.EX P0, PT, R22, RZ, PT, P0 ;             /* 0x000000ff1600720c */
                                                                                         /* 0x000fe40003f05300 */
        /*0300*/                   IADD3 R4, P3, R4, 0x4, RZ ;                           /* 0x0000000404047810 */
                                                                                         /* 0x000fe20007f7e0ff */
        /*0310*/                   IMAD.X R8, R17, 0x1, R8, P4 ;                         /* 0x0000000111087824 */
                                                                                         /* 0x000fe200020e0608 */
        /*0320*/                   SEL R15, R10, R15, !P2 ;                              /* 0x0000000f0a0f7207 */
                                                                                         /* 0x000fc40005000000 */
        /*0330*/                   SEL R19, R9, R19, !P2 ;                               /* 0x0000001309137207 */
                                                                                         /* 0x000fe20005000000 */
        /*0340*/                   IMAD.X R5, RZ, RZ, R5, P3 ;                           /* 0x000000ffff057224 */
                                                                                         /* 0x000fe200018e0605 */
        /*0350*/                   SEL R16, R7, R16, !P2 ;                               /* 0x0000001007107207 */
                                                                                         /* 0x000fe40005000000 */
        /*0360*/                   SEL R17, R8, R17, !P2 ;                               /* 0x0000001108117207 */
                                                                                         /* 0x000fe40005000000 */
        /*0370*/                   SEL R18, R4, R18, !P2 ;                               /* 0x0000001204127207 */
                                                                                         /* 0x000fe40005000000 */
        /*0380*/                   SEL R20, R5, R20, !P2 ;                               /* 0x0000001405147207 */
                                                                                         /* 0x000fe20005000000 */
        /*0390*/               @P0 BRA 0x1b0 ;                                           /* 0xfffffe1000000947 */
                                                                                         /* 0x000fea000383ffff */
        /*03a0*/                   BSYNC B0 ;                                            /* 0x0000000000007941 */
                                                                                         /* 0x000fea0003800000 */
        /*03b0*/                   ISETP.NE.U32.AND P0, PT, R15, R2, PT ;                /* 0x000000020f00720c */
                                                                                         /* 0x000fe20003f05070 */
        /*03c0*/                   BSSY B0, 0x460 ;                                      /* 0x0000009000007945 */
                                                                                         /* 0x000fe20003800000 */
        /*03d0*/                   PRMT R7, RZ, 0x7610, R7 ;                             /* 0x00007610ff077816 */
                                                                                         /* 0x000fc40000000007 */
        /*03e0*/                   ISETP.NE.AND.EX P0, PT, R19, R3, PT, P0 ;             /* 0x000000031300720c */
                                                                                         /* 0x000fda0003f05300 */
        /*03f0*/              @!P0 BRA 0x450 ;                                           /* 0x0000005000008947 */
                                                                                         /* 0x000fea0003800000 */
        /*0400*/                   IMAD.MOV.U32 R4, RZ, RZ, R16 ;                        /* 0x000000ffff047224 */
                                                                                         /* 0x000fe400078e0010 */
        /*0410*/                   IMAD.MOV.U32 R5, RZ, RZ, R17 ;                        /* 0x000000ffff057224 */
                                                                                         /* 0x000fca00078e0011 */
        /*0420*/                   LDG.E R4, [R4.64] ;                                   /* 0x0000000404047981 */
                                                                                         /* 0x000ea4000c1e1900 */
        /*0430*/                   ISETP.GE.AND P0, PT, R23, R4, PT ;                    /* 0x000000041700720c */
                                                                                         /* 0x004fc80003f06270 */
        /*0440*/                   SEL R7, RZ, 0x1, !P0 ;                                /* 0x00000001ff077807 */
                                                                                         /* 0x000fc80004000000 */
        /*0450*/                   BSYNC B0 ;                                            /* 0x0000000000007941 */
                                                                                         /* 0x000fea0003800000 */
        /*0460*/                   PRMT R4, R7, 0x9910, RZ ;                             /* 0x0000991007047816 */
                                                                                         /* 0x000fe200000000ff */
        /*0470*/                   BSSY B0, 0x4c0 ;                                      /* 0x0000004000007945 */
                                                                                         /* 0x000fe60003800000 */
        /*0480*/                   ISETP.NE.AND P0, PT, R4, RZ, PT ;                     /* 0x000000ff0400720c */
                                                                                         /* 0x000fda0003f05270 */
        /*0490*/              @!P0 BRA 0x4b0 ;                                           /* 0x0000001000008947 */
                                                                                         /* 0x000fea0003800000 */
        /*04a0*/                   ATOMS.POPC.INC.32 RZ, [URZ] ;                         /* 0x00000000ffff7f8c */
                                                                                         /* 0x000fe4000d00003f */
        /*04b0*/                   BSYNC B0 ;                                            /* 0x0000000000007941 */
                                                                                         /* 0x000fea0003800000 */
        /*04c0*/                   IADD3 R0, R0, c[0x0][0x0], RZ ;                       /* 0x0000000000007a10 */
                                                                                         /* 0x000fc80007ffe0ff */
        /*04d0*/                   ISETP.GE.AND P0, PT, R0, c[0x0][0x178], PT ;          /* 0x00005e0000007a0c */
                                                                                         /* 0x000fda0003f06270 */
        /*04e0*/              @!P0 BRA 0xe0 ;                                            /* 0xfffffbf000008947 */
                                                                                         /* 0x000fea000383ffff */
        /*04f0*/                   BRA 0x660 ;                                           /* 0x0000016000007947 */
                                                                                         /* 0x000fea0003800000 */
        /*0500*/                   ISETP.NE.U32.AND P0, PT, R2, c[0x0][0x160], PT ;      /* 0x0000580002007a0c */
                                                                                         /* 0x000fc80003f05070 */
        /*0510*/                   ISETP.NE.AND.EX P0, PT, R3, c[0x0][0x164], PT, P0 ;   /* 0x0000590003007a0c */
                                                                                         /* 0x000fd60003f05300 */
        /*0520*/                   YIELD ;                                               /* 0x0000000000007946 */
                                                                                         /* 0x000fe20003800000 */
        /*0530*/                   PRMT R6, RZ, 0x7610, R6 ;                             /* 0x00007610ff067816 */
                                                                                         /* 0x000fe20000000006 */
        /*0540*/              @!P0 BRA 0x5d0 ;                                           /* 0x0000008000008947 */
                                                                                         /* 0x000fea0003800000 */
        /*0550*/                   IMAD.MOV.U32 R3, RZ, RZ, 0x4 ;                        /* 0x00000004ff037424 */
                                                                                         /* 0x000fe400078e00ff */
        /*0560*/                   IMAD.MOV.U32 R5, RZ, RZ, c[0x0][0x164] ;              /* 0x00005900ff057624 */
                                                                                         /* 0x000fe400078e00ff */
        /*0570*/                   IMAD.WIDE R2, R0, R3, c[0x0][0x170] ;                 /* 0x00005c0000027625 */
                                                                                         /* 0x000fc800078e0203 */
        /*0580*/                   IMAD.MOV.U32 R4, RZ, RZ, c[0x0][0x160] ;              /* 0x00005800ff047624 */
                                                                                         /* 0x000fe400078e00ff */
        /*0590*/                   LDG.E R2, [R2.64] ;                                   /* 0x0000000402027981 */
                                                                                         /* 0x000ea8000c1e1900 */
        /*05a0*/                   LDG.E R5, [R4.64] ;                                   /* 0x0000000404057981 */
                                                                                         /* 0x000ea4000c1e1900 */
        /*05b0*/                   ISETP.GE.AND P2, PT, R2, R5, PT ;                     /* 0x000000050200720c */
                                                                                         /* 0x004fc80003f46270 */
        /*05c0*/                   SEL R6, RZ, 0x1, !P2 ;                                /* 0x00000001ff067807 */
                                                                                         /* 0x000fc80005000000 */
        /*05d0*/                   PRMT R2, R6, 0x9910, RZ ;                             /* 0x0000991006027816 */
                                                                                         /* 0x000fe200000000ff */
        /*05e0*/                   BSSY B0, 0x630 ;                                      /* 0x0000004000007945 */
                                                                                         /* 0x000fe60003800000 */
        /*05f0*/                   ISETP.NE.AND P2, PT, R2, RZ, PT ;                     /* 0x000000ff0200720c */
                                                                                         /* 0x000fda0003f45270 */
        /*0600*/              @!P2 BRA 0x620 ;                                           /* 0x000000100000a947 */
                                                                                         /* 0x000fea0003800000 */
        /*0610*/                   ATOMS.POPC.INC.32 RZ, [URZ] ;                         /* 0x00000000ffff7f8c */
                                                                                         /* 0x000fe4000d00003f */
        /*0620*/                   BSYNC B0 ;                                            /* 0x0000000000007941 */
                                                                                         /* 0x000fea0003800000 */
        /*0630*/                   IADD3 R0, R0, c[0x0][0x0], RZ ;                       /* 0x0000000000007a10 */
                                                                                         /* 0x000fc80007ffe0ff */
        /*0640*/                   ISETP.GE.AND P2, PT, R0, c[0x0][0x178], PT ;          /* 0x00005e0000007a0c */
                                                                                         /* 0x000fda0003f46270 */
        /*0650*/              @!P2 BRA 0x520 ;                                           /* 0xfffffec00000a947 */
                                                                                         /* 0x000fea000383ffff */
        /*0660*/                   WARPSYNC 0xffffffff ;                                 /* 0xffffffff00007948 */
                                                                                         /* 0x000fe20003800000 */
        /*0670*/                   BAR.SYNC.DEFER_BLOCKING 0x0 ;                         /* 0x0000000000007b1d */
                                                                                         /* 0x000fec0000010000 */
        /*0680*/               @P1 EXIT ;                                                /* 0x000000000000194d */
                                                                                         /* 0x000fea0003800000 */
        /*0690*/                   LDS R5, [RZ] ;                                        /* 0x00000000ff057984 */
                                                                                         /* 0x000e220000000800 */
        /*06a0*/                   IMAD.MOV.U32 R3, RZ, RZ, 0x4 ;                        /* 0x00000004ff037424 */
                                                                                         /* 0x000fc600078e00ff */
        /*06b0*/                   S2R R2, SR_CTAID.X ;                                  /* 0x0000000000027919 */
                                                                                         /* 0x000e640000002500 */
        /*06c0*/                   IMAD.WIDE.U32 R2, R2, R3, c[0x0][0x180] ;             /* 0x0000600002027625 */
                                                                                         /* 0x002fca00078e0003 */
        /*06d0*/                   STG.E [R2.64], R5 ;                                   /* 0x0000000502007986 */
                                                                                         /* 0x001fe2000c101904 */
        /*06e0*/                   EXIT ;                                                /* 0x000000000000794d */
                                                                                         /* 0x000fea0003800000 */
        /*06f0*/                   BRA 0x6f0;                                            /* 0xfffffff000007947 */
                                                                                         /* 0x000fc0000383ffff */
        /*0700*/                   NOP;                                                  /* 0x0000000000007918 */
                                                                                         /* 0x000fc00000000000 */
        /*0710*/                   NOP;                                                  /* 0x0000000000007918 */
                                                                                         /* 0x000fc00000000000 */
        /*0720*/                   NOP;                                                  /* 0x0000000000007918 */
                                                                                         /* 0x000fc00000000000 */
        /*0730*/                   NOP;                                                  /* 0x0000000000007918 */
                                                                                         /* 0x000fc00000000000 */
        /*0740*/                   NOP;                                                  /* 0x0000000000007918 */
                                                                                         /* 0x000fc00000000000 */
        /*0750*/                   NOP;                                                  /* 0x0000000000007918 */
                                                                                         /* 0x000fc00000000000 */
        /*0760*/                   NOP;                                                  /* 0x0000000000007918 */
                                                                                         /* 0x000fc00000000000 */
        /*0770*/                   NOP;                                                  /* 0x0000000000007918 */
                                                                                         /* 0x000fc00000000000 */
		..........


		Function : _Z13search_kernelILi4EEvPKiiS1_iPi
	.headerflags	@"EF_CUDA_SM89 EF_CUDA_VIRTUAL_SM(EF_CUDA_SM89)"
        /*0000*/                   IMAD.MOV.U32 R1, RZ, RZ, c[0x0][0x28] ;               /* 0x00000a00ff017624 */
                                                                                         /* 0x000fe400078e00ff */
        /*0010*/                   S2R R0, SR_CTAID.X ;                                  /* 0x0000000000007919 */
                                                                                         /* 0x000e280000002500 */
        /*0020*/                   S2R R3, SR_TID.X ;                                    /* 0x0000000000037919 */
                                                                                         /* 0x000e240000002100 */
        /*0030*/                   IMAD R0, R0, c[0x0][0x0], R3 ;                        /* 0x0000000000007a24 */
                                                                                         /* 0x001fca00078e0203 */
        /*0040*/                   ISETP.GE.AND P0, PT, R0, c[0x0][0x178], PT ;          /* 0x00005e0000007a0c */
                                                                                         /* 0x000fda0003f06270 */
        /*0050*/               @P0 EXIT ;                                                /* 0x000000000000094d */
                                                                                         /* 0x000fea0003800000 */
        /*0060*/                   IMAD.MOV.U32 R2, RZ, RZ, c[0x0][0x168] ;              /* 0x00005a00ff027624 */
                                                                                         /* 0x000fe200078e00ff */
        /*0070*/                   ULDC.64 UR4, c[0x0][0x118] ;                          /* 0x0000460000047ab9 */
                                                                                         /* 0x000fe20000000a00 */
        /*0080*/                   SHF.R.S32.HI R9, RZ, 0x1f, R0 ;                       /* 0x0000001fff097819 */
                                                                                         /* 0x000fe20000011400 */
        /*0090*/                   IMAD.MOV.U32 R5, RZ, RZ, RZ ;                         /* 0x000000ffff057224 */
                                                                                         /* 0x000fe400078e00ff */
        /*00a0*/                   ISETP.GE.AND P0, PT, R2, 0x1, PT ;                    /* 0x000000010200780c */
                                                                                         /* 0x000fda0003f06270 */
        /*00b0*/              @!P0 BRA 0x270 ;                                           /* 0x000001b000008947 */
                                                                                         /* 0x000fea0003800000 */
        /*00c0*/                   MOV R3, 0x4 ;                                         /* 0x0000000400037802 */
                                                                                         /* 0x000fca0000000f00 */
        /*00d0*/                   IMAD.WIDE R2, R0, R3, c[0x0][0x170] ;                 /* 0x00005c0000027625 */
                                                                                         /* 0x000fca00078e0203 */
        /*00e0*/                   LDG.E R5, [R2.64] ;                                   /* 0x0000000402057981 */
                                                                                         /* 0x000162000c1e1900 */
        /*00f0*/                   BSSY B0, 0x270 ;                                      /* 0x0000017000007945 */
                                                                                         /* 0x000fe20003800000 */
        /*0100*/                   IMAD.MOV.U32 R4, RZ, RZ, c[0x0][0x168] ;              /* 0x00005a00ff047624 */
                                                                                         /* 0x000fe400078e00ff */
        /*0110*/                   IMAD.MOV.U32 R7, RZ, RZ, RZ ;                         /* 0x000000ffff077224 */
                                                                                         /* 0x000fca00078e00ff */
        /*0120*/                   IADD3 R2, R4, -R7, RZ ;                               /* 0x8000000704027210 */
                                                                                         /* 0x001fe20007ffe0ff */
        /*0130*/                   IMAD.MOV.U32 R3, RZ, RZ, 0x4 ;                        /* 0x00000004ff037424 */
                                                                                         /* 0x000fc600078e00ff */
        /*0140*/                   LEA.HI R2, R2, R2, RZ, 0x1 ;                          /* 0x0000000202027211 */
                                                                                         /* 0x000fc800078f08ff */
        /*0150*/                   LEA.HI.SX32 R6, R2, R7, 0x1f ;                        /* 0x0000000702067211 */
                                                                                         /* 0x000fca00078ffaff */
        /*0160*/                   IMAD.WIDE R2, R6, R3, c[0x0][0x160] ;                 /* 0x0000580006027625 */
                                                                                         /* 0x000fcc00078e0203 */
        /*0170*/                   LDG.E R2, [R2.64] ;                                   /* 0x0000000402027981 */
                                                                                         /* 0x000ea2000c1e1900 */
        /*0180*/                   BSSY B1, 0x230 ;                                      /* 0x000000a000017945 */
                                                                                         /* 0x000fe20003800000 */
        /*0190*/                   ISETP.GE.AND P0, PT, R2, R5, PT ;                     /* 0x000000050200720c */
                                                                                         /* 0x024fda0003f06270 */
        /*01a0*/              @!P0 BRA 0x210 ;                                           /* 0x0000006000008947 */
                                                                                         /* 0x000fea0003800000 */
        /*01b0*/                   ISETP.GT.AND P0, PT, R2, R5, PT ;                     /* 0x000000050200720c */
                                                                                         /* 0x000fe20003f04270 */
        /*01c0*/                   IMAD.MOV.U32 R4, RZ, RZ, R6 ;                         /* 0x000000ffff047224 */
                                                                                         /* 0x000fd800078e0006 */
        /*01d0*/              @!P0 BREAK B1 ;                                            /* 0x0000000000018942 */
                                                                                         /* 0x000fe20003800000 */
        /*01e0*/               @P0 BRA 0x220 ;                                           /* 0x0000003000000947 */
                                                                                         /* 0x000fea0003800000 */
        /*01f0*/                   MOV R5, 0x1 ;                                         /* 0x0000000100057802 */
                                                                                         /* 0x000fe20000000f00 */
        /*0200*/                   BRA 0x260 ;                                           /* 0x0000005000007947 */
                                                                                         /* 0x000fea0003800000 */
        /*0210*/                   IADD3 R7, R6, 0x1, RZ ;                               /* 0x0000000106077810 */
                                                                                         /* 0x000fe40007ffe0ff */
        /*0220*/                   BSYNC B1 ;                                            /* 0x0000000000017941 */
                                                                                         /* 0x000fea0003800000 */
        /*0230*/                   ISETP.GT.AND P0, PT, R4, R7, PT ;                     /* 0x000000070400720c */
                                                                                         /* 0x000fda0003f04270 */
        /*0240*/               @P0 BRA 0x120 ;                                           /* 0xfffffed000000947 */
                                                                                         /* 0x000fea000383ffff */
        /*0250*/                   IMAD.MOV.U32 R5, RZ, RZ, RZ ;                         /* 0x000000ffff057224 */
                                                                                         /* 0x000fe400078e00ff */
        /*0260*/                   BSYNC B0 ;                                            /* 0x0000000000007941 */
                                                                                         /* 0x000fea0003800000 */
        /*0270*/                   LEA R2, P0, R0, c[0x0][0x180], 0x2 ;                  /* 0x0000600000027a11 */
                                                                                         /* 0x000fc800078010ff */
        /*0280*/                   LEA.HI.X R3, R0, c[0x0][0x184], R9, 0x2, P0 ;         /* 0x0000610000037a11 */
                                                                                         /* 0x000fca00000f1409 */
        /*0290*/                   STG.E [R2.64], R5 ;                                   /* 0x0000000502007986 */
                                                                                         /* 0x000fe2000c101904 */
        /*02a0*/                   EXIT ;                                                /* 0x000000000000794d */
                                                                                         /* 0x000fea0003800000 */
        /*02b0*/                   BRA 0x2b0;                                            /* 0xfffffff000007947 */
                                                                                         /* 0x000fc0000383ffff */
        /*02c0*/                   NOP;                                                  /* 0x0000000000007918 */
                                                                                         /* 0x000fc00000000000 */
        /*02d0*/                   NOP;                                                  /* 0x0000000000007918 */
                                                                                         /* 0x000fc00000000000 */
        /*02e0*/                   NOP;                                                  /* 0x0000000000007918 */
                                                                                         /* 0x000fc00000000000 */
        /*02f0*/                   NOP;                                                  /* 0x0000000000007918 */
                                                                                         /* 0x000fc00000000000 */
        /*0300*/                   NOP;                                                  /* 0x0000000000007918 */
                                                                                         /* 0x000fc00000000000 */
        /*0310*/                   NOP;                                                  /* 0x0000000000007918 */
                                                                                         /* 0x000fc00000000000 */
        /*0320*/                   NOP;                                                  /* 0x0000000000007918 */
                                                                                         /* 0x000fc00000000000 */
        /*0330*/                   NOP;                                                  /* 0x0000000000007918 */
                                                                                         /* 0x000fc00000000000 */
        /*0340*/                   NOP;                                                  /* 0x0000000000007918 */
                                                                                         /* 0x000fc00000000000 */
        /*0350*/                   NOP;                                                  /* 0x0000000000007918 */
                                                                                         /* 0x000fc00000000000 */
        /*0360*/                   NOP;                                                  /* 0x0000000000007918 */
                                                                                         /* 0x000fc00000000000 */
        /*0370*/                   NOP;                                                  /* 0x0000000000007918 */
                                                                                         /* 0x000fc00000000000 */
		..........


		Function : _Z13search_kernelILi3EEvPKiiS1_iPi
	.headerflags	@"EF_CUDA_SM89 EF_CUDA_VIRTUAL_SM(EF_CUDA_SM89)"
        /*0000*/                   IMAD.MOV.U32 R1, RZ, RZ, c[0x0][0x28] ;               /* 0x00000a00ff017624 */
                                                                                         /* 0x000fe400078e00ff */
        /*0010*/                   S2R R0, SR_CTAID.X ;                                  /* 0x0000000000007919 */
                                                                                         /* 0x000e280000002500 */
        /*0020*/                   S2R R3, SR_TID.X ;                                    /* 0x0000000000037919 */
                                                                                         /* 0x000e240000002100 */
        /*0030*/                   IMAD R0, R0, c[0x0][0x0], R3 ;                        /* 0x0000000000007a24 */
                                                                                         /* 0x001fca00078e0203 */
        /*0040*/                   ISETP.GE.AND P0, PT, R0, c[0x0][0x178], PT ;          /* 0x00005e0000007a0c */
                                                                                         /* 0x000fda0003f06270 */
        /*0050*/               @P0 EXIT ;                                                /* 0x000000000000094d */
                                                                                         /* 0x000fea0003800000 */
        /*0060*/                   IMAD.MOV.U32 R13, RZ, RZ, 0x4 ;                       /* 0x00000004ff0d7424 */
                                                                                         /* 0x000fe200078e00ff */
        /*0070*/                   ULDC.64 UR4, c[0x0][0x118] ;                          /* 0x0000460000047ab9 */
                                                                                         /* 0x000fc60000000a00 */
        /*0080*/                   IMAD.WIDE R2, R0, R13, c[0x0][0x170] ;                /* 0x00005c0000027625 */
                                                                                         /* 0x000fca00078e020d */
        /*0090*/                   LDG.E R6, [R2.64] ;                                   /* 0x0000000402067981 */
                                                                                         /* 0x000162000c1e1900 */
        /*00a0*/                   IMAD.MOV.U32 R4, RZ, RZ, c[0x0][0x168] ;              /* 0x00005a00ff047624 */
                                                                                         /* 0x000fe200078e00ff */
        /*00b0*/                   SHF.R.S32.HI R11, RZ, 0x1f, R0 ;                      /* 0x0000001fff0b7819 */
                                                                                         /* 0x000fe20000011400 */
        /*00c0*/                   IMAD.MOV.U32 R7, RZ, RZ, RZ ;                         /* 0x000000ffff077224 */
                                                                                         /* 0x000fe400078e00ff */
        /*00d0*/                   IMAD.MOV.U32 R8, RZ, RZ, RZ ;                         /* 0x000000ffff087224 */
                                                                                         /* 0x000fe200078e00ff */
        /*00e0*/                   ISETP.GE.AND P1, PT, R4, 0x1, PT ;                    /* 0x000000010400780c */
                                                                                         /* 0x000fe40003f26270 */
        /*00f0*/                   LEA R4, P0, R0, c[0x0][0x180], 0x2 ;                  /* 0x0000600000047a11 */
                                                                                         /* 0x000fd600078010ff */
        /*0100*/              @!P1 BRA 0x1f0 ;                                           /* 0x000000e000009947 */
                                                                                         /* 0x000fea0003800000 */
        /*0110*/                   BSSY B0, 0x1f0 ;                                      /* 0x000000d000007945 */
                                                                                         /* 0x001fe20003800000 */
        /*0120*/                   IMAD.MOV.U32 R8, RZ, RZ, RZ ;                         /* 0x000000ffff087224 */
                                                                                         /* 0x000fe400078e00ff */
        /*0130*/                   IMAD.MOV.U32 R9, RZ, RZ, c[0x0][0x168] ;              /* 0x00005a00ff097624 */
                                                                                         /* 0x000fc800078e00ff */
        /*0140*/                   IMAD.IADD R2, R9, 0x1, -R8 ;                          /* 0x0000000109027824 */
                                                                                         /* 0x000fca00078e0a08 */
        /*0150*/                   LEA.HI R3, R2, R2, RZ, 0x1 ;                          /* 0x0000000202037211 */
                                                                                         /* 0x000fc800078f08ff */
        /*0160*/                   LEA.HI.SX32 R10, R3, R8, 0x1f ;                       /* 0x00000008030a7211 */
                                                                                         /* 0x000fca00078ffaff */
        /*0170*/                   IMAD.WIDE R2, R10, R13, c[0x0][0x160] ;               /* 0x000058000a027625 */
                                                                                         /* 0x000fcc00078e020d */
        /*0180*/                   LDG.E R3, [R2.64] ;                                   /* 0x0000000402037981 */
                                                                                         /* 0x000ea4000c1e1900 */
        /*0190*/                   ISETP.GE.AND P1, PT, R3, R6, PT ;                     /* 0x000000060300720c */
                                                                                         /* 0x024fc80003f26270 */
        /*01a0*/                   SEL R9, R9, R10, !P1 ;                                /* 0x0000000a09097207 */
                                                                                         /* 0x000fd20004800000 */
        /*01b0*/              @!P1 IADD3 R8, R10, 0x1, RZ ;                              /* 0x000000010a089810 */
                                                                                         /* 0x000fc80007ffe0ff */
        /*01c0*/                   ISETP.GT.AND P1, PT, R9, R8, PT ;                     /* 0x000000080900720c */
                                                                                         /* 0x000fda0003f24270 */
        /*01d0*/               @P1 BRA 0x140 ;                                           /* 0xffffff6000001947 */
                                                                                         /* 0x000fea000383ffff */
        /*01e0*/                   BSYNC B0 ;                                            /* 0x0000000000007941 */
                                                                                         /* 0x000fea0003800000 */
        /*01f0*/                   ISETP.GE.AND P1, PT, R8, c[0x0][0x168], PT ;          /* 0x00005a0008007a0c */
                                                                                         /* 0x001fe20003f26270 */
        /*0200*/                   BSSY B0, 0x280 ;                                      /* 0x0000007000007945 */
                                                                                         /* 0x000fe20003800000 */
        /*0210*/                   LEA.HI.X R5, R0, c[0x0][0x184], R11, 0x2, P0 ;        /* 0x0000610000057a11 */
                                                                                         /* 0x000fd600000f140b */
        /*0220*/               @P1 BRA 0x270 ;                                           /* 0x0000004000001947 */
                                                                                         /* 0x000fea0003800000 */
        /*0230*/                   IMAD.WIDE R2, R8, R13, c[0x0][0x160] ;                /* 0x0000580008027625 */
                                                                                         /* 0x000fcc00078e020d */
        /*0240*/                   LDG.E R3, [R2.64] ;                                   /* 0x0000000402037981 */
                                                                                         /* 0x000ea4000c1e1900 */
        /*0250*/                   ISETP.GT.AND P0, PT, R3, R6, PT ;                     /* 0x000000060300720c */
                                                                                         /* 0x024fc80003f04270 */
        /*0260*/                   SEL R7, RZ, 0x1, P0 ;                                 /* 0x00000001ff077807 */
                                                                                         /* 0x000fc80000000000 */
        /*0270*/                   BSYNC B0 ;                                            /* 0x0000000000007941 */
                                                                                         /* 0x000fea0003800000 */
        /*0280*/                   STG.E [R4.64], R7 ;                                   /* 0x0000000704007986 */
                                                                                         /* 0x000fe2000c101904 */
        /*0290*/                   EXIT ;                                                /* 0x000000000000794d */
                                                                                         /* 0x000fea0003800000 */
        /*02a0*/                   BRA 0x2a0;                                            /* 0xfffffff000007947 */
                                                                                         /* 0x000fc0000383ffff */
        /*02b0*/                   NOP;                                                  /* 0x0000000000007918 */
                                                                                         /* 0x000fc00000000000 */
        /*02c0*/                   NOP;                                                  /* 0x0000000000007918 */
                                                                                         /* 0x000fc00000000000 */
        /*02d0*/                   NOP;                                                  /* 0x0000000000007918 */
                                                                                         /* 0x000fc00000000000 */
        /*02e0*/                   NOP;                                                  /* 0x0000000000007918 */
                                                                                         /* 0x000fc00000000000 */
        /*02f0*/                   NOP;                                                  /* 0x0000000000007918 */
                                                                                         /* 0x000fc00000000000 */
        /*0300*/                   NOP;                                                  /* 0x0000000000007918 */
                                                                                         /* 0x000fc00000000000 */
        /*0310*/                   NOP;                                                  /* 0x0000000000007918 */
                                                                                         /* 0x000fc00000000000 */
        /*0320*/                   NOP;                                                  /* 0x0000000000007918 */
                                                                                         /* 0x000fc00000000000 */
        /*0330*/                   NOP;                                                  /* 0x0000000000007918 */
                                                                                         /* 0x000fc00000000000 */
        /*0340*/                   NOP;                                                  /* 0x0000000000007918 */
                                                                                         /* 0x000fc00000000000 */
        /*0350*/                   NOP;                                                  /* 0x0000000000007918 */
                                                                                         /* 0x000fc00000000000 */
        /*0360*/                   NOP;                                                  /* 0x0000000000007918 */
                                                                                         /* 0x000fc00000000000 */
        /*0370*/                   NOP;                                                  /* 0x0000000000007918 */
                                                                                         /* 0x000fc00000000000 */
		..........


		Function : _Z13search_kernelILi2EEvPKiiS1_iPi
	.headerflags	@"EF_CUDA_SM89 EF_CUDA_VIRTUAL_SM(EF_CUDA_SM89)"
        /*0000*/                   IMAD.MOV.U32 R1, RZ, RZ, c[0x0][0x28] ;               /* 0x00000a00ff017624 */
                                                                                         /* 0x000fe400078e00ff */
        /*0010*/                   S2R R0, SR_CTAID.X ;                                  /* 0x0000000000007919 */
                                                                                         /* 0x000e280000002500 */
        /*0020*/                   S2R R3, SR_TID.X ;                                    /* 0x0000000000037919 */
                                                                                         /* 0x000e240000002100 */
        /*0030*/                   IMAD R0, R0, c[0x0][0x0], R3 ;                        /* 0x0000000000007a24 */
                                                                                         /* 0x001fca00078e0203 */
        /*0040*/                   ISETP.GE.AND P0, PT, R0, c[0x0][0x178], PT ;          /* 0x00005e0000007a0c */
                                                                                         /* 0x000fda0003f06270 */
        /*0050*/               @P0 EXIT ;                                                /* 0x000000000000094d */
                                                                                         /* 0x000fea0003800000 */
        /*0060*/                   IMAD.MOV.U32 R9, RZ, RZ, c[0x0][0x168] ;              /* 0x00005a00ff097624 */
                                                                                         /* 0x000fe200078e00ff */
        /*0070*/                   ULDC.64 UR4, c[0x0][0x118] ;                          /* 0x0000460000047ab9 */
                                                                                         /* 0x000fe20000000a00 */
        /*0080*/                   SHF.R.S32.HI R7, RZ, 0x1f, R0 ;                       /* 0x0000001fff077819 */
                                                                                         /* 0x000fe20000011400 */
        /*0090*/                   IMAD.MOV.U32 R5, RZ, RZ, RZ ;                         /* 0x000000ffff057224 */
                                                                                         /* 0x000fe400078e00ff */
        /*00a0*/                   ISETP.GE.AND P0, PT, R9, 0x1, PT ;                    /* 0x000000010900780c */
                                                                                         /* 0x000fda0003f06270 */
        /*00b0*/              @!P0 BRA 0x310 ;                                           /* 0x0000025000008947 */
                                                                                         /* 0x000fea0003800000 */
        /*00c0*/                   IMAD.MOV.U32 R3, RZ, RZ, 0x4 ;                        /* 0x00000004ff037424 */
                                                                                         /* 0x000fc800078e00ff */
        /*00d0*/                   IMAD.WIDE R2, R0, R3, c[0x0][0x170] ;                 /* 0x00005c0000027625 */
                                                                                         /* 0x000fca00078e0203 */
        /*00e0*/                   LDG.E R4, [R2.64] ;                                   /* 0x0000000402047981 */
                                                                                         /* 0x000162000c1e1900 */
        /*00f0*/                   BSSY B0, 0x310 ;                                      /* 0x0000021000007945 */
                                                                                         /* 0x000fe20003800000 */
        /*0100*/                   SHF.R.S32.HI R9, RZ, 0x1f, R9 ;                       /* 0x0000001fff097819 */
                                                                                         /* 0x000fe20000011409 */
        /*0110*/                   IMAD.MOV.U32 R8, RZ, RZ, c[0x0][0x168] ;              /* 0x00005a00ff087624 */
                                                                                         /* 0x000fe400078e00ff */
        /*0120*/                   IMAD.MOV.U32 R5, RZ, RZ, RZ ;                         /* 0x000000ffff057224 */
                                                                                         /* 0x000fe400078e00ff */
        /*0130*/                   IMAD.MOV.U32 R6, RZ, RZ, RZ ;                         /* 0x000000ffff067224 */
                                                                                         /* 0x000fc600078e00ff */
        /*0140*/                   IADD3 R2, P0, -R5, R8, RZ ;                           /* 0x0000000805027210 */
                                                                                         /* 0x001fca0007f1e1ff */
        /*0150*/                   IMAD.X R3, R9, 0x1, ~R6, P0 ;                         /* 0x0000000109037824 */
                                                                                         /* 0x000fca00000e0e06 */
        /*0160*/                   LEA.HI R2, P0, R3, R2, RZ, 0x1 ;                      /* 0x0000000203027211 */
                                                                                         /* 0x000fca00078108ff */
        /*0170*/                   IMAD.X R3, RZ, RZ, R3, P0 ;                           /* 0x000000ffff037224 */
                                                                                         /* 0x000fca00000e0603 */
        /*0180*/                   SHF.R.S64 R2, R2, 0x1, R3.reuse ;                     /* 0x0000000102027819 */
                                                                                         /* 0x100fe40000001003 */
        /*0190*/                   SHF.R.S32.HI R3, RZ, 0x1, R3 ;                        /* 0x00000001ff037819 */
                                                                                         /* 0x000fe40000011403 */
        /*01a0*/                   IADD3 R10, P0, R2, R5, RZ ;                           /* 0x00000005020a7210 */
                                                                                         /* 0x000fca0007f1e0ff */
        /*01b0*/                   IMAD.X R11, R3, 0x1, R6, P0 ;                         /* 0x00000001030b7824 */
                                                                                         /* 0x000fe200000e0606 */
        /*01c0*/                   LEA R2, P0, R10, c[0x0][0x160], 0x2 ;                 /* 0x000058000a027a11 */
                                                                                         /* 0x000fc800078010ff */
        /*01d0*/                   LEA.HI.X R3, R10, c[0x0][0x164], R11, 0x2, P0 ;       /* 0x000059000a037a11 */
                                                                                         /* 0x000fcc00000f140b */
        /*01e0*/                   LDG.E R3, [R2.64] ;                                   /* 0x0000000402037981 */
                                                                                         /* 0x000ea2000c1e1900 */
        /*01f0*/                   BSSY B1, 0x2c0 ;                                      /* 0x000000c000017945 */
                                                                                         /* 0x000fe20003800000 */
        /*0200*/                   ISETP.GE.AND P0, PT, R3, R4, PT ;                     /* 0x000000040300720c */
                                                                                         /* 0x024fda0003f06270 */
        /*0210*/              @!P0 BRA 0x290 ;                                           /* 0x0000007000008947 */
                                                                                         /* 0x000fea0003800000 */
        /*0220*/                   ISETP.GT.AND P0, PT, R3, R4, PT ;                     /* 0x000000040300720c */
                                                                                         /* 0x000fe20003f04270 */
        /*0230*/                   IMAD.MOV.U32 R8, RZ, RZ, R10 ;                        /* 0x000000ffff087224 */
                                                                                         /* 0x000fe400078e000a */
        /*0240*/                   IMAD.MOV.U32 R9, RZ, RZ, R11 ;                        /* 0x000000ffff097224 */
                                                                                         /* 0x000fd400078e000b */
        /*0250*/              @!P0 BREAK B1 ;                                            /* 0x0000000000018942 */
                                                                                         /* 0x000fe20003800000 */
        /*0260*/               @P0 BRA 0x2b0 ;                                           /* 0x0000004000000947 */
                                                                                         /* 0x000fea0003800000 */
        /*0270*/                   IMAD.MOV.U32 R5, RZ, RZ, 0x1 ;                        /* 0x00000001ff057424 */
                                                                                         /* 0x000fe200078e00ff */
        /*0280*/                   BRA 0x300 ;                                           /* 0x0000007000007947 */
                                                                                         /* 0x000fea0003800000 */
        /*0290*/                   IADD3 R5, P0, R10, 0x1, RZ ;                          /* 0x000000010a057810 */
                                                                                         /* 0x000fca0007f1e0ff */
        /*02a0*/                   IMAD.X R6, RZ, RZ, R11, P0 ;                          /* 0x000000ffff067224 */
                                                                                         /* 0x000fc600000e060b */
        /*02b0*/                   BSYNC B1 ;                                            /* 0x0000000000017941 */
                                                                                         /* 0x000fea0003800000 */
        /*02c0*/                   ISETP.GT.U32.AND P0, PT, R8, R5, PT ;                 /* 0x000000050800720c */
                                                                                         /* 0x000fc80003f04070 */
        /*02d0*/                   ISETP.GT.AND.EX P0, PT, R9, R6, PT, P0 ;              /* 0x000000060900720c */
                                                                                         /* 0x000fda0003f04300 */
        /*02e0*/               @P0 BRA 0x140 ;                                           /* 0xfffffe5000000947 */
                                                                                         /* 0x000fea000383ffff */
        /*02f0*/                   IMAD.MOV.U32 R5, RZ, RZ, RZ ;                         /* 0x000000ffff057224 */
                                                                                         /* 0x000fe400078e00ff */
        /*0300*/                   BSYNC B0 ;                                            /* 0x0000000000007941 */
                                                                                         /* 0x000fea0003800000 */
        /*0310*/                   LEA R2, P0, R0, c[0x0][0x180], 0x2 ;                  /* 0x0000600000027a11 */
                                                                                         /* 0x000fc800078010ff */
        /*0320*/                   LEA.HI.X R3, R0, c[0x0][0x184], R7, 0x2, P0 ;         /* 0x0000610000037a11 */
                                                                                         /* 0x000fca00000f1407 */
        /*0330*/                   STG.E [R2.64], R5 ;                                   /* 0x0000000502007986 */
                                                                                         /* 0x000fe2000c101904 */
        /*0340*/                   EXIT ;                                                /* 0x000000000000794d */
                                                                                         /* 0x000fea0003800000 */
        /*0350*/                   BRA 0x350;                                            /* 0xfffffff000007947 */
                                                                                         /* 0x000fc0000383ffff */
        /*0360*/                   NOP;                                                  /* 0x0000000000007918 */
                                                                                         /* 0x000fc00000000000 */
        /*0370*/                   NOP;                                                  /* 0x0000000000007918 */
                                                                                         /* 0x000fc00000000000 */
        /*0380*/                   NOP;                                                  /* 0x0000000000007918 */
                                                                                         /* 0x000fc00000000000 */
        /*0390*/                   NOP;                                                  /* 0x0000000000007918 */
                                                                                         /* 0x000fc00000000000 */
        /*03a0*/                   NOP;                                                  /* 0x0000000000007918 */
                                                                                         /* 0x000fc00000000000 */
        /*03b0*/                   NOP;                                                  /* 0x0000000000007918 */
                                                                                         /* 0x000fc00000000000 */
        /*03c0*/                   NOP;                                                  /* 0x0000000000007918 */
                                                                                         /* 0x000fc00000000000 */
        /*03d0*/                   NOP;                                                  /* 0x0000000000007918 */
                                                                                         /* 0x000fc00000000000 */
        /*03e0*/                   NOP;                                                  /* 0x0000000000007918 */
                                                                                         /* 0x000fc00000000000 */
        /*03f0*/                   NOP;                                                  /* 0x0000000000007918 */
                                                                                         /* 0x000fc00000000000 */
		..........


		Function : _Z13search_kernelILi1EEvPKiiS1_iPi
	.headerflags	@"EF_CUDA_SM89 EF_CUDA_VIRTUAL_SM(EF_CUDA_SM89)"
        /*0000*/                   IMAD.MOV.U32 R1, RZ, RZ, c[0x0][0x28] ;               /* 0x00000a00ff017624 */
                                                                                         /* 0x000fe400078e00ff */
        /*0010*/                   S2R R0, SR_CTAID.X ;                                  /* 0x0000000000007919 */
                                                                                         /* 0x000e280000002500 */
        /*0020*/                   S2R R3, SR_TID.X ;                                    /* 0x0000000000037919 */
                                                                                         /* 0x000e240000002100 */
        /*0030*/                   IMAD R0, R0, c[0x0][0x0], R3 ;                        /* 0x0000000000007a24 */
                                                                                         /* 0x001fca00078e0203 */
        /*0040*/                   ISETP.GE.AND P0, PT, R0, c[0x0][0x178], PT ;          /* 0x00005e0000007a0c */
                                                                                         /* 0x000fda0003f06270 */
        /*0050*/               @P0 EXIT ;                                                /* 0x000000000000094d */
                                                                                         /* 0x000fea0003800000 */
        /*0060*/                   IMAD.MOV.U32 R3, RZ, RZ, 0x4 ;                        /* 0x00000004ff037424 */
                                                                                         /* 0x000fe200078e00ff */
        /*0070*/                   ULDC.64 UR4, c[0x0][0x118] ;                          /* 0x0000460000047ab9 */
                                                                                         /* 0x000fe20000000a00 */
        /*0080*/                   IMAD.MOV.U32 R4, RZ, RZ, c[0x0][0x168] ;              /* 0x00005a00ff047624 */
                                                                                         /* 0x000fe200078e00ff */
        /*0090*/                   CS2R R12, SRZ ;                                       /* 0x00000000000c7805 */
                                                                                         /* 0x000fe2000001ff00 */
        /*00a0*/                   IMAD.WIDE R2, R0, R3, c[0x0][0x170] ;                 /* 0x00005c0000027625 */
                                                                                         /* 0x000fc600078e0203 */
        /*00b0*/                   ISETP.GE.AND P0, PT, R4, 0x1, PT ;                    /* 0x000000010400780c */
                                                                                         /* 0x000fe40003f06270 */
        /*00c0*/                   LDG.E R5, [R2.64] ;                                   /* 0x0000000402057981 */
                                                                                         /* 0x000162000c1e1900 */
        /*00d0*/                   SHF.R.S32.HI R4, RZ, 0x1f, R4 ;                       /* 0x0000001fff047819 */
                                                                                         /* 0x000fd40000011404 */
        /*00e0*/              @!P0 BRA 0x290 ;                                           /* 0x000001a000008947 */
                                                                                         /* 0x000fea0003800000 */
        /*00f0*/                   BSSY B0, 0x290 ;                                      /* 0x0000019000007945 */
                                                                                         /* 0x001fe20003800000 */
        /*0100*/                   CS2R R12, SRZ ;                                       /* 0x00000000000c7805 */
                                                                                         /* 0x000fe2000001ff00 */
        /*0110*/                   IMAD.MOV.U32 R11, RZ, RZ, c[0x0][0x168] ;             /* 0x00005a00ff0b7624 */
                                                                                         /* 0x000fe400078e00ff */
        /*0120*/                   IMAD.MOV.U32 R10, RZ, RZ, R4 ;                        /* 0x000000ffff0a7224 */
                                                                                         /* 0x000fc600078e0004 */
        /*0130*/                   IADD3 R8, P0, -R12, R11, RZ ;                         /* 0x0000000b0c087210 */
                                                                                         /* 0x000fca0007f1e1ff */
        /*0140*/                   IMAD.X R9, R10, 0x1, ~R13, P0 ;                       /* 0x000000010a097824 */
                                                                                         /* 0x000fca00000e0e0d */
        /*0150*/                   LEA.HI R8, P0, R9, R8, RZ, 0x1 ;                      /* 0x0000000809087211 */
                                                                                         /* 0x000fca00078108ff */
        /*0160*/                   IMAD.X R9, RZ, RZ, R9, P0 ;                           /* 0x000000ffff097224 */
                                                                                         /* 0x000fca00000e0609 */
        /*0170*/                   SHF.R.S64 R8, R8, 0x1, R9.reuse ;                     /* 0x0000000108087819 */
                                                                                         /* 0x100fe40000001009 */
        /*0180*/                   SHF.R.S32.HI R9, RZ, 0x1, R9 ;                        /* 0x00000001ff097819 */
                                                                                         /* 0x000fe40000011409 */
        /*0190*/                   IADD3 R8, P0, R12, R8, RZ ;                           /* 0x000000080c087210 */
                                                                                         /* 0x000fca0007f1e0ff */
        /*01a0*/                   IMAD.X R9, R13, 0x1, R9, P0 ;                         /* 0x000000010d097824 */
                                                                                         /* 0x000fe200000e0609 */
        /*01b0*/                   LEA R2, P0, R8, c[0x0][0x160], 0x2 ;                  /* 0x0000580008027a11 */
                                                                                         /* 0x000fc800078010ff */
        /*01c0*/                   LEA.HI.X R3, R8, c[0x0][0x164], R9, 0x2, P0 ;         /* 0x0000590008037a11 */
                                                                                         /* 0x000fca00000f1409 */
        /*01d0*/                   LDG.E R2, [R2.64] ;                                   /* 0x0000000402027981 */
                                                                                         /* 0x000ea2000c1e1900 */
        /*01e0*/                   IADD3 R6, P1, R8, 0x1, RZ ;                           /* 0x0000000108067810 */
                                                                                         /* 0x000fca0007f3e0ff */
        /*01f0*/                   IMAD.X R7, RZ, RZ, R9, P1 ;                           /* 0x000000ffff077224 */
                                                                                         /* 0x000fe200008e0609 */
        /*0200*/                   ISETP.GE.AND P0, PT, R2, R5, PT ;                     /* 0x000000050200720c */
                                                                                         /* 0x024fc80003f06270 */
        /*0210*/                   SEL R12, R6, R12, !P0 ;                               /* 0x0000000c060c7207 */
                                                                                         /* 0x000fe40004000000 */
        /*0220*/                   SEL R11, R11, R8, !P0 ;                               /* 0x000000080b0b7207 */
                                                                                         /* 0x000fe40004000000 */
        /*0230*/                   SEL R13, R7, R13, !P0 ;                               /* 0x0000000d070d7207 */
                                                                                         /* 0x000fe40004000000 */
        /*0240*/                   SEL R10, R10, R9, !P0 ;                               /* 0x000000090a0a7207 */
                                                                                         /* 0x000fe40004000000 */
        /*0250*/                   ISETP.GT.U32.AND P0, PT, R11, R12, PT ;               /* 0x0000000c0b00720c */
                                                                                         /* 0x000fc80003f04070 */
        /*0260*/                   ISETP.GT.AND.EX P0, PT, R10, R13, PT, P0 ;            /* 0x0000000d0a00720c */
                                                                                         /* 0x000fda0003f04300 */
        /*0270*/               @P0 BRA 0x130 ;                                           /* 0xfffffeb000000947 */
                                                                                         /* 0x000fea000383ffff */
        /*0280*/                   BSYNC B0 ;                                            /* 0x0000000000007941 */
                                                                                         /* 0x000fea0003800000 */
        /*0290*/                   ISETP.GE.U32.AND P0, PT, R12, c[0x0][0x168], PT ;     /* 0x00005a000c007a0c */
                                                                                         /* 0x001fc80003f06070 */
        /*02a0*/                   ISETP.GE.AND.EX P0, PT, R13, R4, PT, P0 ;             /* 0x000000040d00720c */
                                                                                         /* 0x000fda0003f06300 */
        /*02b0*/              @!P0 LEA R2, P1, R12, c[0x0][0x160], 0x2 ;                 /* 0x000058000c028a11 */
                                                                                         /* 0x000fc800078210ff */
        /*02c0*/              @!P0 LEA.HI.X R3, R12, c[0x0][0x164], R13, 0x2, P1 ;       /* 0x000059000c038a11 */
                                                                                         /* 0x000fca00008f140d */
        /*02d0*/              @!P0 LDG.E R2, [R2.64] ;                                   /* 0x0000000402028981 */
                                                                                         /* 0x000ea2000c1e1900 */
        /*02e0*/                   SHF.R.S32.HI R9, RZ, 0x1f, R0 ;                       /* 0x0000001fff097819 */
                                                                                         /* 0x000fe20000011400 */
        /*02f0*/                   IMAD.MOV.U32 R7, RZ, RZ, RZ ;                         /* 0x000000ffff077224 */
                                                                                         /* 0x000fe200078e00ff */
        /*0300*/                   LEA R4, P2, R0, c[0x0][0x180], 0x2 ;                  /* 0x0000600000047a11 */
                                                                                         /* 0x000fe400078410ff */
        /*0310*/              @!P0 ISETP.GT.AND P1, PT, R2, R5, PT ;                     /* 0x000000050200820c */
                                                                                         /* 0x024fe40003f24270 */
        /*0320*/                   LEA.HI.X R5, R0, c[0x0][0x184], R9, 0x2, P2 ;         /* 0x0000610000057a11 */
                                                                                         /* 0x000fe400010f1409 */
        /*0330*/              @!P0 SEL R7, RZ, 0x1, P1 ;                                 /* 0x00000001ff078807 */
                                                                                         /* 0x000fca0000800000 */
        /*0340*/                   STG.E [R4.64], R7 ;                                   /* 0x0000000704007986 */
                                                                                         /* 0x000fe2000c101904 */
        /*0350*/                   EXIT ;                                                /* 0x000000000000794d */
                                                                                         /* 0x000fea0003800000 */
        /*0360*/                   BRA 0x360;                                            /* 0xfffffff000007947 */
                                                                                         /* 0x000fc0000383ffff */
        /*0370*/                   NOP;                                                  /* 0x0000000000007918 */
                                                                                         /* 0x000fc00000000000 */
        /*0380*/                   NOP;                                                  /* 0x0000000000007918 */
                                                                                         /* 0x000fc00000000000 */
        /*0390*/                   NOP;                                                  /* 0x0000000000007918 */
                                                                                         /* 0x000fc00000000000 */
        /*03a0*/                   NOP;                                                  /* 0x0000000000007918 */
                                                                                         /* 0x000fc00000000000 */
        /*03b0*/                   NOP;                                                  /* 0x0000000000007918 */
                                                                                         /* 0x000fc00000000000 */
        /*03c0*/                   NOP;                                                  /* 0x0000000000007918 */
                                                                                         /* 0x000fc00000000000 */
        /*03d0*/                   NOP;                                                  /* 0x0000000000007918 */
                                                                                         /* 0x000fc00000000000 */
        /*03e0*/                   NOP;                                                  /* 0x0000000000007918 */
                                                                                         /* 0x000fc00000000000 */
        /*03f0*/                   NOP;                                                  /* 0x0000000000007918 */
                                                                                         /* 0x000fc00000000000 */
		..........


		Function : _Z13search_kernelILi0EEvPKiiS1_iPi
	.headerflags	@"EF_CUDA_SM89 EF_CUDA_VIRTUAL_SM(EF_CUDA_SM89)"
        /*0000*/                   IMAD.MOV.U32 R1, RZ, RZ, c[0x0][0x28] ;               /* 0x00000a00ff017624 */
                                                                                         /* 0x000fe400078e00ff */
        /*0010*/                   S2R R0, SR_CTAID.X ;                                  /* 0x0000000000007919 */
                                                                                         /* 0x000e280000002500 */
        /*0020*/                   S2R R3, SR_TID.X ;                                    /* 0x0000000000037919 */
                                                                                         /* 0x000e240000002100 */
        /*0030*/                   IMAD R0, R0, c[0x0][0x0], R3 ;                        /* 0x0000000000007a24 */
                                                                                         /* 0x001fca00078e0203 */
        /*0040*/                   ISETP.GE.AND P0, PT, R0, c[0x0][0x178], PT ;          /* 0x00005e0000007a0c */
                                                                                         /* 0x000fda0003f06270 */
        /*0050*/               @P0 EXIT ;                                                /* 0x000000000000094d */
                                                                                         /* 0x000fea0003800000 */
        /*0060*/                   ISETP.NE.AND P0, PT, RZ, c[0x0][0x168], PT ;          /* 0x00005a00ff007a0c */
                                                                                         /* 0x000fe20003f05270 */
        /*0070*/                   ULDC UR9, c[0x0][0x168] ;                             /* 0x00005a0000097ab9 */
                                                                                         /* 0x000fe20000000800 */
        /*0080*/                   IMAD.MOV.U32 R3, RZ, RZ, 0x4 ;                        /* 0x00000004ff037424 */
                                                                                         /* 0x000fe200078e00ff */
        /*0090*/                   ULDC.64 UR6, c[0x0][0x118] ;                          /* 0x0000460000067ab9 */
                                                                                         /* 0x000fe20000000a00 */
        /*00a0*/                   IMAD.MOV.U32 R19, RZ, RZ, c[0x0][0x160] ;             /* 0x00005800ff137624 */
                                                                                         /* 0x000fe200078e00ff */
        /*00b0*/                   USHF.R.S32.HI UR8, URZ, 0x1f, UR9 ;                   /* 0x0000001f3f087899 */
                                                                                         /* 0x000fe20008011409 */
        /*00c0*/                   IMAD.MOV.U32 R22, RZ, RZ, c[0x0][0x164] ;             /* 0x00005900ff167624 */
                                                                                         /* 0x000fe400078e00ff */
        /*00d0*/                   IMAD.MOV.U32 R20, RZ, RZ, c[0x0][0x160] ;             /* 0x00005800ff147624 */
                                                                                         /* 0x000fe400078e00ff */
        /*00e0*/                   IMAD.MOV.U32 R21, RZ, RZ, c[0x0][0x164] ;             /* 0x00005900ff157624 */
                                                                                         /* 0x000fc400078e00ff */
        /*00f0*/                   IMAD.WIDE R2, R0, R3, c[0x0][0x170] ;                 /* 0x00005c0000027625 */
                                                                                         /* 0x000fe200078e0203 */
        /*0100*/              @!P0 BRA 0x3b0 ;                                           /* 0x000002a000008947 */
                                                                                         /* 0x000fea0003800000 */
        /*0110*/                   LDG.E R6, [R2.64] ;                                   /* 0x0000000602067981 */
                                                                                         /* 0x000162000c1e1900 */
        /*0120*/                   BSSY B0, 0x3b0 ;                                      /* 0x0000028000007945 */
                                                                                         /* 0x000fe20003800000 */
        /*0130*/                   IMAD.MOV.U32 R17, RZ, RZ, c[0x0][0x168] ;             /* 0x00005a00ff117624 */
                                                                                         /* 0x000fe400078e00ff */
        /*0140*/                   IMAD.U32 R18, RZ, RZ, UR8 ;                           /* 0x00000008ff127e24 */
                                                                                         /* 0x000fe4000f8e00ff */
        /*0150*/                   IMAD.MOV.U32 R15, RZ, RZ, c[0x0][0x160] ;             /* 0x00005800ff0f7624 */
                                                                                         /* 0x000fe400078e00ff */
        /*0160*/                   IMAD.MOV.U32 R16, RZ, RZ, c[0x0][0x164] ;             /* 0x00005900ff107624 */
                                                                                         /* 0x000fe400078e00ff */
        /*0170*/                   IMAD.MOV.U32 R19, RZ, RZ, c[0x0][0x160] ;             /* 0x00005800ff137624 */
                                                                                         /* 0x000fc400078e00ff */
        /*0180*/                   IMAD.MOV.U32 R22, RZ, RZ, c[0x0][0x164] ;             /* 0x00005900ff167624 */
                                                                                         /* 0x000fe400078e00ff */
        /*0190*/                   IMAD.MOV.U32 R20, RZ, RZ, c[0x0][0x160] ;             /* 0x00005800ff147624 */
                                                                                         /* 0x000fe400078e00ff */
        /*01a0*/                   IMAD.MOV.U32 R21, RZ, RZ, c[0x0][0x164] ;             /* 0x00005900ff157624 */
                                                                                         /* 0x001fe400078e00ff */
        /*01b0*/                   SHF.R.U64 R13, R17, 0x1, R18.reuse ;                  /* 0x00000001110d7819 */
                                                                                         /* 0x100fe40000001212 */
        /*01c0*/                   SHF.R.U32.HI R14, RZ, 0x1, R18 ;                      /* 0x00000001ff0e7819 */
                                                                                         /* 0x000fc60000011612 */
        /*01d0*/                   IMAD.SHL.U32 R11, R13.reuse, 0x4, RZ ;                /* 0x000000040d0b7824 */
                                                                                         /* 0x040fe200078e00ff */
        /*01e0*/                   SHF.L.U64.HI R12, R13, 0x2, R14 ;                     /* 0x000000020d0c7819 */
                                                                                         /* 0x000fc8000001020e */
        /*01f0*/                   IADD3 R4, P0, R15, R11, RZ ;                          /* 0x0000000b0f047210 */
                                                                                         /* 0x000fca0007f1e0ff */
        /*0200*/                   IMAD.X R5, R16, 0x1, R12, P0 ;                        /* 0x0000000110057824 */
                                                                                         /* 0x000fca00000e060c */
        /*0210*/                   LDG.E R7, [R4.64] ;                                   /* 0x0000000604077981 */
                                                                                         /* 0x000ea2000c1e1900 */
        /*0220*/                   LOP3.LUT R8, RZ, R13, RZ, 0x33, !PT ;                 /* 0x0000000dff087212 */
                                                                                         /* 0x000fe400078e33ff */
        /*0230*/                   LOP3.LUT R9, RZ, R14, RZ, 0x33, !PT ;                 /* 0x0000000eff097212 */
                                                                                         /* 0x000fe400078e33ff */
        /*0240*/                   IADD3 R8, P3, R17, R8, RZ ;                           /* 0x0000000811087210 */
                                                                                         /* 0x000fe40007f7e0ff */
        /*0250*/                   IADD3 R11, P0, R11, 0x4, RZ ;                         /* 0x000000040b0b7810 */
                                                                                         /* 0x000fc80007f1e0ff */
        /*0260*/                   IADD3 R10, P2, R19, R11, RZ ;                         /* 0x0000000b130a7210 */
                                                                                         /* 0x000fe40007f5e0ff */
        /*0270*/                   ISETP.GE.AND P1, PT, R7, R6, PT ;                     /* 0x000000060700720c */
                                                                                         /* 0x024fe20003f26270 */
        /*0280*/                   IMAD.X R7, R18, 0x1, R9, P3 ;                         /* 0x0000000112077824 */
                                                                                         /* 0x000fc600018e0609 */
        /*0290*/                   SEL R17, R8, R13, !P1 ;                               /* 0x0000000d08117207 */
                                                                                         /* 0x000fe20004800000 */
        /*02a0*/                   IMAD.X R8, RZ, RZ, R12, P0 ;                          /* 0x000000ffff087224 */
                                                                                         /* 0x000fe200000e060c */
        /*02b0*/                   SEL R18, R7, R14, !P1 ;                               /* 0x0000000e07127207 */
                                                                                         /* 0x000fe40004800000 */
        /*02c0*/                   ISETP.NE.U32.AND P0, PT, R17, RZ, PT ;                /* 0x000000ff1100720c */
                                                                                         /* 0x000fe20003f05070 */
        /*02d0*/                   IMAD.X R9, R22, 0x1, R8.reuse, P2 ;                   /* 0x0000000116097824 */
                                                                                         /* 0x100fe200010e0608 */
        /*02e0*/                   IADD3 R7, P3, R20, R11, RZ ;                          /* 0x0000000b14077210 */
                                                                                         /* 0x000fe40007f7e0ff */
        /*02f0*/                   ISETP.NE.AND.EX P0, PT, R18, RZ, PT, P0 ;             /* 0x000000ff1200720c */
                                                                                         /* 0x000fe40003f05300 */
        /*0300*/                   IADD3 R4, P2, R4, 0x4, RZ ;                           /* 0x0000000404047810 */
                                                                                         /* 0x000fe20007f5e0ff */
        /*0310*/                   IMAD.X R8, R21, 0x1, R8, P3 ;                         /* 0x0000000115087824 */
                                                                                         /* 0x000fe200018e0608 */
        /*0320*/                   SEL R19, R10, R19, !P1 ;                              /* 0x000000130a137207 */
                                                                                         /* 0x000fc40004800000 */
        /*0330*/                   SEL R22, R9, R22, !P1 ;                               /* 0x0000001609167207 */
                                                                                         /* 0x000fe20004800000 */
        /*0340*/                   IMAD.X R5, RZ, RZ, R5, P2 ;                           /* 0x000000ffff057224 */
                                                                                         /* 0x000fe200010e0605 */
        /*0350*/                   SEL R20, R7, R20, !P1 ;                               /* 0x0000001407147207 */
                                                                                         /* 0x000fe40004800000 */
        /*0360*/                   SEL R21, R8, R21, !P1 ;                               /* 0x0000001508157207 */
                                                                                         /* 0x000fe40004800000 */
        /*0370*/                   SEL R15, R4, R15, !P1 ;                               /* 0x0000000f040f7207 */
                                                                                         /* 0x000fe40004800000 */
        /*0380*/                   SEL R16, R5, R16, !P1 ;                               /* 0x0000001005107207 */
                                                                                         /* 0x000fe20004800000 */
        /*0390*/               @P0 BRA 0x1b0 ;                                           /* 0xfffffe1000000947 */
                                                                                         /* 0x000fea000383ffff */
        /*03a0*/                   BSYNC B0 ;                                            /* 0x0000000000007941 */
                                                                                         /* 0x000fea0003800000 */
        /*03b0*/                   ULDC.64 UR4, c[0x0][0x160] ;                          /* 0x0000580000047ab9 */
                                                                                         /* 0x000fe20000000a00 */
        /*03c0*/                   IMAD.MOV.U32 R5, RZ, RZ, R21 ;                        /* 0x000000ffff057224 */
                                                                                         /* 0x000fe200078e0015 */
        /*03d0*/                   ULEA UR4, UP0, UR9, UR4, 0x2 ;                        /* 0x0000000409047291 */
                                                                                         /* 0x000fe2000f80103f */
        /*03e0*/                   IMAD.MOV.U32 R4, RZ, RZ, R20 ;                        /* 0x000000ffff047224 */
                                                                                         /* 0x000fc600078e0014 */
        /*03f0*/                   ULEA.HI.X UR5, UR9, UR5, UR8, 0x2, UP0 ;              /* 0x0000000509057291 */
                                                                                         /* 0x000fe400080f1408 */
        /*0400*/                   ISETP.NE.U32.AND P0, PT, R19, UR4, PT ;               /* 0x0000000413007c0c */
                                                                                         /* 0x000fc8000bf05070 */
        /*0410*/                   ISETP.NE.AND.EX P0, PT, R22, UR5, PT, P0 ;            /* 0x0000000516007c0c */
                                                                                         /* 0x000fda000bf05300 */
        /*0420*/               @P0 LDG.E R2, [R2.64] ;                                   /* 0x0000000602020981 */
                                                                                         /* 0x000ea8000c1e1900 */
        /*0430*/               @P0 LDG.E R5, [R4.64] ;                                   /* 0x0000000604050981 */
                                                                                         /* 0x000ea2000c1e1900 */
        /*0440*/                   SHF.R.S32.HI R7, RZ, 0x1f, R0 ;                       /* 0x0000001fff077819 */
                                                                                         /* 0x000fe20000011400 */
        /*0450*/                   IMAD.MOV.U32 R9, RZ, RZ, RZ ;                         /* 0x000000ffff097224 */
                                                                                         /* 0x000fe200078e00ff */
        /*0460*/                   LEA R6, P2, R0, c[0x0][0x180], 0x2 ;                  /* 0x0000600000067a11 */
                                                                                         /* 0x000fc800078410ff */
        /*0470*/                   LEA.HI.X R7, R0, c[0x0][0x184], R7, 0x2, P2 ;         /* 0x0000610000077a11 */
                                                                                         /* 0x000fe400010f1407 */
        /*0480*/               @P0 ISETP.GE.AND P1, PT, R2, R5, PT ;                     /* 0x000000050200020c */
                                                                                         /* 0x004fc80003f26270 */
        /*0490*/               @P0 SEL R9, RZ, 0x1, !P1 ;                                /* 0x00000001ff090807 */
                                                                                         /* 0x000fca0004800000 */
        /*04a0*/                   STG.E [R6.64], R9 ;                                   /* 0x0000000906007986 */
                                                                                         /* 0x000fe2000c101906 */
        /*04b0*/                   EXIT ;                                                /* 0x000000000000794d */
                                                                                         /* 0x000fea0003800000 */
        /*04c0*/                   BRA 0x4c0;                                            /* 0xfffffff000007947 */
                                                                                         /* 0x000fc0000383ffff */
        /*04d0*/                   NOP;                                                  /* 0x0000000000007918 */
                                                                                         /* 0x000fc00000000000 */
        /*04e0*/                   NOP;                                                  /* 0x0000000000007918 */
                                                                                         /* 0x000fc00000000000 */
        /*04f0*/                   NOP;                                                  /* 0x0000000000007918 */
                                                                                         /* 0x000fc00000000000 */
        /*0500*/                   NOP;                                                  /* 0x0000000000007918 */
                                                                                         /* 0x000fc00000000000 */
        /*0510*/                   NOP;                                                  /* 0x0000000000007918 */
                                                                                         /* 0x000fc00000000000 */
        /*0520*/                   NOP;                                                  /* 0x0000000000007918 */
                                                                                         /* 0x000fc00000000000 */
        /*0530*/                   NOP;                                                  /* 0x0000000000007918 */
                                                                                         /* 0x000fc00000000000 */
        /*0540*/                   NOP;                                                  /* 0x0000000000007918 */
                                                                                         /* 0x000fc00000000000 */
        /*0550*/                   NOP;                                                  /* 0x0000000000007918 */
                                                                                         /* 0x000fc00000000000 */
        /*0560*/                   NOP;                                                  /* 0x0000000000007918 */
                                                                                         /* 0x000fc00000000000 */
        /*0570*/                   NOP;                                                  /* 0x0000000000007918 */
                                                                                         /* 0x000fc00000000000 */
		..........



Fatbin ptx code:
================
arch = sm_89
code version = [9,3]
host = linux
compile_size = 64bit
compressed
ptxasOptions = -v  
